id,x__autocorrelation__lag_6144,x__mean_abs_change
A,0.9073660181636573,0.004022731708099639
