id,x__autocorrelation__lag_6144,x__mean_abs_change
A,0.8301169508189665,0.006301838503878832
