id,x__autocorrelation__lag_6144,x__mean_abs_change
A,0.8855134775086424,0.005834315116289436
