id,x__autocorrelation__lag_6144,x__mean_abs_change
A,0.8979367867390022,0.005760497635818038
