id,x__autocorrelation__lag_6144,x__mean_abs_change
A,0.8554587435889905,0.006043274180768785
