id,x__autocorrelation__lag_6144,x__mean_abs_change
A,0.36718636465751836,0.009512537546492707
