id,x__autocorrelation__lag_6144,x__mean_abs_change
A,0.294098326403637,0.009422238361460162
