id,x__autocorrelation__lag_6144,x__mean_abs_change
A,0.8794225335671098,0.005741080346259687
