id,x__autocorrelation__lag_6144,x__mean_abs_change
A,0.8335768723629574,0.006271500197118059
