id,x__autocorrelation__lag_6144,x__mean_abs_change
A,0.4635310745695514,0.008919483364787146
