id,x__autocorrelation__lag_6144,x__mean_abs_change
A,0.865683914035631,0.006175384807682664
