id,x__autocorrelation__lag_6144,x__mean_abs_change
A,0.26614639432305554,0.00965607390524046
