id,x__autocorrelation__lag_6144,x__mean_abs_change
A,0.8112275623474814,0.006990432770103494
