id,x__autocorrelation__lag_6144,x__mean_abs_change
A,0.8782538469755372,0.006001525248664269
