id,x__autocorrelation__lag_6144,x__mean_abs_change
A,0.7470037697078953,0.011677896481017774
