id,x__autocorrelation__lag_6144,x__mean_abs_change
A,0.8972594692286202,0.008258753635887718
