id,x__autocorrelation__lag_6144,x__mean_abs_change
A,0.8037515003602331,0.007172275247961702
