id,x__autocorrelation__lag_6144,x__mean_abs_change
A,0.8437353497321273,0.006038893776811442
