id,x__autocorrelation__lag_6144,x__mean_abs_change
A,0.8471417139875729,0.006155333571162234
