id,x__autocorrelation__lag_6144,x__mean_abs_change
A,0.8185210318976184,0.011916991465816462
