id,x__autocorrelation__lag_6144,x__mean_abs_change
A,0.7569846910804092,0.010968949384287583
