id,x__autocorrelation__lag_6144,x__mean_abs_change
A,0.4641298225774051,0.008778551328401888
