id,x__autocorrelation__lag_6144,x__mean_abs_change
A,0.902518981080648,0.00568199677736485
