id,x__autocorrelation__lag_6144,x__mean_abs_change
A,0.8978474354061536,0.004626856132160624
