id,x__autocorrelation__lag_6144,x__mean_abs_change
A,0.8594028936704549,0.006322964016109906
