id,x__autocorrelation__lag_6144,x__mean_abs_change
A,0.7286126638664097,0.00864043199261883
