id,x__autocorrelation__lag_6144,x__mean_abs_change
A,0.9037292665661429,0.004645212561326836
