id,x__autocorrelation__lag_6144,x__mean_abs_change
A,0.7215588929529033,0.007662284642483506
