id,x__autocorrelation__lag_6144,x__mean_abs_change
A,0.8466742626624849,0.00623776536571676
