id,x__autocorrelation__lag_6144,x__mean_abs_change
A,0.786849496164804,0.008325039071521555
