id,x__autocorrelation__lag_6144,x__mean_abs_change
A,0.850634329687885,0.005937592317944978
