id,x__autocorrelation__lag_6144,x__mean_abs_change
A,0.9022112187443724,0.014070089332564106
