id,x__autocorrelation__lag_6144,x__mean_abs_change
A,0.8489205523068829,0.006173088055701347
