id,x__autocorrelation__lag_6144,x__mean_abs_change
A,0.626691044542148,0.009635229903223448
