id,x__autocorrelation__lag_6144,x__mean_abs_change
A,0.8383674253503851,0.006064423139225887
