id,x__autocorrelation__lag_6144,x__mean_abs_change
A,0.44153658807715807,0.009440602956472872
