id,x__autocorrelation__lag_6144,x__mean_abs_change
A,0.8499384452182372,0.006229944203453154
