id,x__autocorrelation__lag_6144,x__mean_abs_change
A,0.9150596150050601,0.014333773593387686
