id,x__autocorrelation__lag_6144,x__mean_abs_change
A,0.8530613733647322,0.00589225775730475
