id,x__autocorrelation__lag_6144,x__mean_abs_change
A,0.8400776298759743,0.006056336467276302
