id,x__autocorrelation__lag_6144,x__mean_abs_change
A,0.8761372311045208,0.006150003044385299
