id,x__autocorrelation__lag_6144,x__mean_abs_change
A,0.24540311879778617,0.00859403144781211
