id,x__autocorrelation__lag_6144,x__mean_abs_change
A,0.8445298021557263,0.006199992313699767
