id,x__autocorrelation__lag_6144,x__mean_abs_change
A,0.9163146692574758,0.013304361168295472
