id,x__autocorrelation__lag_6144,x__mean_abs_change
A,0.4628613218385121,0.009616214063348685
