id,x__autocorrelation__lag_6144,x__mean_abs_change
A,0.8927144141133816,0.005694953477887809
