id,x__autocorrelation__lag_6144,x__mean_abs_change
A,0.35860710642257354,0.010218594711970279
