id,x__autocorrelation__lag_6144,x__mean_abs_change
A,0.35217126988185216,0.009553471440714535
