id,x__autocorrelation__lag_6144,x__mean_abs_change
A,0.8635792911994415,0.006000026910339533
