id,x__autocorrelation__lag_6144,x__mean_abs_change
A,0.2950811196746476,0.009569235136000134
