id,x__autocorrelation__lag_6144,x__mean_abs_change
A,0.41898733013657624,0.009130611512029527
