id,x__autocorrelation__lag_6144,x__mean_abs_change
A,0.46741747496086794,0.008405784846807107
