id,x__autocorrelation__lag_6144,x__mean_abs_change
A,0.796249274494679,0.007969890750481164
