id,x__autocorrelation__lag_6144,x__mean_abs_change
A,0.3258778003259325,0.009025268688955933
