id,x__autocorrelation__lag_6144,x__mean_abs_change
A,0.8457904033236815,0.006147256564428
