id,x__autocorrelation__lag_6144,x__mean_abs_change
A,0.26359739092779005,0.009570648509186937
