id,x__autocorrelation__lag_6144,x__mean_abs_change
A,0.8968545488936568,0.005859180728793647
