id,x__autocorrelation__lag_6144,x__mean_abs_change
A,0.7653683502339839,0.009742352135288504
