id,x__autocorrelation__lag_6144,x__mean_abs_change
A,0.8452586308862756,0.006056816362386938
