id,x__autocorrelation__lag_6144,x__mean_abs_change
A,0.8809362689534759,0.005926092407494995
