id,x__autocorrelation__lag_6144,x__mean_abs_change
A,0.3903119785198739,0.00964833893096632
