id,x__autocorrelation__lag_6144,x__mean_abs_change
A,0.8422114501486698,0.00624725910172979
