id,x__autocorrelation__lag_6144,x__mean_abs_change
A,0.720940419868076,0.013187987889015089
