id,x__autocorrelation__lag_6144,x__mean_abs_change
A,0.8456567889795773,0.005974095657265818
