id,x__autocorrelation__lag_6144,x__mean_abs_change
A,0.8491981736998852,0.006275256755993599
