id,x__autocorrelation__lag_6144,x__mean_abs_change
A,0.8300972883345652,0.006287866049784007
