id,x__autocorrelation__lag_6144,x__mean_abs_change
A,0.7761780331193441,0.010237615436573656
