id,x__autocorrelation__lag_6144,x__mean_abs_change
A,0.37956517927103944,0.009440253935600208
