id,x__autocorrelation__lag_6144,x__mean_abs_change
A,0.8851527669194557,0.008403902919659489
