id,x__autocorrelation__lag_6144,x__mean_abs_change
A,0.3996131208577708,0.008992515916846437
