id,x__autocorrelation__lag_6144,x__mean_abs_change
A,0.8547390796992155,0.006002171436532565
