id,x__autocorrelation__lag_6144,x__mean_abs_change
A,0.8442464342602073,0.0065785472104230025
