id,x__autocorrelation__lag_6144,x__mean_abs_change
A,0.7663194123218319,0.010835239084375187
