id,x__autocorrelation__lag_6144,x__mean_abs_change
A,0.5544926337042831,0.009087118576031134
