id,x__autocorrelation__lag_6144,x__mean_abs_change
A,0.9000424865731692,0.005722240784637669
