id,x__autocorrelation__lag_6144,x__mean_abs_change
A,0.37162295663659733,0.00983613576105799
