id,x__autocorrelation__lag_6144,x__mean_abs_change
A,0.8890773859886176,0.005770066558116824
