id,x__autocorrelation__lag_6144,x__mean_abs_change
A,0.8521539132083499,0.006236896810248431
