id,x__autocorrelation__lag_6144,x__mean_abs_change
A,0.8480978490088165,0.006183869025165131
