id,x__autocorrelation__lag_6144,x__mean_abs_change
A,0.7471528736122097,0.012268846279440228
