id,x__autocorrelation__lag_6144,x__mean_abs_change
A,0.5972586417834627,0.010256546100470276
