id,x__autocorrelation__lag_6144,x__mean_abs_change
A,0.8862644722373791,0.005644810536501375
