id,x__autocorrelation__lag_6144,x__mean_abs_change
A,0.9200966644256304,0.014451116827878845
