id,x__autocorrelation__lag_6144,x__mean_abs_change
A,0.8538663602036679,0.005967150193095678
