id,x__autocorrelation__lag_6144,x__mean_abs_change
A,0.283520925055871,0.009381073278000349
