id,x__autocorrelation__lag_6144,x__mean_abs_change
A,0.38724177269916477,0.009662746256018984
