id,x__autocorrelation__lag_6144,x__mean_abs_change
A,0.893237726444987,0.009014351998811869
