id,x__autocorrelation__lag_6144,x__mean_abs_change
A,0.8759644039009985,0.0061028721492697655
