id,x__autocorrelation__lag_6144,x__mean_abs_change
A,0.891484582802686,0.013626517832096565
