id,x__autocorrelation__lag_6144,x__mean_abs_change
A,0.8278307417581358,0.00611993897092522
