id,x__autocorrelation__lag_6144,x__mean_abs_change
A,0.8596573991810257,0.006531036690145366
