id,x__autocorrelation__lag_6144,x__mean_abs_change
A,0.8096276769901769,0.006410418588292823
