id,x__autocorrelation__lag_6144,x__mean_abs_change
A,0.8805855792003783,0.00587824676003827
