id,x__autocorrelation__lag_6144,x__mean_abs_change
A,0.8557313441242674,0.0066097434054752545
