id,x__autocorrelation__lag_6144,x__mean_abs_change
A,0.8983408633084368,0.005637538808706515
