id,x__autocorrelation__lag_6144,x__mean_abs_change
A,0.8711343290253687,0.008891669012855489
