id,x__autocorrelation__lag_6144,x__mean_abs_change
A,0.8765521522501392,0.008613001772541283
