id,x__autocorrelation__lag_6144,x__mean_abs_change
A,0.8473630463224874,0.006050040247396883
