id,x__autocorrelation__lag_6144,x__mean_abs_change
A,0.858414070511201,0.006265499708846066
