id,x__autocorrelation__lag_6144,x__mean_abs_change
A,0.8566787414995912,0.006138111963321523
