id,x__autocorrelation__lag_6144,x__mean_abs_change
A,0.8338903254068089,0.006654834588571748
