id,x__autocorrelation__lag_6144,x__mean_abs_change
A,0.38414985187038597,0.009247803332453522
