id,x__autocorrelation__lag_6144,x__mean_abs_change
A,0.8410061046461477,0.006249833679689943
