id,x__autocorrelation__lag_6144,x__mean_abs_change
A,0.9014697786449126,0.004201377041332836
