id,x__autocorrelation__lag_6144,x__mean_abs_change
A,0.8513275696195283,0.006292697595742534
