id,x__autocorrelation__lag_6144,x__mean_abs_change
A,0.8515871964573876,0.006072901051509016
