id,x__autocorrelation__lag_6144,x__mean_abs_change
A,0.9159010762294274,0.004859135514525944
