id,x__autocorrelation__lag_6144,x__mean_abs_change
A,0.7150780432758105,0.013211024612767545
