id,x__autocorrelation__lag_6144,x__mean_abs_change
A,0.8365298841941267,0.006256558428480194
