id,x__autocorrelation__lag_6144,x__mean_abs_change
A,0.7969664827484888,0.0077691663143918096
