id,x__autocorrelation__lag_6144,x__mean_abs_change
A,0.8477715777444725,0.006590298547785208
