id,x__autocorrelation__lag_6144,x__mean_abs_change
A,0.77917640802961,0.008373220109649625
