id,x__autocorrelation__lag_6144,x__mean_abs_change
A,0.8073716307495538,0.007527542606688731
