id,x__autocorrelation__lag_6144,x__mean_abs_change
A,0.3304953434338747,0.008946005951603582
