id,x__autocorrelation__lag_6144,x__mean_abs_change
A,0.8672008131800121,0.006469834473894484
