id,x__autocorrelation__lag_6144,x__mean_abs_change
A,0.8888468139787564,0.005459953063130869
