id,x__autocorrelation__lag_6144,x__mean_abs_change
A,0.9059368849840386,0.004655444306249397
