id,x__autocorrelation__lag_6144,x__mean_abs_change
A,0.8736155273318272,0.006015768677423834
