id,x__autocorrelation__lag_6144,x__mean_abs_change
A,0.8804375624660844,0.006100805443031958
