id,x__autocorrelation__lag_6144,x__mean_abs_change
A,0.8970278650379991,0.005922515194690275
