id,x__autocorrelation__lag_6144,x__mean_abs_change
A,0.7442115259732303,0.012449659356184245
