id,x__autocorrelation__lag_6144,x__mean_abs_change
A,0.5798676258703694,0.00801463862657306
