id,x__autocorrelation__lag_6144,x__mean_abs_change
A,0.9080787413773098,0.005011765407849959
