id,x__autocorrelation__lag_6144,x__mean_abs_change
A,0.843417734359285,0.006020924918728034
