id,x__autocorrelation__lag_6144,x__mean_abs_change
A,0.8867074077945408,0.005591919027221352
