id,x__autocorrelation__lag_6144,x__mean_abs_change
A,0.8309489296979353,0.00632371260606372
