id,x__autocorrelation__lag_6144,x__mean_abs_change
A,0.39515925205717567,0.008577785413852705
