id,x__autocorrelation__lag_6144,x__mean_abs_change
A,0.3682627824837362,0.00932472030357408
