id,x__autocorrelation__lag_6144,x__mean_abs_change
A,0.24212492742141062,0.009849909626485472
