id,x__autocorrelation__lag_6144,x__mean_abs_change
A,0.734617177031124,0.01277190263223343
