id,x__autocorrelation__lag_6144,x__mean_abs_change
A,0.7723607027235261,0.009857475878778733
