id,x__autocorrelation__lag_6144,x__mean_abs_change
A,0.8428744066964842,0.0062989858884344675
