id,x__autocorrelation__lag_6144,x__mean_abs_change
A,0.746954068384587,0.011500861297142062
