id,x__autocorrelation__lag_6144,x__mean_abs_change
A,0.871434805947476,0.011984338128436994
