id,x__autocorrelation__lag_6144,x__mean_abs_change
A,0.8444395037174821,0.006366798381098964
