id,x__autocorrelation__lag_6144,x__mean_abs_change
A,0.7059385303133942,0.008336902184481696
