id,x__autocorrelation__lag_6144,x__mean_abs_change
A,0.4275258742376054,0.008513031147878818
