id,x__autocorrelation__lag_6144,x__mean_abs_change
A,0.8472817746663373,0.006448194979468179
