id,x__autocorrelation__lag_6144,x__mean_abs_change
A,0.3816212157203581,0.009783544663595557
