id,x__autocorrelation__lag_6144,x__mean_abs_change
A,0.7293430919856972,0.012817447681670795
