id,x__autocorrelation__lag_6144,x__mean_abs_change
A,0.8536204729677347,0.006453436009344737
