id,x__autocorrelation__lag_6144,x__mean_abs_change
A,0.3732042001604007,0.00963151806625809
