id,x__autocorrelation__lag_6144,x__mean_abs_change
A,0.3716494166733087,0.009838724858905433
