id,x__autocorrelation__lag_6144,x__mean_abs_change
A,0.7887081913255934,0.007935518831037533
