id,x__autocorrelation__lag_6144,x__mean_abs_change
A,0.5246546246212573,0.022009001799237878
