id,x__autocorrelation__lag_6144,x__mean_abs_change
A,0.8584344605170278,0.005844845254080814
