id,x__autocorrelation__lag_6144,x__mean_abs_change
A,0.8804793539961707,0.006418351731492693
