id,x__autocorrelation__lag_6144,x__mean_abs_change
A,0.8732991780715161,0.006352950546590995
