id,x__autocorrelation__lag_6144,x__mean_abs_change
A,0.8461509801361825,0.01158814810482132
