id,x__autocorrelation__lag_6144,x__mean_abs_change
A,0.4737928112746829,0.008632368325991784
