id,x__autocorrelation__lag_6144,x__mean_abs_change
A,0.8898054022728857,0.007456794386003855
