id,x__autocorrelation__lag_6144,x__mean_abs_change
A,0.7636424109973405,0.011027885407929148
