id,x__autocorrelation__lag_6144,x__mean_abs_change
A,0.8875855970051327,0.00600242293618618
