id,x__autocorrelation__lag_6144,x__mean_abs_change
A,0.9070938582269062,0.004627428881521797
