id,x__autocorrelation__lag_6144,x__mean_abs_change
A,0.8213635731951593,0.006496657979103954
