id,x__autocorrelation__lag_6144,x__mean_abs_change
A,0.8046225843088088,0.007040332573342566
