id,x__autocorrelation__lag_6144,x__mean_abs_change
A,0.7569869666874263,0.01118438762085352
