id,x__autocorrelation__lag_6144,x__mean_abs_change
A,0.918049133945863,0.014933078955412536
