id,x__autocorrelation__lag_6144,x__mean_abs_change
A,0.747543086561948,0.011843704771106146
