id,x__autocorrelation__lag_6144,x__mean_abs_change
A,0.9334545597195223,0.01633574318312917
