id,x__autocorrelation__lag_6144,x__mean_abs_change
A,0.6639302656469777,0.010517914926216773
