id,x__autocorrelation__lag_6144,x__mean_abs_change
A,0.893716172182148,0.009422355770506895
