id,x__autocorrelation__lag_6144,x__mean_abs_change
A,0.8790975938693872,0.012418119853245653
