id,x__autocorrelation__lag_6144,x__mean_abs_change
A,0.7788178452898844,0.00944821127589136
