id,x__autocorrelation__lag_6144,x__mean_abs_change
A,0.871955920766126,0.006253351153851882
