id,x__autocorrelation__lag_6144,x__mean_abs_change
A,0.8830746128434288,0.005987618975076886
