id,x__autocorrelation__lag_6144,x__mean_abs_change
A,0.9064133808544027,0.004202289368690302
