id,x__autocorrelation__lag_6144,x__mean_abs_change
A,0.9030496371789039,0.004168202211702756
