id,x__autocorrelation__lag_6144,x__mean_abs_change
A,0.9125078255493337,0.004287518930565664
