id,x__autocorrelation__lag_6144,x__mean_abs_change
A,0.8516399065117229,0.0061953725684822545
