id,x__autocorrelation__lag_6144,x__mean_abs_change
A,0.8429183855011041,0.006223191517250168
