id,x__autocorrelation__lag_6144,x__mean_abs_change
A,0.8254012125548248,0.006488120348246778
