id,x__autocorrelation__lag_6144,x__mean_abs_change
A,0.4983899236760145,0.008531867813102258
