id,x__autocorrelation__lag_6144,x__mean_abs_change
A,0.8922119281683862,0.00586424111325259
