id,x__autocorrelation__lag_6144,x__mean_abs_change
A,0.7164377387938478,0.01195598066327232
