id,x__autocorrelation__lag_6144,x__mean_abs_change
A,0.31893232121118936,0.010659690456817313
