id,x__autocorrelation__lag_6144,x__mean_abs_change
A,0.8975734274370573,0.004258523837256277
