id,x__autocorrelation__lag_6144,x__mean_abs_change
A,0.8415748091359445,0.006211197483500046
