id,x__autocorrelation__lag_6144,x__mean_abs_change
A,0.8561097954791329,0.005996236947489485
