id,x__autocorrelation__lag_6144,x__mean_abs_change
A,0.9162230463358579,0.004872940295689683
