id,x__autocorrelation__lag_6144,x__mean_abs_change
A,0.8079311265541241,0.006678688805686509
