id,x__autocorrelation__lag_6144,x__mean_abs_change
A,0.8685065888423084,0.006363049467396856
