id,x__autocorrelation__lag_6144,x__mean_abs_change
A,0.35645277503757533,0.008924072918717392
