id,x__autocorrelation__lag_6144,x__mean_abs_change
A,0.8640595171350958,0.006348654932397137
