id,x__autocorrelation__lag_6144,x__mean_abs_change
A,0.8964417605653424,0.0057833521314926235
