id,x__autocorrelation__lag_6144,x__mean_abs_change
A,0.8474183808021926,0.006199562621401052
