id,x__autocorrelation__lag_6144,x__mean_abs_change
A,0.5542941632742613,0.00853407212899163
