id,x__autocorrelation__lag_6144,x__mean_abs_change
A,0.7724652804353782,0.011588349304413229
