id,x__autocorrelation__lag_6144,x__mean_abs_change
A,0.7549240116821723,0.011453656980592265
