id,x__autocorrelation__lag_6144,x__mean_abs_change
A,0.8198078271882205,0.006720983909967917
