id,x__autocorrelation__lag_6144,x__mean_abs_change
A,0.8603074541673784,0.006035899729922887
