id,x__autocorrelation__lag_6144,x__mean_abs_change
A,0.2716575573208708,0.008653958784000245
