id,x__autocorrelation__lag_6144,x__mean_abs_change
A,0.8607655624875519,0.006478660874455614
