id,x__autocorrelation__lag_6144,x__mean_abs_change
A,0.708157891226155,0.013317573136694794
