id,x__autocorrelation__lag_6144,x__mean_abs_change
A,0.8591813747869838,0.006306769423097532
