id,x__autocorrelation__lag_6144,x__mean_abs_change
A,0.6073741020153298,0.014176143425957218
