id,x__autocorrelation__lag_6144,x__mean_abs_change
A,0.895586005582194,0.005782697957524919
