id,x__autocorrelation__lag_6144,x__mean_abs_change
A,0.8382224311636438,0.005937006645232658
