id,x__autocorrelation__lag_6144,x__mean_abs_change
A,0.8376091848518555,0.0062118049747163315
