id,x__autocorrelation__lag_6144,x__mean_abs_change
A,0.9366734556459367,0.015171558467525974
