id,x__autocorrelation__lag_6144,x__mean_abs_change
A,0.8055104709594868,0.00782794835501992
