id,x__autocorrelation__lag_6144,x__mean_abs_change
A,0.7199863544385746,0.013385513415344363
