id,x__autocorrelation__lag_6144,x__mean_abs_change
A,0.8576666377204377,0.005951904477079585
