id,x__autocorrelation__lag_6144,x__mean_abs_change
A,0.8383832887083641,0.006401928027268006
