id,x__autocorrelation__lag_6144,x__mean_abs_change
A,0.765682872227664,0.00887286967465033
