id,x__autocorrelation__lag_6144,x__mean_abs_change
A,0.8434075773846806,0.012006286028875834
