id,x__autocorrelation__lag_6144,x__mean_abs_change
A,0.7790935878962169,0.009207813084803715
