id,x__autocorrelation__lag_6144,x__mean_abs_change
A,0.7048793516463782,0.008926367547997955
