id,x__autocorrelation__lag_6144,x__mean_abs_change
A,0.37225619981762514,0.009817865758890895
