id,x__autocorrelation__lag_6144,x__mean_abs_change
A,0.8760195189490659,0.006083404586633178
