id,x__autocorrelation__lag_6144,x__mean_abs_change
A,0.8453527038799937,0.006403320669977884
