id,x__autocorrelation__lag_6144,x__mean_abs_change
A,0.8420037294900401,0.006173725289644136
