id,x__autocorrelation__lag_6144,x__mean_abs_change
A,0.7544168522632736,0.011391805911937378
