id,x__autocorrelation__lag_6144,x__mean_abs_change
A,0.7144822009547104,0.01144472249684134
