id,x__autocorrelation__lag_6144,x__mean_abs_change
A,0.8724740613537028,0.011707714863699056
