id,x__autocorrelation__lag_6144,x__mean_abs_change
A,0.8968429936046208,0.00564134661455549
