id,x__autocorrelation__lag_6144,x__mean_abs_change
A,0.8499931121218742,0.006072054548598986
