id,x__autocorrelation__lag_6144,x__mean_abs_change
A,0.9321397250776715,0.013919718591403576
