id,x__autocorrelation__lag_6144,x__mean_abs_change
A,0.8614006543258276,0.006528288387889085
