id,x__autocorrelation__lag_6144,x__mean_abs_change
A,0.8287204814152517,0.006275583341377928
