id,x__autocorrelation__lag_6144,x__mean_abs_change
A,0.8820246750708394,0.005903460399090272
