id,x__autocorrelation__lag_6144,x__mean_abs_change
A,0.8915593583207299,0.005526695116026524
