id,x__autocorrelation__lag_6144,x__mean_abs_change
A,0.7865840567380407,0.011862332764334706
