id,x__autocorrelation__lag_6144,x__mean_abs_change
A,0.7449352000679935,0.011716057842612622
