id,x__autocorrelation__lag_6144,x__mean_abs_change
A,0.8936719766268021,0.005741835242820533
