id,x__autocorrelation__lag_6144,x__mean_abs_change
A,0.8349029324772905,0.006375411115625994
