id,x__autocorrelation__lag_6144,x__mean_abs_change
A,0.8006547952944792,0.00782583386888712
