id,x__autocorrelation__lag_6144,x__mean_abs_change
A,0.8356510919451099,0.006101090649897881
