id,x__autocorrelation__lag_6144,x__mean_abs_change
A,0.8487893612456585,0.006144173264351349
