id,x__autocorrelation__lag_6144,x__mean_abs_change
A,0.46877059646029373,0.008856195242252587
