id,x__autocorrelation__lag_6144,x__mean_abs_change
A,0.8550136316996413,0.006153662829034577
