id,x__autocorrelation__lag_6144,x__mean_abs_change
A,0.8321921543997108,0.0063646384505354914
