id,x__autocorrelation__lag_6144,x__mean_abs_change
A,0.8261867590318897,0.006115196193148577
