id,x__autocorrelation__lag_6144,x__mean_abs_change
A,0.9047256399619075,0.004298995374066026
