id,x__autocorrelation__lag_6144,x__mean_abs_change
A,0.8449231623544123,0.006380686496280495
