id,x__autocorrelation__lag_6144,x__mean_abs_change
A,0.8535626206593179,0.005919943561805146
