id,x__autocorrelation__lag_6144,x__mean_abs_change
A,0.8606530867080934,0.00636611892724669
