id,x__autocorrelation__lag_6144,x__mean_abs_change
A,0.8931272032620937,0.008259266107416412
