id,x__autocorrelation__lag_6144,x__mean_abs_change
A,0.7654040916306276,0.011614213217536251
