id,x__autocorrelation__lag_6144,x__mean_abs_change
A,0.45086055426992494,0.009122905831843818
