id,x__autocorrelation__lag_6144,x__mean_abs_change
A,0.84090050848168,0.006425361078435365
