id,x__autocorrelation__lag_6144,x__mean_abs_change
A,0.34983522706022674,0.009782979865909635
