id,x__autocorrelation__lag_6144,x__mean_abs_change
A,0.5406735511861275,0.00961287334855262
