id,x__autocorrelation__lag_6144,x__mean_abs_change
A,0.8548645915285351,0.0063280644011156125
