id,x__autocorrelation__lag_6144,x__mean_abs_change
A,0.8958397675717472,0.005719116441621385
