id,x__autocorrelation__lag_6144,x__mean_abs_change
A,0.8887392928494339,0.005809513292546205
