id,x__autocorrelation__lag_6144,x__mean_abs_change
A,0.3483575944914903,0.010151475760711796
