id,x__autocorrelation__lag_6144,x__mean_abs_change
A,0.843859161064002,0.006271448605377145
