id,x__autocorrelation__lag_6144,x__mean_abs_change
A,0.6178379130657884,0.008055919045266712
