id,x__autocorrelation__lag_6144,x__mean_abs_change
A,0.8949410916091397,0.005386362214167382
