id,x__autocorrelation__lag_6144,x__mean_abs_change
A,0.8444002328261224,0.00613907092831703
