id,x__autocorrelation__lag_6144,x__mean_abs_change
A,0.8806388193686484,0.006014854461141488
