id,x__autocorrelation__lag_6144,x__mean_abs_change
A,0.4088978503682546,0.009498061727542851
