id,x__autocorrelation__lag_6144,x__mean_abs_change
A,0.8753319750600639,0.013442366627349066
