id,x__autocorrelation__lag_6144,x__mean_abs_change
A,0.8326336575397267,0.006177373999868924
