id,x__autocorrelation__lag_6144,x__mean_abs_change
A,0.4601253500431437,0.008746596133869014
