id,x__autocorrelation__lag_6144,x__mean_abs_change
A,0.848982926217367,0.005931434685979784
