id,x__autocorrelation__lag_6144,x__mean_abs_change
A,0.8436413055398586,0.006093198586062488
