id,x__autocorrelation__lag_6144,x__mean_abs_change
A,0.8602627864637081,0.005990719286955601
