id,x__autocorrelation__lag_6144,x__mean_abs_change
A,0.8381088586042479,0.006060428962035558
