id,x__autocorrelation__lag_6144,x__mean_abs_change
A,0.3580282805247317,0.00974176019039846
