id,x__autocorrelation__lag_6144,x__mean_abs_change
A,0.8388404746351795,0.0063432836952583265
