id,x__autocorrelation__lag_6144,x__mean_abs_change
A,0.7127033503274847,0.008440126897909071
