id,x__autocorrelation__lag_6144,x__mean_abs_change
A,0.852175671745104,0.006159262145078767
