id,x__autocorrelation__lag_6144,x__mean_abs_change
A,0.4727540067649708,0.009514766229495465
