id,x__autocorrelation__lag_6144,x__mean_abs_change
A,0.8480034129552629,0.005898769581789007
