id,x__autocorrelation__lag_6144,x__mean_abs_change
A,0.8759178244367594,0.0059664842425868805
