id,x__autocorrelation__lag_6144,x__mean_abs_change
A,0.868860532427069,0.006442647842360736
