id,x__autocorrelation__lag_6144,x__mean_abs_change
A,0.9118610734090282,0.014525269286767069
