id,x__autocorrelation__lag_6144,x__mean_abs_change
A,0.8119348842962385,0.006571011934799232
