id,x__autocorrelation__lag_6144,x__mean_abs_change
A,0.31417570041893733,0.00793760430213103
