id,x__autocorrelation__lag_6144,x__mean_abs_change
A,0.8903706700926749,0.0082678831646962
