id,x__autocorrelation__lag_6144,x__mean_abs_change
A,0.38012055749644097,0.009206529307406999
