id,x__autocorrelation__lag_6144,x__mean_abs_change
A,0.43897946705033886,0.00890587061339118
