id,x__autocorrelation__lag_6144,x__mean_abs_change
A,0.8394629364201844,0.006425484688238468
