id,x__autocorrelation__lag_6144,x__mean_abs_change
A,0.8544958939939925,0.011906893036018877
