id,x__autocorrelation__lag_6144,x__mean_abs_change
A,0.848536493611821,0.006216723236778089
