id,x__autocorrelation__lag_6144,x__mean_abs_change
A,0.3356072861373061,0.009465819042635664
