id,x__autocorrelation__lag_6144,x__mean_abs_change
A,0.8792675288345542,0.005817863254984053
