id,x__autocorrelation__lag_6144,x__mean_abs_change
A,0.8640380284333458,0.006318756439652049
