id,x__autocorrelation__lag_6144,x__mean_abs_change
A,0.8705667053279251,0.006244216275269026
