id,x__autocorrelation__lag_6144,x__mean_abs_change
A,0.44286145257720555,0.009029476747485995
