id,x__autocorrelation__lag_6144,x__mean_abs_change
A,0.9055154020231938,0.004365955574668905
