id,x__autocorrelation__lag_6144,x__mean_abs_change
A,0.8580614021310015,0.006218034822053498
