id,x__autocorrelation__lag_6144,x__mean_abs_change
A,0.528064678580372,0.008631162111807776
