id,x__autocorrelation__lag_6144,x__mean_abs_change
A,0.3119664351013407,0.009194820772499026
