id,x__autocorrelation__lag_6144,x__mean_abs_change
A,0.8527590004916902,0.006193362338672718
