id,x__autocorrelation__lag_6144,x__mean_abs_change
A,0.8393567132441073,0.006219011592308219
