id,x__autocorrelation__lag_6144,x__mean_abs_change
A,0.852590145163983,0.0060347421648437455
