id,x__autocorrelation__lag_6144,x__mean_abs_change
A,0.86344100485633,0.008941709945950987
