id,x__autocorrelation__lag_6144,x__mean_abs_change
A,0.8329806158407808,0.006370772568070892
