id,x__autocorrelation__lag_6144,x__mean_abs_change
A,0.4221651018268357,0.008724993469120663
