id,x__autocorrelation__lag_6144,x__mean_abs_change
A,0.8270111256461714,0.00623216159953601
