id,x__autocorrelation__lag_6144,x__mean_abs_change
A,0.8517608034076009,0.00579632898855379
