id,x__autocorrelation__lag_6144,x__mean_abs_change
A,0.7788150252430386,0.010178372392300938
