id,x__autocorrelation__lag_6144,x__mean_abs_change
A,0.7659807275212203,0.008550986792376751
