id,x__autocorrelation__lag_6144,x__mean_abs_change
A,0.5830676627787451,0.0245691989186864
