id,x__autocorrelation__lag_6144,x__mean_abs_change
A,0.8536813217400124,0.006275649180242671
