id,x__autocorrelation__lag_6144,x__mean_abs_change
A,0.8787281476186258,0.005772222476136803
