id,x__autocorrelation__lag_6144,x__mean_abs_change
A,0.7350304259901367,0.012548000437541942
