id,x__autocorrelation__lag_6144,x__mean_abs_change
A,0.8915315049010458,0.009357551668403286
