id,x__autocorrelation__lag_6144,x__mean_abs_change
A,0.7778922470324404,0.007867388745154108
