id,x__autocorrelation__lag_6144,x__mean_abs_change
A,0.8549380424833606,0.006076803184715828
