id,x__autocorrelation__lag_6144,x__mean_abs_change
A,0.8525013116013562,0.00587925038012212
