id,x__autocorrelation__lag_6144,x__mean_abs_change
A,0.8393716014257389,0.006086030648828377
