id,x__autocorrelation__lag_6144,x__mean_abs_change
A,0.8882627218835859,0.0052825228769484275
