id,x__autocorrelation__lag_6144,x__mean_abs_change
A,0.8579717483994531,0.006134979040203553
