id,x__autocorrelation__lag_6144,x__mean_abs_change
A,0.8606537317903687,0.006169850025401882
