id,x__autocorrelation__lag_6144,x__mean_abs_change
A,0.6108506893433985,0.008329792336454674
