id,x__autocorrelation__lag_6144,x__mean_abs_change
A,0.4068063605185467,0.009251615827892147
