id,x__autocorrelation__lag_6144,x__mean_abs_change
A,0.9059226122477515,0.005297543358166628
