id,x__autocorrelation__lag_6144,x__mean_abs_change
A,0.6429015221836478,0.010665177409918217
