id,x__autocorrelation__lag_6144,x__mean_abs_change
A,0.9035939517082634,0.005038171186062292
