id,x__autocorrelation__lag_6144,x__mean_abs_change
A,0.8333337283357594,0.006708427623681357
