id,x__autocorrelation__lag_6144,x__mean_abs_change
A,0.8501984590710939,0.005921505209365913
