id,x__autocorrelation__lag_6144,x__mean_abs_change
A,0.403223088018975,0.009250065945213841
