id,x__autocorrelation__lag_6144,x__mean_abs_change
A,0.8930451745176724,0.005739716004757154
