id,x__autocorrelation__lag_6144,x__mean_abs_change
A,0.7383810816481146,0.012572868637292513
