id,x__autocorrelation__lag_6144,x__mean_abs_change
A,0.8358683765126449,0.006231205418467583
