id,x__autocorrelation__lag_6144,x__mean_abs_change
A,0.8440922135210059,0.006377019830208887
