id,x__autocorrelation__lag_6144,x__mean_abs_change
A,0.8550514486292009,0.006036590782471881
