id,x__autocorrelation__lag_6144,x__mean_abs_change
A,0.42338543398213,0.008804034081538513
