id,x__autocorrelation__lag_6144,x__mean_abs_change
A,0.46019081671970713,0.008915717936133452
