id,x__autocorrelation__lag_6144,x__mean_abs_change
A,0.3838551145084927,0.009461701222615474
