id,x__autocorrelation__lag_6144,x__mean_abs_change
A,0.7653220670435595,0.010943565795834581
