id,x__autocorrelation__lag_6144,x__mean_abs_change
A,0.8744285188674615,0.006007692381087389
