id,x__autocorrelation__lag_6144,x__mean_abs_change
A,0.8831685566095334,0.006168824991818671
