id,x__autocorrelation__lag_6144,x__mean_abs_change
A,0.4067234140217445,0.009224662516377241
