id,x__autocorrelation__lag_6144,x__mean_abs_change
A,0.9231191342287639,0.01792595706873923
