id,x__autocorrelation__lag_6144,x__mean_abs_change
A,0.7883876686770701,0.008110358373307279
