id,x__autocorrelation__lag_6144,x__mean_abs_change
A,0.3050157104757412,0.009777737424261202
