id,x__autocorrelation__lag_6144,x__mean_abs_change
A,0.8831044866989827,0.005909554884302886
