id,x__autocorrelation__lag_6144,x__mean_abs_change
A,0.8602547092645829,0.008945641653945385
