id,x__autocorrelation__lag_6144,x__mean_abs_change
A,0.9060502085416996,0.004530157589952745
