id,x__autocorrelation__lag_6144,x__mean_abs_change
A,0.708619842464428,0.013257333703839162
