id,x__autocorrelation__lag_6144,x__mean_abs_change
A,0.8528519461030747,0.00629093314812453
