id,x__autocorrelation__lag_6144,x__mean_abs_change
A,0.8584039607884463,0.006141918395896329
