id,x__autocorrelation__lag_6144,x__mean_abs_change
A,0.9048992301649698,0.005750393606397666
