id,x__autocorrelation__lag_6144,x__mean_abs_change
A,0.786724259373316,0.010017752178608945
