id,x__autocorrelation__lag_6144,x__mean_abs_change
A,0.8890125310976864,0.012793976034865357
