id,x__autocorrelation__lag_6144,x__mean_abs_change
A,0.28841004169885975,0.008894992956431846
