id,x__autocorrelation__lag_6144,x__mean_abs_change
A,0.8311331607326661,0.0063678688005721915
