id,x__autocorrelation__lag_6144,x__mean_abs_change
A,0.9009591781554528,0.0056316451811904535
