id,x__autocorrelation__lag_6144,x__mean_abs_change
A,0.8813273735378956,0.005755669988296932
