id,x__autocorrelation__lag_6144,x__mean_abs_change
A,0.8333007730115121,0.006468601094567243
