id,x__autocorrelation__lag_6144,x__mean_abs_change
A,0.8743989330892131,0.012538461363877049
