id,x__autocorrelation__lag_6144,x__mean_abs_change
A,0.8305545248402273,0.006140596159671262
