id,x__autocorrelation__lag_6144,x__mean_abs_change
A,0.8320704532627174,0.006392548469164851
