id,x__autocorrelation__lag_6144,x__mean_abs_change
A,0.7741569417413564,0.008499314446934692
