id,x__autocorrelation__lag_6144,x__mean_abs_change
A,0.8285891807502426,0.006333372089075446
