id,x__autocorrelation__lag_6144,x__mean_abs_change
A,0.8498732083605348,0.0063378620510108645
