id,x__autocorrelation__lag_6144,x__mean_abs_change
A,0.35857503032240123,0.008858224185111412
