id,x__autocorrelation__lag_6144,x__mean_abs_change
A,0.8649143996915302,0.005786728393811306
