id,x__autocorrelation__lag_6144,x__mean_abs_change
A,0.387444170080809,0.00945563359727667
