id,x__autocorrelation__lag_6144,x__mean_abs_change
A,0.854701192857221,0.006361713628325183
