id,x__autocorrelation__lag_6144,x__mean_abs_change
A,0.8955976621204753,0.005714591476493988
