id,x__autocorrelation__lag_6144,x__mean_abs_change
A,0.8454594183297521,0.006128423803226369
