id,x__autocorrelation__lag_6144,x__mean_abs_change
A,0.7335005786392962,0.012333602432126905
