id,x__autocorrelation__lag_6144,x__mean_abs_change
A,0.8676465773160801,0.006527421623853502
