id,x__autocorrelation__lag_6144,x__mean_abs_change
A,0.836927427041081,0.006343092461613554
