id,x__autocorrelation__lag_6144,x__mean_abs_change
A,0.7953011935130513,0.007719308628258994
