id,x__autocorrelation__lag_6144,x__mean_abs_change
A,0.8005984730557566,0.01199734950643229
