id,x__autocorrelation__lag_6144,x__mean_abs_change
A,0.776580056180319,0.008947842972515045
