id,x__autocorrelation__lag_6144,x__mean_abs_change
A,0.8968473499912749,0.009291985639971924
