id,x__autocorrelation__lag_6144,x__mean_abs_change
A,0.9237795263926573,0.008927354972486957
