id,x__autocorrelation__lag_6144,x__mean_abs_change
A,0.8523102214792828,0.005912641069073078
