id,x__autocorrelation__lag_6144,x__mean_abs_change
A,0.8308212775827135,0.0064127381492202025
