id,x__autocorrelation__lag_6144,x__mean_abs_change
A,0.7939544165852033,0.009518369047579635
