id,x__autocorrelation__lag_6144,x__mean_abs_change
A,0.8618009074495437,0.006139902058001315
