id,x__autocorrelation__lag_6144,x__mean_abs_change
A,0.8606036725724703,0.006227333515612958
