id,x__autocorrelation__lag_6144,x__mean_abs_change
A,0.8644557651782021,0.00641350426277495
