id,x__autocorrelation__lag_6144,x__mean_abs_change
A,0.8918021032168862,0.005883186889718731
