id,x__autocorrelation__lag_6144,x__mean_abs_change
A,0.8549807221768999,0.006521922518588102
