id,x__autocorrelation__lag_6144,x__mean_abs_change
A,0.8806226159931294,0.005926957623201659
