id,x__autocorrelation__lag_6144,x__mean_abs_change
A,0.8616015503880813,0.0062230681019878895
