id,x__autocorrelation__lag_6144,x__mean_abs_change
A,0.8462176071144428,0.006360947884639293
