id,x__autocorrelation__lag_6144,x__mean_abs_change
A,0.8502634169146053,0.006521610726947675
