id,x__autocorrelation__lag_6144,x__mean_abs_change
A,0.7814398118426721,0.00823652468432493
