id,x__autocorrelation__lag_6144,x__mean_abs_change
A,0.7677822489416868,0.008951556011850704
