id,x__autocorrelation__lag_6144,x__mean_abs_change
A,0.8483135518237489,0.0060060379112715665
