id,x__autocorrelation__lag_6144,x__mean_abs_change
A,0.8890956970588065,0.005716448888013471
