id,x__autocorrelation__lag_6144,x__mean_abs_change
A,0.4685558511999766,0.009894835327771965
