id,x__autocorrelation__lag_6144,x__mean_abs_change
A,0.7756341620645141,0.009865295553131015
