id,x__autocorrelation__lag_6144,x__mean_abs_change
A,0.854477650069007,0.006009552320188485
