id,x__autocorrelation__lag_6144,x__mean_abs_change
A,0.9084341917997414,0.014356492807449809
