id,x__autocorrelation__lag_6144,x__mean_abs_change
A,0.884217812959787,0.006243807312075626
