id,x__autocorrelation__lag_6144,x__mean_abs_change
A,0.8674372539090598,0.005967756027115876
