id,x__autocorrelation__lag_6144,x__mean_abs_change
A,0.7982082627780452,0.00790560378708102
