id,x__autocorrelation__lag_6144,x__mean_abs_change
A,0.7063478184608093,0.013377688818307186
