id,x__autocorrelation__lag_6144,x__mean_abs_change
A,0.9050464120226088,0.00438218382586135
