id,x__autocorrelation__lag_6144,x__mean_abs_change
A,0.8501958829104276,0.006256561218368085
