id,x__autocorrelation__lag_6144,x__mean_abs_change
A,0.8546798921870393,0.0061756889268877535
