id,x__autocorrelation__lag_6144,x__mean_abs_change
A,0.853520391400299,0.0059753469392928305
