id,x__autocorrelation__lag_6144,x__mean_abs_change
A,0.723767330422238,0.013058700903257331
