id,x__autocorrelation__lag_6144,x__mean_abs_change
A,0.8761964735821913,0.005783530707939194
