id,x__autocorrelation__lag_6144,x__mean_abs_change
A,0.8784704201218084,0.00759129899823092
