id,x__autocorrelation__lag_6144,x__mean_abs_change
A,0.9399964986045323,0.008657145350659343
