id,x__autocorrelation__lag_6144,x__mean_abs_change
A,0.5369624627039242,0.0075950507741755794
