id,x__autocorrelation__lag_6144,x__mean_abs_change
A,0.9329272433137447,0.009353250387321368
