id,x__autocorrelation__lag_6144,x__mean_abs_change
A,0.9421447559461643,0.008008548193066825
