id,x__autocorrelation__lag_6144,x__mean_abs_change
A,0.7905296462005161,0.007545539277363793
