id,x__autocorrelation__lag_6144,x__mean_abs_change
A,0.9351622296223077,0.007711268662857642
