id,x__autocorrelation__lag_6144,x__mean_abs_change
A,0.9450352571251722,0.00868592165407778
