id,x__autocorrelation__lag_6144,x__mean_abs_change
A,0.9022375438497855,0.007628362834672933
