id,x__autocorrelation__lag_6144,x__mean_abs_change
A,0.5983004668651918,0.009048449819088342
