id,x__autocorrelation__lag_6144,x__mean_abs_change
A,0.9150835452187296,0.0075560809568272205
