id,x__autocorrelation__lag_6144,x__mean_abs_change
A,0.9560892613715809,0.012443011026287198
