id,x__autocorrelation__lag_6144,x__mean_abs_change
A,0.9213908761820498,0.007562593849290424
