id,x__autocorrelation__lag_6144,x__mean_abs_change
A,0.9228100271915614,0.007445971351379419
