id,x__autocorrelation__lag_6144,x__mean_abs_change
A,0.9183163179509838,0.007481914278278183
