id,x__autocorrelation__lag_6144,x__mean_abs_change
A,0.9160543473081493,0.007366917487585788
