id,x__autocorrelation__lag_6144,x__mean_abs_change
A,0.93847766249912,0.00804495755357696
