id,x__autocorrelation__lag_6144,x__mean_abs_change
A,0.9234617190965692,0.0074234954135892805
