id,x__autocorrelation__lag_6144,x__mean_abs_change
A,0.9566242638937896,0.012330578680648597
