id,x__autocorrelation__lag_6144,x__mean_abs_change
A,0.9530545164728443,0.011882732981425349
