id,x__autocorrelation__lag_6144,x__mean_abs_change
A,0.9306747465221222,0.0074408122699123926
