id,x__autocorrelation__lag_6144,x__mean_abs_change
A,0.9325499652014644,0.007719111275695145
