id,x__autocorrelation__lag_6144,x__mean_abs_change
A,0.8547880988590659,0.00781313128754323
