id,x__autocorrelation__lag_6144,x__mean_abs_change
A,0.9354608315658344,0.007721665800900043
