id,x__autocorrelation__lag_6144,x__mean_abs_change
A,0.9329690240176866,0.00743783308103716
