id,x__autocorrelation__lag_6144,x__mean_abs_change
A,0.87213028861362,0.007783825918091513
