id,x__autocorrelation__lag_6144,x__mean_abs_change
A,0.9222597270574215,0.007408042062293968
