id,x__autocorrelation__lag_6144,x__mean_abs_change
A,0.7090281606732005,0.007463032504146114
