id,x__autocorrelation__lag_6144,x__mean_abs_change
A,0.9436622001129842,0.010181481850665914
