id,x__autocorrelation__lag_6144,x__mean_abs_change
A,0.7088038605051208,0.008165267844940375
