id,x__autocorrelation__lag_6144,x__mean_abs_change
A,0.9529561451664039,0.011671776567055215
