id,x__autocorrelation__lag_6144,x__mean_abs_change
A,0.8959367469294403,0.007464375433211511
