id,x__autocorrelation__lag_6144,x__mean_abs_change
A,0.9409591061099989,0.008377428227607253
