id,x__autocorrelation__lag_6144,x__mean_abs_change
A,0.7770233074487344,0.007110542182727084
