id,x__autocorrelation__lag_6144,x__mean_abs_change
A,0.7758070566380331,0.008308070419080136
