id,x__autocorrelation__lag_6144,x__mean_abs_change
A,0.9273825560871516,0.007639742632851976
