id,x__autocorrelation__lag_6144,x__mean_abs_change
A,0.9506902157570006,0.008831882760399755
