id,x__autocorrelation__lag_6144,x__mean_abs_change
A,0.5286154534157715,0.007416427006473158
