id,x__autocorrelation__lag_6144,x__mean_abs_change
A,0.4743024038382756,0.008247138921695107
