id,x__autocorrelation__lag_6144,x__mean_abs_change
A,0.5890589743437696,0.008498281412422261
