id,x__autocorrelation__lag_6144,x__mean_abs_change
A,0.5215593622375205,0.007506083545710575
