id,x__autocorrelation__lag_6144,x__mean_abs_change
A,0.562691375546976,0.007422605336450543
