id,x__autocorrelation__lag_6144,x__mean_abs_change
A,0.9507906377618692,0.008806109962261863
