id,x__autocorrelation__lag_6144,x__mean_abs_change
A,0.5338126570438282,0.007603608712767042
