id,x__autocorrelation__lag_6144,x__mean_abs_change
A,0.9396096831388702,0.008227125330193553
