id,x__autocorrelation__lag_6144,x__mean_abs_change
A,0.9495415045083955,0.008692962853494851
