id,x__autocorrelation__lag_6144,x__mean_abs_change
A,0.8739318200073702,0.007918869442794189
