id,x__autocorrelation__lag_6144,x__mean_abs_change
A,0.9404122513105242,0.008555708689088856
