id,x__autocorrelation__lag_6144,x__mean_abs_change
A,0.44104128021330286,0.006888750595309828
