id,x__autocorrelation__lag_6144,x__mean_abs_change
A,0.9273266597024755,0.007192676581052873
