id,x__autocorrelation__lag_6144,x__mean_abs_change
A,0.5181872378994624,0.00747763736621751
