id,x__autocorrelation__lag_6144,x__mean_abs_change
A,0.9197392541778655,0.007413634686841654
