id,x__autocorrelation__lag_6144,x__mean_abs_change
A,0.95378474075158,0.0121663107556665
