id,x__autocorrelation__lag_6144,x__mean_abs_change
A,0.930835509610705,0.008445422327817633
