id,x__autocorrelation__lag_6144,x__mean_abs_change
A,0.5071417001504591,0.009009417245146721
