id,x__autocorrelation__lag_6144,x__mean_abs_change
A,0.9570692031967267,0.013361806710734558
