id,x__autocorrelation__lag_6144,x__mean_abs_change
A,0.8724528981241305,0.007871719947879465
