id,x__autocorrelation__lag_6144,x__mean_abs_change
A,0.8706485549903679,0.007799909871765996
