id,x__autocorrelation__lag_6144,x__mean_abs_change
A,0.49810231815589795,0.0074798647189763135
