id,x__autocorrelation__lag_6144,x__mean_abs_change
A,0.3935446497853392,0.006058721565351749
