id,x__autocorrelation__lag_6144,x__mean_abs_change
A,0.8835293602491492,0.008097786168345378
