id,x__autocorrelation__lag_6144,x__mean_abs_change
A,0.8955269062414589,0.006528941916842203
