id,x__autocorrelation__lag_6144,x__mean_abs_change
A,0.9407465754216359,0.008610337323006114
