id,x__autocorrelation__lag_6144,x__mean_abs_change
A,0.9330106732976744,0.007812943682186716
