id,x__autocorrelation__lag_6144,x__mean_abs_change
A,0.9214284297500408,0.006943317095883224
