id,x__autocorrelation__lag_6144,x__mean_abs_change
A,0.9187276056163672,0.00757782983819369
