id,x__autocorrelation__lag_6144,x__mean_abs_change
A,0.9458188076933861,0.010905902013918785
