id,x__autocorrelation__lag_6144,x__mean_abs_change
A,0.9254512599351333,0.007923032100480667
