id,x__autocorrelation__lag_6144,x__mean_abs_change
A,0.7681507899898019,0.007446881905506257
