id,x__autocorrelation__lag_6144,x__mean_abs_change
A,0.9249821376630822,0.007603654057060357
