id,x__autocorrelation__lag_6144,x__mean_abs_change
A,0.9458154398488803,0.010454103269573299
