id,x__autocorrelation__lag_6144,x__mean_abs_change
A,0.8938477183055219,0.007712770435620781
