id,x__autocorrelation__lag_6144,x__mean_abs_change
A,0.9321447539489957,0.008132739081296674
