id,x__autocorrelation__lag_6144,x__mean_abs_change
A,0.9221217294461965,0.007810348530741525
