id,x__autocorrelation__lag_6144,x__mean_abs_change
A,0.9547007891522642,0.01236624813133569
