id,x__autocorrelation__lag_6144,x__mean_abs_change
A,0.9418574185771423,0.009042880776457464
