id,x__autocorrelation__lag_6144,x__mean_abs_change
A,0.8781422910690934,0.00764978702311208
