id,x__autocorrelation__lag_6144,x__mean_abs_change
A,0.9565203956415265,0.013252075738630022
