id,x__autocorrelation__lag_6144,x__mean_abs_change
A,0.8897486638489851,0.008450132411620523
