id,x__autocorrelation__lag_6144,x__mean_abs_change
A,0.9574157294591071,0.013352003135878367
