id,x__autocorrelation__lag_6144,x__mean_abs_change
A,0.6421571648773758,0.007936590103065454
