id,x__autocorrelation__lag_6144,x__mean_abs_change
A,0.9292042299679463,0.0077113558056790855
