id,x__autocorrelation__lag_6144,x__mean_abs_change
A,0.9367979300516418,0.009207426811221699
