id,x__autocorrelation__lag_6144,x__mean_abs_change
A,0.84075025491678,0.006354762374054692
