id,x__autocorrelation__lag_6144,x__mean_abs_change
A,0.9541768311593525,0.012327982270901598
