id,x__autocorrelation__lag_6144,x__mean_abs_change
A,0.9576278225440849,0.013063264397850665
