id,x__autocorrelation__lag_6144,x__mean_abs_change
A,0.7787263632155205,0.007162957929651218
