id,x__autocorrelation__lag_6144,x__mean_abs_change
A,0.9212842549702834,0.007551712154547003
