id,x__autocorrelation__lag_6144,x__mean_abs_change
A,0.5844624789678222,0.00804382459833347
