id,x__autocorrelation__lag_6144,x__mean_abs_change
A,0.925545412651408,0.00809133601925959
