id,x__autocorrelation__lag_6144,x__mean_abs_change
A,0.9352053709747797,0.009105498755022139
