id,x__autocorrelation__lag_6144,x__mean_abs_change
A,0.8969282469076366,0.0073771948401701384
