id,x__autocorrelation__lag_6144,x__mean_abs_change
A,0.9177123809629574,0.007390405696137165
