id,x__autocorrelation__lag_6144,x__mean_abs_change
A,0.9264040523354876,0.007982818439909473
