id,x__autocorrelation__lag_6144,x__mean_abs_change
A,0.9187613469867667,0.007720042733915028
