id,x__autocorrelation__lag_6144,x__mean_abs_change
A,0.9572420558474007,0.013666823010404493
