id,x__autocorrelation__lag_6144,x__mean_abs_change
A,0.553074723738377,0.007592780385614625
