id,x__autocorrelation__lag_6144,x__mean_abs_change
A,0.9487770505133869,0.008788226334494791
