id,x__autocorrelation__lag_6144,x__mean_abs_change
A,0.9295667657970088,0.00721206607564932
