id,x__autocorrelation__lag_6144,x__mean_abs_change
A,0.9338163393685304,0.008628227822192098
