id,x__autocorrelation__lag_6144,x__mean_abs_change
A,0.9336188273749099,0.008907235312742994
