id,x__autocorrelation__lag_6144,x__mean_abs_change
A,0.9421515257305286,0.009021261089083767
