id,x__autocorrelation__lag_6144,x__mean_abs_change
A,0.9143111934049587,0.00876519809389331
