id,x__autocorrelation__lag_6144,x__mean_abs_change
A,0.9376563235397739,0.008579444008435997
