id,x__autocorrelation__lag_6144,x__mean_abs_change
A,0.4592616563722896,0.008112745729310186
