id,x__autocorrelation__lag_6144,x__mean_abs_change
A,0.5124723268671519,0.009120494832990872
