id,x__autocorrelation__lag_6144,x__mean_abs_change
A,0.9299172113107184,0.007662727578382161
