id,x__autocorrelation__lag_6144,x__mean_abs_change
A,0.884652283703486,0.007472987614399668
