id,x__autocorrelation__lag_6144,x__mean_abs_change
A,0.6976572482984801,0.008338913704918544
