id,x__autocorrelation__lag_6144,x__mean_abs_change
A,0.9230810928256907,0.007379577272307332
