id,x__autocorrelation__lag_6144,x__mean_abs_change
A,0.9262085670865776,0.008881065406417794
