id,x__autocorrelation__lag_6144,x__mean_abs_change
A,0.9543615372637984,0.012485253676047869
