id,x__autocorrelation__lag_6144,x__mean_abs_change
A,0.9248018607473321,0.007625741156333872
