id,x__autocorrelation__lag_6144,x__mean_abs_change
A,0.8750033537492738,0.007758739862594456
