id,x__autocorrelation__lag_6144,x__mean_abs_change
A,0.4352571486970138,0.007602809380450667
