id,x__autocorrelation__lag_6144,x__mean_abs_change
A,0.9574047193248919,0.012915015460208911
