id,x__autocorrelation__lag_6144,x__mean_abs_change
A,0.9064874669477153,0.007439296863431254
