id,x__autocorrelation__lag_6144,x__mean_abs_change
A,0.9237781739686407,0.007439467549037829
