id,x__autocorrelation__lag_6144,x__mean_abs_change
A,0.9265436396513184,0.0086480957111484
