id,x__autocorrelation__lag_6144,x__mean_abs_change
A,0.9214092456387108,0.007181912260251385
