id,x__autocorrelation__lag_6144,x__mean_abs_change
A,0.8179618571570063,0.008642120052632691
