id,x__autocorrelation__lag_6144,x__mean_abs_change
A,0.9414675796837898,0.009054964986216696
