id,x__autocorrelation__lag_6144,x__mean_abs_change
A,0.9576139852171511,0.013405677346741291
