id,x__autocorrelation__lag_6144,x__mean_abs_change
A,0.945038973021092,0.010075259587202505
