id,x__autocorrelation__lag_6144,x__mean_abs_change
A,0.9398627172520382,0.008259659583917387
