id,x__autocorrelation__lag_6144,x__mean_abs_change
A,0.9545906116402894,0.011910150467773368
