id,x__autocorrelation__lag_6144,x__mean_abs_change
A,0.9301119673020545,0.00745473873837069
