id,x__autocorrelation__lag_6144,x__mean_abs_change
A,0.7620183829552621,0.008600682871695981
