id,x__autocorrelation__lag_6144,x__mean_abs_change
A,0.9413211281861417,0.008619724347989719
