id,x__autocorrelation__lag_6144,x__mean_abs_change
A,0.938527787238173,0.009036893303562958
