id,x__autocorrelation__lag_6144,x__mean_abs_change
A,0.938267062981916,0.008160925409953008
