id,x__autocorrelation__lag_6144,x__mean_abs_change
A,0.9239829420829891,0.007554272671101535
