id,x__autocorrelation__lag_6144,x__mean_abs_change
A,0.9284343413980202,0.00753399893469868
