id,x__autocorrelation__lag_6144,x__mean_abs_change
A,0.9392752401394661,0.008844590600058884
