id,x__autocorrelation__lag_6144,x__mean_abs_change
A,0.9324235489943382,0.008016872441512763
