id,x__autocorrelation__lag_6144,x__mean_abs_change
A,0.9583815531977179,0.013243023697776536
