id,x__autocorrelation__lag_6144,x__mean_abs_change
A,0.8140260727399113,0.006348523893979267
