id,x__autocorrelation__lag_6144,x__mean_abs_change
A,0.9203533122676779,0.00783620079844566
