id,x__autocorrelation__lag_6144,x__mean_abs_change
A,0.8953516477484995,0.007538201430278316
