id,x__autocorrelation__lag_6144,x__mean_abs_change
A,0.949047401190741,0.011214819274048748
