id,x__autocorrelation__lag_6144,x__mean_abs_change
A,0.5076935997566486,0.0074021551062727195
