id,x__autocorrelation__lag_6144,x__mean_abs_change
A,0.9547377956870161,0.012297879253462556
