id,x__autocorrelation__lag_6144,x__mean_abs_change
A,0.9348164095859772,0.008564960158747751
