id,x__autocorrelation__lag_6144,x__mean_abs_change
A,0.9061501583768155,0.007850286344052743
