id,x__autocorrelation__lag_6144,x__mean_abs_change
A,0.9358372701803593,0.00815185670484941
