id,x__autocorrelation__lag_6144,x__mean_abs_change
A,0.933017891544447,0.007538685980966963
