id,x__autocorrelation__lag_6144,x__mean_abs_change
A,0.5796364427778253,0.00824404969868913
