id,x__autocorrelation__lag_6144,x__mean_abs_change
A,0.8530819473259172,0.007734541020121815
