id,x__autocorrelation__lag_6144,x__mean_abs_change
A,0.9537263451793293,0.012328442843383155
