id,x__autocorrelation__lag_6144,x__mean_abs_change
A,0.9211889160833512,0.007356752998765626
