id,x__autocorrelation__lag_6144,x__mean_abs_change
A,0.8140795459714018,0.007673832339165693
