id,x__autocorrelation__lag_6144,x__mean_abs_change
A,0.931927159717433,0.007852448791467351
