id,x__autocorrelation__lag_6144,x__mean_abs_change
A,0.9496892367539017,0.0069610350564675745
