id,x__autocorrelation__lag_6144,x__mean_abs_change
A,0.4159782853804563,0.00731347157010371
