id,x__autocorrelation__lag_6144,x__mean_abs_change
A,0.9456178489328797,0.008764297528871041
