id,x__autocorrelation__lag_6144,x__mean_abs_change
A,0.5622973233858526,0.007854198716975666
