id,x__autocorrelation__lag_6144,x__mean_abs_change
A,0.9222361766288599,0.0076501091811047445
