id,x__autocorrelation__lag_6144,x__mean_abs_change
A,0.9286027990591875,0.006898102753508975
