id,x__autocorrelation__lag_6144,x__mean_abs_change
A,0.9288027720321139,0.008167505357037266
