id,x__autocorrelation__lag_6144,x__mean_abs_change
A,0.939301388449289,0.007852841355754042
