id,x__autocorrelation__lag_6144,x__mean_abs_change
A,0.9480696804259926,0.00884398114032347
