id,x__autocorrelation__lag_6144,x__mean_abs_change
A,0.9364019076743174,0.008467988020926508
