id,x__autocorrelation__lag_6144,x__mean_abs_change
A,0.927209627088227,0.007420010725752287
