id,x__autocorrelation__lag_6144,x__mean_abs_change
A,0.9232783680546598,0.007573505139782209
