id,x__autocorrelation__lag_6144,x__mean_abs_change
A,0.9202248249257765,0.007582174764683315
