id,x__autocorrelation__lag_6144,x__mean_abs_change
A,0.4570289765950844,0.006978685230726807
