id,x__autocorrelation__lag_6144,x__mean_abs_change
A,0.41919025471595345,0.008605743150660053
