id,x__autocorrelation__lag_6144,x__mean_abs_change
A,0.9231979123813328,0.007625830249405318
