id,x__autocorrelation__lag_6144,x__mean_abs_change
A,0.881839090930498,0.0077803036338656905
