id,x__autocorrelation__lag_6144,x__mean_abs_change
A,0.9171681662348098,0.007439794188146737
