id,x__autocorrelation__lag_6144,x__mean_abs_change
A,0.9408627209243289,0.00992557607900527
