id,x__autocorrelation__lag_6144,x__mean_abs_change
A,0.9380132875497652,0.00865545787393792
