id,x__autocorrelation__lag_6144,x__mean_abs_change
A,0.9433769609499845,0.009289789317576246
