id,x__autocorrelation__lag_6144,x__mean_abs_change
A,0.9480661352993475,0.008733145729545169
