id,x__autocorrelation__lag_6144,x__mean_abs_change
A,0.5095196879411635,0.00889349952754005
