id,x__autocorrelation__lag_6144,x__mean_abs_change
A,0.9284423061300784,0.007723804592094063
