id,x__autocorrelation__lag_6144,x__mean_abs_change
A,0.5380463390332965,0.007781080936657426
