id,x__autocorrelation__lag_6144,x__mean_abs_change
A,0.9212626851215884,0.007392367511061173
