id,x__autocorrelation__lag_6144,x__mean_abs_change
A,0.9229553735643371,0.007613705997961532
