id,x__autocorrelation__lag_6144,x__mean_abs_change
A,0.9342059608892309,0.008240660190393408
