id,x__autocorrelation__lag_6144,x__mean_abs_change
A,0.9244948817845654,0.0074524630992703605
