id,x__autocorrelation__lag_6144,x__mean_abs_change
A,0.9187452551326047,0.007637854675398077
