id,x__autocorrelation__lag_6144,x__mean_abs_change
A,0.9570300573450875,0.01270022063920156
