id,x__autocorrelation__lag_6144,x__mean_abs_change
A,0.537483916496763,0.00772397808091784
