id,x__autocorrelation__lag_6144,x__mean_abs_change
A,0.9215042361628041,0.007553524054442706
