id,x__autocorrelation__lag_6144,x__mean_abs_change
A,0.9534802307570263,0.01227690889093293
