id,x__autocorrelation__lag_6144,x__mean_abs_change
A,0.48748385463872634,0.007352129347670003
