id,x__autocorrelation__lag_6144,x__mean_abs_change
A,0.9349225804557525,0.008736733719925359
