id,x__autocorrelation__lag_6144,x__mean_abs_change
A,0.9313955502614228,0.008549011231768584
