id,x__autocorrelation__lag_6144,x__mean_abs_change
A,0.9547787119452164,0.012455419650440273
