id,x__autocorrelation__lag_6144,x__mean_abs_change
A,0.9577459231637667,0.013569734808899067
