id,x__autocorrelation__lag_6144,x__mean_abs_change
A,0.6187287263466638,0.009519177118995427
