id,x__autocorrelation__lag_6144,x__mean_abs_change
A,0.9535412260929687,0.011846319202201768
