id,x__autocorrelation__lag_6144,x__mean_abs_change
A,0.8180703936897585,0.007448004485100506
