id,x__autocorrelation__lag_6144,x__mean_abs_change
A,0.5350170676753777,0.009225941124597471
