id,x__autocorrelation__lag_6144,x__mean_abs_change
A,0.9347870037250217,0.008718284286694423
