id,x__autocorrelation__lag_6144,x__mean_abs_change
A,0.9405286451912871,0.007941532931984232
