id,x__autocorrelation__lag_6144,x__mean_abs_change
A,0.9389712953459448,0.008181398916216158
