id,x__autocorrelation__lag_6144,x__mean_abs_change
A,0.9392410744888096,0.008594548807230287
