id,x__autocorrelation__lag_6144,x__mean_abs_change
A,0.9206535751094821,0.0073382867074863025
