id,x__autocorrelation__lag_6144,x__mean_abs_change
A,0.9408103602923594,0.008698123521143969
