id,x__autocorrelation__lag_6144,x__mean_abs_change
A,0.9266521313089966,0.0075693371387410635
