id,x__autocorrelation__lag_6144,x__mean_abs_change
A,0.9401681649012472,0.008931536889749998
