id,x__autocorrelation__lag_6144,x__mean_abs_change
A,0.9325769866737241,0.009529039643657387
