id,x__autocorrelation__lag_6144,x__mean_abs_change
A,0.4757910006081331,0.009395152088137107
