id,x__autocorrelation__lag_6144,x__mean_abs_change
A,0.9354830864687393,0.007574131113938093
