id,x__autocorrelation__lag_6144,x__mean_abs_change
A,0.9177685611257856,0.007644563536172977
