id,x__autocorrelation__lag_6144,x__mean_abs_change
A,0.9382227200746388,0.010128422546758508
