id,x__autocorrelation__lag_6144,x__mean_abs_change
A,0.905172468449597,0.007277505815066757
