id,x__autocorrelation__lag_6144,x__mean_abs_change
A,0.42498121182417437,0.006693384014743054
