id,x__autocorrelation__lag_6144,x__mean_abs_change
A,0.9524344141357636,0.01095985577627897
