id,x__autocorrelation__lag_6144,x__mean_abs_change
A,0.8972839228439761,0.00734965160349258
