id,x__autocorrelation__lag_6144,x__mean_abs_change
A,0.9207463714534427,0.00735486621433693
