id,x__autocorrelation__lag_6144,x__mean_abs_change
A,0.9390345402003439,0.00876686062780946
