id,x__autocorrelation__lag_6144,x__mean_abs_change
A,0.9114474209039335,0.008788607263778522
