id,x__autocorrelation__lag_6144,x__mean_abs_change
A,0.9228956641262215,0.007202869205204019
