id,x__autocorrelation__lag_6144,x__mean_abs_change
A,0.9360665939170486,0.008199944063511511
