id,x__autocorrelation__lag_6144,x__mean_abs_change
A,0.9249504121535115,0.00772099755867386
