id,x__autocorrelation__lag_6144,x__mean_abs_change
A,0.928544011359113,0.007694957649502925
