id,x__autocorrelation__lag_6144,x__mean_abs_change
A,0.9523139369416672,0.011438826193399072
