id,x__autocorrelation__lag_6144,x__mean_abs_change
A,0.9306175834230732,0.007422884508751005
