id,x__autocorrelation__lag_6144,x__mean_abs_change
A,0.9321638032408425,0.00766055455591501
