id,x__autocorrelation__lag_6144,x__mean_abs_change
A,0.9559313494527779,0.00856695944940074
