id,x__autocorrelation__lag_6144,x__mean_abs_change
A,0.956066683803983,0.01205301920834358
