id,x__autocorrelation__lag_6144,x__mean_abs_change
A,0.8699859450099661,0.006681052161835748
