id,x__autocorrelation__lag_6144,x__mean_abs_change
A,0.9220675738574948,0.00748920930081939
