id,x__autocorrelation__lag_6144,x__mean_abs_change
A,0.9331219458666806,0.00756009394912239
