id,x__autocorrelation__lag_6144,x__mean_abs_change
A,0.9383876330042457,0.00844042054256508
