id,x__autocorrelation__lag_6144,x__mean_abs_change
A,0.9317696282010718,0.007702759416329037
