id,x__autocorrelation__lag_6144,x__mean_abs_change
A,0.9024536627180273,0.007598418164034788
