id,x__autocorrelation__lag_6144,x__mean_abs_change
A,0.4387395764049411,0.0072294650151342585
