id,x__autocorrelation__lag_6144,x__mean_abs_change
A,0.8929238858666837,0.008300463403014973
