id,x__autocorrelation__lag_6144,x__mean_abs_change
A,0.9292078532876125,0.007724020683881111
