id,x__autocorrelation__lag_6144,x__mean_abs_change
A,0.9044549533759839,0.007588736929851418
