id,x__autocorrelation__lag_6144,x__mean_abs_change
A,0.9336725471830577,0.008493729104559904
