id,x__autocorrelation__lag_6144,x__mean_abs_change
A,0.9391249174968064,0.009174685386759099
