id,x__autocorrelation__lag_6144,x__mean_abs_change
A,0.93137479937947,0.007997507045839973
