id,x__autocorrelation__lag_6144,x__mean_abs_change
A,0.9367436428737729,0.008809570513301406
