id,x__autocorrelation__lag_6144,x__mean_abs_change
A,0.9405357250454164,0.008870215795645533
