id,x__autocorrelation__lag_6144,x__mean_abs_change
A,0.9419830174892508,0.009881081461117342
