id,x__autocorrelation__lag_6144,x__mean_abs_change
A,0.49791051990189117,0.00730838183843506
