id,x__autocorrelation__lag_6144,x__mean_abs_change
A,0.7529442313526715,0.0072700991464668
