id,x__autocorrelation__lag_6144,x__mean_abs_change
A,0.922779456449847,0.007717568135061578
