id,x__autocorrelation__lag_6144,x__mean_abs_change
A,0.7103400256669281,0.008241940871807768
