id,x__autocorrelation__lag_6144,x__mean_abs_change
A,0.9213540095977275,0.007784476541498588
