id,x__autocorrelation__lag_6144,x__mean_abs_change
A,0.9124046825955022,0.007185374074563515
