id,x__autocorrelation__lag_6144,x__mean_abs_change
A,0.9333923457568849,0.007559643746932563
