id,x__autocorrelation__lag_6144,x__mean_abs_change
A,0.9290085797949331,0.007913029812801235
