id,x__autocorrelation__lag_6144,x__mean_abs_change
A,0.4251313310934835,0.009127076623118334
