id,x__autocorrelation__lag_6144,x__mean_abs_change
A,0.9282153374002912,0.007030787633788504
