id,x__autocorrelation__lag_6144,x__mean_abs_change
A,0.9429979527527496,0.010682954399789142
