id,x__autocorrelation__lag_6144,x__mean_abs_change
A,0.9023444544421271,0.00756057814779364
