id,x__autocorrelation__lag_6144,x__mean_abs_change
A,0.9207142830278955,0.007434374808607425
