id,x__autocorrelation__lag_6144,x__mean_abs_change
A,0.9587800384997748,0.008763617794479454
