id,x__autocorrelation__lag_6144,x__mean_abs_change
A,0.47287110165486357,0.008294658799149673
