id,x__autocorrelation__lag_6144,x__mean_abs_change
A,0.9028857669027296,0.006861839153084405
