id,x__autocorrelation__lag_6144,x__mean_abs_change
A,0.8952986494644567,0.008178782981631683
