id,x__autocorrelation__lag_6144,x__mean_abs_change
A,0.924098242672768,0.007547866423206866
