id,x__autocorrelation__lag_6144,x__mean_abs_change
A,0.927100339532479,0.008212576462122428
