id,x__autocorrelation__lag_6144,x__mean_abs_change
A,0.9029688499848365,0.007511826932787985
