id,x__autocorrelation__lag_6144,x__mean_abs_change
A,0.9127389192117243,0.007184990701422703
