id,x__autocorrelation__lag_6144,x__mean_abs_change
A,0.923956492306462,0.007292109123786888
