id,x__autocorrelation__lag_6144,x__mean_abs_change
A,0.9394677979853228,0.008879785372565284
