id,x__autocorrelation__lag_6144,x__mean_abs_change
A,0.9573357587580241,0.01310080467797971
