id,x__autocorrelation__lag_6144,x__mean_abs_change
A,0.5288226273711238,0.007454366568600562
