id,x__autocorrelation__lag_6144,x__mean_abs_change
A,0.9437454728932299,0.00990440064836376
