id,x__autocorrelation__lag_6144,x__mean_abs_change
A,0.9400462967258629,0.008093216833634587
