id,x__autocorrelation__lag_6144,x__mean_abs_change
A,0.9285818547422645,0.007351132442662883
