id,x__autocorrelation__lag_6144,x__mean_abs_change
A,0.927711993808768,0.008193544609282327
