id,x__autocorrelation__lag_6144,x__mean_abs_change
A,0.9412133457368669,0.009922681257279808
