id,x__autocorrelation__lag_6144,x__mean_abs_change
A,0.9316319548713763,0.009096959565435575
