id,x__autocorrelation__lag_6144,x__mean_abs_change
A,0.918923926291843,0.0074755190697083605
