id,x__autocorrelation__lag_6144,x__mean_abs_change
A,0.9313509254856968,0.00861706616853877
