id,x__autocorrelation__lag_6144,x__mean_abs_change
A,0.9296547933188656,0.007886494764173082
