id,x__autocorrelation__lag_6144,x__mean_abs_change
A,0.9576292095886786,0.012356724541057965
