id,x__autocorrelation__lag_6144,x__mean_abs_change
A,0.9401050993588821,0.008700255763116997
