id,x__autocorrelation__lag_6144,x__mean_abs_change
A,0.9343688722327796,0.007740005729495888
