id,x__autocorrelation__lag_6144,x__mean_abs_change
A,0.8876758564307695,0.00830399874715415
