id,x__autocorrelation__lag_6144,x__mean_abs_change
A,0.9325701737048315,0.00870319587052292
