id,x__autocorrelation__lag_6144,x__mean_abs_change
A,0.9462738357493066,0.008145214988164347
