id,x__autocorrelation__lag_6144,x__mean_abs_change
A,0.9418577938187078,0.008719350782969183
