id,x__autocorrelation__lag_6144,x__mean_abs_change
A,0.935319502884255,0.009199855726913763
