id,x__autocorrelation__lag_6144,x__mean_abs_change
A,0.9397773782326295,0.008994542724500227
