id,x__autocorrelation__lag_6144,x__mean_abs_change
A,0.9436821374283053,0.008205727507985035
