id,x__autocorrelation__lag_6144,x__mean_abs_change
A,0.7430263817368012,0.007290298708930399
