id,x__autocorrelation__lag_6144,x__mean_abs_change
A,0.9176759355005986,0.007327573605004104
