id,x__autocorrelation__lag_6144,x__mean_abs_change
A,0.9222429076844242,0.007679066958451175
