id,x__autocorrelation__lag_6144,x__mean_abs_change
A,0.9368299038608262,0.009565155550190189
