id,x__autocorrelation__lag_6144,x__mean_abs_change
A,0.528289057977736,0.0072630576494684875
