id,x__autocorrelation__lag_6144,x__mean_abs_change
A,0.9300477565979293,0.0076958185481030995
