id,x__autocorrelation__lag_6144,x__mean_abs_change
A,0.9324818718864218,0.007531098904855563
