id,x__autocorrelation__lag_6144,x__mean_abs_change
A,0.9418110491841082,0.010102670343607864
