id,x__autocorrelation__lag_6144,x__mean_abs_change
A,0.9231979981907468,0.007603814705592338
