id,x__autocorrelation__lag_6144,x__mean_abs_change
A,0.925502458015206,0.007638173365801824
