id,x__autocorrelation__lag_6144,x__mean_abs_change
A,0.5261925321997356,0.007308193841202158
