id,x__autocorrelation__lag_6144,x__mean_abs_change
A,0.9577254248974281,0.013069059742237403
