id,x__autocorrelation__lag_6144,x__mean_abs_change
A,0.524235991694356,0.007385915352643312
