id,x__autocorrelation__lag_6144,x__mean_abs_change
A,0.928238815801664,0.008082307099165069
