id,x__autocorrelation__lag_6144,x__mean_abs_change
A,0.9229983285590835,0.007524128902528949
