id,x__autocorrelation__lag_6144,x__mean_abs_change
A,0.9487597539845278,0.009157586522744668
