id,x__autocorrelation__lag_6144,x__mean_abs_change
A,0.9309992625522712,0.009158425206199961
