id,x__autocorrelation__lag_6144,x__mean_abs_change
A,0.9553184258718446,0.008819546238528406
