id,x__autocorrelation__lag_6144,x__mean_abs_change
A,0.9300913537625181,0.007939676511339979
