id,x__autocorrelation__lag_6144,x__mean_abs_change
A,0.9280740611363096,0.007580070808964068
