id,x__autocorrelation__lag_6144,x__mean_abs_change
A,0.8845407965753369,0.007362387902088301
