id,x__autocorrelation__lag_6144,x__mean_abs_change
A,0.9308990932926493,0.0077061596060693845
