id,x__autocorrelation__lag_6144,x__mean_abs_change
A,0.9302785100132752,0.0077841246240056335
