id,x__autocorrelation__lag_6144,x__mean_abs_change
A,0.9315089341955576,0.008264929205399653
