id,x__autocorrelation__lag_6144,x__mean_abs_change
A,0.9554342143837706,0.011747981450225911
