id,x__autocorrelation__lag_6144,x__mean_abs_change
A,0.9013647891488603,0.0083066516509798
