id,x__autocorrelation__lag_6144,x__mean_abs_change
A,0.9439157184835357,0.009174917811940738
