id,x__autocorrelation__lag_6144,x__mean_abs_change
A,0.9374054729675322,0.008573010848092812
