id,x__autocorrelation__lag_6144,x__mean_abs_change
A,0.920451713818137,0.00756915633438761
