id,x__autocorrelation__lag_6144,x__mean_abs_change
A,0.9219298972017625,0.007675766115730056
