id,x__autocorrelation__lag_6144,x__mean_abs_change
A,0.7152228302147414,0.00733473772839675
