id,x__autocorrelation__lag_6144,x__mean_abs_change
A,0.9305264586096632,0.008011278701392526
