id,x__autocorrelation__lag_6144,x__mean_abs_change
A,0.8600185288879058,0.0064901473714795025
