id,x__autocorrelation__lag_6144,x__mean_abs_change
A,0.94074169318514,0.008804336539984444
