id,x__autocorrelation__lag_6144,x__mean_abs_change
A,0.9247200420658813,0.007554728811947709
