id,x__autocorrelation__lag_6144,x__mean_abs_change
A,0.9403458865473796,0.00843729172920944
