id,x__autocorrelation__lag_6144,x__mean_abs_change
A,0.42599097948408665,0.007133428738354283
