id,x__autocorrelation__lag_6144,x__mean_abs_change
A,0.4496726598416787,0.008763555654633364
