id,x__autocorrelation__lag_6144,x__mean_abs_change
A,0.8701861583997381,0.0075546554623318425
