id,x__autocorrelation__lag_6144,x__mean_abs_change
A,0.940734281373504,0.009097151758259163
