id,x__autocorrelation__lag_6144,x__mean_abs_change
A,0.8072975425796466,0.0070324174045680475
