id,x__autocorrelation__lag_6144,x__mean_abs_change
A,0.5012694670810633,0.007556214889431572
