id,x__autocorrelation__lag_6144,x__mean_abs_change
A,0.6577616061836504,0.00874015988109624
