id,x__autocorrelation__lag_6144,x__mean_abs_change
A,0.9395502102152294,0.008246652512138263
