id,x__autocorrelation__lag_6144,x__mean_abs_change
A,0.467841830964772,0.007163172157021774
