id,x__autocorrelation__lag_6144,x__mean_abs_change
A,0.9339458762710575,0.007951777651548683
