id,x__autocorrelation__lag_6144,x__mean_abs_change
A,0.9268227546349854,0.00797851237326174
