id,x__autocorrelation__lag_6144,x__mean_abs_change
A,0.4766306209372134,0.009517590489770716
