id,x__autocorrelation__lag_6144,x__mean_abs_change
A,0.9227285445468388,0.0073498692415562925
