id,x__autocorrelation__lag_6144,x__mean_abs_change
A,0.9570156214668547,0.013536848813443447
