id,x__autocorrelation__lag_6144,x__mean_abs_change
A,0.9230466324881152,0.007658400731962279
