id,x__autocorrelation__lag_6144,x__mean_abs_change
A,0.47674146097545395,0.008023535645170794
