id,x__autocorrelation__lag_6144,x__mean_abs_change
A,0.806968972892109,0.0074483927582741395
