id,x__autocorrelation__lag_6144,x__mean_abs_change
A,0.911536922240649,0.007718152173941489
