id,x__autocorrelation__lag_6144,x__mean_abs_change
A,0.8727882426137203,0.0076479628191751334
