id,x__autocorrelation__lag_6144,x__mean_abs_change
A,0.6242390503853972,0.009177817225727638
