id,x__autocorrelation__lag_6144,x__mean_abs_change
A,0.9290425227530712,0.008060254126716558
