id,x__autocorrelation__lag_6144,x__mean_abs_change
A,0.8825014776872447,0.006498555263935927
