id,x__autocorrelation__lag_6144,x__mean_abs_change
A,0.9253262925135187,0.00792827467811379
