id,x__autocorrelation__lag_6144,x__mean_abs_change
A,0.5095900243369379,0.007275334319374755
