id,x__autocorrelation__lag_6144,x__mean_abs_change
A,0.9225484758204241,0.007248969733508858
