id,x__autocorrelation__lag_6144,x__mean_abs_change
A,0.5160361640641696,0.007873122954033375
