id,x__autocorrelation__lag_6144,x__mean_abs_change
A,0.9245021579855356,0.00762458458985943
