id,x__autocorrelation__lag_6144,x__mean_abs_change
A,0.8935561390612595,0.007792500101980878
