id,x__autocorrelation__lag_6144,x__mean_abs_change
A,0.9223925464158337,0.007317673919458031
