id,x__autocorrelation__lag_6144,x__mean_abs_change
A,0.9021017998063181,0.007365216023308755
