id,x__autocorrelation__lag_6144,x__mean_abs_change
A,0.9234026765407121,0.008646178257083149
