id,x__autocorrelation__lag_6144,x__mean_abs_change
A,0.9333495866898515,0.007790217008885952
