id,x__autocorrelation__lag_6144,x__mean_abs_change
A,0.9151279513523752,0.007374103058236766
