id,x__autocorrelation__lag_6144,x__mean_abs_change
A,0.9428831749995044,0.00847597851322963
