id,x__autocorrelation__lag_6144,x__mean_abs_change
A,0.9235994133135468,0.007594634211912144
