id,x__autocorrelation__lag_6144,x__mean_abs_change
A,0.9274164845720223,0.007572312289177349
