id,x__autocorrelation__lag_6144,x__mean_abs_change
A,0.9415705083980583,0.008250356008913955
