id,x__autocorrelation__lag_6144,x__mean_abs_change
A,0.9409000084881036,0.0080978052051756
