id,x__autocorrelation__lag_6144,x__mean_abs_change
A,0.7549751095492515,0.007123789417078425
