id,x__autocorrelation__lag_6144,x__mean_abs_change
A,0.8428789474959275,0.007124711920532292
