id,x__autocorrelation__lag_6144,x__mean_abs_change
A,0.9032411549869115,0.007579697162539045
