id,x__autocorrelation__lag_6144,x__mean_abs_change
A,0.9310572699516756,0.008377318429036513
