id,x__autocorrelation__lag_6144,x__mean_abs_change
A,0.9455530245550569,0.010887071067544513
