id,x__autocorrelation__lag_6144,x__mean_abs_change
A,0.9293504076631632,0.008704614484436464
