id,x__autocorrelation__lag_6144,x__mean_abs_change
A,0.9352009607064649,0.009142556947032225
