id,x__autocorrelation__lag_6144,x__mean_abs_change
A,0.9424619504133952,0.008577405186216353
