id,x__autocorrelation__lag_6144,x__mean_abs_change
A,0.9468917000912519,0.010946664130629377
