id,x__autocorrelation__lag_6144,x__mean_abs_change
A,0.9500422302384693,0.011044273801980486
