id,x__autocorrelation__lag_6144,x__mean_abs_change
A,0.9034597105769516,0.007389901862580476
