id,x__autocorrelation__lag_6144,x__mean_abs_change
A,0.45156013143400836,0.007347555135800195
