id,x__autocorrelation__lag_6144,x__mean_abs_change
A,0.8936635729980137,0.007479983381101417
