id,x__autocorrelation__lag_6144,x__mean_abs_change
A,0.9602491344368492,0.013586047670963856
