id,x__autocorrelation__lag_6144,x__mean_abs_change
A,0.9546724876424675,0.012405754269040479
