id,x__autocorrelation__lag_6144,x__mean_abs_change
A,0.4268350470664296,0.0066471653639256275
