id,x__autocorrelation__lag_6144,x__mean_abs_change
A,0.9460399275293403,0.009025865931396296
