id,x__autocorrelation__lag_6144,x__mean_abs_change
A,0.9215940847395448,0.0074870571114828465
