id,x__autocorrelation__lag_6144,x__mean_abs_change
A,0.9200825159022428,0.008828237870528962
