id,x__autocorrelation__lag_6144,x__mean_abs_change
A,0.4640247337460279,0.007409839248736136
