id,x__autocorrelation__lag_6144,x__mean_abs_change
A,0.4382084562828039,0.00868437556464626
