id,x__autocorrelation__lag_6144,x__mean_abs_change
A,0.8937868479997527,0.008173588292621497
