id,x__autocorrelation__lag_6144,x__mean_abs_change
A,0.9442209143540286,0.007961223157419829
