id,x__autocorrelation__lag_6144,x__mean_abs_change
A,0.9251608408132593,0.007617267404247863
