id,x__autocorrelation__lag_6144,x__mean_abs_change
A,0.9391280519720548,0.008464216246368825
