id,x__autocorrelation__lag_6144,x__mean_abs_change
A,0.9342916442212987,0.007697007808133645
