id,x__autocorrelation__lag_6144,x__mean_abs_change
A,0.9559201103515805,0.012586211050695269
