id,x__autocorrelation__lag_6144,x__mean_abs_change
A,0.929645842066971,0.007736117578461394
