id,x__autocorrelation__lag_6144,x__mean_abs_change
A,0.9195019576060057,0.00767006833808309
