id,x__autocorrelation__lag_6144,x__mean_abs_change
A,0.8788887275974969,0.0060202198941545345
