id,x__autocorrelation__lag_6144,x__mean_abs_change
A,0.9199177524538106,0.007506592924613734
