id,x__autocorrelation__lag_6144,x__mean_abs_change
A,0.8992470615191932,0.007413292187891991
