id,x__autocorrelation__lag_6144,x__mean_abs_change
A,0.9574224635537011,0.012960518190192411
