id,x__autocorrelation__lag_6144,x__mean_abs_change
A,0.9187459131378657,0.007660199225893205
