id,x__autocorrelation__lag_6144,x__mean_abs_change
A,0.8962577423965646,0.007648453861601195
