id,x__autocorrelation__lag_6144,x__mean_abs_change
A,0.9344470611595406,0.009163264862661306
