id,x__autocorrelation__lag_6144,x__mean_abs_change
A,0.9332224059880015,0.007821226246726218
