id,x__autocorrelation__lag_6144,x__mean_abs_change
A,0.9382810879619449,0.00878603179949438
