id,x__autocorrelation__lag_6144,x__mean_abs_change
A,0.9575381261584269,0.01306144506876782
