id,x__autocorrelation__lag_6144,x__mean_abs_change
A,0.8817528318413307,0.007550003961884556
