id,x__autocorrelation__lag_6144,x__mean_abs_change
A,0.9178055099616129,0.0075213492621599015
