id,x__autocorrelation__lag_6144,x__mean_abs_change
A,0.9309271801673755,0.007967070376237027
