id,x__autocorrelation__lag_6144,x__mean_abs_change
A,0.938580218849437,0.008993958526184308
