id,x__autocorrelation__lag_6144,x__mean_abs_change
A,0.5596794386766568,0.009128627167760315
