id,x__autocorrelation__lag_6144,x__mean_abs_change
A,0.9399519826804292,0.007452275100614292
