id,x__autocorrelation__lag_6144,x__mean_abs_change
A,0.9320815722519792,0.0075444836026847244
