id,x__autocorrelation__lag_6144,x__mean_abs_change
A,0.8759818291505559,0.007595085880155306
