id,x__autocorrelation__lag_6144,x__mean_abs_change
A,0.9372566947445571,0.008407120009848414
