id,x__autocorrelation__lag_6144,x__mean_abs_change
A,0.9377502847760295,0.007622884983481187
