id,x__autocorrelation__lag_6144,x__mean_abs_change
A,0.9403269193467282,0.009699722632036004
