id,x__autocorrelation__lag_6144,x__mean_abs_change
A,0.9301252850184141,0.007632721062890639
