id,x__autocorrelation__lag_6144,x__mean_abs_change
A,0.9447249625059063,0.008875823669000102
