id,x__autocorrelation__lag_6144,x__mean_abs_change
A,0.9270156211018653,0.007371986858037914
