id,x__autocorrelation__lag_6144,x__mean_abs_change
A,0.9178213799899146,0.007475174519809291
