id,x__autocorrelation__lag_6144,x__mean_abs_change
A,0.9424739210409053,0.008819825026006442
