id,x__autocorrelation__lag_6144,x__mean_abs_change
A,0.9308294318363506,0.007583535270486391
