id,x__autocorrelation__lag_6144,x__mean_abs_change
A,0.9299046263972017,0.009390061262016542
