id,x__autocorrelation__lag_6144,x__mean_abs_change
A,0.9389670783250679,0.009792085003183983
