id,x__autocorrelation__lag_6144,x__mean_abs_change
A,0.9245676804623585,0.009086269346610566
