id,x__autocorrelation__lag_6144,x__mean_abs_change
A,0.8790830674980856,0.007397834261056373
