id,x__autocorrelation__lag_6144,x__mean_abs_change
A,0.9334686872019554,0.008184301163699746
