id,x__autocorrelation__lag_6144,x__mean_abs_change
A,0.9361501260636321,0.008513897653501211
