id,x__autocorrelation__lag_6144,x__mean_abs_change
A,0.9367077304341228,0.008699029227307352
