id,x__autocorrelation__lag_6144,x__mean_abs_change
A,0.8754292426286997,0.007600986366317867
