id,x__autocorrelation__lag_6144,x__mean_abs_change
A,0.7541233434310365,0.007068198900610347
