id,x__autocorrelation__lag_6144,x__mean_abs_change
A,0.9291514368459988,0.008326670058253363
