id,x__autocorrelation__lag_6144,x__mean_abs_change
A,0.945156238571937,0.008698939929413231
