id,x__autocorrelation__lag_6144,x__mean_abs_change
A,0.9411879175503076,0.009016261358879956
