id,x__autocorrelation__lag_6144,x__mean_abs_change
A,0.9538739096594951,0.01242374741697372
