id,x__autocorrelation__lag_6144,x__mean_abs_change
A,0.40647822624621277,0.00940657022048328
