id,x__autocorrelation__lag_6144,x__mean_abs_change
A,0.5101437707597459,0.007479298181282458
