id,x__autocorrelation__lag_6144,x__mean_abs_change
A,0.9339300426405883,0.00809515138959974
