id,x__autocorrelation__lag_6144,x__mean_abs_change
A,0.5151318583616337,0.007641260118642744
