id,x__autocorrelation__lag_6144,x__mean_abs_change
A,0.9220882792858704,0.007701701312607237
