id,x__autocorrelation__lag_6144,x__mean_abs_change
A,0.9389360398855479,0.00863727117970237
