id,x__autocorrelation__lag_6144,x__mean_abs_change
A,0.958533452552279,0.013515510469118358
