id,x__autocorrelation__lag_6144,x__mean_abs_change
A,0.9259268935865586,0.007296041917065117
