id,x__autocorrelation__lag_6144,x__mean_abs_change
A,0.9394809476599287,0.009039527982042326
