id,x__autocorrelation__lag_6144,x__mean_abs_change
A,0.942372096469442,0.008301022126678624
