id,x__autocorrelation__lag_6144,x__mean_abs_change
A,0.9558425080772035,0.012526195210291875
