id,x__autocorrelation__lag_6144,x__mean_abs_change
A,0.9224416333440315,0.007703737030496313
