id,x__autocorrelation__lag_6144,x__mean_abs_change
A,0.9336447300178781,0.008832789663225298
