id,x__autocorrelation__lag_6144,x__mean_abs_change
A,0.9223958943753896,0.007679706438100753
