id,x__autocorrelation__lag_6144,x__mean_abs_change
A,0.7083062521535087,0.008961310841976529
