id,x__autocorrelation__lag_6144,x__mean_abs_change
A,0.933405714373766,0.0076642451619692775
