id,x__autocorrelation__lag_6144,x__mean_abs_change
A,0.6015144281252864,0.008464797120933714
