id,x__autocorrelation__lag_6144,x__mean_abs_change
A,0.5139565141572058,0.009023823954251437
