id,x__autocorrelation__lag_6144,x__mean_abs_change
A,0.9358324961207525,0.00770922410155511
