id,x__autocorrelation__lag_6144,x__mean_abs_change
A,0.9576668386803514,0.013097505950776496
