id,x__autocorrelation__lag_6144,x__mean_abs_change
A,0.47400259142945833,0.007104038436002468
