id,x__autocorrelation__lag_6144,x__mean_abs_change
A,0.9384781201525754,0.008690678527256204
