id,x__autocorrelation__lag_6144,x__mean_abs_change
A,0.9369583644443141,0.008572840919657768
