id,x__autocorrelation__lag_6144,x__mean_abs_change
A,0.9241776957869781,0.007809999152163954
