id,x__autocorrelation__lag_6144,x__mean_abs_change
A,0.9483874504751093,0.010690768930736647
