id,x__autocorrelation__lag_6144,x__mean_abs_change
A,0.8764967043166079,0.007455865789779023
