id,x__autocorrelation__lag_6144,x__mean_abs_change
A,0.9368127880632032,0.008243570143596939
