id,x__autocorrelation__lag_6144,x__mean_abs_change
A,0.9515154664843697,0.006810384161675857
