id,x__autocorrelation__lag_6144,x__mean_abs_change
A,0.9335963982433516,0.008085366299333199
