id,x__autocorrelation__lag_6144,x__mean_abs_change
A,0.9218986698821495,0.007487069534178096
