id,x__autocorrelation__lag_6144,x__mean_abs_change
A,0.9579758598592473,0.013000974922997
