id,x__autocorrelation__lag_6144,x__mean_abs_change
A,0.9540304166427526,0.012146133157653716
