id,x__autocorrelation__lag_6144,x__mean_abs_change
A,0.9246642347390589,0.007555483226879792
