id,x__autocorrelation__lag_6144,x__mean_abs_change
A,0.9293927490288998,0.0076272677634476515
