id,x__autocorrelation__lag_6144,x__mean_abs_change
A,0.8625709758415151,0.00772788804010739
