id,x__autocorrelation__lag_6144,x__mean_abs_change
A,0.9340140382670356,0.008475251113647256
