id,x__autocorrelation__lag_6144,x__mean_abs_change
A,0.9366061856761151,0.008550933581715747
