id,x__autocorrelation__lag_6144,x__mean_abs_change
A,0.5289690122486782,0.00750965504614258
