id,x__autocorrelation__lag_6144,x__mean_abs_change
A,0.9590126547289919,0.013636792957310306
