id,x__autocorrelation__lag_6144,x__mean_abs_change
A,0.9227450000368045,0.007534029872174329
