id,x__autocorrelation__lag_6144,x__mean_abs_change
A,0.9313963165956803,0.007963867967830995
