id,x__autocorrelation__lag_6144,x__mean_abs_change
A,0.7638708498550465,0.007254588611294888
