id,x__autocorrelation__lag_6144,x__mean_abs_change
A,0.9265258338211961,0.00723578697334383
