id,x__autocorrelation__lag_6144,x__mean_abs_change
A,0.9343163665480053,0.008041051909302436
