id,x__autocorrelation__lag_6144,x__mean_abs_change
A,0.9220899621104215,0.007415436500939907
