id,x__autocorrelation__lag_6144,x__mean_abs_change
A,0.93290823855804,0.007904701432796857
