id,x__autocorrelation__lag_6144,x__mean_abs_change
A,0.4162774310132951,0.0073337746658802124
