id,x__autocorrelation__lag_6144,x__mean_abs_change
A,0.9299215458577003,0.008313460407152347
