id,x__autocorrelation__lag_6144,x__mean_abs_change
A,0.9078847212952187,0.0073162878094119475
