id,x__autocorrelation__lag_6144,x__mean_abs_change
A,0.9248929803531609,0.00781696821901574
