id,x__autocorrelation__lag_6144,x__mean_abs_change
A,0.47355225331254797,0.008282327463635959
