id,x__autocorrelation__lag_6144,x__mean_abs_change
A,0.9347472822695194,0.008545018008621301
