id,x__autocorrelation__lag_6144,x__mean_abs_change
A,0.49851982416424795,0.00768508476946154
