id,x__autocorrelation__lag_6144,x__mean_abs_change
A,0.9412497941010747,0.009050198914492939
