id,x__autocorrelation__lag_6144,x__mean_abs_change
A,0.9548574918319752,0.011003642122652145
