id,x__autocorrelation__lag_6144,x__mean_abs_change
A,0.9593572860760102,0.013137468887454788
