id,x__autocorrelation__lag_6144,x__mean_abs_change
A,0.9524039847223337,0.011334438517761771
