id,x__autocorrelation__lag_6144,x__mean_abs_change
A,0.9530377276189548,0.011607902004989172
