id,x__autocorrelation__lag_6144,x__mean_abs_change
A,0.9545973382511421,0.01247470050956511
