id,x__autocorrelation__lag_6144,x__mean_abs_change
A,0.9413605801034112,0.00915238230458115
