id,x__autocorrelation__lag_6144,x__mean_abs_change
A,0.8955779999547631,0.00742258460868074
