id,x__autocorrelation__lag_6144,x__mean_abs_change
A,0.9390796515783698,0.009081845233770189
