id,x__autocorrelation__lag_6144,x__mean_abs_change
A,0.44893690834453137,0.0071257347578998825
