id,x__autocorrelation__lag_6144,x__mean_abs_change
A,0.955361044887859,0.012205827775338154
