id,x__autocorrelation__lag_6144,x__mean_abs_change
A,0.8959727058539242,0.0075421921873805075
