id,x__autocorrelation__lag_6144,x__mean_abs_change
A,0.9581623438481717,0.013394982779984799
