id,x__autocorrelation__lag_6144,x__mean_abs_change
A,0.9561355944336346,0.012160435213340504
