id,x__autocorrelation__lag_6144,x__mean_abs_change
A,0.9005316785081149,0.006475522072572934
