id,x__autocorrelation__lag_6144,x__mean_abs_change
A,0.9304119141875448,0.007916597340816893
