id,x__autocorrelation__lag_6144,x__mean_abs_change
A,0.9225342062404654,0.007672920935696615
