id,x__autocorrelation__lag_6144,x__mean_abs_change
A,0.8473481680387326,0.007522896929193249
