id,x__autocorrelation__lag_6144,x__mean_abs_change
A,0.6386216225371267,0.009278818457334529
