id,x__autocorrelation__lag_6144,x__mean_abs_change
A,0.9212778317577528,0.00880411631378745
