id,x__autocorrelation__lag_6144,x__mean_abs_change
A,0.9546582908633285,0.01212019568933413
