id,x__autocorrelation__lag_6144,x__mean_abs_change
A,0.9238444113749182,0.007633460032154649
