id,x__autocorrelation__lag_6144,x__mean_abs_change
A,0.9317933377162501,0.008221916660289832
