id,x__autocorrelation__lag_6144,x__mean_abs_change
A,0.9503638481602192,0.011019012772393564
