id,x__autocorrelation__lag_6144,x__mean_abs_change
A,0.9579127434885304,0.013656631940708071
