id,x__autocorrelation__lag_6144,x__mean_abs_change
A,0.9193368452198575,0.00761557411974478
