id,x__autocorrelation__lag_6144,x__mean_abs_change
A,0.7324021453273948,0.007430524362741259
