id,x__autocorrelation__lag_6144,x__mean_abs_change
A,0.9321523149544875,0.007432734913362545
