id,x__autocorrelation__lag_6144,x__mean_abs_change
A,0.861164768908797,0.007562159702183436
