id,x__autocorrelation__lag_6144,x__mean_abs_change
A,0.9569546013229723,0.013374747184693302
