id,x__autocorrelation__lag_6144,x__mean_abs_change
A,0.7527190578915257,0.008664396793387458
