id,x__autocorrelation__lag_6144,x__mean_abs_change
A,0.9264091418753365,0.007822142899497151
