id,x__autocorrelation__lag_6144,x__mean_abs_change
A,0.9235088082667993,0.0073623137930166095
