id,x__autocorrelation__lag_6144,x__mean_abs_change
A,0.9357753507082777,0.008739724549424017
