id,x__autocorrelation__lag_6144,x__mean_abs_change
A,0.5370941773349293,0.011124569428697648
