id,x__autocorrelation__lag_6144,x__mean_abs_change
A,0.919752974831206,0.0076438890959645706
