id,x__autocorrelation__lag_6144,x__mean_abs_change
A,0.916875945809875,0.007542608651414445
