id,x__autocorrelation__lag_6144,x__mean_abs_change
A,0.9234316905878722,0.007432876385800158
