id,x__autocorrelation__lag_6144,x__mean_abs_change
A,0.942260442618797,0.00872242636727608
