id,x__autocorrelation__lag_6144,x__mean_abs_change
A,0.9275990398107541,0.007397598241608427
