id,x__autocorrelation__lag_6144,x__mean_abs_change
A,0.9420363096645118,0.009838936382355654
