id,x__autocorrelation__lag_6144,x__mean_abs_change
A,0.916800815367539,0.007674873827901672
