id,x__autocorrelation__lag_6144,x__mean_abs_change
A,0.9428690001280856,0.008997298169366164
