id,x__autocorrelation__lag_6144,x__mean_abs_change
A,0.4327628564099505,0.008750622299781395
