id,x__autocorrelation__lag_6144,x__mean_abs_change
A,0.9329701247072648,0.0073371183358630215
