id,x__autocorrelation__lag_6144,x__mean_abs_change
A,0.9424838410232941,0.008959585599560895
