id,x__autocorrelation__lag_6144,x__mean_abs_change
A,0.9549402270813523,0.01239811343569956
