id,x__autocorrelation__lag_6144,x__mean_abs_change
A,0.9583933301595291,0.013491370554773953
