id,x__autocorrelation__lag_6144,x__mean_abs_change
A,0.9271271984570673,0.0075483114786041566
