id,x__autocorrelation__lag_6144,x__mean_abs_change
A,0.9384746360600753,0.008870152294668627
