id,x__autocorrelation__lag_6144,x__mean_abs_change
A,0.47991834747206813,0.006738937656760588
