id,x__autocorrelation__lag_6144,x__mean_abs_change
A,0.9321058872419844,0.00771034851045589
