id,x__autocorrelation__lag_6144,x__mean_abs_change
A,0.9185201816399008,0.008382302246438135
