id,x__autocorrelation__lag_6144,x__mean_abs_change
A,0.8974395106942025,0.007650398085060823
