id,x__autocorrelation__lag_6144,x__mean_abs_change
A,0.5388290726162771,0.007665350576796748
