id,x__autocorrelation__lag_6144,x__mean_abs_change
A,0.9239979221138696,0.006844367580605155
