id,x__autocorrelation__lag_6144,x__mean_abs_change
A,0.8805751631028429,0.007712417178638413
