id,x__autocorrelation__lag_6144,x__mean_abs_change
A,0.8556478807518844,0.007718035063533057
