id,x__autocorrelation__lag_6144,x__mean_abs_change
A,0.5023626546177493,0.007673177215831816
