id,x__autocorrelation__lag_6144,x__mean_abs_change
A,0.8816417835402602,0.00783559152489253
