id,x__autocorrelation__lag_6144,x__mean_abs_change
A,0.920754617951183,0.007878359915290541
