id,x__autocorrelation__lag_6144,x__mean_abs_change
A,0.924627586105336,0.008309868789772999
