id,x__autocorrelation__lag_6144,x__mean_abs_change
A,0.9219980453458274,0.007384332024445361
