id,x__autocorrelation__lag_6144,x__mean_abs_change
A,0.9466064291010335,0.010929064299451728
