id,x__autocorrelation__lag_6144,x__mean_abs_change
A,0.8997818539964345,0.007630488670381094
