id,x__autocorrelation__lag_6144,x__mean_abs_change
A,0.8046589498947373,0.007703934406325853
