id,x__autocorrelation__lag_6144,x__mean_abs_change
A,0.8684152388875537,0.00780020764336548
