id,x__autocorrelation__lag_6144,x__mean_abs_change
A,0.9552309651146627,0.012167952178887947
