id,x__autocorrelation__lag_6144,x__mean_abs_change
A,0.9418846686642085,0.008714209253360194
