id,x__autocorrelation__lag_6144,x__mean_abs_change
A,0.9463006458529972,0.008882039625319875
