id,x__autocorrelation__lag_6144,x__mean_abs_change
A,0.9164109165153591,0.007277226401539402
