id,x__autocorrelation__lag_6144,x__mean_abs_change
A,0.9326983348401916,0.009111294731847007
