id,x__autocorrelation__lag_6144,x__mean_abs_change
A,0.9413847982060245,0.007961686101336782
