id,x__autocorrelation__lag_6144,x__mean_abs_change
A,0.8650420233925635,0.007533580137716756
