id,x__autocorrelation__lag_6144,x__mean_abs_change
A,0.9417699069891532,0.008093744421796051
