id,x__autocorrelation__lag_6144,x__mean_abs_change
A,0.9326086658324856,0.009388117107523816
