id,x__autocorrelation__lag_6144,x__mean_abs_change
A,0.9320460081620854,0.007864050944922625
