id,x__autocorrelation__lag_6144,x__mean_abs_change
A,0.9266594012305465,0.007582057229871887
