id,x__autocorrelation__lag_6144,x__mean_abs_change
A,0.9135975139580836,0.007747550409714886
