id,x__autocorrelation__lag_6144,x__mean_abs_change
A,0.5757662648374827,0.009116800990184415
