id,x__autocorrelation__lag_6144,x__mean_abs_change
A,0.9457858666292469,0.008993904187998203
