id,x__autocorrelation__lag_6144,x__mean_abs_change
A,0.9396973747497628,0.008934856852015213
