id,x__autocorrelation__lag_6144,x__mean_abs_change
A,0.9416402130940739,0.008174682710092088
