id,x__autocorrelation__lag_6144,x__mean_abs_change
A,0.9402746789844701,0.008452028285222046
