id,x__autocorrelation__lag_6144,x__mean_abs_change
A,0.9237028325013834,0.007426534986338443
