id,x__autocorrelation__lag_6144,x__mean_abs_change
A,0.9568409178221308,0.012853058418328681
