id,x__autocorrelation__lag_6144,x__mean_abs_change
A,0.9269930007398957,0.007538697713518774
