id,x__autocorrelation__lag_6144,x__mean_abs_change
A,0.4318967002230237,0.006380934381934252
