id,x__autocorrelation__lag_6144,x__mean_abs_change
A,0.5871970303802968,0.008047627328140928
