id,x__autocorrelation__lag_6144,x__mean_abs_change
A,0.7720539294476397,0.008320897587644142
