id,x__autocorrelation__lag_6144,x__mean_abs_change
A,0.9378306370144266,0.008704902911868623
