id,x__autocorrelation__lag_6144,x__mean_abs_change
A,0.46658128677732,0.008279150671167667
