id,x__autocorrelation__lag_6144,x__mean_abs_change
A,0.9548655839382509,0.01239671390104828
