id,x__autocorrelation__lag_6144,x__mean_abs_change
A,0.8731808841353468,0.007659680891842469
