id,x__autocorrelation__lag_6144,x__mean_abs_change
A,0.9459344356699151,0.008977297361240023
