id,x__autocorrelation__lag_6144,x__mean_abs_change
A,0.9309572335461771,0.007398841435753777
