id,x__autocorrelation__lag_6144,x__mean_abs_change
A,0.9399290750700483,0.008272289725889946
