id,x__autocorrelation__lag_6144,x__mean_abs_change
A,0.5031525448774379,0.007313445566409539
