id,x__autocorrelation__lag_6144,x__mean_abs_change
A,0.5122864928510714,0.0071726425743317895
