id,x__autocorrelation__lag_6144,x__mean_abs_change
A,0.4558748316698969,0.008558875566611987
