id,x__autocorrelation__lag_6144,x__mean_abs_change
A,0.9384732127695437,0.008489531049757963
