id,x__autocorrelation__lag_6144,x__mean_abs_change
A,0.9374969101347528,0.00868985034858198
