id,x__autocorrelation__lag_6144,x__mean_abs_change
A,0.9185570358719873,0.007249908505226786
