id,x__autocorrelation__lag_6144,x__mean_abs_change
A,0.9514215662654748,0.006932854278190377
