id,x__autocorrelation__lag_6144,x__mean_abs_change
A,0.955111755293092,0.012157912912407365
