id,x__autocorrelation__lag_6144,x__mean_abs_change
A,0.9435138058868718,0.008624402846440572
