id,x__autocorrelation__lag_6144,x__mean_abs_change
A,0.9328686319067127,0.007736353991703913
