id,x__autocorrelation__lag_6144,x__mean_abs_change
A,0.5382420791944634,0.00921174934938348
