id,x__autocorrelation__lag_6144,x__mean_abs_change
A,0.6624239675286923,0.008973993965913252
