id,x__autocorrelation__lag_6144,x__mean_abs_change
A,0.9104493101974077,0.007372960332824477
