id,x__autocorrelation__lag_6144,x__mean_abs_change
A,0.9002342977680439,0.007646287592852879
