id,x__autocorrelation__lag_6144,x__mean_abs_change
A,0.9304765563187375,0.007927483349299673
