id,x__autocorrelation__lag_6144,x__mean_abs_change
A,0.9260475720815047,0.0075405522573195995
