id,x__autocorrelation__lag_6144,x__mean_abs_change
A,0.44509839918654037,0.007403727382409495
