id,x__autocorrelation__lag_6144,x__mean_abs_change
A,0.8584468304593892,0.007565341514251245
