id,x__autocorrelation__lag_6144,x__mean_abs_change
A,0.8713049093421124,0.007731447260836387
