id,x__autocorrelation__lag_6144,x__mean_abs_change
A,0.939413537403981,0.008389298140245246
