id,x__autocorrelation__lag_6144,x__mean_abs_change
A,0.9393780742580446,0.008385514854324863
