id,x__autocorrelation__lag_6144,x__mean_abs_change
A,0.4322398766539938,0.008641802578743259
