id,x__autocorrelation__lag_6144,x__mean_abs_change
A,0.9577926467389427,0.013063611225704666
