id,x__autocorrelation__lag_6144,x__mean_abs_change
A,0.9504818198160209,0.011621641201411239
