id,x__autocorrelation__lag_6144,x__mean_abs_change
A,0.9458808326805671,0.008922776952813833
