id,x__autocorrelation__lag_6144,x__mean_abs_change
A,0.6161015148531663,0.00962040837769511
