id,x__autocorrelation__lag_6144,x__mean_abs_change
A,0.9195914806000046,0.007047916822048078
