id,x__autocorrelation__lag_6144,x__mean_abs_change
A,0.9409233527067612,0.008342434657173005
