id,x__autocorrelation__lag_6144,x__mean_abs_change
A,0.9261733662370107,0.007638529112285759
