id,x__autocorrelation__lag_6144,x__mean_abs_change
A,0.4310105776091183,0.007256048707917137
