id,x__autocorrelation__lag_6144,x__mean_abs_change
A,0.9566844024342803,0.013416782595011273
