id,x__autocorrelation__lag_6144,x__mean_abs_change
A,0.9161754740951393,0.007684172997170344
