id,x__autocorrelation__lag_6144,x__mean_abs_change
A,0.941386020087162,0.008780139613982182
