id,x__autocorrelation__lag_6144,x__mean_abs_change
A,0.9421437431863724,0.008558760108475276
