id,x__autocorrelation__lag_6144,x__mean_abs_change
A,0.9393889536172747,0.009006530129930104
