id,x__autocorrelation__lag_6144,x__mean_abs_change
A,0.9377766605582791,0.008465232375631128
