id,x__autocorrelation__lag_6144,x__mean_abs_change
A,0.9383455079043591,0.008601948819268382
