id,x__autocorrelation__lag_6144,x__mean_abs_change
A,0.9355052227764359,0.009394582138043332
