id,x__autocorrelation__lag_6144,x__mean_abs_change
A,0.9168587110811531,0.007520456913011559
