id,x__autocorrelation__lag_6144,x__mean_abs_change
A,0.5514524711507223,0.009087507890751976
