id,x__autocorrelation__lag_6144,x__mean_abs_change
A,0.7768501298468148,0.006562893357681947
