id,x__autocorrelation__lag_6144,x__mean_abs_change
A,0.93918874641088,0.008554755667880316
