id,x__autocorrelation__lag_6144,x__mean_abs_change
A,0.9245328338553235,0.007592841610059778
