id,x__autocorrelation__lag_6144,x__mean_abs_change
A,0.9351125182301944,0.008707357870855546
