id,x__autocorrelation__lag_6144,x__mean_abs_change
A,0.9213321329567,0.0074937817305431335
