id,x__autocorrelation__lag_6144,x__mean_abs_change
A,0.9464135069965333,0.010536203300543289
