id,x__autocorrelation__lag_6144,x__mean_abs_change
A,0.959279088254894,0.013490650870507586
