id,x__autocorrelation__lag_6144,x__mean_abs_change
A,0.9595506919331436,0.01352772061900922
