id,x__autocorrelation__lag_6144,x__mean_abs_change
A,0.944315528148591,0.008463689351717917
