id,x__autocorrelation__lag_6144,x__mean_abs_change
A,0.8927376316758613,0.0077226618235639154
