id,x__autocorrelation__lag_6144,x__mean_abs_change
A,0.9349641474585368,0.008422804209038091
