id,x__autocorrelation__lag_6144,x__mean_abs_change
A,0.9284864880719089,0.007649683928237899
