id,x__autocorrelation__lag_6144,x__mean_abs_change
A,0.9196461847797165,0.007600970475301493
