id,x__autocorrelation__lag_6144,x__mean_abs_change
A,0.9016232653153191,0.007799108683159611
