id,x__autocorrelation__lag_6144,x__mean_abs_change
A,0.9578010880021389,0.01286882827664125
