id,x__autocorrelation__lag_6144,x__mean_abs_change
A,0.9418348562680806,0.008552767506515952
