id,x__autocorrelation__lag_6144,x__mean_abs_change
A,0.874352708347561,0.0075996680763404005
