id,x__autocorrelation__lag_6144,x__mean_abs_change
A,0.9024399029896549,0.0076121342945001365
