id,x__autocorrelation__lag_6144,x__mean_abs_change
A,0.9377844673757336,0.008922841589091703
