id,x__autocorrelation__lag_6144,x__mean_abs_change
A,0.9435699870838842,0.008904044659365543
