id,x__autocorrelation__lag_6144,x__mean_abs_change
A,0.9354330167374383,0.00878166794158174
