id,x__autocorrelation__lag_6144,x__mean_abs_change
A,0.9404099366570137,0.009024833698354063
