id,x__autocorrelation__lag_6144,x__mean_abs_change
A,0.7484267304985498,0.007511303213507442
