id,x__autocorrelation__lag_6144,x__mean_abs_change
A,0.9540640409444865,0.011515885928146608
