id,x__autocorrelation__lag_6144,x__mean_abs_change
A,0.464282959387766,0.008158645332581002
