id,x__autocorrelation__lag_6144,x__mean_abs_change
A,0.882201895194388,0.0076870892483490855
