id,x__autocorrelation__lag_6144,x__mean_abs_change
A,0.9573612791975675,0.013085995031728668
