id,x__autocorrelation__lag_6144,x__mean_abs_change
A,0.9245622778110159,0.007492057752756218
