id,x__autocorrelation__lag_6144,x__mean_abs_change
A,0.9018983091618279,0.008156506488704
