id,x__autocorrelation__lag_6144,x__mean_abs_change
A,0.9245982525886023,0.007260955918087894
