id,x__autocorrelation__lag_6144,x__mean_abs_change
A,0.9316396078579494,0.00773941819591984
