id,x__autocorrelation__lag_6144,x__mean_abs_change
A,0.937970008478351,0.0087122967406254
