id,x__autocorrelation__lag_6144,x__mean_abs_change
A,0.9287517916187676,0.007340787643746072
