id,x__autocorrelation__lag_6144,x__mean_abs_change
A,0.9360585572888575,0.00874987347591247
