id,x__autocorrelation__lag_6144,x__mean_abs_change
A,0.956407089230852,0.013283517208628018
