id,x__autocorrelation__lag_6144,x__mean_abs_change
A,0.5222271044286956,0.007663735747847887
