id,x__autocorrelation__lag_6144,x__mean_abs_change
A,0.5118164043572236,0.0074968382427861024
