id,x__autocorrelation__lag_6144,x__mean_abs_change
A,0.9229051114583469,0.007767016788508138
