id,x__autocorrelation__lag_6144,x__mean_abs_change
A,0.891368762436302,0.007470079696841338
