id,x__autocorrelation__lag_6144,x__mean_abs_change
A,0.9358881068280563,0.007892207213620142
