id,x__autocorrelation__lag_6144,x__mean_abs_change
A,0.9165758962854987,0.007744755451040945
