id,x__autocorrelation__lag_6144,x__mean_abs_change
A,0.9274235242812265,0.008412967599813278
