id,x__autocorrelation__lag_6144,x__mean_abs_change
A,0.8746450457644263,0.008341359520301628
