id,x__autocorrelation__lag_6144,x__mean_abs_change
A,0.9266878034054873,0.008397501140299427
