id,x__autocorrelation__lag_6144,x__mean_abs_change
A,0.7851840145773651,0.008272489723441573
