id,x__autocorrelation__lag_6144,x__mean_abs_change
A,0.9381075954074033,0.007601852256776105
