id,x__autocorrelation__lag_6144,x__mean_abs_change
A,0.5550417493438865,0.007904170702730105
