id,x__autocorrelation__lag_6144,x__mean_abs_change
A,0.9163104345289638,0.0074714915034403894
