id,x__autocorrelation__lag_6144,x__mean_abs_change
A,0.9330614682292924,0.007605745294282077
