id,x__autocorrelation__lag_6144,x__mean_abs_change
A,0.9548982300865124,0.012261822479112403
