id,x__autocorrelation__lag_6144,x__mean_abs_change
A,0.8615567074261868,0.007553562931852474
