id,x__autocorrelation__lag_6144,x__mean_abs_change
A,0.931135113391176,0.007691915622738563
