id,x__autocorrelation__lag_6144,x__mean_abs_change
A,0.9559968499500285,0.012487620133603999
