id,x__autocorrelation__lag_6144,x__mean_abs_change
A,0.8478774215102792,0.0065295393671062725
