id,x__autocorrelation__lag_6144,x__mean_abs_change
A,0.9219458602121444,0.007725679894670153
