id,x__autocorrelation__lag_6144,x__mean_abs_change
A,0.5166372768508702,0.00841875835737234
