id,x__autocorrelation__lag_6144,x__mean_abs_change
A,0.6883784169928213,0.008620301148190998
