id,x__autocorrelation__lag_6144,x__mean_abs_change
A,0.9424045834729807,0.008909210070504209
