id,x__autocorrelation__lag_6144,x__mean_abs_change
A,0.8932292959180056,0.007617791191020592
