id,x__autocorrelation__lag_6144,x__mean_abs_change
A,0.9577985387092224,0.013615270628919708
