id,x__autocorrelation__lag_6144,x__mean_abs_change
A,0.8723007528106204,0.0078122675159648745
