id,x__autocorrelation__lag_6144,x__mean_abs_change
A,0.4745080063619923,0.00820519121164712
