id,x__autocorrelation__lag_6144,x__mean_abs_change
A,0.9531885008694139,0.011060335850910154
