id,x__autocorrelation__lag_6144,x__mean_abs_change
A,0.41322058123944405,0.007106211018468502
