id,x__autocorrelation__lag_6144,x__mean_abs_change
A,0.6487729936807661,0.008486394191736489
