id,x__autocorrelation__lag_6144,x__mean_abs_change
A,0.9253997161869391,0.007690223521975683
