id,x__autocorrelation__lag_6144,x__mean_abs_change
A,0.6453196993038403,0.009085696452560696
