id,x__autocorrelation__lag_6144,x__mean_abs_change
A,0.9483860960913458,0.008715142286577902
