id,x__autocorrelation__lag_6144,x__mean_abs_change
A,0.9572657440268079,0.012749942989791072
