id,x__autocorrelation__lag_6144,x__mean_abs_change
A,0.9327717160040891,0.007497986541172881
