id,x__autocorrelation__lag_6144,x__mean_abs_change
A,0.9377544613913533,0.008971988679022342
