id,x__autocorrelation__lag_6144,x__mean_abs_change
A,0.897546402679962,0.007409053142183688
