id,x__autocorrelation__lag_6144,x__mean_abs_change
A,0.9430524038471939,0.008698842883031958
