id,x__autocorrelation__lag_6144,x__mean_abs_change
A,0.9428062798153757,0.008984746797328635
