id,x__autocorrelation__lag_6144,x__mean_abs_change
A,0.9368099601128111,0.00894267427296219
