id,x__autocorrelation__lag_6144,x__mean_abs_change
A,0.9572104502271942,0.013694750121559409
