id,x__autocorrelation__lag_6144,x__mean_abs_change
A,0.9289355206698714,0.00753606957481903
