id,x__autocorrelation__lag_6144,x__mean_abs_change
A,0.8919131882778724,0.007510247897533616
