id,x__autocorrelation__lag_6144,x__mean_abs_change
A,0.9240514528834781,0.007602782916660873
