id,x__autocorrelation__lag_6144,x__mean_abs_change
A,0.9583032672012655,0.013235139753746095
