id,x__autocorrelation__lag_6144,x__mean_abs_change
A,0.9225104529235765,0.007749638464893876
