id,x__autocorrelation__lag_6144,x__mean_abs_change
A,0.8923058974490744,0.00800727656225539
