id,x__autocorrelation__lag_6144,x__mean_abs_change
A,0.9384165606520509,0.009094590722862086
