id,x__autocorrelation__lag_6144,x__mean_abs_change
A,0.9219706278994041,0.007595392349386391
