id,x__autocorrelation__lag_6144,x__mean_abs_change
A,0.4343678755268669,0.007381393090709192
