id,x__autocorrelation__lag_6144,x__mean_abs_change
A,0.42468837699740397,0.008419279773988469
