id,x__autocorrelation__lag_6144,x__mean_abs_change
A,0.9317002840512324,0.00799446735341067
