id,x__autocorrelation__lag_6144,x__mean_abs_change
A,0.9035511435617445,0.007651425724541122
