id,x__autocorrelation__lag_6144,x__mean_abs_change
A,0.934169460523543,0.00824039035423175
