id,x__autocorrelation__lag_6144,x__mean_abs_change
A,0.899212397549912,0.007391308164223167
