id,x__autocorrelation__lag_6144,x__mean_abs_change
A,0.9295409774807656,0.0082997911359679
