id,x__autocorrelation__lag_6144,x__mean_abs_change
A,0.9243493180634645,0.007757370463943481
