id,x__autocorrelation__lag_6144,x__mean_abs_change
A,0.9259579012370391,0.007616385221429699
