id,x__autocorrelation__lag_6144,x__mean_abs_change
A,0.9559586242520233,0.012700321598483978
