id,x__autocorrelation__lag_6144,x__mean_abs_change
A,0.9556164304031886,0.012460168683858047
