id,x__autocorrelation__lag_6144,x__mean_abs_change
A,0.41081278764868906,0.006112451001400248
