id,x__autocorrelation__lag_6144,x__mean_abs_change
A,0.9349061628393008,0.009624638033900998
