id,x__autocorrelation__lag_6144,x__mean_abs_change
A,0.9574901032606,0.013161090898916643
