id,x__autocorrelation__lag_6144,x__mean_abs_change
A,0.9050170174649367,0.007425252053942291
