id,x__autocorrelation__lag_6144,x__mean_abs_change
A,0.5691773021081611,0.007979488850864745
