id,x__autocorrelation__lag_6144,x__mean_abs_change
A,0.9560745947615745,0.012413897245725544
