id,x__autocorrelation__lag_6144,x__mean_abs_change
A,0.943623775947111,0.008496910858865682
