id,x__autocorrelation__lag_6144,x__mean_abs_change
A,0.9181111551947975,0.007441796275256884
