id,x__autocorrelation__lag_6144,x__mean_abs_change
A,0.9320993987405723,0.00770061821328889
