id,x__autocorrelation__lag_6144,x__mean_abs_change
A,0.9371889147420638,0.009167101765603437
