id,x__autocorrelation__lag_6144,x__mean_abs_change
A,0.527593406842964,0.007198967425850283
