id,x__autocorrelation__lag_6144,x__mean_abs_change
A,0.9321657651491602,0.009337258006041146
