id,x__autocorrelation__lag_6144,x__mean_abs_change
A,0.9246727171736576,0.009230986444910685
