id,x__autocorrelation__lag_6144,x__mean_abs_change
A,0.9237246286698886,0.00817340662127542
