id,x__autocorrelation__lag_6144,x__mean_abs_change
A,0.9389530365876924,0.008683140014395555
