id,x__autocorrelation__lag_6144,x__mean_abs_change
A,0.936841107322006,0.008673620734381784
