id,x__autocorrelation__lag_6144,x__mean_abs_change
A,0.8569361631401635,0.007596599476284853
