id,x__autocorrelation__lag_6144,x__mean_abs_change
A,0.9304594053458883,0.007133104243046159
