id,x__autocorrelation__lag_6144,x__mean_abs_change
A,0.9267742861004716,0.007387329434134396
