id,x__autocorrelation__lag_6144,x__mean_abs_change
A,0.8045707580836944,0.00755004578625144
