id,x__autocorrelation__lag_6144,x__mean_abs_change
A,0.766837333519284,0.00714217056286941
