id,x__autocorrelation__lag_6144,x__mean_abs_change
A,0.9425497150247399,0.008917045283386235
