id,x__autocorrelation__lag_6144,x__mean_abs_change
A,0.9235022198944451,0.007414027941246005
