id,x__autocorrelation__lag_6144,x__mean_abs_change
A,0.9224942521045155,0.007497388720101479
