id,x__autocorrelation__lag_6144,x__mean_abs_change
A,0.9426853690312661,0.009099986605493078
