id,x__autocorrelation__lag_6144,x__mean_abs_change
A,0.9251783573030303,0.007767958480648325
