id,x__autocorrelation__lag_6144,x__mean_abs_change
A,0.9574139341767239,0.013497805301959235
