id,x__autocorrelation__lag_6144,x__mean_abs_change
A,0.9395613867343432,0.008074863978753606
