id,x__autocorrelation__lag_6144,x__mean_abs_change
A,0.9316917411758138,0.008255927048547933
