id,x__autocorrelation__lag_6144,x__mean_abs_change
A,0.9544868521523827,0.011691716019985286
