id,x__autocorrelation__lag_6144,x__mean_abs_change
A,0.9340268778442178,0.008597782271456599
