id,x__autocorrelation__lag_6144,x__mean_abs_change
A,0.945121572234844,0.00819729501531996
