id,x__autocorrelation__lag_6144,x__mean_abs_change
A,0.953986615378456,0.011964538516107627
