id,x__autocorrelation__lag_6144,x__mean_abs_change
A,0.9271425516977722,0.00805310402705683
