id,x__autocorrelation__lag_6144,x__mean_abs_change
A,0.41890998138199836,0.007273373556934685
