id,x__autocorrelation__lag_6144,x__mean_abs_change
A,0.9505282518669123,0.01154723499512583
