id,x__autocorrelation__lag_6144,x__mean_abs_change
A,0.6519615054232158,0.008097764124166245
