id,x__autocorrelation__lag_6144,x__mean_abs_change
A,0.9134879241637235,0.007521821785561829
