id,x__autocorrelation__lag_6144,x__mean_abs_change
A,0.9569424451806605,0.01371724246403659
