id,x__autocorrelation__lag_6144,x__mean_abs_change
A,0.9231070940211268,0.007670793511021907
