id,x__autocorrelation__lag_6144,x__mean_abs_change
A,0.4705847951937747,0.007161464958575905
