id,x__autocorrelation__lag_6144,x__mean_abs_change
A,0.7907751732052973,0.008187885151436747
