id,x__autocorrelation__lag_6144,x__mean_abs_change
A,0.5900435224626549,0.00859339813471132
