id,x__autocorrelation__lag_6144,x__mean_abs_change
A,0.9386854019260127,0.007820561981500435
