id,x__autocorrelation__lag_6144,x__mean_abs_change
A,0.9561931659207693,0.012235144971399657
