id,x__autocorrelation__lag_6144,x__mean_abs_change
A,0.9553950997326401,0.01227973154943829
