id,x__autocorrelation__lag_6144,x__mean_abs_change
A,0.9294489594758266,0.008135200925341202
