id,x__autocorrelation__lag_6144,x__mean_abs_change
A,0.9279692304734236,0.007380754136997355
