id,x__autocorrelation__lag_6144,x__mean_abs_change
A,0.9201555524430213,0.00759263307118778
