id,x__autocorrelation__lag_6144,x__mean_abs_change
A,0.5413140335972163,0.007530559513447982
