id,x__autocorrelation__lag_6144,x__mean_abs_change
A,0.9134207941686093,0.007239977979805484
