id,x__autocorrelation__lag_6144,x__mean_abs_change
A,0.531892568731301,0.007650871389704388
