id,x__autocorrelation__lag_6144,x__mean_abs_change
A,0.947543558748432,0.010822505858877682
