id,x__autocorrelation__lag_6144,x__mean_abs_change
A,0.9354279217609306,0.007430529804799805
