id,x__autocorrelation__lag_6144,x__mean_abs_change
A,0.9452204082498045,0.00832546124780445
