id,x__autocorrelation__lag_6144,x__mean_abs_change
A,0.8836561146423552,0.007611109329177408
