id,x__autocorrelation__lag_6144,x__mean_abs_change
A,0.9249305774422275,0.00772192023478993
