id,x__autocorrelation__lag_6144,x__mean_abs_change
A,0.9525064250467041,0.011902674492229879
