id,x__autocorrelation__lag_6144,x__mean_abs_change
A,0.8672523924828355,0.007715251867111813
