id,x__autocorrelation__lag_6144,x__mean_abs_change
A,0.9414270779671936,0.008221249753953875
