id,x__autocorrelation__lag_6144,x__mean_abs_change
A,0.9392970526763895,0.008509492789981303
