id,x__autocorrelation__lag_6144,x__mean_abs_change
A,0.8698144074305115,0.007642540260558013
