id,x__autocorrelation__lag_6144,x__mean_abs_change
A,0.8936615498232289,0.007269551284675508
