id,x__autocorrelation__lag_6144,x__mean_abs_change
A,0.9369935385940729,0.0083640072997693
