id,x__autocorrelation__lag_6144,x__mean_abs_change
A,0.9309462211680773,0.0078680060438664
