id,x__autocorrelation__lag_6144,x__mean_abs_change
A,0.9205208552653589,0.007125720559679391
