id,x__autocorrelation__lag_6144,x__mean_abs_change
A,0.5513787214310528,0.007874134224472846
