id,x__autocorrelation__lag_6144,x__mean_abs_change
A,0.9581603848403942,0.0136789113419611
