id,x__autocorrelation__lag_6144,x__mean_abs_change
A,0.4240419464015253,0.0072612185545739534
