id,x__autocorrelation__lag_6144,x__mean_abs_change
A,0.9248804399650236,0.007546996803198918
