id,x__autocorrelation__lag_6144,x__mean_abs_change
A,0.9236941249011642,0.007114243209100525
