id,x__autocorrelation__lag_6144,x__mean_abs_change
A,0.9237888070267225,0.0075566778561965515
