id,x__autocorrelation__lag_6144,x__mean_abs_change
A,0.9508247669144454,0.008852010365461113
