id,x__autocorrelation__lag_6144,x__mean_abs_change
A,0.9490417311466688,0.008824681676341008
