id,x__autocorrelation__lag_6144,x__mean_abs_change
A,0.9556657499501812,0.013580625065124386
