id,x__autocorrelation__lag_6144,x__mean_abs_change
A,0.954181974798141,0.011804246669255076
