id,x__autocorrelation__lag_6144,x__mean_abs_change
A,0.9463271789571386,0.008763140502471125
