id,x__autocorrelation__lag_6144,x__mean_abs_change
A,0.9179695554220167,0.007784994578158884
