id,x__autocorrelation__lag_6144,x__mean_abs_change
A,0.9310596943427782,0.0074301131007713595
