id,x__autocorrelation__lag_6144,x__mean_abs_change
A,0.9306617048961667,0.00782189123068254
