id,x__autocorrelation__lag_6144,x__mean_abs_change
A,0.9315172484716063,0.007253576029360136
