id,x__autocorrelation__lag_6144,x__mean_abs_change
A,0.920481500266863,0.007694653039439113
