id,x__autocorrelation__lag_6144,x__mean_abs_change
A,0.9185895407762704,0.007551981815530139
