id,x__autocorrelation__lag_6144,x__mean_abs_change
A,0.9085510775962546,0.007387762180658901
