id,x__autocorrelation__lag_6144,x__mean_abs_change
A,0.4683970409326287,0.008315556546464285
