id,x__autocorrelation__lag_6144,x__mean_abs_change
A,0.8844729001594756,0.008364472830282917
