id,x__autocorrelation__lag_6144,x__mean_abs_change
A,0.4832735475493237,0.0077911438305601
