id,x__autocorrelation__lag_6144,x__mean_abs_change
A,0.7703602017878676,0.007885669240732397
