id,x__autocorrelation__lag_6144,x__mean_abs_change
A,0.5558860903614408,0.007602328878843787
