id,x__autocorrelation__lag_6144,x__mean_abs_change
A,0.9378509842638675,0.008996292021906958
