id,x__autocorrelation__lag_6144,x__mean_abs_change
A,0.9398601877085092,0.009088375386373023
