id,x__autocorrelation__lag_6144,x__mean_abs_change
A,0.5316526624669868,0.0075365599606646815
