id,x__autocorrelation__lag_6144,x__mean_abs_change
A,0.9324141357876269,0.008281862494185515
