id,x__autocorrelation__lag_6144,x__mean_abs_change
A,0.5540192596093247,0.007978975650942416
