id,x__autocorrelation__lag_6144,x__mean_abs_change
A,0.944435471668177,0.008868310903029211
