id,x__autocorrelation__lag_6144,x__mean_abs_change
A,0.9187273240276047,0.0077139100937925155
