id,x__autocorrelation__lag_6144,x__mean_abs_change
A,0.9413961692492289,0.009281548889819833
