id,x__autocorrelation__lag_6144,x__mean_abs_change
A,0.9192534707804542,0.007421824281977798
