id,x__autocorrelation__lag_6144,x__mean_abs_change
A,0.9318907674194898,0.008349783356679153
