id,x__autocorrelation__lag_6144,x__mean_abs_change
A,0.9228814385181471,0.007461417511465951
