id,x__autocorrelation__lag_6144,x__mean_abs_change
A,0.9205635150352213,0.007471560811693633
