id,x__autocorrelation__lag_6144,x__mean_abs_change
A,0.9188239784230079,0.007184047998524184
