id,x__autocorrelation__lag_6144,x__mean_abs_change
A,0.9187697159118167,0.008944265898804316
