id,x__autocorrelation__lag_6144,x__mean_abs_change
A,0.9565750502462272,0.013109726187372349
