id,x__autocorrelation__lag_6144,x__mean_abs_change
A,0.9084441976816762,0.00852876917448698
