id,x__autocorrelation__lag_6144,x__mean_abs_change
A,0.9389415080303708,0.009127939097845594
