id,x__autocorrelation__lag_6144,x__mean_abs_change
A,0.9580873102770013,0.013084947608415056
