id,x__autocorrelation__lag_6144,x__mean_abs_change
A,0.6195377905812819,0.008649480690565231
