id,x__autocorrelation__lag_6144,x__mean_abs_change
A,0.9414230367197701,0.008383034050507426
