id,x__autocorrelation__lag_6144,x__mean_abs_change
A,0.9061049385835334,0.0077982005833934715
