id,x__autocorrelation__lag_6144,x__mean_abs_change
A,0.9171048728945052,0.007581672776366453
