id,x__autocorrelation__lag_6144,x__mean_abs_change
A,0.915565170300188,0.007365731712552187
