id,x__autocorrelation__lag_6144,x__mean_abs_change
A,0.9579728068641413,0.013696716284554118
