id,x__autocorrelation__lag_6144,x__mean_abs_change
A,0.9252720350219388,0.007531423753222681
