id,x__autocorrelation__lag_6144,x__mean_abs_change
A,0.9308299833566817,0.008186169551073909
