id,x__autocorrelation__lag_6144,x__mean_abs_change
A,0.9419398718058885,0.008846305015732737
