id,x__autocorrelation__lag_6144,x__mean_abs_change
A,0.9246923547355346,0.007569222531978221
