id,x__autocorrelation__lag_6144,x__mean_abs_change
A,0.9571340013455745,0.013015306152473306
