id,x__autocorrelation__lag_6144,x__mean_abs_change
A,0.9219386962306754,0.00732286513837329
