id,x__autocorrelation__lag_6144,x__mean_abs_change
A,0.926452178308375,0.007342825743373033
