id,x__autocorrelation__lag_6144,x__mean_abs_change
A,0.7148998362211859,0.007238249340716958
