id,x__autocorrelation__lag_6144,x__mean_abs_change
A,0.9238125201491887,0.007624504464862666
