id,x__autocorrelation__lag_6144,x__mean_abs_change
A,0.916097217252896,0.008732702219522165
