id,x__autocorrelation__lag_6144,x__mean_abs_change
A,0.934119351906317,0.008822754517784082
