id,x__autocorrelation__lag_6144,x__mean_abs_change
A,0.6398166101264052,0.008521844160022399
