id,x__autocorrelation__lag_6144,x__mean_abs_change
A,0.9322481245439569,0.008655251910241149
