id,x__autocorrelation__lag_6144,x__mean_abs_change
A,0.9442813116329716,0.00844212112828367
