id,x__autocorrelation__lag_6144,x__mean_abs_change
A,0.867476405061602,0.007657873129161787
