id,x__autocorrelation__lag_6144,x__mean_abs_change
A,0.9323376613157695,0.007951243097224546
