id,x__autocorrelation__lag_6144,x__mean_abs_change
A,0.9321127768795787,0.007745418061803542
