id,x__autocorrelation__lag_6144,x__mean_abs_change
A,0.9249301769114765,0.007533301396419492
