id,x__autocorrelation__lag_6144,x__mean_abs_change
A,0.9342738598561898,0.008841605154109042
