id,x__autocorrelation__lag_6144,x__mean_abs_change
A,0.9201445492962996,0.007437836938197573
