id,x__autocorrelation__lag_6144,x__mean_abs_change
A,0.9574457378927071,0.013293404860514063
