id,x__autocorrelation__lag_6144,x__mean_abs_change
A,0.9201459890651414,0.007408939481162074
