id,x__autocorrelation__lag_6144,x__mean_abs_change
A,0.9282424797573439,0.008438824277722778
