id,x__autocorrelation__lag_6144,x__mean_abs_change
A,0.9162027002066304,0.007683481013715101
