id,x__autocorrelation__lag_6144,x__mean_abs_change
A,0.938093683569861,0.00825211550368725
