id,x__autocorrelation__lag_6144,x__mean_abs_change
A,0.9346737316743705,0.008471187628822452
