id,x__autocorrelation__lag_6144,x__mean_abs_change
A,0.9366788474092664,0.008041135411816053
