id,x__autocorrelation__lag_6144,x__mean_abs_change
A,0.8817028121756966,0.007815789715517382
