id,x__autocorrelation__lag_6144,x__mean_abs_change
A,0.924517729926026,0.00746534002897449
