id,x__autocorrelation__lag_6144,x__mean_abs_change
A,0.9431589667775757,0.008648941175780378
