id,x__autocorrelation__lag_6144,x__mean_abs_change
A,0.9200580434977872,0.007727825243258073
