id,x__autocorrelation__lag_6144,x__mean_abs_change
A,0.915668332517758,0.007411331527919992
