id,x__autocorrelation__lag_6144,x__mean_abs_change
A,0.9332386202628767,0.008542019534557655
