id,x__autocorrelation__lag_6144,x__mean_abs_change
A,0.9511276259234797,0.008010090456967326
