id,x__autocorrelation__lag_6144,x__mean_abs_change
A,0.9002347257229343,0.007622499363514649
