id,x__autocorrelation__lag_6144,x__mean_abs_change
A,0.7375122679077701,0.007277210434548561
