id,x__autocorrelation__lag_6144,x__mean_abs_change
A,0.9444557624982787,0.008636957283295141
