id,x__autocorrelation__lag_6144,x__mean_abs_change
A,0.9463152575547309,0.009057990706384295
