id,x__autocorrelation__lag_6144,x__mean_abs_change
A,0.4147288396486242,0.007302209119042978
