id,x__autocorrelation__lag_6144,x__mean_abs_change
A,0.9205880384194814,0.007772972038724205
