id,x__autocorrelation__lag_6144,x__mean_abs_change
A,0.581627561500025,0.008491151420283975
