id,x__autocorrelation__lag_6144,x__mean_abs_change
A,0.9569065389130238,0.012567367983177409
