id,x__autocorrelation__lag_6144,x__mean_abs_change
A,0.9509605241516105,0.011745713508285885
