id,x__autocorrelation__lag_6144,x__mean_abs_change
A,0.9543923408157382,0.012461390531846682
