id,x__autocorrelation__lag_6144,x__mean_abs_change
A,0.9566609700827919,0.012323218820575065
