id,x__autocorrelation__lag_6144,x__mean_abs_change
A,0.9394571626289266,0.008433091693270642
