id,x__autocorrelation__lag_6144,x__mean_abs_change
A,0.9333350175885191,0.008725992926279664
