id,x__autocorrelation__lag_6144,x__mean_abs_change
A,0.7903688011903148,0.007106219600019139
