id,x__autocorrelation__lag_6144,x__mean_abs_change
A,0.5881235842510706,0.008095589723165403
