id,x__autocorrelation__lag_6144,x__mean_abs_change
A,0.9269383806812873,0.007824173209530109
