id,x__autocorrelation__lag_6144,x__mean_abs_change
A,0.9318108822496296,0.008587415264943887
