id,x__autocorrelation__lag_6144,x__mean_abs_change
A,0.9389328129301073,0.008944616825318923
