id,x__autocorrelation__lag_6144,x__mean_abs_change
A,0.9279157632248175,0.0071822744290469046
