id,x__autocorrelation__lag_6144,x__mean_abs_change
A,0.9496016298069799,0.011128164401864763
