id,x__autocorrelation__lag_6144,x__mean_abs_change
A,0.9289306481346219,0.007456906786114508
