id,x__autocorrelation__lag_6144,x__mean_abs_change
A,0.9370453848354535,0.009075549582915423
