id,x__autocorrelation__lag_6144,x__mean_abs_change
A,0.9467530386891149,0.010595134512393571
