id,x__autocorrelation__lag_6144,x__mean_abs_change
A,0.9445641932179044,0.010498000464062013
