id,x__autocorrelation__lag_6144,x__mean_abs_change
A,0.9256821868027333,0.009214779500098465
