id,x__autocorrelation__lag_6144,x__mean_abs_change
A,0.8973123291690733,0.007486293739737675
