id,x__autocorrelation__lag_6144,x__mean_abs_change
A,0.9512341787141562,0.01134391598517557
