id,x__autocorrelation__lag_6144,x__mean_abs_change
A,0.9539865565201086,0.012128293745149179
