id,x__autocorrelation__lag_6144,x__mean_abs_change
A,0.9377266587005579,0.00978806057438163
