id,x__autocorrelation__lag_6144,x__mean_abs_change
A,0.9471249661711454,0.010923990069501262
