id,x__autocorrelation__lag_6144,x__mean_abs_change
A,0.9558665974230535,0.012232553173457946
