id,x__autocorrelation__lag_6144,x__mean_abs_change
A,0.9342277017964574,0.008630806447295209
