id,x__autocorrelation__lag_6144,x__mean_abs_change
A,0.9282186124212247,0.007524078274452921
