id,x__autocorrelation__lag_6144,x__mean_abs_change
A,0.9251783404322431,0.007460542296264566
