id,x__autocorrelation__lag_6144,x__mean_abs_change
A,0.9239977378006656,0.0076242927703280994
