id,x__autocorrelation__lag_6144,x__mean_abs_change
A,0.9569610446992685,0.013386955196821555
