id,x__autocorrelation__lag_6144,x__mean_abs_change
A,0.9227424721786865,0.007577957290966767
