id,x__autocorrelation__lag_6144,x__mean_abs_change
A,0.929377769405171,0.0076711264685150726
