id,x__autocorrelation__lag_6144,x__mean_abs_change
A,0.9235822816307478,0.007580542461985623
