id,x__autocorrelation__lag_6144,x__mean_abs_change
A,0.9571400247946454,0.01349734353863192
