id,x__autocorrelation__lag_6144,x__mean_abs_change
A,0.4807175792933902,0.006867815144920387
