id,x__autocorrelation__lag_6144,x__mean_abs_change
A,0.9331598760312688,0.008545996018743696
