id,x__autocorrelation__lag_6144,x__mean_abs_change
A,0.9235790195096932,0.007275056636161287
