id,x__autocorrelation__lag_6144,x__mean_abs_change
A,0.6973650510495303,0.007616527751430312
