id,x__autocorrelation__lag_6144,x__mean_abs_change
A,0.9236544739906705,0.007561245404177237
