id,x__autocorrelation__lag_6144,x__mean_abs_change
A,0.9247195934378614,0.007422326581695058
