id,x__autocorrelation__lag_6144,x__mean_abs_change
A,0.9272295972316439,0.007539438086706602
