id,x__autocorrelation__lag_6144,x__mean_abs_change
A,0.9437665787790945,0.00908603234968373
