id,x__autocorrelation__lag_6144,x__mean_abs_change
A,0.8132308809149967,0.007790165096607492
