id,x__autocorrelation__lag_6144,x__mean_abs_change
A,0.9222856498117429,0.007672408973574237
