id,x__autocorrelation__lag_6144,x__mean_abs_change
A,0.545022276387737,0.007865728037254712
