id,x__autocorrelation__lag_6144,x__mean_abs_change
A,0.9260252141149997,0.007642943206851792
