id,x__autocorrelation__lag_6144,x__mean_abs_change
A,0.8995057340224645,0.0072634779390592236
