id,x__autocorrelation__lag_6144,x__mean_abs_change
A,0.9224251418967561,0.0072479125256607
