id,x__autocorrelation__lag_6144,x__mean_abs_change
A,0.8946903314220445,0.007616578188214061
