id,x__autocorrelation__lag_6144,x__mean_abs_change
A,0.9291270822444085,0.007884648125789399
