id,x__autocorrelation__lag_6144,x__mean_abs_change
A,0.9322720347305845,0.00762978633240756
