id,x__autocorrelation__lag_6144,x__mean_abs_change
A,0.9251802302100995,0.007866962601673145
