id,x__autocorrelation__lag_6144,x__mean_abs_change
A,0.9491772260422878,0.010910851727642492
