id,x__autocorrelation__lag_6144,x__mean_abs_change
A,0.48084956985845184,0.006812484561822458
