id,x__autocorrelation__lag_6144,x__mean_abs_change
A,0.4875552797922375,0.007953458905851687
