id,x__autocorrelation__lag_6144,x__mean_abs_change
A,0.945773710791682,0.010453647179641451
