id,x__autocorrelation__lag_6144,x__mean_abs_change
A,0.9321010504227762,0.007508279120572053
