id,x__autocorrelation__lag_6144,x__mean_abs_change
A,0.9442838164562913,0.008724655492816912
