id,x__autocorrelation__lag_6144,x__mean_abs_change
A,0.9360486158487444,0.007928913344778916
