id,x__autocorrelation__lag_6144,x__mean_abs_change
A,0.923381004046026,0.0077070502972430305
