id,x__autocorrelation__lag_6144,x__mean_abs_change
A,0.9245954081132676,0.007587430151530568
