id,x__autocorrelation__lag_6144,x__mean_abs_change
A,0.9247657869167973,0.007562322179119588
