id,x__autocorrelation__lag_6144,x__mean_abs_change
A,0.9478362827419526,0.01085700145119756
