id,x__autocorrelation__lag_6144,x__mean_abs_change
A,0.7888758302510809,0.007409762834267122
