id,x__autocorrelation__lag_6144,x__mean_abs_change
A,0.9293638059778428,0.008384143184427423
