id,x__autocorrelation__lag_6144,x__mean_abs_change
A,0.8982472616544351,0.007316266421508969
