id,x__autocorrelation__lag_6144,x__mean_abs_change
A,0.918192698045021,0.007579127699359339
