id,x__autocorrelation__lag_6144,x__mean_abs_change
A,0.9408130246510432,0.008927512906502207
