id,x__autocorrelation__lag_6144,x__mean_abs_change
A,0.9249552692393478,0.006987916820715454
