id,x__autocorrelation__lag_6144,x__mean_abs_change
A,0.9356068584726527,0.007440536230957589
