id,x__autocorrelation__lag_6144,x__mean_abs_change
A,0.9201009177312396,0.007811361096825491
