id,x__autocorrelation__lag_6144,x__mean_abs_change
A,0.9175139547681116,0.007525710593522202
