id,x__autocorrelation__lag_6144,x__mean_abs_change
A,0.5227278074360477,0.007688477752910634
