id,x__autocorrelation__lag_6144,x__mean_abs_change
A,0.9205997368003315,0.007357633013651049
