id,x__autocorrelation__lag_6144,x__mean_abs_change
A,0.9234343784150615,0.007386797031593143
