id,x__autocorrelation__lag_6144,x__mean_abs_change
A,0.522019709843525,0.007269952072183998
