id,x__autocorrelation__lag_6144,x__mean_abs_change
A,0.9556929511348816,0.011955677145525681
