id,x__autocorrelation__lag_6144,x__mean_abs_change
A,0.9348325661043191,0.008716136978554364
