id,x__autocorrelation__lag_6144,x__mean_abs_change
A,0.9397156907139249,0.008286549279637727
