id,x__autocorrelation__lag_6144,x__mean_abs_change
A,0.9308459022582957,0.007881549333224524
