id,x__autocorrelation__lag_6144,x__mean_abs_change
A,0.7967728381794942,0.00707537838218752
