id,x__autocorrelation__lag_6144,x__mean_abs_change
A,0.6902785931494146,0.008910351336241634
