id,x__autocorrelation__lag_6144,x__mean_abs_change
A,0.9549143306759429,0.012026256792244276
