id,x__autocorrelation__lag_6144,x__mean_abs_change
A,0.9266920990545071,0.007412692650217579
