id,x__autocorrelation__lag_6144,x__mean_abs_change
A,0.949300011225291,0.01113083333962686
