id,x__autocorrelation__lag_6144,x__mean_abs_change
A,0.6300233766985257,0.009295917050849164
