id,x__autocorrelation__lag_6144,x__mean_abs_change
A,0.3190958239768266,0.00913128746843729
