id,x__autocorrelation__lag_6144,x__mean_abs_change
A,0.9226129670575215,0.007328921553277126
