id,x__autocorrelation__lag_6144,x__mean_abs_change
A,0.9451746595353038,0.008684418476694702
