id,x__autocorrelation__lag_6144,x__mean_abs_change
A,0.7904714747715783,0.00743431990487723
