id,x__autocorrelation__lag_6144,x__mean_abs_change
A,0.9340230038897138,0.008571774613432594
