id,x__autocorrelation__lag_6144,x__mean_abs_change
A,0.892463500863737,0.007484152971619584
