id,x__autocorrelation__lag_6144,x__mean_abs_change
A,0.9322953775866116,0.008152518830373767
