id,x__autocorrelation__lag_6144,x__mean_abs_change
A,0.5413928348243587,0.00778292918632972
