id,x__autocorrelation__lag_6144,x__mean_abs_change
A,0.9570712802394988,0.013118095781730702
