id,x__autocorrelation__lag_6144,x__mean_abs_change
A,0.9212510143625924,0.008529071768200855
