id,x__autocorrelation__lag_6144,x__mean_abs_change
A,0.9337858411389393,0.00753165527869947
