id,x__autocorrelation__lag_6144,x__mean_abs_change
A,0.9424856644261304,0.00990642186111802
