id,x__autocorrelation__lag_6144,x__mean_abs_change
A,0.9416929886732993,0.008247719253548464
