id,x__autocorrelation__lag_6144,x__mean_abs_change
A,0.9555278610547557,0.012245174945916362
