id,x__autocorrelation__lag_6144,x__mean_abs_change
A,0.9399710073561258,0.00919577519423849
