id,x__autocorrelation__lag_6144,x__mean_abs_change
A,0.9237083831066091,0.007446484224236201
