id,x__autocorrelation__lag_6144,x__mean_abs_change
A,0.9595850933166931,0.01322740905626569
