id,x__autocorrelation__lag_6144,x__mean_abs_change
A,0.927464029344623,0.0074590789900901705
