id,x__autocorrelation__lag_6144,x__mean_abs_change
A,0.9579823879242927,0.013483604751695383
