id,x__autocorrelation__lag_6144,x__mean_abs_change
A,0.9331454144062805,0.008047704289926141
