id,x__autocorrelation__lag_6144,x__mean_abs_change
A,0.9177400407323951,0.00762105538864755
