id,x__autocorrelation__lag_6144,x__mean_abs_change
A,0.9372196656898446,0.008410090231113046
