id,x__autocorrelation__lag_6144,x__mean_abs_change
A,0.9225485150682023,0.007656675906895684
