id,x__autocorrelation__lag_6144,x__mean_abs_change
A,0.9447329335124414,0.008733930738319814
