id,x__autocorrelation__lag_6144,x__mean_abs_change
A,0.9539297415801749,0.011614859735641301
