id,x__autocorrelation__lag_6144,x__mean_abs_change
A,0.9314942135210525,0.008011480416098898
