id,x__autocorrelation__lag_6144,x__mean_abs_change
A,0.9254558886670363,0.007600234894790145
