id,x__autocorrelation__lag_6144,x__mean_abs_change
A,0.9546901448977002,0.01164589328571019
