id,x__autocorrelation__lag_6144,x__mean_abs_change
A,0.9260901161462993,0.009124732729950328
