id,x__autocorrelation__lag_6144,x__mean_abs_change
A,0.8956271857482601,0.008429241424975567
