id,x__autocorrelation__lag_6144,x__mean_abs_change
A,0.9331354657157303,0.008431439350100238
