id,x__autocorrelation__lag_6144,x__mean_abs_change
A,0.9242828034882917,0.007882983166156397
