id,x__autocorrelation__lag_6144,x__mean_abs_change
A,0.5105486642010126,0.00732595937095473
