id,x__autocorrelation__lag_6144,x__mean_abs_change
A,0.913269036171481,0.007526055493690649
