id,x__autocorrelation__lag_6144,x__mean_abs_change
A,0.9224894264996844,0.007356272401063998
