id,x__autocorrelation__lag_6144,x__mean_abs_change
A,0.9372707038745338,0.00869443635697395
