id,x__autocorrelation__lag_6144,x__mean_abs_change
A,0.9335347087088595,0.0072480516405852135
