id,x__autocorrelation__lag_6144,x__mean_abs_change
A,0.9580166634441125,0.013290519507374797
