id,x__autocorrelation__lag_6144,x__mean_abs_change
A,0.9263922213728727,0.007404283130590813
