id,x__autocorrelation__lag_6144,x__mean_abs_change
A,0.7843500475354221,0.007189378136090589
