id,x__autocorrelation__lag_6144,x__mean_abs_change
A,0.9272650702092881,0.007280430131603983
