id,x__autocorrelation__lag_6144,x__mean_abs_change
A,0.4161415890921593,0.006539372049945958
