id,x__autocorrelation__lag_6144,x__mean_abs_change
A,0.9247698536828709,0.007636857864613933
