id,x__autocorrelation__lag_6144,x__mean_abs_change
A,0.9583229631826347,0.013526811159525092
