id,x__autocorrelation__lag_6144,x__mean_abs_change
A,0.924217357977802,0.007504431242455897
