id,x__autocorrelation__lag_6144,x__mean_abs_change
A,0.9487992485242551,0.011039261365118262
