id,x__autocorrelation__lag_6144,x__mean_abs_change
A,0.9259657596433574,0.0077478555762268905
