id,x__autocorrelation__lag_6144,x__mean_abs_change
A,0.931060275904547,0.008141586718879237
