id,x__autocorrelation__lag_6144,x__mean_abs_change
A,0.8998615819255006,0.007590691912730824
