id,x__autocorrelation__lag_6144,x__mean_abs_change
A,0.5471182423634807,0.007972745327014277
