id,x__autocorrelation__lag_6144,x__mean_abs_change
A,0.9191351509569486,0.007642566043712778
