id,x__autocorrelation__lag_6144,x__mean_abs_change
A,0.9181091883213702,0.009033358206394917
