id,x__autocorrelation__lag_6144,x__mean_abs_change
A,0.957595442868318,0.013054181345310566
