id,x__autocorrelation__lag_6144,x__mean_abs_change
A,0.5228190136990116,0.00731859189609446
