id,x__autocorrelation__lag_6144,x__mean_abs_change
A,0.8950056119121984,0.007564311392452255
