id,x__autocorrelation__lag_6144,x__mean_abs_change
A,0.891883852012657,0.0073907894891123965
