id,x__autocorrelation__lag_6144,x__mean_abs_change
A,0.921209772357258,0.0076052876970972285
