id,x__autocorrelation__lag_6144,x__mean_abs_change
A,0.9532655165502075,0.008442941584928258
