id,x__autocorrelation__lag_6144,x__mean_abs_change
A,0.9268961929418859,0.007500051504015003
