id,x__autocorrelation__lag_6144,x__mean_abs_change
A,0.506035145812209,0.0070538709786114725
