id,x__autocorrelation__lag_6144,x__mean_abs_change
A,0.926678653279876,0.0074214072827710025
