id,x__autocorrelation__lag_6144,x__mean_abs_change
A,0.8882085218618879,0.006489373408985688
