id,x__autocorrelation__lag_6144,x__mean_abs_change
A,0.9434164267283714,0.009078721514678796
