id,x__autocorrelation__lag_6144,x__mean_abs_change
A,0.9572323023392519,0.012701265313739293
