id,x__autocorrelation__lag_6144,x__mean_abs_change
A,0.9436543829410788,0.01062443385355517
