id,x__autocorrelation__lag_6144,x__mean_abs_change
A,0.739744983333406,0.007171748146193519
