id,x__autocorrelation__lag_6144,x__mean_abs_change
A,0.43881301488279384,0.008603290530525196
