id,x__autocorrelation__lag_6144,x__mean_abs_change
A,0.9244938588535123,0.007816134892239247
