id,x__autocorrelation__lag_6144,x__mean_abs_change
A,0.7852498579213785,0.007092099116634223
