id,x__autocorrelation__lag_6144,x__mean_abs_change
A,0.9526992620893932,0.009330144512250822
