id,x__autocorrelation__lag_6144,x__mean_abs_change
A,0.9240078809115254,0.007539264249119126
