id,x__autocorrelation__lag_6144,x__mean_abs_change
A,0.5656475150968787,0.00773357634377455
