id,x__autocorrelation__lag_6144,x__mean_abs_change
A,0.6781530425197547,0.008624170188251337
