id,x__autocorrelation__lag_6144,x__mean_abs_change
A,0.9447087219500999,0.008800575936281163
