id,x__autocorrelation__lag_6144,x__mean_abs_change
A,0.9054684888329906,0.007349019481098295
