id,x__autocorrelation__lag_6144,x__mean_abs_change
A,0.91830961566761,0.007479386019414055
