id,x__autocorrelation__lag_6144,x__mean_abs_change
A,0.92832968347404,0.007752363787790098
