id,x__autocorrelation__lag_6144,x__mean_abs_change
A,0.8961960134846242,0.007732499316524198
