id,x__autocorrelation__lag_6144,x__mean_abs_change
A,0.9239299864086888,0.0075366118805952585
