id,x__autocorrelation__lag_6144,x__mean_abs_change
A,0.9299945167323863,0.007696621441220718
