id,x__autocorrelation__lag_6144,x__mean_abs_change
A,0.9440068266798568,0.008787897434900839
