id,x__autocorrelation__lag_6144,x__mean_abs_change
A,0.9566124239865182,0.013380285712524134
