id,x__autocorrelation__lag_6144,x__mean_abs_change
A,0.7011193786322043,0.008579174996891635
