id,x__autocorrelation__lag_6144,x__mean_abs_change
A,0.8791255645313584,0.008278619929658853
