id,x__autocorrelation__lag_6144,x__mean_abs_change
A,0.937561678663017,0.009690115274169402
