id,x__autocorrelation__lag_6144,x__mean_abs_change
A,0.9182030288764171,0.007834534674759596
