id,x__autocorrelation__lag_6144,x__mean_abs_change
A,0.9537296558695906,0.011757504779156443
