id,x__autocorrelation__lag_6144,x__mean_abs_change
A,0.9457169352907664,0.009064961864714813
