id,x__autocorrelation__lag_6144,x__mean_abs_change
A,0.917276800306918,0.007758589674560342
