id,x__autocorrelation__lag_6144,x__mean_abs_change
A,0.9311607752202308,0.0075103788836552434
