id,x__autocorrelation__lag_6144,x__mean_abs_change
A,0.9354806975572961,0.007743136729966091
