id,x__autocorrelation__lag_6144,x__mean_abs_change
A,0.868499361077648,0.0076360348004015826
