id,x__autocorrelation__lag_6144,x__mean_abs_change
A,0.7871936937047519,0.006612885589953861
