id,x__autocorrelation__lag_6144,x__mean_abs_change
A,0.9360605057056633,0.007751969266483062
