id,x__autocorrelation__lag_6144,x__mean_abs_change
A,0.9380898074819741,0.008809485765103691
