id,x__autocorrelation__lag_6144,x__mean_abs_change
A,0.8931706151670286,0.007726684665127129
