id,x__autocorrelation__lag_6144,x__mean_abs_change
A,0.9579062540512744,0.012974427559349635
