id,x__autocorrelation__lag_6144,x__mean_abs_change
A,0.9323131856883865,0.007337137606128811
