id,x__autocorrelation__lag_6144,x__mean_abs_change
A,0.9252029079423515,0.007847294781483565
