id,x__autocorrelation__lag_6144,x__mean_abs_change
A,0.554375019026486,0.009156737559672997
