id,x__autocorrelation__lag_6144,x__mean_abs_change
A,0.9320604091315551,0.007729022873452467
