id,x__autocorrelation__lag_6144,x__mean_abs_change
A,0.9416638582824821,0.008832966320370613
