id,x__autocorrelation__lag_6144,x__mean_abs_change
A,0.9232200911246994,0.007740237815803814
