id,x__autocorrelation__lag_6144,x__mean_abs_change
A,0.9341997322872546,0.007182640085175212
