id,x__autocorrelation__lag_6144,x__mean_abs_change
A,0.9035533602007795,0.007623924226546475
