id,x__autocorrelation__lag_6144,x__mean_abs_change
A,0.9540098619923773,0.012299037815831497
