id,x__autocorrelation__lag_6144,x__mean_abs_change
A,0.5221384181573504,0.0077513562777253315
