id,x__autocorrelation__lag_6144,x__mean_abs_change
A,0.9246219335319655,0.007256340099977405
