id,x__autocorrelation__lag_6144,x__mean_abs_change
A,0.927341223825612,0.007347388911174096
