id,x__autocorrelation__lag_6144,x__mean_abs_change
A,0.9226681820969467,0.007800830026833602
