id,x__autocorrelation__lag_6144,x__mean_abs_change
A,0.9427697606842919,0.009113755222196233
