id,x__autocorrelation__lag_6144,x__mean_abs_change
A,0.9027715610819238,0.0073061633081444085
