id,x__autocorrelation__lag_6144,x__mean_abs_change
A,0.9221748744776099,0.007670407612898303
