id,x__autocorrelation__lag_6144,x__mean_abs_change
A,0.9555421925605637,0.011989024481060637
