id,x__autocorrelation__lag_6144,x__mean_abs_change
A,0.9312273480967017,0.009007569728524293
