id,x__autocorrelation__lag_6144,x__mean_abs_change
A,0.9236162500825478,0.007432136865925013
