id,x__autocorrelation__lag_6144,x__mean_abs_change
A,0.5259175624424568,0.007362481722705685
