id,x__autocorrelation__lag_6144,x__mean_abs_change
A,0.9252436690692464,0.0076019738891446535
