id,x__autocorrelation__lag_6144,x__mean_abs_change
A,0.938978493957757,0.00929229870066528
