id,x__autocorrelation__lag_6144,x__mean_abs_change
A,0.4903319737088809,0.00791105406665534
