id,x__autocorrelation__lag_6144,x__mean_abs_change
A,0.866286507115191,0.006431092968866451
