id,x__autocorrelation__lag_6144,x__mean_abs_change
A,0.8716685159006694,0.006164352886479611
