id,x__autocorrelation__lag_6144,x__mean_abs_change
A,0.9252261633054618,0.007449140853249249
