id,x__autocorrelation__lag_6144,x__mean_abs_change
A,0.9013574114179616,0.007453038861652499
