id,x__autocorrelation__lag_6144,x__mean_abs_change
A,0.9468691245212902,0.010592919372154995
