id,x__autocorrelation__lag_6144,x__mean_abs_change
A,0.7048040760487965,0.007591238120249723
