id,x__autocorrelation__lag_6144,x__mean_abs_change
A,0.9561144556550278,0.012775670619721707
