id,x__autocorrelation__lag_6144,x__mean_abs_change
A,0.9528311829536829,0.01113899993116269
