id,x__autocorrelation__lag_6144,x__mean_abs_change
A,0.46005029073622516,0.008795521595725931
