id,x__autocorrelation__lag_6144,x__mean_abs_change
A,0.923516528738047,0.007640121437913802
