id,x__autocorrelation__lag_6144,x__mean_abs_change
A,0.9063870606337887,0.007185030622478341
