id,x__autocorrelation__lag_6144,x__mean_abs_change
A,0.4099407598882305,0.006348555206686439
