id,x__autocorrelation__lag_6144,x__mean_abs_change
A,0.9545952581843662,0.012176941314019817
