id,x__autocorrelation__lag_6144,x__mean_abs_change
A,0.9265921680985508,0.00776671949138549
