id,x__autocorrelation__lag_6144,x__mean_abs_change
A,0.9246989359002977,0.007584067956707218
