id,x__autocorrelation__lag_6144,x__mean_abs_change
A,0.9272509137317263,0.007746100641014202
