id,x__autocorrelation__lag_6144,x__mean_abs_change
A,0.9173630150534672,0.007293312632498491
