id,x__autocorrelation__lag_6144,x__mean_abs_change
A,0.9205980429144899,0.007416772644404425
