id,x__autocorrelation__lag_6144,x__mean_abs_change
A,0.9243660108441416,0.007703997295892469
