id,x__autocorrelation__lag_6144,x__mean_abs_change
A,0.9450741926443663,0.010753848539031349
