id,x__autocorrelation__lag_6144,x__mean_abs_change
A,0.45067418553452576,0.007268667489161021
