id,x__autocorrelation__lag_6144,x__mean_abs_change
A,0.9264424930941032,0.007707294397281483
