id,x__autocorrelation__lag_6144,x__mean_abs_change
A,0.8062766128686584,0.008086800171886883
