id,x__autocorrelation__lag_6144,x__mean_abs_change
A,0.9204077628532158,0.007360494578220306
