id,x__autocorrelation__lag_6144,x__mean_abs_change
A,0.908251275384567,0.007137310951567767
