id,x__autocorrelation__lag_6144,x__mean_abs_change
A,0.9269499602716389,0.007431666483384706
