id,x__autocorrelation__lag_6144,x__mean_abs_change
A,0.7613842206212535,0.00857310759136518
