id,x__autocorrelation__lag_6144,x__mean_abs_change
A,0.9577075640870244,0.013420557173255382
