id,x__autocorrelation__lag_6144,x__mean_abs_change
A,0.9449510128551654,0.0105978906065797
