id,x__autocorrelation__lag_6144,x__mean_abs_change
A,0.9294652632229787,0.007552098796502518
