id,x__autocorrelation__lag_6144,x__mean_abs_change
A,0.5109542018640955,0.007350240080721509
