id,x__autocorrelation__lag_6144,x__mean_abs_change
A,0.9365877894649351,0.008833562404069012
