id,x__autocorrelation__lag_6144,x__mean_abs_change
A,0.32533134826547067,0.007364446031658589
