id,x__autocorrelation__lag_6144,x__mean_abs_change
A,0.9309956774228326,0.007415804192929995
