id,x__autocorrelation__lag_6144,x__mean_abs_change
A,0.9322859426077275,0.007794161171968128
