id,x__autocorrelation__lag_6144,x__mean_abs_change
A,0.9390201116696517,0.008946553286116458
