id,x__autocorrelation__lag_6144,x__mean_abs_change
A,0.9340466750449392,0.007960191206618523
