id,x__autocorrelation__lag_6144,x__mean_abs_change
A,0.9247049132273845,0.007703594981820239
