id,x__autocorrelation__lag_6144,x__mean_abs_change
A,0.9455248439262232,0.00922094269447783
