id,x__autocorrelation__lag_6144,x__mean_abs_change
A,0.9385274476876999,0.00811961999695707
