id,x__autocorrelation__lag_6144,x__mean_abs_change
A,0.9008401406063627,0.007596175166163356
