id,x__autocorrelation__lag_6144,x__mean_abs_change
A,0.7519006008163441,0.007458363902479581
