id,x__autocorrelation__lag_6144,x__mean_abs_change
A,0.9062537756316753,0.007975405442571195
