id,x__autocorrelation__lag_6144,x__mean_abs_change
A,0.7680748893789486,0.007108730982942144
