id,x__autocorrelation__lag_6144,x__mean_abs_change
A,0.8641698703465249,0.0076476467476007315
