id,x__autocorrelation__lag_6144,x__mean_abs_change
A,0.9392062129574159,0.009993880914164508
