id,x__autocorrelation__lag_6144,x__mean_abs_change
A,0.4897089573932327,0.007343837754792922
