id,x__autocorrelation__lag_6144,x__mean_abs_change
A,0.9309536345263374,0.009688912392239351
