id,x__autocorrelation__lag_6144,x__mean_abs_change
A,0.9415222450150984,0.008385378356682774
