id,x__autocorrelation__lag_6144,x__mean_abs_change
A,0.8762977938294653,0.0074824564768785455
