id,x__autocorrelation__lag_6144,x__mean_abs_change
A,0.9317640414910379,0.007536984728277817
