id,x__autocorrelation__lag_6144,x__mean_abs_change
A,0.5125436211109168,0.007548463957205777
