id,x__autocorrelation__lag_6144,x__mean_abs_change
A,0.8662266195456358,0.007417902536584052
