id,x__autocorrelation__lag_6144,x__mean_abs_change
A,0.9545055864908144,0.012295461091131981
