id,x__autocorrelation__lag_6144,x__mean_abs_change
A,0.9569104714145367,0.012994964704518336
