id,x__autocorrelation__lag_6144,x__mean_abs_change
A,0.8877896129735113,0.006402984632719259
