id,x__autocorrelation__lag_6144,x__mean_abs_change
A,0.9310887772122006,0.0074050179853125
