id,x__autocorrelation__lag_6144,x__mean_abs_change
A,0.9318903097234247,0.007878811548083424
