id,x__autocorrelation__lag_6144,x__mean_abs_change
A,0.9204234452983454,0.007529023093212564
