id,x__autocorrelation__lag_6144,x__mean_abs_change
A,0.9337164861902142,0.00794025498749633
