id,x__autocorrelation__lag_6144,x__mean_abs_change
A,0.9232613191951546,0.007294056619387105
