id,x__autocorrelation__lag_6144,x__mean_abs_change
A,0.8674187829540266,0.008419414227508224
