id,x__autocorrelation__lag_6144,x__mean_abs_change
A,0.936235257914853,0.007476756375889973
