id,x__autocorrelation__lag_6144,x__mean_abs_change
A,0.9428308263376322,0.00810489285586281
