id,x__autocorrelation__lag_6144,x__mean_abs_change
A,0.9342100134601228,0.007651765000825905
