id,x__autocorrelation__lag_6144,x__mean_abs_change
A,0.8605377836860301,0.007774849322911536
