id,x__autocorrelation__lag_6144,x__mean_abs_change
A,0.8969826950819009,0.005974483264541429
