id,x__autocorrelation__lag_6144,x__mean_abs_change
A,0.9191523711168842,0.007694821689116885
