id,x__autocorrelation__lag_6144,x__mean_abs_change
A,0.9034279363997603,0.007881642989698097
