id,x__autocorrelation__lag_6144,x__mean_abs_change
A,0.9557079117334133,0.012736991369950377
