id,x__autocorrelation__lag_6144,x__mean_abs_change
A,0.951162663698833,0.01126399210850755
