id,x__autocorrelation__lag_6144,x__mean_abs_change
A,0.9343076297238939,0.007734583026705703
