id,x__autocorrelation__lag_6144,x__mean_abs_change
A,0.862333362703726,0.007436807638520164
