id,x__autocorrelation__lag_6144,x__mean_abs_change
A,0.9215192599333489,0.007695773777928981
