id,x__autocorrelation__lag_6144,x__mean_abs_change
A,0.9319480733955611,0.008067101982065493
