id,x__autocorrelation__lag_6144,x__mean_abs_change
A,0.9334812653227413,0.00761304862917868
