id,x__autocorrelation__lag_6144,x__mean_abs_change
A,0.9255789926884685,0.007492598908009788
