id,x__autocorrelation__lag_6144,x__mean_abs_change
A,0.928121343196765,0.007625633740073392
