id,x__autocorrelation__lag_6144,x__mean_abs_change
A,0.8969737548426787,0.0074776377051067
