id,x__autocorrelation__lag_6144,x__mean_abs_change
A,0.9161946143356627,0.007154376788489272
