id,x__autocorrelation__lag_6144,x__mean_abs_change
A,0.9387089941579603,0.008694453180474432
