id,x__autocorrelation__lag_6144,x__mean_abs_change
A,0.9319962138539563,0.008577927171898383
