id,x__autocorrelation__lag_6144,x__mean_abs_change
A,0.9578089279471415,0.012949305214730769
