id,x__autocorrelation__lag_6144,x__mean_abs_change
A,0.8877033353147091,0.007702964653596758
