id,x__autocorrelation__lag_6144,x__mean_abs_change
A,0.8685805915634272,0.007344626340936343
