id,x__autocorrelation__lag_6144,x__mean_abs_change
A,0.744135988448099,0.007400273470683651
