id,x__autocorrelation__lag_6144,x__mean_abs_change
A,0.9361080623734269,0.007783404189013235
