id,x__autocorrelation__lag_6144,x__mean_abs_change
A,0.9598650114542366,0.013463599839102542
