id,x__autocorrelation__lag_6144,x__mean_abs_change
A,0.9389007727678508,0.008982959171112274
