id,x__autocorrelation__lag_6144,x__mean_abs_change
A,0.9246618114346002,0.007450164150299952
