id,x__autocorrelation__lag_6144,x__mean_abs_change
A,0.924250756433287,0.00773138673981242
