id,x__autocorrelation__lag_6144,x__mean_abs_change
A,0.9381573823552675,0.008858325914910118
