id,x__autocorrelation__lag_6144,x__mean_abs_change
A,0.6998554014366604,0.008454047035128186
