id,x__autocorrelation__lag_6144,x__mean_abs_change
A,0.584626347746916,0.009395593873616223
