id,x__autocorrelation__lag_6144,x__mean_abs_change
A,0.49368963200754534,0.009245148004942636
