id,x__autocorrelation__lag_6144,x__mean_abs_change
A,0.9489227639826555,0.010743507682427806
