id,x__autocorrelation__lag_6144,x__mean_abs_change
A,0.9257984195583291,0.007943534553223573
