id,x__autocorrelation__lag_6144,x__mean_abs_change
A,0.9348700648075979,0.0076589111648756895
