id,x__autocorrelation__lag_6144,x__mean_abs_change
A,0.9399111253701272,0.00932590773665973
