id,x__autocorrelation__lag_6144,x__mean_abs_change
A,0.9223034022534631,0.007371470922385405
