id,x__autocorrelation__lag_6144,x__mean_abs_change
A,0.7596841862525588,0.007484041670740837
