id,x__autocorrelation__lag_6144,x__mean_abs_change
A,0.942776125958903,0.010468995637364451
