id,x__autocorrelation__lag_6144,x__mean_abs_change
A,0.8817723134529135,0.008386646146303191
