id,x__autocorrelation__lag_6144,x__mean_abs_change
A,0.9387005339428025,0.008794285422272233
