id,x__autocorrelation__lag_6144,x__mean_abs_change
A,0.9467907960623739,0.010425362155065027
