id,x__autocorrelation__lag_6144,x__mean_abs_change
A,0.9340367731340475,0.008138147657437261
