id,x__autocorrelation__lag_6144,x__mean_abs_change
A,0.6935279734718094,0.008537926540596595
