id,x__autocorrelation__lag_6144,x__mean_abs_change
A,0.9454790342993201,0.008851791353978861
