id,x__autocorrelation__lag_6144,x__mean_abs_change
A,0.9186827885313733,0.007487040263401776
