id,x__autocorrelation__lag_6144,x__mean_abs_change
A,0.5384171916849129,0.00756052778670591
