id,x__autocorrelation__lag_6144,x__mean_abs_change
A,0.8955397271916873,0.007670103852625351
