id,x__autocorrelation__lag_6144,x__mean_abs_change
A,0.952931045304008,0.011131574900587205
