id,x__autocorrelation__lag_6144,x__mean_abs_change
A,0.9265158155916544,0.007218563170643623
