id,x__autocorrelation__lag_6144,x__mean_abs_change
A,0.940266597938963,0.00852764506552906
