id,x__autocorrelation__lag_6144,x__mean_abs_change
A,0.9433254440127791,0.008538417118518306
