id,x__autocorrelation__lag_6144,x__mean_abs_change
A,0.9235995455845628,0.007255708986701721
