id,x__autocorrelation__lag_6144,x__mean_abs_change
A,0.698011403928365,0.006591421636852812
