id,x__autocorrelation__lag_6144,x__mean_abs_change
A,0.8621462864857372,0.007721907649729825
