id,x__autocorrelation__lag_6144,x__mean_abs_change
A,0.933527256356875,0.00895530554013945
