id,x__autocorrelation__lag_6144,x__mean_abs_change
A,0.9353719945762223,0.008518036558506251
