id,x__autocorrelation__lag_6144,x__mean_abs_change
A,0.9440892917731876,0.00905843948177133
