id,x__autocorrelation__lag_6144,x__mean_abs_change
A,0.8631112861911809,0.007645320040268576
