id,x__autocorrelation__lag_6144,x__mean_abs_change
A,0.9257349396289505,0.0075720802171371955
