id,x__autocorrelation__lag_6144,x__mean_abs_change
A,0.9241965971292949,0.00760450692585029
