id,x__autocorrelation__lag_6144,x__mean_abs_change
A,0.4604157769526473,0.008198647753722206
