id,x__autocorrelation__lag_6144,x__mean_abs_change
A,0.9319404982338136,0.007549499859560623
