id,x__autocorrelation__lag_6144,x__mean_abs_change
A,0.9285005459263451,0.007806361651435662
