id,x__autocorrelation__lag_6144,x__mean_abs_change
A,0.8906368577223642,0.0071805792611827
