id,x__autocorrelation__lag_6144,x__mean_abs_change
A,0.9319580705994714,0.008210694056620357
