id,x__autocorrelation__lag_6144,x__mean_abs_change
A,0.45027466107434905,0.008741545415414349
