id,x__autocorrelation__lag_6144,x__mean_abs_change
A,0.9199536871898321,0.00723197081948808
