id,x__autocorrelation__lag_6144,x__mean_abs_change
A,0.9367831909024636,0.008177932741633271
