id,x__autocorrelation__lag_6144,x__mean_abs_change
A,0.4108402290025266,0.00723656964703058
