id,x__autocorrelation__lag_6144,x__mean_abs_change
A,0.9266651376152808,0.007539930452343283
