id,x__autocorrelation__lag_6144,x__mean_abs_change
A,0.8896424124837313,0.007551435144821782
