id,x__autocorrelation__lag_6144,x__mean_abs_change
A,0.9557518475839747,0.012412221973000815
