id,x__autocorrelation__lag_6144,x__mean_abs_change
A,0.8546239981174423,0.006531722589956485
