id,x__autocorrelation__lag_6144,x__mean_abs_change
A,0.8964507593122446,0.007314302164192297
