id,x__autocorrelation__lag_6144,x__mean_abs_change
A,0.9327601643942639,0.007246268715441822
