id,x__autocorrelation__lag_6144,x__mean_abs_change
A,0.935059567144682,0.008062659428165822
