id,x__autocorrelation__lag_6144,x__mean_abs_change
A,0.3113794155338105,0.00744943451778321
