id,x__autocorrelation__lag_6144,x__mean_abs_change
A,0.4534545713834553,0.00699807664409855
