id,x__autocorrelation__lag_6144,x__mean_abs_change
A,0.9483251767033697,0.010654205621080326
