id,x__autocorrelation__lag_6144,x__mean_abs_change
A,0.9273477643707946,0.0073709113001874
