id,x__autocorrelation__lag_6144,x__mean_abs_change
A,0.9583208138859167,0.012964727612911056
