id,x__autocorrelation__lag_6144,x__mean_abs_change
A,0.9200196782409674,0.007555075585937927
