id,x__autocorrelation__lag_6144,x__mean_abs_change
A,0.9396382999318548,0.009171392712844253
