id,x__autocorrelation__lag_6144,x__mean_abs_change
A,0.9359638843043193,0.008943037757971097
