id,x__autocorrelation__lag_6144,x__mean_abs_change
A,0.9254581647800096,0.007642713778850637
