id,x__autocorrelation__lag_6144,x__mean_abs_change
A,0.9377709420935545,0.008240577358929068
