id,x__autocorrelation__lag_6144,x__mean_abs_change
A,0.9296747687660156,0.007527435536082627
