id,x__autocorrelation__lag_6144,x__mean_abs_change
A,0.9200099563280466,0.007409705900950515
