id,x__autocorrelation__lag_6144,x__mean_abs_change
A,0.7446708057875994,0.007120336142941938
