id,x__autocorrelation__lag_6144,x__mean_abs_change
A,0.9331830923920292,0.009401134382140458
