id,x__autocorrelation__lag_6144,x__mean_abs_change
A,0.5267987039561375,0.007783173895189961
