id,x__autocorrelation__lag_6144,x__mean_abs_change
A,0.9265615753965591,0.00729459623851695
