id,x__autocorrelation__lag_6144,x__mean_abs_change
A,0.7736089099771578,0.007784040401384719
