id,x__autocorrelation__lag_6144,x__mean_abs_change
A,0.8965503424144246,0.0074387017101080035
