id,x__autocorrelation__lag_6144,x__mean_abs_change
A,0.9398411308814845,0.00851178226594648
