id,x__autocorrelation__lag_6144,x__mean_abs_change
A,0.9286700965467753,0.00752663866151469
