id,x__autocorrelation__lag_6144,x__mean_abs_change
A,0.9374556640416392,0.008689344747085128
