id,x__autocorrelation__lag_6144,x__mean_abs_change
A,0.9368681755227649,0.008608530817374243
