id,x__autocorrelation__lag_6144,x__mean_abs_change
A,0.9401273970506526,0.008603857103576513
