id,x__autocorrelation__lag_6144,x__mean_abs_change
A,0.9258573889870446,0.007636354611173337
