id,x__autocorrelation__lag_6144,x__mean_abs_change
A,0.8596861403624833,0.007690390460237798
