id,x__autocorrelation__lag_6144,x__mean_abs_change
A,0.7056363285962901,0.008387652584207173
