id,x__autocorrelation__lag_6144,x__mean_abs_change
A,0.9405970413258331,0.008897176497875635
