id,x__autocorrelation__lag_6144,x__mean_abs_change
A,0.934580018777993,0.00752525130039606
