id,x__autocorrelation__lag_6144,x__mean_abs_change
A,0.9287019310436314,0.008576221336594341
