id,x__autocorrelation__lag_6144,x__mean_abs_change
A,0.9015818584099757,0.00800893224750784
