id,x__autocorrelation__lag_6144,x__mean_abs_change
A,0.9195615990213514,0.008818751724505532
