id,x__autocorrelation__lag_6144,x__mean_abs_change
A,0.9235332701666239,0.0075632953289908175
