id,x__autocorrelation__lag_6144,x__mean_abs_change
A,0.9236521873111015,0.007229253758032924
