id,x__autocorrelation__lag_6144,x__mean_abs_change
A,0.9584203921465821,0.013506065055417934
