id,x__autocorrelation__lag_6144,x__mean_abs_change
A,0.9573380764426226,0.01351908799579854
