id,x__autocorrelation__lag_6144,x__mean_abs_change
A,0.9295498049251187,0.007468858449929565
