id,x__autocorrelation__lag_6144,x__mean_abs_change
A,0.6757695523837505,0.00839750171058224
