id,x__autocorrelation__lag_6144,x__mean_abs_change
A,0.9321194531068527,0.008106861596084997
