id,x__autocorrelation__lag_6144,x__mean_abs_change
A,0.9401412625334227,0.008969931710947543
