id,x__autocorrelation__lag_6144,x__mean_abs_change
A,0.5332116885746709,0.009184165268158939
