id,x__autocorrelation__lag_6144,x__mean_abs_change
A,0.930161393321904,0.007396001870750455
