id,x__autocorrelation__lag_6144,x__mean_abs_change
A,0.9170513024691836,0.008014929982698354
