id,x__autocorrelation__lag_6144,x__mean_abs_change
A,0.683526245838695,0.009116359210413438
