id,x__autocorrelation__lag_6144,x__mean_abs_change
A,0.9245829837738881,0.007959427438536667
