id,x__autocorrelation__lag_6144,x__mean_abs_change
A,0.9399319526865335,0.00881126925624493
