id,x__autocorrelation__lag_6144,x__mean_abs_change
A,0.95748282403412,0.013578866278485213
