id,x__autocorrelation__lag_6144,x__mean_abs_change
A,0.9264471437202821,0.008108010886367976
