id,x__autocorrelation__lag_6144,x__mean_abs_change
A,0.8593049164884893,0.00753383190230641
