id,x__autocorrelation__lag_6144,x__mean_abs_change
A,0.923252235722995,0.007631889556154623
