id,x__autocorrelation__lag_6144,x__mean_abs_change
A,0.9099072566564248,0.007065115174671442
