id,x__autocorrelation__lag_6144,x__mean_abs_change
A,0.9421111513021253,0.009158450133953697
