id,x__autocorrelation__lag_6144,x__mean_abs_change
A,0.8151904452029111,0.007500250492288197
