id,x__autocorrelation__lag_6144,x__mean_abs_change
A,0.912910804896413,0.00741666373364787
