id,x__autocorrelation__lag_6144,x__mean_abs_change
A,0.9582066074269462,0.013023235732628894
