id,x__autocorrelation__lag_6144,x__mean_abs_change
A,0.8618511441591977,0.0074284603692927826
