id,x__autocorrelation__lag_6144,x__mean_abs_change
A,0.9499168857854164,0.010921949249324584
