id,x__autocorrelation__lag_6144,x__mean_abs_change
A,0.9248040420657295,0.007865403347493428
