id,x__autocorrelation__lag_6144,x__mean_abs_change
A,0.9539001588174277,0.011720417967902333
