id,x__autocorrelation__lag_6144,x__mean_abs_change
A,0.6196716275128319,0.008869511008875074
