id,x__autocorrelation__lag_6144,x__mean_abs_change
A,0.9301190875928173,0.008453165418658502
