id,x__autocorrelation__lag_6144,x__mean_abs_change
A,0.9007590185119789,0.007880619890828632
