id,x__autocorrelation__lag_6144,x__mean_abs_change
A,0.46618688328785274,0.007077143971943871
