id,x__autocorrelation__lag_6144,x__mean_abs_change
A,0.9288328854678494,0.007838627886006361
