id,x__autocorrelation__lag_6144,x__mean_abs_change
A,0.4045232832868573,0.006194217441887233
