id,x__autocorrelation__lag_6144,x__mean_abs_change
A,0.9225923624413035,0.007308661811050688
