id,x__autocorrelation__lag_6144,x__mean_abs_change
A,0.9429614019810567,0.008424592702731775
