id,x__autocorrelation__lag_6144,x__mean_abs_change
A,0.9284223166303026,0.007835091457207278
