id,x__autocorrelation__lag_6144,x__mean_abs_change
A,0.9549109572796608,0.01185581364147612
