id,x__autocorrelation__lag_6144,x__mean_abs_change
A,0.9561337125120136,0.012270116034769527
