id,x__autocorrelation__lag_6144,x__mean_abs_change
A,0.9066332426369175,0.0071404000729358656
