id,x__autocorrelation__lag_6144,x__mean_abs_change
A,0.9398976772524843,0.007691012742300078
