id,x__autocorrelation__lag_6144,x__mean_abs_change
A,0.922287772377838,0.007718864162352128
