id,x__autocorrelation__lag_6144,x__mean_abs_change
A,0.9414600654941634,0.008388655984530249
