id,x__autocorrelation__lag_6144,x__mean_abs_change
A,0.4637589016934121,0.007928173103997233
