id,x__autocorrelation__lag_6144,x__mean_abs_change
A,0.9275268867220225,0.007946434616217208
