id,x__autocorrelation__lag_6144,x__mean_abs_change
A,0.9271103110634883,0.007297854379607009
