id,x__autocorrelation__lag_6144,x__mean_abs_change
A,0.8901505670161639,0.007705967392310805
