id,x__autocorrelation__lag_6144,x__mean_abs_change
A,0.9239135435406136,0.007595043479137445
