id,x__autocorrelation__lag_6144,x__mean_abs_change
A,0.6825902195154969,0.007761166580812246
