id,x__autocorrelation__lag_6144,x__mean_abs_change
A,0.9249062274165273,0.0075476238520061235
