id,x__autocorrelation__lag_6144,x__mean_abs_change
A,0.9506283968729027,0.01128825828178857
