id,x__autocorrelation__lag_6144,x__mean_abs_change
A,0.9222505052317995,0.00742875150967413
