id,x__autocorrelation__lag_6144,x__mean_abs_change
A,0.9364239716667706,0.007954663404690837
