id,x__autocorrelation__lag_6144,x__mean_abs_change
A,0.8853182511547419,0.007752319940204953
