id,x__autocorrelation__lag_6144,x__mean_abs_change
A,0.4782878367429697,0.00680163577642548
