id,x__autocorrelation__lag_6144,x__mean_abs_change
A,0.895647540462689,0.008348424061635844
