id,x__autocorrelation__lag_6144,x__mean_abs_change
A,0.9344566238711112,0.006885324284974485
