id,x__autocorrelation__lag_6144,x__mean_abs_change
A,0.9425651349045072,0.00896753559289408
