id,x__autocorrelation__lag_6144,x__mean_abs_change
A,0.9068490714046511,0.007219745949301125
