id,x__autocorrelation__lag_6144,x__mean_abs_change
A,0.6235160583730235,0.008129952474625723
