id,x__autocorrelation__lag_6144,x__mean_abs_change
A,0.9047013570615484,0.007277982049099557
