id,x__autocorrelation__lag_6144,x__mean_abs_change
A,0.9588857433434523,0.013752608879214258
