id,x__autocorrelation__lag_6144,x__mean_abs_change
A,0.9237975650849932,0.00732662038218016
