id,x__autocorrelation__lag_6144,x__mean_abs_change
A,0.9396017122079531,0.009006885655812771
