id,x__autocorrelation__lag_6144,x__mean_abs_change
A,0.8868013592548771,0.007515404826547431
