id,x__autocorrelation__lag_6144,x__mean_abs_change
A,0.9386252715986104,0.007279409337379011
