id,x__autocorrelation__lag_6144,x__mean_abs_change
A,0.9538077565034372,0.01219929896709753
