id,x__autocorrelation__lag_6144,x__mean_abs_change
A,0.9361289315097431,0.007248915141720489
