id,x__autocorrelation__lag_6144,x__mean_abs_change
A,0.9226099124721312,0.007492306880304119
