id,x__autocorrelation__lag_6144,x__mean_abs_change
A,0.5575928353794899,0.007688109007297038
