id,x__autocorrelation__lag_6144,x__mean_abs_change
A,0.93804450857952,0.008948827100953207
