id,x__autocorrelation__lag_6144,x__mean_abs_change
A,0.9305097027080097,0.007438134693832818
