id,x__autocorrelation__lag_6144,x__mean_abs_change
A,0.9238742411576227,0.007338428293911376
