id,x__autocorrelation__lag_6144,x__mean_abs_change
A,0.8654049235120751,0.0064045755886155895
