id,x__autocorrelation__lag_6144,x__mean_abs_change
A,0.9260898975821543,0.00891262441375902
