id,x__autocorrelation__lag_6144,x__mean_abs_change
A,0.9394418122954296,0.008448585045272556
