id,x__autocorrelation__lag_6144,x__mean_abs_change
A,0.9429685582984938,0.008774863868604902
