id,x__autocorrelation__lag_6144,x__mean_abs_change
A,0.9524748890257896,0.011870197190695084
