id,x__autocorrelation__lag_6144,x__mean_abs_change
A,0.9398500990745152,0.008392552144486384
