id,x__autocorrelation__lag_6144,x__mean_abs_change
A,0.5249533689022715,0.008559903458797325
