id,x__autocorrelation__lag_6144,x__mean_abs_change
A,0.9150631619831849,0.007241761953457238
