id,x__autocorrelation__lag_6144,x__mean_abs_change
A,0.67418721312283,0.008063059382791306
