id,x__autocorrelation__lag_6144,x__mean_abs_change
A,0.8932836576446885,0.007646484260285301
