id,x__autocorrelation__lag_6144,x__mean_abs_change
A,0.9337541276491861,0.008412573670590335
