id,x__autocorrelation__lag_6144,x__mean_abs_change
A,0.5454276657452617,0.010837699858110068
