id,x__autocorrelation__lag_6144,x__mean_abs_change
A,0.7512414030739384,0.0073960297165906
