id,x__autocorrelation__lag_6144,x__mean_abs_change
A,0.5497998806032891,0.008115247944141599
