id,x__autocorrelation__lag_6144,x__mean_abs_change
A,0.954034730151718,0.011450877753235701
