id,x__autocorrelation__lag_6144,x__mean_abs_change
A,0.9273301886439822,0.007231137701071563
