id,x__autocorrelation__lag_6144,x__mean_abs_change
A,0.9528214421451658,0.00866315331397953
