id,x__autocorrelation__lag_6144,x__mean_abs_change
A,0.9482432507131864,0.00922881137626379
