id,x__autocorrelation__lag_6144,x__mean_abs_change
A,0.9220128930418795,0.007771176202073933
