id,x__autocorrelation__lag_6144,x__mean_abs_change
A,0.9283279665924983,0.007557476761624545
