id,x__autocorrelation__lag_6144,x__mean_abs_change
A,0.9407837359222531,0.008557540919592654
