id,x__autocorrelation__lag_6144,x__mean_abs_change
A,0.9517502055774636,0.011606534218843712
