id,x__autocorrelation__lag_6144,x__mean_abs_change
A,0.9374383340666824,0.009790404989413824
