id,x__autocorrelation__lag_6144,x__mean_abs_change
A,0.9522191973077687,0.01164548013122655
