id,x__autocorrelation__lag_6144,x__mean_abs_change
A,0.47314182897405566,0.006980575493815227
