id,x__autocorrelation__lag_6144,x__mean_abs_change
A,0.9377687304980302,0.008944056340562806
