id,x__autocorrelation__lag_6144,x__mean_abs_change
A,0.9325196837726621,0.007544663792229808
