id,x__autocorrelation__lag_6144,x__mean_abs_change
A,0.5142100367253057,0.007710474740387744
