id,x__autocorrelation__lag_6144,x__mean_abs_change
A,0.9310761227286233,0.007909223225946818
