id,x__autocorrelation__lag_6144,x__mean_abs_change
A,0.9218627884066943,0.007354796684971922
