id,x__autocorrelation__lag_6144,x__mean_abs_change
A,0.9401755300828529,0.008381389682236715
