id,x__autocorrelation__lag_6144,x__mean_abs_change
A,0.9351542596770719,0.008713481567318947
