id,x__autocorrelation__lag_6144,x__mean_abs_change
A,0.9530863747020082,0.011844544438393024
