id,x__autocorrelation__lag_6144,x__mean_abs_change
A,0.9392822875271741,0.009037673597053599
