id,x__autocorrelation__lag_6144,x__mean_abs_change
A,0.9389672496099256,0.009075259282094636
