id,x__autocorrelation__lag_6144,x__mean_abs_change
A,0.9493126308148672,0.011668149340395019
