id,x__autocorrelation__lag_6144,x__mean_abs_change
A,0.9264260644496806,0.007455332926647134
