id,x__autocorrelation__lag_6144,x__mean_abs_change
A,0.9161787382255516,0.007330055838439727
