id,x__autocorrelation__lag_6144,x__mean_abs_change
A,0.9198853390904185,0.007413445548573885
