id,x__autocorrelation__lag_6144,x__mean_abs_change
A,0.9561258324907603,0.01226259773534284
