id,x__autocorrelation__lag_6144,x__mean_abs_change
A,0.43727164457369105,0.007253939210698095
