id,x__autocorrelation__lag_6144,x__mean_abs_change
A,0.9257305353580382,0.007634071767132728
