id,x__autocorrelation__lag_6144,x__mean_abs_change
A,0.9361659929504718,0.007249725175720381
