id,x__autocorrelation__lag_6144,x__mean_abs_change
A,0.9189904987218402,0.007648252463379429
