id,x__autocorrelation__lag_6144,x__mean_abs_change
A,0.9157406925131022,0.007210626498503932
