id,x__autocorrelation__lag_6144,x__mean_abs_change
A,0.881741853040712,0.007601086190716991
