id,x__autocorrelation__lag_6144,x__mean_abs_change
A,0.9294104142579055,0.007793822735037643
