id,x__autocorrelation__lag_6144,x__mean_abs_change
A,0.9285190705855392,0.00797806707046534
