id,x__autocorrelation__lag_6144,x__mean_abs_change
A,0.4723473208176627,0.007071817226889159
