id,x__autocorrelation__lag_6144,x__mean_abs_change
A,0.9395323539571011,0.009311370956086643
