id,x__autocorrelation__lag_6144,x__mean_abs_change
A,0.9358885587967151,0.008576059688199513
