id,x__autocorrelation__lag_6144,x__mean_abs_change
A,0.731922272495654,0.00825613285318511
