id,x__autocorrelation__lag_6144,x__mean_abs_change
A,0.9482935676677746,0.010535212372509768
