id,x__autocorrelation__lag_6144,x__mean_abs_change
A,0.9357323140416008,0.00875854509102055
