id,x__autocorrelation__lag_6144,x__mean_abs_change
A,0.9113972475068108,0.007214168908644083
