id,x__autocorrelation__lag_6144,x__mean_abs_change
A,0.8971601003437162,0.0076640910477253485
