id,x__autocorrelation__lag_6144,x__mean_abs_change
A,0.9471262311037272,0.010220559654691647
