id,x__autocorrelation__lag_6144,x__mean_abs_change
A,0.9399234006456499,0.008716865133823231
