id,x__autocorrelation__lag_6144,x__mean_abs_change
A,0.9334919116538385,0.00868441853179604
