id,x__autocorrelation__lag_6144,x__mean_abs_change
A,0.9485066959821821,0.010810191227890753
