id,x__autocorrelation__lag_6144,x__mean_abs_change
A,0.9342827077297315,0.009193308625607792
