id,x__autocorrelation__lag_6144,x__mean_abs_change
A,0.9351156136055205,0.008765789918242095
