id,x__autocorrelation__lag_6144,x__mean_abs_change
A,0.4228578066799033,0.0071141205748529845
