id,x__autocorrelation__lag_6144,x__mean_abs_change
A,0.9205479769438457,0.0075751791846021405
