id,x__autocorrelation__lag_6144,x__mean_abs_change
A,0.537565123477833,0.00931864478790578
