id,x__autocorrelation__lag_6144,x__mean_abs_change
A,0.9241080093103072,0.0073797893545828564
