id,x__autocorrelation__lag_6144,x__mean_abs_change
A,0.9377721355564789,0.007381039458969687
