id,x__autocorrelation__lag_6144,x__mean_abs_change
A,0.9540276688991579,0.01168243684181161
