id,x__autocorrelation__lag_6144,x__mean_abs_change
A,0.9255934524321143,0.007200092187516143
