id,x__autocorrelation__lag_6144,x__mean_abs_change
A,0.9249562541576545,0.00769090091727801
