id,x__autocorrelation__lag_6144,x__mean_abs_change
A,0.9205899717350066,0.007164773890292466
