id,x__autocorrelation__lag_6144,x__mean_abs_change
A,0.9504634499563668,0.011210434716463566
