id,x__autocorrelation__lag_6144,x__mean_abs_change
A,0.8944570786897965,0.007239866250893636
