id,x__autocorrelation__lag_6144,x__mean_abs_change
A,0.9559212334622404,0.00871856194173331
