id,x__autocorrelation__lag_6144,x__mean_abs_change
A,0.9550545593801263,0.012380592440381546
