id,x__autocorrelation__lag_6144,x__mean_abs_change
A,0.9559963633064048,0.006959646751489811
