id,x__autocorrelation__lag_6144,x__mean_abs_change
A,0.932647952495508,0.008139133100294389
