id,x__autocorrelation__lag_6144,x__mean_abs_change
A,0.9347389596115255,0.007703445616995715
