id,x__autocorrelation__lag_6144,x__mean_abs_change
A,0.9544852859576555,0.011817760678813172
