id,x__autocorrelation__lag_6144,x__mean_abs_change
A,0.9580283099397083,0.013482429049568237
