id,x__autocorrelation__lag_6144,x__mean_abs_change
A,0.9203795879116022,0.0072979675353113315
