id,x__autocorrelation__lag_6144,x__mean_abs_change
A,0.9411451982793038,0.009182816442389692
