id,x__autocorrelation__lag_6144,x__mean_abs_change
A,0.8951474537638441,0.0075921960544130225
