id,x__autocorrelation__lag_6144,x__mean_abs_change
A,0.921344021329656,0.007822446540497314
