id,x__autocorrelation__lag_6144,x__mean_abs_change
A,0.9245503560270073,0.007259607681442971
