id,x__autocorrelation__lag_6144,x__mean_abs_change
A,0.9364065396363279,0.007744166134674282
