id,x__autocorrelation__lag_6144,x__mean_abs_change
A,0.9261317269944512,0.0075265988179804245
