id,x__autocorrelation__lag_6144,x__mean_abs_change
A,0.9319599813188061,0.00828441117230148
