id,x__autocorrelation__lag_6144,x__mean_abs_change
A,0.9425694983189469,0.00898492628996508
