id,x__autocorrelation__lag_6144,x__mean_abs_change
A,0.9269403811620142,0.007896333833471865
