id,x__autocorrelation__lag_6144,x__mean_abs_change
A,0.9569966536256989,0.012418987111073969
