id,x__autocorrelation__lag_6144,x__mean_abs_change
A,0.4151493193386162,0.00729395894845186
