id,x__autocorrelation__lag_6144,x__mean_abs_change
A,0.9352660109464859,0.00859303842336001
