id,x__autocorrelation__lag_6144,x__mean_abs_change
A,0.9570363150266437,0.013124743005893601
