id,x__autocorrelation__lag_6144,x__mean_abs_change
A,0.9568459220792939,0.012492354452217252
