id,x__autocorrelation__lag_6144,x__mean_abs_change
A,0.9358410764947702,0.008288429084858039
