id,x__autocorrelation__lag_6144,x__mean_abs_change
A,0.9203570884392975,0.007666231445154707
