id,x__autocorrelation__lag_6144,x__mean_abs_change
A,0.8922251451589026,0.008336913751533562
