id,x__autocorrelation__lag_6144,x__mean_abs_change
A,0.9014671302214164,0.007447809326019388
