id,x__autocorrelation__lag_6144,x__mean_abs_change
A,0.9541595837626233,0.011568606429348852
