id,x__autocorrelation__lag_6144,x__mean_abs_change
A,0.9576551646618409,0.013475027690698025
