id,x__autocorrelation__lag_6144,x__mean_abs_change
A,0.9252195811503756,0.0074522293057131435
