id,x__autocorrelation__lag_6144,x__mean_abs_change
A,0.9421868567603215,0.008845961547915372
