id,x__autocorrelation__lag_6144,x__mean_abs_change
A,0.9434449508951446,0.01063077737887336
