id,x__autocorrelation__lag_6144,x__mean_abs_change
A,0.9310403372463901,0.007666410843356771
