id,x__autocorrelation__lag_6144,x__mean_abs_change
A,0.8943159394553897,0.00754887754302262
