id,x__autocorrelation__lag_6144,x__mean_abs_change
A,0.9281831034232124,0.00799032916902341
