id,x__autocorrelation__lag_6144,x__mean_abs_change
A,0.7263863919083923,0.007366769808394909
