id,x__autocorrelation__lag_6144,x__mean_abs_change
A,0.9424627314938265,0.009007319062759195
