id,x__autocorrelation__lag_6144,x__mean_abs_change
A,0.9555283426392515,0.012801205026171873
