id,x__autocorrelation__lag_6144,x__mean_abs_change
A,0.9193131485618944,0.0074777394813491365
