id,x__autocorrelation__lag_6144,x__mean_abs_change
A,0.9581443306078038,0.013426379295869439
