id,x__autocorrelation__lag_6144,x__mean_abs_change
A,0.7423812161349659,0.00722763351708219
