id,x__autocorrelation__lag_6144,x__mean_abs_change
A,0.9300659906985772,0.007518345696033789
