id,x__autocorrelation__lag_6144,x__mean_abs_change
A,0.5138424112229358,0.007494636177651631
