id,x__autocorrelation__lag_6144,x__mean_abs_change
A,0.7660318070110023,0.008604444251164777
