id,x__autocorrelation__lag_6144,x__mean_abs_change
A,0.9543328845967303,0.01156602366575194
