id,x__autocorrelation__lag_6144,x__mean_abs_change
A,0.9563446639796931,0.012574389143251024
