id,x__autocorrelation__lag_6144,x__mean_abs_change
A,0.9289242636345834,0.007903305128906019
