id,x__autocorrelation__lag_6144,x__mean_abs_change
A,0.9371107511567138,0.008359664092842459
