id,x__autocorrelation__lag_6144,x__mean_abs_change
A,0.8993106895372629,0.0074939655669034305
