id,x__autocorrelation__lag_6144,x__mean_abs_change
A,0.9192456974644803,0.00746142712657653
