id,x__autocorrelation__lag_6144,x__mean_abs_change
A,0.5403344543022759,0.007394633687154523
