id,x__autocorrelation__lag_6144,x__mean_abs_change
A,0.4778112570924118,0.00725124425997063
