id,x__autocorrelation__lag_6144,x__mean_abs_change
A,0.9309279609284032,0.00799505514338891
