id,x__autocorrelation__lag_6144,x__mean_abs_change
A,0.9391444579908703,0.009108778895306863
