id,x__autocorrelation__lag_6144,x__mean_abs_change
A,0.8999245502479177,0.007732949674653998
