id,x__autocorrelation__lag_6144,x__mean_abs_change
A,0.5092437050444997,0.007258815681894125
