id,x__autocorrelation__lag_6144,x__mean_abs_change
A,0.9197281738568532,0.007411475299206281
