id,x__autocorrelation__lag_6144,x__mean_abs_change
A,0.9332573809187986,0.0075476798731497
