id,x__autocorrelation__lag_6144,x__mean_abs_change
A,0.6978298640543104,0.007490363590839417
