id,x__autocorrelation__lag_6144,x__mean_abs_change
A,0.9327995206658621,0.007766875987264174
