id,x__autocorrelation__lag_6144,x__mean_abs_change
A,0.5281131649278792,0.00786888900364638
