id,x__autocorrelation__lag_6144,x__mean_abs_change
A,0.8531319999982606,0.007517827549500842
