id,x__autocorrelation__lag_6144,x__mean_abs_change
A,0.9278320292056532,0.008918393254130866
