id,x__autocorrelation__lag_6144,x__mean_abs_change
A,0.9534293628818185,0.011821580369647576
