id,x__autocorrelation__lag_6144,x__mean_abs_change
A,0.9433545075402293,0.010807952406794278
