id,x__autocorrelation__lag_6144,x__mean_abs_change
A,0.9022030296210521,0.007775935638119257
