id,x__autocorrelation__lag_6144,x__mean_abs_change
A,0.9389300434792832,0.009214577512350178
