id,x__autocorrelation__lag_6144,x__mean_abs_change
A,0.9352214536869816,0.00848468300404892
