id,x__autocorrelation__lag_6144,x__mean_abs_change
A,0.9187218496486811,0.00773482620048383
