id,x__autocorrelation__lag_6144,x__mean_abs_change
A,0.9328381583298142,0.008452096311479798
