id,x__autocorrelation__lag_6144,x__mean_abs_change
A,0.8652975204030914,0.008309149434975065
