id,x__autocorrelation__lag_6144,x__mean_abs_change
A,0.9032144198392642,0.007702316138870177
