id,x__autocorrelation__lag_6144,x__mean_abs_change
A,0.48100618884037405,0.0071571982744334985
