id,x__autocorrelation__lag_6144,x__mean_abs_change
A,0.956681682972504,0.013125698193549848
