id,x__autocorrelation__lag_6144,x__mean_abs_change
A,0.9467967782205173,0.008686999761971202
