id,x__autocorrelation__lag_6144,x__mean_abs_change
A,0.5241774718523468,0.007497422107255793
