id,x__autocorrelation__lag_6144,x__mean_abs_change
A,0.9367555328658277,0.008837492184372683
