id,x__autocorrelation__lag_6144,x__mean_abs_change
A,0.9421878654751277,0.008455872846460651
