id,x__autocorrelation__lag_6144,x__mean_abs_change
A,0.9294243379032829,0.008203897624238076
