id,x__autocorrelation__lag_6144,x__mean_abs_change
A,0.9054220166739855,0.008173668237592725
