id,x__autocorrelation__lag_6144,x__mean_abs_change
A,0.909750832652124,0.007473137784721539
