id,x__autocorrelation__lag_6144,x__mean_abs_change
A,0.9330934603302038,0.009302235407006254
