id,x__autocorrelation__lag_6144,x__mean_abs_change
A,0.5177260020887563,0.006986667522063176
