id,x__autocorrelation__lag_6144,x__mean_abs_change
A,0.9493078853122385,0.01115466471776983
