id,x__autocorrelation__lag_6144,x__mean_abs_change
A,0.9312771797072659,0.008098988485721388
