id,x__autocorrelation__lag_6144,x__mean_abs_change
A,0.9233870244624407,0.007524272723992219
