id,x__autocorrelation__lag_6144,x__mean_abs_change
A,0.9332212246227412,0.007848818468814477
