id,x__autocorrelation__lag_6144,x__mean_abs_change
A,0.8573486878906054,0.007824169920218702
