id,x__autocorrelation__lag_6144,x__mean_abs_change
A,0.927441931551166,0.007778289939844674
