id,x__autocorrelation__lag_6144,x__mean_abs_change
A,0.925749185149796,0.007697518115844392
