id,x__autocorrelation__lag_6144,x__mean_abs_change
A,0.9000561351639493,0.006391680410387137
