id,x__autocorrelation__lag_6144,x__mean_abs_change
A,0.6854791028547809,0.006855428597983536
