id,x__autocorrelation__lag_6144,x__mean_abs_change
A,0.9296144281388523,0.007536860530850912
