id,x__autocorrelation__lag_6144,x__mean_abs_change
A,0.5020300135041188,0.007542035111617775
