id,x__autocorrelation__lag_6144,x__mean_abs_change
A,0.9207207747114707,0.007414629310289508
