id,x__autocorrelation__lag_6144,x__mean_abs_change
A,0.8731973955397275,0.00790917539895324
