id,x__autocorrelation__lag_6144,x__mean_abs_change
A,0.9313210695022699,0.007285248718400145
