id,x__autocorrelation__lag_6144,x__mean_abs_change
A,0.945315176785906,0.007817834734332174
