id,x__autocorrelation__lag_6144,x__mean_abs_change
A,0.9583360889871514,0.013225993437825866
