id,x__autocorrelation__lag_6144,x__mean_abs_change
A,0.9302310448852531,0.007432874241767344
