id,x__autocorrelation__lag_6144,x__mean_abs_change
A,0.4698498934229373,0.008073601208655365
