id,x__autocorrelation__lag_6144,x__mean_abs_change
A,0.928944980946184,0.0075293063408769815
