id,x__autocorrelation__lag_6144,x__mean_abs_change
A,0.9492364786080386,0.010723652426733666
