id,x__autocorrelation__lag_6144,x__mean_abs_change
A,0.9210852804267737,0.007479669566381953
