id,x__autocorrelation__lag_6144,x__mean_abs_change
A,0.524906455352152,0.007670335247872007
