id,x__autocorrelation__lag_6144,x__mean_abs_change
A,0.949520660148244,0.008787484891126221
