id,x__autocorrelation__lag_6144,x__mean_abs_change
A,0.44942487700773476,0.006680812820219786
