id,x__autocorrelation__lag_6144,x__mean_abs_change
A,0.9184524104516156,0.007436275680002021
