id,x__autocorrelation__lag_6144,x__mean_abs_change
A,0.9574538479819027,0.013001045677554564
