id,x__autocorrelation__lag_6144,x__mean_abs_change
A,0.9293342688148053,0.007592854169497706
