id,x__autocorrelation__lag_6144,x__mean_abs_change
A,0.7666251092191959,0.008517081378331957
