id,x__autocorrelation__lag_6144,x__mean_abs_change
A,0.9306338509374805,0.007783234038347481
