id,x__autocorrelation__lag_6144,x__mean_abs_change
A,0.94424247557383,0.00911363907685008
