id,x__autocorrelation__lag_6144,x__mean_abs_change
A,0.9293326391184639,0.007693874800873472
