id,x__autocorrelation__lag_6144,x__mean_abs_change
A,0.923189021550966,0.0076169476735086575
