id,x__autocorrelation__lag_6144,x__mean_abs_change
A,0.9480588129025975,0.009172001358445328
