id,x__autocorrelation__lag_6144,x__mean_abs_change
A,0.9262708457522343,0.007819749927231735
