id,x__autocorrelation__lag_6144,x__mean_abs_change
A,0.7021216891441309,0.0076680359035033755
