id,x__autocorrelation__lag_6144,x__mean_abs_change
A,0.931771040400825,0.0074025046265637435
