id,x__autocorrelation__lag_6144,x__mean_abs_change
A,0.9355665043684042,0.008610652519317027
