id,x__autocorrelation__lag_6144,x__mean_abs_change
A,0.9364097466655747,0.008921509700949655
