id,x__autocorrelation__lag_6144,x__mean_abs_change
A,0.9438064131309251,0.008913461235051174
