id,x__autocorrelation__lag_6144,x__mean_abs_change
A,0.47328079754258034,0.00911616783414253
