id,x__autocorrelation__lag_6144,x__mean_abs_change
A,0.9597906220913032,0.01361515385136748
