id,x__autocorrelation__lag_6144,x__mean_abs_change
A,0.9360689134512001,0.008749875014176086
