id,x__autocorrelation__lag_6144,x__mean_abs_change
A,0.9458937095551668,0.009144357720011239
