id,x__autocorrelation__lag_6144,x__mean_abs_change
A,0.9247858134284461,0.007540953924087805
