id,x__autocorrelation__lag_6144,x__mean_abs_change
A,0.8933546328049983,0.008117563141853914
