id,x__autocorrelation__lag_6144,x__mean_abs_change
A,0.936285423794536,0.008838180754097646
