id,x__autocorrelation__lag_6144,x__mean_abs_change
A,0.9408627758105667,0.008828084493382677
