id,x__autocorrelation__lag_6144,x__mean_abs_change
A,0.9444243416120643,0.00885493839136589
