id,x__autocorrelation__lag_6144,x__mean_abs_change
A,0.9246938086747986,0.007507425783075299
