id,x__autocorrelation__lag_6144,x__mean_abs_change
A,0.9279097747765276,0.007902486213361067
