id,x__autocorrelation__lag_6144,x__mean_abs_change
A,0.9465238215968148,0.008724357875925019
