id,x__autocorrelation__lag_6144,x__mean_abs_change
A,0.9569178452943513,0.013587619169458182
