id,x__autocorrelation__lag_6144,x__mean_abs_change
A,0.9537806029120185,0.011671208202560847
