id,x__autocorrelation__lag_6144,x__mean_abs_change
A,0.9174804826321171,0.007497027101205517
