id,x__autocorrelation__lag_6144,x__mean_abs_change
A,0.9060827267620446,0.007817609506918257
