id,x__autocorrelation__lag_6144,x__mean_abs_change
A,0.7627747402121767,0.00863884817832666
