id,x__autocorrelation__lag_6144,x__mean_abs_change
A,0.918809021075539,0.007573279980272971
