id,x__autocorrelation__lag_6144,x__mean_abs_change
A,0.9538899880798044,0.011683409214287881
