id,x__autocorrelation__lag_6144,x__mean_abs_change
A,0.91833156825528,0.007249330968242404
