id,x__autocorrelation__lag_6144,x__mean_abs_change
A,0.9402144844698499,0.008600528537784086
