id,x__autocorrelation__lag_6144,x__mean_abs_change
A,0.958650364978151,0.01303138336630999
