id,x__autocorrelation__lag_6144,x__mean_abs_change
A,0.955695770249586,0.012917875064117398
