id,x__autocorrelation__lag_6144,x__mean_abs_change
A,0.9330887583254024,0.00763945168996091
