id,x__autocorrelation__lag_6144,x__mean_abs_change
A,0.9341263823588027,0.00817462925058818
