id,x__autocorrelation__lag_6144,x__mean_abs_change
A,0.893872262870922,0.007517754675955129
