id,x__autocorrelation__lag_6144,x__mean_abs_change
A,0.95611143708539,0.012438316351490366
