id,x__autocorrelation__lag_6144,x__mean_abs_change
A,0.862664770286056,0.00773208304046182
