id,x__autocorrelation__lag_6144,x__mean_abs_change
A,0.5437002072450445,0.007597362953751785
