id,x__autocorrelation__lag_6144,x__mean_abs_change
A,0.925143445956569,0.00783222769818073
