id,x__autocorrelation__lag_6144,x__mean_abs_change
A,0.9146161000465041,0.008140492340473563
