id,x__autocorrelation__lag_6144,x__mean_abs_change
A,0.923626372401418,0.007607152813099097
