id,x__autocorrelation__lag_6144,x__mean_abs_change
A,0.9308451988432063,0.00891385904278204
