id,x__autocorrelation__lag_6144,x__mean_abs_change
A,0.8040749268754169,0.007333400317488115
