id,x__autocorrelation__lag_6144,x__mean_abs_change
A,0.9018604635131686,0.008891742983353976
