id,x__autocorrelation__lag_6144,x__mean_abs_change
A,0.9218170871288448,0.007736500279067893
