id,x__autocorrelation__lag_6144,x__mean_abs_change
A,0.9285730392888232,0.007969122664034652
