id,x__autocorrelation__lag_6144,x__mean_abs_change
A,0.7818509140556511,0.007751859566843088
