id,x__autocorrelation__lag_6144,x__mean_abs_change
A,0.9280572480170312,0.007733264135764812
