id,x__autocorrelation__lag_6144,x__mean_abs_change
A,0.9413753940894959,0.008582666773247611
