id,x__autocorrelation__lag_6144,x__mean_abs_change
A,0.8959692053935677,0.0074259906124419985
