id,x__autocorrelation__lag_6144,x__mean_abs_change
A,0.953549915100724,0.011526347637815881
