id,x__autocorrelation__lag_6144,x__mean_abs_change
A,0.9271854517757645,0.007298706733138112
