id,x__autocorrelation__lag_6144,x__mean_abs_change
A,0.9359478009233917,0.007908497764517512
