id,x__autocorrelation__lag_6144,x__mean_abs_change
A,0.7210371279189108,0.007285597739427498
