id,x__autocorrelation__lag_6144,x__mean_abs_change
A,0.9222690898131114,0.007475822149593797
