id,x__autocorrelation__lag_6144,x__mean_abs_change
A,0.9546933926955703,0.011535738986635095
