id,x__autocorrelation__lag_6144,x__mean_abs_change
A,0.932441618657236,0.007858695935271026
