id,x__autocorrelation__lag_6144,x__mean_abs_change
A,0.9212371719459664,0.007528395590703668
