id,x__autocorrelation__lag_6144,x__mean_abs_change
A,0.9229476203046386,0.008265171832898016
