id,x__autocorrelation__lag_6144,x__mean_abs_change
A,0.878988906960525,0.007699559298325508
