id,x__autocorrelation__lag_6144,x__mean_abs_change
A,0.9232376873792585,0.007788758814378664
