id,x__autocorrelation__lag_6144,x__mean_abs_change
A,0.9020619185879913,0.007733632003830625
