id,x__autocorrelation__lag_6144,x__mean_abs_change
A,0.9394512906615874,0.008871842496884778
