id,x__autocorrelation__lag_6144,x__mean_abs_change
A,0.9366057044605343,0.007510537874985994
