id,x__autocorrelation__lag_6144,x__mean_abs_change
A,0.9325902261438315,0.008523379229733721
