id,x__autocorrelation__lag_6144,x__mean_abs_change
A,0.8697156649545245,0.007678381681023179
