id,x__autocorrelation__lag_6144,x__mean_abs_change
A,0.9432456975082022,0.008700309367892282
