id,x__autocorrelation__lag_6144,x__mean_abs_change
A,0.9332774966772408,0.009056292203430117
