id,x__autocorrelation__lag_6144,x__mean_abs_change
A,0.9591393888703746,0.013861192010763981
