id,x__autocorrelation__lag_6144,x__mean_abs_change
A,0.9390273939507088,0.007990974542056111
