id,x__autocorrelation__lag_6144,x__mean_abs_change
A,0.9346193162833233,0.008524680403182565
