id,x__autocorrelation__lag_6144,x__mean_abs_change
A,0.936454715416409,0.008888853675206384
