id,x__autocorrelation__lag_6144,x__mean_abs_change
A,0.9486894870721674,0.008594369607462123
