id,x__autocorrelation__lag_6144,x__mean_abs_change
A,0.9376317841257636,0.008457960260626425
