id,x__autocorrelation__lag_6144,x__mean_abs_change
A,0.45915998298545907,0.008190343317407936
