id,x__autocorrelation__lag_6144,x__mean_abs_change
A,0.9268744310595786,0.00761785480490728
