id,x__autocorrelation__lag_6144,x__mean_abs_change
A,0.5134630880517245,0.00916126038395939
