id,x__autocorrelation__lag_6144,x__mean_abs_change
A,0.9196279192538855,0.00731224916375901
