id,x__autocorrelation__lag_6144,x__mean_abs_change
A,0.930179598132081,0.007577356169626598
