id,x__autocorrelation__lag_6144,x__mean_abs_change
A,0.9304568550633472,0.008387853198655515
