id,x__autocorrelation__lag_6144,x__mean_abs_change
A,0.9490204419076574,0.010885933476446239
