id,x__autocorrelation__lag_6144,x__mean_abs_change
A,0.9357260460520492,0.008685263504073937
