id,x__autocorrelation__lag_6144,x__mean_abs_change
A,0.9199116193048996,0.007355989395879474
