id,x__autocorrelation__lag_6144,x__mean_abs_change
A,0.9490860366291557,0.011085292117814022
