id,x__autocorrelation__lag_6144,x__mean_abs_change
A,0.9214069256994377,0.007261604166419162
