id,x__autocorrelation__lag_6144,x__mean_abs_change
A,0.9344765299838756,0.007671121205017644
