id,x__autocorrelation__lag_6144,x__mean_abs_change
A,0.9550163830366466,0.01251847238544936
