id,x__autocorrelation__lag_6144,x__mean_abs_change
A,0.7868756381878402,0.007289878583586603
