id,x__autocorrelation__lag_6144,x__mean_abs_change
A,0.9275664672882653,0.007657417791425546
