id,x__autocorrelation__lag_6144,x__mean_abs_change
A,0.9319768196819752,0.007638367829412947
