id,x__autocorrelation__lag_6144,x__mean_abs_change
A,0.9569540181475461,0.013369540461956056
