id,x__autocorrelation__lag_6144,x__mean_abs_change
A,0.927589396898953,0.0075919309375522175
