id,x__autocorrelation__lag_6144,x__mean_abs_change
A,0.9247323019561999,0.007707517169040464
