id,x__autocorrelation__lag_6144,x__mean_abs_change
A,0.8736903839382639,0.007772789132223417
