id,x__autocorrelation__lag_6144,x__mean_abs_change
A,0.5361379052570796,0.007411030285926499
