id,x__autocorrelation__lag_6144,x__mean_abs_change
A,0.9428101369767768,0.008821508177474248
