id,x__autocorrelation__lag_6144,x__mean_abs_change
A,0.9207458415636975,0.0075932969625227085
