id,x__autocorrelation__lag_6144,x__mean_abs_change
A,0.9308574289476494,0.0074219274430034855
