id,x__autocorrelation__lag_6144,x__mean_abs_change
A,0.9300483977966724,0.0075739856318961405
