id,x__autocorrelation__lag_6144,x__mean_abs_change
A,0.8937142249545216,0.007510309107143784
