id,x__autocorrelation__lag_6144,x__mean_abs_change
A,0.9291409275529431,0.007717467058759749
