id,x__autocorrelation__lag_6144,x__mean_abs_change
A,0.9289617965404884,0.009012817897813554
