id,x__autocorrelation__lag_6144,x__mean_abs_change
A,0.8958090147002449,0.007716326108785032
