id,x__autocorrelation__lag_6144,x__mean_abs_change
A,0.8828296319114528,0.0066276285604093665
