id,x__autocorrelation__lag_6144,x__mean_abs_change
A,0.9197864894790441,0.0076065889275604304
