id,x__autocorrelation__lag_6144,x__mean_abs_change
A,0.8903411572941099,0.007714016916009478
