id,x__autocorrelation__lag_6144,x__mean_abs_change
A,0.9241183925199971,0.007382468833380689
