id,x__autocorrelation__lag_6144,x__mean_abs_change
A,0.9382389110318601,0.00925982608852935
