id,x__autocorrelation__lag_6144,x__mean_abs_change
A,0.9322687461125386,0.0078005224006962364
