id,x__autocorrelation__lag_6144,x__mean_abs_change
A,0.9462063979927321,0.008832953043656253
