id,x__autocorrelation__lag_6144,x__mean_abs_change
A,0.9288745710464879,0.00849241148624532
