id,x__autocorrelation__lag_6144,x__mean_abs_change
A,0.9367966820872489,0.0075837512276191055
