id,x__autocorrelation__lag_6144,x__mean_abs_change
A,0.9248573742178939,0.007346599253277252
