id,x__autocorrelation__lag_6144,x__mean_abs_change
A,0.4777286876500847,0.007210172077545393
