id,x__autocorrelation__lag_6144,x__mean_abs_change
A,0.7604095811960357,0.008556597568101017
