id,x__autocorrelation__lag_6144,x__mean_abs_change
A,0.930512049892751,0.0073896631710684765
