id,x__autocorrelation__lag_6144,x__mean_abs_change
A,0.5174586267397837,0.007430509707720092
