id,x__autocorrelation__lag_6144,x__mean_abs_change
A,0.9314826995385181,0.007868285668275212
