id,x__autocorrelation__lag_6144,x__mean_abs_change
A,0.9278737354279036,0.007894792058372688
