id,x__autocorrelation__lag_6144,x__mean_abs_change
A,0.9155385331182968,0.007342923194872348
