id,x__autocorrelation__lag_6144,x__mean_abs_change
A,0.9215133587455187,0.007083366654540093
