id,x__autocorrelation__lag_6144,x__mean_abs_change
A,0.8627790519866706,0.007984656022373972
