id,x__autocorrelation__lag_6144,x__mean_abs_change
A,0.9441076545680135,0.008926007797380628
