id,x__autocorrelation__lag_6144,x__mean_abs_change
A,0.8888490819710356,0.007511196076940615
