id,x__autocorrelation__lag_6144,x__mean_abs_change
A,0.9202179067116325,0.007511280514939372
