id,x__autocorrelation__lag_6144,x__mean_abs_change
A,0.9151654525792783,0.007576794133050673
