id,x__autocorrelation__lag_6144,x__mean_abs_change
A,0.5167916377079333,0.00710153274584753
