id,x__autocorrelation__lag_6144,x__mean_abs_change
A,0.9426034756837334,0.008897313219016913
