id,x__autocorrelation__lag_6144,x__mean_abs_change
A,0.40490765578274357,0.0075706484332984225
