id,x__autocorrelation__lag_6144,x__mean_abs_change
A,0.4387280984511695,0.00760189189395107
