id,x__autocorrelation__lag_6144,x__mean_abs_change
A,0.9260342651604272,0.007462799116836194
