id,x__autocorrelation__lag_6144,x__mean_abs_change
A,0.9409086816263208,0.008652443492424425
