id,x__autocorrelation__lag_6144,x__mean_abs_change
A,0.9400737406633116,0.007728594546750022
