id,x__autocorrelation__lag_6144,x__mean_abs_change
A,0.61967805276743,0.008514002554008877
