id,x__autocorrelation__lag_6144,x__mean_abs_change
A,0.8757248760765362,0.007252809925432389
