id,x__autocorrelation__lag_6144,x__mean_abs_change
A,0.9317474299119586,0.007672838906537806
