id,x__autocorrelation__lag_6144,x__mean_abs_change
A,0.5597794444843409,0.008819508242301696
