id,x__autocorrelation__lag_6144,x__mean_abs_change
A,0.4692114033899636,0.0073086449898602645
