id,x__autocorrelation__lag_6144,x__mean_abs_change
A,0.9415706079600191,0.008843172249044599
