id,x__autocorrelation__lag_6144,x__mean_abs_change
A,0.9598478451026081,0.01367415749562795
