id,x__autocorrelation__lag_6144,x__mean_abs_change
A,0.9385113897234134,0.009080874272467634
