id,x__autocorrelation__lag_6144,x__mean_abs_change
A,0.9494555280481067,0.006785125007751528
