id,x__autocorrelation__lag_6144,x__mean_abs_change
A,0.4602118412603994,0.007016435873491254
