id,x__autocorrelation__lag_6144,x__mean_abs_change
A,0.943409137287128,0.010093845794458772
