id,x__autocorrelation__lag_6144,x__mean_abs_change
A,0.8523700906084843,0.008480696333025691
