id,x__autocorrelation__lag_6144,x__mean_abs_change
A,0.9517768346110901,0.011421659050365117
