id,x__autocorrelation__lag_6144,x__mean_abs_change
A,0.9067170310788697,0.007507270859409993
