id,x__autocorrelation__lag_6144,x__mean_abs_change
A,0.9482925702411688,0.00939013756849499
