id,x__autocorrelation__lag_6144,x__mean_abs_change
A,0.5496117335424271,0.007985417080677827
