id,x__autocorrelation__lag_6144,x__mean_abs_change
A,0.9322976728917189,0.008092286254344412
