id,x__autocorrelation__lag_6144,x__mean_abs_change
A,0.9539281725933833,0.007702662185477413
