id,x__autocorrelation__lag_6144,x__mean_abs_change
A,0.9447896970844621,0.008969249703195374
