id,x__autocorrelation__lag_6144,x__mean_abs_change
A,0.933489295301137,0.007740862200168127
