id,x__autocorrelation__lag_6144,x__mean_abs_change
A,0.8449793975395287,0.0076187948025705984
