id,x__autocorrelation__lag_6144,x__mean_abs_change
A,0.9321841368621958,0.007362082426063147
