id,x__autocorrelation__lag_6144,x__mean_abs_change
A,0.9270413127808519,0.00961550133104941
