id,x__autocorrelation__lag_6144,x__mean_abs_change
A,0.9298706460081979,0.007538929215157506
