id,x__autocorrelation__lag_6144,x__mean_abs_change
A,0.42430042085026476,0.006626658352318223
