id,x__autocorrelation__lag_6144,x__mean_abs_change
A,0.8720151745458026,0.0075551430485388425
