id,x__autocorrelation__lag_6144,x__mean_abs_change
A,0.9508778866586345,0.011476106895243428
