id,x__autocorrelation__lag_6144,x__mean_abs_change
A,0.9516519393810948,0.011044044950083742
