id,x__autocorrelation__lag_6144,x__mean_abs_change
A,0.927901410682436,0.008124340247435602
