id,x__autocorrelation__lag_6144,x__mean_abs_change
A,0.9538197615909796,0.01183584794020629
