id,x__autocorrelation__lag_6144,x__mean_abs_change
A,0.930532750066752,0.007801918283891538
