id,x__autocorrelation__lag_6144,x__mean_abs_change
A,0.9411689091616853,0.009041909045494565
