id,x__autocorrelation__lag_6144,x__mean_abs_change
A,0.8950808490690155,0.007700643404921601
