id,x__autocorrelation__lag_6144,x__mean_abs_change
A,0.9253615578587795,0.007857288459417154
