id,x__autocorrelation__lag_6144,x__mean_abs_change
A,0.9346755994065022,0.008094779346574025
