id,x__autocorrelation__lag_6144,x__mean_abs_change
A,0.9244428230639595,0.007781855889469577
