id,x__autocorrelation__lag_6144,x__mean_abs_change
A,0.9234811301703325,0.007487183239596352
