id,x__autocorrelation__lag_6144,x__mean_abs_change
A,0.9394962182304125,0.008758991899445687
