id,x__autocorrelation__lag_6144,x__mean_abs_change
A,0.9470599441563471,0.01043264358553136
