id,x__autocorrelation__lag_6144,x__mean_abs_change
A,0.7795136214618447,0.008512178917915779
