id,x__autocorrelation__lag_6144,x__mean_abs_change
A,0.9282888558654955,0.007972659743623486
