id,x__autocorrelation__lag_6144,x__mean_abs_change
A,0.43598229607646605,0.007914504044055193
