id,x__autocorrelation__lag_6144,x__mean_abs_change
A,0.9341099722007384,0.007272056744963104
