id,x__autocorrelation__lag_6144,x__mean_abs_change
A,0.9577871534255044,0.013188659808515373
