id,x__autocorrelation__lag_6144,x__mean_abs_change
A,0.9277876903302265,0.007316392042861394
