id,x__autocorrelation__lag_6144,x__mean_abs_change
A,0.946754383474069,0.010538356655154962
