id,x__autocorrelation__lag_6144,x__mean_abs_change
A,0.9579938707919067,0.01353056754851259
