id,x__autocorrelation__lag_6144,x__mean_abs_change
A,0.4926274726014232,0.009323908486711389
