id,x__autocorrelation__lag_6144,x__mean_abs_change
A,0.903474597958819,0.008491230584668438
