id,x__autocorrelation__lag_6144,x__mean_abs_change
A,0.9268636952818151,0.007639138221169121
