id,x__autocorrelation__lag_6144,x__mean_abs_change
A,0.9418451444735436,0.008857407338001229
