id,x__autocorrelation__lag_6144,x__mean_abs_change
A,0.943610190016079,0.008854644935367237
