id,x__autocorrelation__lag_6144,x__mean_abs_change
A,0.9548648389776985,0.012407094182517005
