id,x__autocorrelation__lag_6144,x__mean_abs_change
A,0.9248081936553113,0.008010756895895867
