id,x__autocorrelation__lag_6144,x__mean_abs_change
A,0.9071434546689034,0.0075350578854526664
