id,x__autocorrelation__lag_6144,x__mean_abs_change
A,0.9237989437661417,0.0074792889117953395
