id,x__autocorrelation__lag_6144,x__mean_abs_change
A,0.9214777185977937,0.00747341408140373
