id,x__autocorrelation__lag_6144,x__mean_abs_change
A,0.9301595608594002,0.0077564020282631105
