id,x__autocorrelation__lag_6144,x__mean_abs_change
A,0.9192645050503219,0.007603972315677133
