id,x__autocorrelation__lag_6144,x__mean_abs_change
A,0.928515721538835,0.007484329520696981
