id,x__autocorrelation__lag_6144,x__mean_abs_change
A,0.9389639287175466,0.009128652632491662
