id,x__autocorrelation__lag_6144,x__mean_abs_change
A,0.9390091024670731,0.00826791637448052
