id,x__autocorrelation__lag_6144,x__mean_abs_change
A,0.9327044535837313,0.007700635404286294
