id,x__autocorrelation__lag_6144,x__mean_abs_change
A,0.9549887979820114,0.012323022725013628
