id,x__autocorrelation__lag_6144,x__mean_abs_change
A,0.9277991111922299,0.007919131824569364
