id,x__autocorrelation__lag_6144,x__mean_abs_change
A,0.9556739781973325,0.012356530027589588
