id,x__autocorrelation__lag_6144,x__mean_abs_change
A,0.9501666437953084,0.010956055470177374
