id,x__autocorrelation__lag_6144,x__mean_abs_change
A,0.5159937468015552,0.009476386551862588
