id,x__autocorrelation__lag_6144,x__mean_abs_change
A,0.9335750098179719,0.007807322906147879
