id,x__autocorrelation__lag_6144,x__mean_abs_change
A,0.937681458724438,0.008813779444594112
