id,x__autocorrelation__lag_6144,x__mean_abs_change
A,0.9424545714915882,0.008999541026338858
