id,x__autocorrelation__lag_6144,x__mean_abs_change
A,0.958610323856915,0.013420625214523422
