id,x__autocorrelation__lag_6144,x__mean_abs_change
A,0.9334297254341059,0.00840562221113621
