id,x__autocorrelation__lag_6144,x__mean_abs_change
A,0.797505886805591,0.006978656978025753
