id,x__autocorrelation__lag_6144,x__mean_abs_change
A,0.9252350840908466,0.007528045073612706
