id,x__autocorrelation__lag_6144,x__mean_abs_change
A,0.5241860392211979,0.007228759051414569
