id,x__autocorrelation__lag_6144,x__mean_abs_change
A,0.9519718442640144,0.0114997921797743
