id,x__autocorrelation__lag_6144,x__mean_abs_change
A,0.9206575515077463,0.007635831948733897
