id,x__autocorrelation__lag_6144,x__mean_abs_change
A,0.9352931156874914,0.0079853543380017
