id,x__autocorrelation__lag_6144,x__mean_abs_change
A,0.9384969749855075,0.00827760928005043
