id,x__autocorrelation__lag_6144,x__mean_abs_change
A,0.926122335135203,0.007912481515871315
