id,x__autocorrelation__lag_6144,x__mean_abs_change
A,0.9327612764133744,0.007816538022632113
