id,x__autocorrelation__lag_6144,x__mean_abs_change
A,0.9372524916657562,0.008522889222662035
