id,x__autocorrelation__lag_6144,x__mean_abs_change
A,0.9483513979370605,0.010566181606111287
