id,x__autocorrelation__lag_6144,x__mean_abs_change
A,0.9380228204421264,0.009099608945256092
