id,x__autocorrelation__lag_6144,x__mean_abs_change
A,0.9204807526702435,0.007622767392717629
