id,x__autocorrelation__lag_6144,x__mean_abs_change
A,0.9386247372604937,0.008831752381687059
