id,x__autocorrelation__lag_6144,x__mean_abs_change
A,0.9536174881091737,0.01240804578920017
