id,x__autocorrelation__lag_6144,x__mean_abs_change
A,0.9573454817238989,0.012444546025675487
