id,x__autocorrelation__lag_6144,x__mean_abs_change
A,0.95860150441151,0.012771342763260245
