id,x__autocorrelation__lag_6144,x__mean_abs_change
A,0.8869935389444163,0.007731154486648417
