id,x__autocorrelation__lag_6144,x__mean_abs_change
A,0.9406289975559483,0.00879791476289827
