id,x__autocorrelation__lag_6144,x__mean_abs_change
A,0.9234178439568624,0.007443465045065136
