id,x__autocorrelation__lag_6144,x__mean_abs_change
A,0.8998226581815256,0.007579040849767122
