id,x__autocorrelation__lag_6144,x__mean_abs_change
A,0.9388927175691778,0.009120373033199042
