id,x__autocorrelation__lag_6144,x__mean_abs_change
A,0.9312715983123697,0.007803209099867463
