id,x__autocorrelation__lag_6144,x__mean_abs_change
A,0.9543600634099485,0.012394110784206639
