id,x__autocorrelation__lag_6144,x__mean_abs_change
A,0.9448400037647328,0.00826545596298302
