id,x__autocorrelation__lag_6144,x__mean_abs_change
A,0.9393029412939985,0.00842213666390617
