id,x__autocorrelation__lag_6144,x__mean_abs_change
A,0.9261745094496024,0.007958875762032483
