id,x__autocorrelation__lag_6144,x__mean_abs_change
A,0.9571019586028723,0.012942113833946802
