id,x__autocorrelation__lag_6144,x__mean_abs_change
A,0.9268689976941619,0.007344865649432714
