id,x__autocorrelation__lag_6144,x__mean_abs_change
A,0.9339079483326296,0.00726440457064254
