id,x__autocorrelation__lag_6144,x__mean_abs_change
A,0.9204394536156342,0.007456397377685774
