id,x__autocorrelation__lag_6144,x__mean_abs_change
A,0.8882751540338665,0.007470489768001598
