id,x__autocorrelation__lag_6144,x__mean_abs_change
A,0.9572203287081704,0.013206819680204311
