id,x__autocorrelation__lag_6144,x__mean_abs_change
A,0.5320702288446164,0.0077967340471083385
