id,x__autocorrelation__lag_6144,x__mean_abs_change
A,0.6676384058227951,0.00751862963148516
