id,x__autocorrelation__lag_6144,x__mean_abs_change
A,0.5365292541290212,0.007490069447961333
