id,x__autocorrelation__lag_6144,x__mean_abs_change
A,0.9279069333803414,0.007636645542550144
