id,x__autocorrelation__lag_6144,x__mean_abs_change
A,0.9415821114855707,0.008773917716371139
