id,x__autocorrelation__lag_6144,x__mean_abs_change
A,0.9602044881305432,0.013057157788405785
