id,x__autocorrelation__lag_6144,x__mean_abs_change
A,0.8943650520545823,0.007030465549728355
