id,x__autocorrelation__lag_6144,x__mean_abs_change
A,0.9355777769293959,0.008567895305713585
