id,x__autocorrelation__lag_6144,x__mean_abs_change
A,0.6916446545195076,0.007590965154284854
