id,x__autocorrelation__lag_6144,x__mean_abs_change
A,0.9548416754210761,0.012388915086933837
