id,x__autocorrelation__lag_6144,x__mean_abs_change
A,0.9004916789300965,0.006967827872282116
