id,x__autocorrelation__lag_6144,x__mean_abs_change
A,0.9548971285996697,0.012459972418542634
