id,x__autocorrelation__lag_6144,x__mean_abs_change
A,0.4113497362706473,0.00724550492167591
