id,x__autocorrelation__lag_6144,x__mean_abs_change
A,0.7929577422157884,0.006918834482974452
