id,x__autocorrelation__lag_6144,x__mean_abs_change
A,0.9554967738691599,0.013504085734141144
