id,x__autocorrelation__lag_6144,x__mean_abs_change
A,0.9341195034910742,0.007799583828665206
