id,x__autocorrelation__lag_6144,x__mean_abs_change
A,0.9574702619185507,0.013034771968976146
