id,x__autocorrelation__lag_6144,x__mean_abs_change
A,0.6841935157400648,0.007801630960832219
