id,x__autocorrelation__lag_6144,x__mean_abs_change
A,0.9260658802021501,0.007794424851409101
