id,x__autocorrelation__lag_6144,x__mean_abs_change
A,0.4761828325103607,0.008455851920968534
