id,x__autocorrelation__lag_6144,x__mean_abs_change
A,0.9008038302089197,0.007598344343386546
