id,x__autocorrelation__lag_6144,x__mean_abs_change
A,0.9043240118371395,0.007538461272978244
