id,x__autocorrelation__lag_6144,x__mean_abs_change
A,0.9357622858509215,0.008498398271198172
