id,x__autocorrelation__lag_6144,x__mean_abs_change
A,0.9284478601245777,0.008085599823200172
