id,x__autocorrelation__lag_6144,x__mean_abs_change
A,0.9223973542335476,0.009164823761368847
