id,x__autocorrelation__lag_6144,x__mean_abs_change
A,0.9206724246588274,0.007395720937347221
