id,x__autocorrelation__lag_6144,x__mean_abs_change
A,0.9510017317858055,0.007798332253723507
