id,x__autocorrelation__lag_6144,x__mean_abs_change
A,0.9280452330931739,0.00814495624583073
