id,x__autocorrelation__lag_6144,x__mean_abs_change
A,0.9230715900523364,0.007596400429429762
