id,x__autocorrelation__lag_6144,x__mean_abs_change
A,0.9172113943109377,0.007432318695067366
