id,x__autocorrelation__lag_6144,x__mean_abs_change
A,0.9447443967488541,0.009079772797823842
