id,x__autocorrelation__lag_6144,x__mean_abs_change
A,0.9311009609752976,0.008008251529826088
