id,x__autocorrelation__lag_6144,x__mean_abs_change
A,0.5071217711789503,0.007813964390227567
