id,x__autocorrelation__lag_6144,x__mean_abs_change
A,0.8676626423596455,0.006517327165853494
