id,x__autocorrelation__lag_6144,x__mean_abs_change
A,0.9256444475856364,0.0073755584452057914
