id,x__autocorrelation__lag_6144,x__mean_abs_change
A,0.9325401600873211,0.007801863950361667
