id,x__autocorrelation__lag_6144,x__mean_abs_change
A,0.4527416300352119,0.00844681009727706
