id,x__autocorrelation__lag_6144,x__mean_abs_change
A,0.5126977263149187,0.007545602088434467
