id,x__autocorrelation__lag_6144,x__mean_abs_change
A,0.9190701753443988,0.007683941337121717
