id,x__autocorrelation__lag_6144,x__mean_abs_change
A,0.9420179010328115,0.008188712938342871
