id,x__autocorrelation__lag_6144,x__mean_abs_change
A,0.9302096137765627,0.008059889172555313
