id,x__autocorrelation__lag_6144,x__mean_abs_change
A,0.4399773808397976,0.007077773220999016
