id,x__autocorrelation__lag_6144,x__mean_abs_change
A,0.9227155652430032,0.0073563438785700305
