id,x__autocorrelation__lag_6144,x__mean_abs_change
A,0.9336428732424836,0.007505742046809387
