id,x__autocorrelation__lag_6144,x__mean_abs_change
A,0.9293808636425247,0.0076658180968573065
