id,x__autocorrelation__lag_6144,x__mean_abs_change
A,0.8678483784617331,0.007676655091868242
