id,x__autocorrelation__lag_6144,x__mean_abs_change
A,0.9563817241634163,0.012358526225328289
