id,x__autocorrelation__lag_6144,x__mean_abs_change
A,0.954949062490785,0.012051110136668005
