id,x__autocorrelation__lag_6144,x__mean_abs_change
A,0.9423287573958858,0.00883248786398438
