id,x__autocorrelation__lag_6144,x__mean_abs_change
A,0.9411032086950839,0.008357781256816741
