id,x__autocorrelation__lag_6144,x__mean_abs_change
A,0.32178162353570045,0.009159833500112187
