id,x__autocorrelation__lag_6144,x__mean_abs_change
A,0.9576727429304047,0.013388674444015073
