id,x__autocorrelation__lag_6144,x__mean_abs_change
A,0.885385768348235,0.008500252561587523
