id,x__autocorrelation__lag_6144,x__mean_abs_change
A,0.9292047203240186,0.008007984732735555
