id,x__autocorrelation__lag_6144,x__mean_abs_change
A,0.9412958510693232,0.008406256581820641
