id,x__autocorrelation__lag_6144,x__mean_abs_change
A,0.896281958657449,0.008444461413263094
