id,x__autocorrelation__lag_6144,x__mean_abs_change
A,0.9236653882436399,0.007436276942119577
