id,x__autocorrelation__lag_6144,x__mean_abs_change
A,0.9549738920861396,0.01254998322184422
