id,x__autocorrelation__lag_6144,x__mean_abs_change
A,0.9231154832508492,0.007436857824419078
