id,x__autocorrelation__lag_6144,x__mean_abs_change
A,0.9376432029152716,0.008453408346739126
