id,x__autocorrelation__lag_6144,x__mean_abs_change
A,0.9515035146400167,0.00863633030757996
