id,x__autocorrelation__lag_6144,x__mean_abs_change
A,0.9349396443263419,0.008497205844454887
