id,x__autocorrelation__lag_6144,x__mean_abs_change
A,0.9552573182604203,0.012461388798031589
