id,x__autocorrelation__lag_6144,x__mean_abs_change
A,0.926873814074578,0.007337158793066082
