id,x__autocorrelation__lag_6144,x__mean_abs_change
A,0.9082889825978807,0.0071585335681019985
