id,x__autocorrelation__lag_6144,x__mean_abs_change
A,0.634030305514916,0.008372729923985885
