id,x__autocorrelation__lag_6144,x__mean_abs_change
A,0.3229344140185817,0.00940940380938961
