id,x__autocorrelation__lag_6144,x__mean_abs_change
A,0.5548856482620026,0.008068221039077774
