id,x__autocorrelation__lag_6144,x__mean_abs_change
A,0.9567307276610755,0.012311259706699749
