id,x__autocorrelation__lag_6144,x__mean_abs_change
A,0.9404562133507605,0.0090019422427456
