id,x__autocorrelation__lag_6144,x__mean_abs_change
A,0.9296672471306698,0.007669690085380437
