id,x__autocorrelation__lag_6144,x__mean_abs_change
A,0.9331221747444539,0.0074354516050932195
