id,x__autocorrelation__lag_6144,x__mean_abs_change
A,0.8742794146776428,0.007379136464497893
