id,x__autocorrelation__lag_6144,x__mean_abs_change
A,0.9425658403995395,0.008512933415762834
