id,x__autocorrelation__lag_6144,x__mean_abs_change
A,0.9544052116911188,0.011430468844850682
