id,x__autocorrelation__lag_6144,x__mean_abs_change
A,0.9365299569731846,0.010249340543710551
