id,x__autocorrelation__lag_6144,x__mean_abs_change
A,0.9252085753507355,0.007623055837269047
