id,x__autocorrelation__lag_6144,x__mean_abs_change
A,0.9310347943291746,0.007623228629276995
