id,x__autocorrelation__lag_6144,x__mean_abs_change
A,0.923869454966271,0.0075026118835329475
