id,x__autocorrelation__lag_6144,x__mean_abs_change
A,0.9436774300114512,0.008429103691694067
