id,x__autocorrelation__lag_6144,x__mean_abs_change
A,0.7658293437905582,0.007257755215420322
