id,x__autocorrelation__lag_6144,x__mean_abs_change
A,0.9277130940569503,0.007538944282263023
