id,x__autocorrelation__lag_6144,x__mean_abs_change
A,0.8948685682348295,0.006129592087036087
