id,x__autocorrelation__lag_6144,x__mean_abs_change
A,0.8928799364651027,0.007390879315656537
