id,x__autocorrelation__lag_6144,x__mean_abs_change
A,0.9243917307692991,0.009215060177687336
