id,x__autocorrelation__lag_6144,x__mean_abs_change
A,0.5155234857914952,0.007531107294252796
