id,x__autocorrelation__lag_6144,x__mean_abs_change
A,0.5071196885825026,0.0076652135325706765
