id,x__autocorrelation__lag_6144,x__mean_abs_change
A,0.9548007331867021,0.012519612521506322
