id,x__autocorrelation__lag_6144,x__mean_abs_change
A,0.8312553392782369,0.007300965580594203
