id,x__autocorrelation__lag_6144,x__mean_abs_change
A,0.9390503461833342,0.008957690430406675
