id,x__autocorrelation__lag_6144,x__mean_abs_change
A,0.939582665816055,0.008697052097796223
