id,x__autocorrelation__lag_6144,x__mean_abs_change
A,0.9472490423426305,0.0108276173471786
