id,x__autocorrelation__lag_6144,x__mean_abs_change
A,0.8952154612893111,0.007828479139203122
