id,x__autocorrelation__lag_6144,x__mean_abs_change
A,0.9181107725344265,0.007766124218578039
