id,x__autocorrelation__lag_6144,x__mean_abs_change
A,0.9248570977584979,0.0075919492407808395
