id,x__autocorrelation__lag_6144,x__mean_abs_change
A,0.9258161887020289,0.007340504571657213
