id,x__autocorrelation__lag_6144,x__mean_abs_change
A,0.9244261575069812,0.007709348018762385
