id,x__autocorrelation__lag_6144,x__mean_abs_change
A,0.9370085204809552,0.0075826552726222605
