id,x__autocorrelation__lag_6144,x__mean_abs_change
A,0.9346116354046449,0.008694740569726512
