id,x__autocorrelation__lag_6144,x__mean_abs_change
A,0.9408829304383305,0.008628823110912206
