id,x__autocorrelation__lag_6144,x__mean_abs_change
A,0.9383099699522566,0.007565234344858756
