id,x__autocorrelation__lag_6144,x__mean_abs_change
A,0.5142765927311465,0.007760634254070143
