id,x__autocorrelation__lag_6144,x__mean_abs_change
A,0.9498878530158569,0.008805154794746528
