id,x__autocorrelation__lag_6144,x__mean_abs_change
A,0.9238099033796255,0.007604512757470005
