id,x__autocorrelation__lag_6144,x__mean_abs_change
A,0.936471447812409,0.009477543745201085
