id,x__autocorrelation__lag_6144,x__mean_abs_change
A,0.9109583823887285,0.007257220246944116
