id,x__autocorrelation__lag_6144,x__mean_abs_change
A,0.9173238759291812,0.007665735112495265
