id,x__autocorrelation__lag_6144,x__mean_abs_change
A,0.9370438609573075,0.008733566308827835
