id,x__autocorrelation__lag_6144,x__mean_abs_change
A,0.9422383649073534,0.008650657463332042
