id,x__autocorrelation__lag_6144,x__mean_abs_change
A,0.938482062671361,0.008183394011371284
