id,x__autocorrelation__lag_6144,x__mean_abs_change
A,0.9540342016642076,0.012343540121691018
