id,x__autocorrelation__lag_6144,x__mean_abs_change
A,0.9334712205744639,0.007612044547792611
