id,x__autocorrelation__lag_6144,x__mean_abs_change
A,0.9448986152471932,0.010157961102343037
