id,x__autocorrelation__lag_6144,x__mean_abs_change
A,0.8994678149513567,0.007884683843230995
