id,x__autocorrelation__lag_6144,x__mean_abs_change
A,0.46255116351690806,0.007681572670752869
