id,x__autocorrelation__lag_6144,x__mean_abs_change
A,0.9345453143934441,0.008150550999916583
