id,x__autocorrelation__lag_6144,x__mean_abs_change
A,0.9229732720668594,0.007566132509873998
