id,x__autocorrelation__lag_6144,x__mean_abs_change
A,0.9231453887225609,0.007591478044802321
