id,x__autocorrelation__lag_6144,x__mean_abs_change
A,0.9376412514650797,0.007984497552005036
