id,x__autocorrelation__lag_6144,x__mean_abs_change
A,0.9578827937160237,0.013455646711753361
