id,x__autocorrelation__lag_6144,x__mean_abs_change
A,0.944200168627246,0.009026246880666245
