id,x__autocorrelation__lag_6144,x__mean_abs_change
A,0.9414510069082392,0.010146602757934869
