id,x__autocorrelation__lag_6144,x__mean_abs_change
A,0.9485423264924387,0.00794806841996476
