id,x__autocorrelation__lag_6144,x__mean_abs_change
A,0.745571653736401,0.008693326180568265
