id,x__autocorrelation__lag_6144,x__mean_abs_change
A,0.7954822872590434,0.007007229726633778
