id,x__autocorrelation__lag_6144,x__mean_abs_change
A,0.8987370978515384,0.0077964464309899515
