id,x__autocorrelation__lag_6144,x__mean_abs_change
A,0.809163101396086,0.007544153653592383
