id,x__autocorrelation__lag_6144,x__mean_abs_change
A,0.9222779588742276,0.007485013789377659
