id,x__autocorrelation__lag_6144,x__mean_abs_change
A,0.8914180519775257,0.0075079896069330685
