id,x__autocorrelation__lag_6144,x__mean_abs_change
A,0.9303478297092244,0.007417291936922399
