id,x__autocorrelation__lag_6144,x__mean_abs_change
A,0.7234401293544015,0.00743473547401724
