id,x__autocorrelation__lag_6144,x__mean_abs_change
A,0.9548464802276568,0.012233794748301644
