id,x__autocorrelation__lag_6144,x__mean_abs_change
A,0.9243407962066285,0.0077372005761109156
