id,x__autocorrelation__lag_6144,x__mean_abs_change
A,0.7518988132327572,0.007198047363427788
