id,x__autocorrelation__lag_6144,x__mean_abs_change
A,0.7734805194398892,0.0070258457902224545
