id,x__autocorrelation__lag_6144,x__mean_abs_change
A,0.5032054266205485,0.007955284809442536
