id,x__autocorrelation__lag_6144,x__mean_abs_change
A,0.9236869354212891,0.007247855580871089
