id,x__autocorrelation__lag_6144,x__mean_abs_change
A,0.4865344586892559,0.0068347622931172955
