id,x__autocorrelation__lag_6144,x__mean_abs_change
A,0.5546124272294721,0.008051083913606672
