id,x__autocorrelation__lag_6144,x__mean_abs_change
A,0.9179284564474341,0.008948875941422546
