id,x__autocorrelation__lag_6144,x__mean_abs_change
A,0.9104711605497072,0.00760135408265649
