id,x__autocorrelation__lag_6144,x__mean_abs_change
A,0.9555705913482719,0.01229040336633596
