id,x__autocorrelation__lag_6144,x__mean_abs_change
A,0.6642008282971481,0.00821314670525465
