id,x__autocorrelation__lag_6144,x__mean_abs_change
A,0.8840481394712122,0.007918379215930783
