id,x__autocorrelation__lag_6144,x__mean_abs_change
A,0.9139172653162355,0.007359687298884905
