id,x__autocorrelation__lag_6144,x__mean_abs_change
A,0.940270066563405,0.008674607359468296
