id,x__autocorrelation__lag_6144,x__mean_abs_change
A,0.9389542334112707,0.008813095451332452
