id,x__autocorrelation__lag_6144,x__mean_abs_change
A,0.9227997186249294,0.00755933717242834
