id,x__autocorrelation__lag_6144,x__mean_abs_change
A,0.9312201203328617,0.008389677214950911
