id,x__autocorrelation__lag_6144,x__mean_abs_change
A,0.9187175699870088,0.007373935782513789
