id,x__autocorrelation__lag_6144,x__mean_abs_change
A,0.9326777058087888,0.008284603568199718
