id,x__autocorrelation__lag_6144,x__mean_abs_change
A,0.9569814043480794,0.01317798737677324
