id,x__autocorrelation__lag_6144,x__mean_abs_change
A,0.9343382636282794,0.00840646195586197
