id,x__autocorrelation__lag_6144,x__mean_abs_change
A,0.9452777913405469,0.00887929965417799
