id,x__autocorrelation__lag_6144,x__mean_abs_change
A,0.9061862140712842,0.0062978433862429075
