id,x__autocorrelation__lag_6144,x__mean_abs_change
A,0.9211126427488437,0.0077633175163742945
