id,x__autocorrelation__lag_6144,x__mean_abs_change
A,0.9447296488858361,0.008369509158997927
