id,x__autocorrelation__lag_6144,x__mean_abs_change
A,0.9292495930259093,0.007529247220100323
