id,x__autocorrelation__lag_6144,x__mean_abs_change
A,0.45653251922609667,0.007276351752727747
