id,x__autocorrelation__lag_6144,x__mean_abs_change
A,0.5010521587723528,0.0076028443022848925
