id,x__autocorrelation__lag_6144,x__mean_abs_change
A,0.9440459915729528,0.010398989135431042
