id,x__autocorrelation__lag_6144,x__mean_abs_change
A,0.9597506544248839,0.013086641281865697
