id,x__autocorrelation__lag_6144,x__mean_abs_change
A,0.7576522382566235,0.007430381957061547
