id,x__autocorrelation__lag_6144,x__mean_abs_change
A,0.9385901138261878,0.008348156636036367
