id,x__autocorrelation__lag_6144,x__mean_abs_change
A,0.9003938170914171,0.0074130844154833685
