id,x__autocorrelation__lag_6144,x__mean_abs_change
A,0.5150204401240779,0.007870601500998692
