id,x__autocorrelation__lag_6144,x__mean_abs_change
A,0.9431000601870796,0.008783542479416703
