id,x__autocorrelation__lag_6144,x__mean_abs_change
A,0.9209305434820824,0.007721810799085659
