id,x__autocorrelation__lag_6144,x__mean_abs_change
A,0.8726242331339675,0.007716963695657896
