id,x__autocorrelation__lag_6144,x__mean_abs_change
A,0.938227063878174,0.008675154623720017
