id,x__autocorrelation__lag_6144,x__mean_abs_change
A,0.9264771870758944,0.007887439214329424
