id,x__autocorrelation__lag_6144,x__mean_abs_change
A,0.9180685293944386,0.0077560406849099175
