id,x__autocorrelation__lag_6144,x__mean_abs_change
A,0.4998814870835744,0.009244446424764546
