id,x__autocorrelation__lag_6144,x__mean_abs_change
A,0.9283008054466212,0.007292676891288272
