id,x__autocorrelation__lag_6144,x__mean_abs_change
A,0.9326298868469434,0.007635858072257735
