id,x__autocorrelation__lag_6144,x__mean_abs_change
A,0.930538340562635,0.0075841291003308844
