id,x__autocorrelation__lag_6144,x__mean_abs_change
A,0.9319901437210143,0.007886443259126788
