id,x__autocorrelation__lag_6144,x__mean_abs_change
A,0.9313657714867727,0.0075826103158636625
