id,x__autocorrelation__lag_6144,x__mean_abs_change
A,0.9571848066817267,0.013007697833431232
