id,x__autocorrelation__lag_6144,x__mean_abs_change
A,0.768069427874843,0.007015904861101071
