id,x__autocorrelation__lag_6144,x__mean_abs_change
A,0.9054578639804626,0.008000796820205684
