id,x__autocorrelation__lag_6144,x__mean_abs_change
A,0.9278162040922541,0.007721157171227547
