id,x__autocorrelation__lag_6144,x__mean_abs_change
A,0.9507342829316476,0.00749771687246028
