id,x__autocorrelation__lag_6144,x__mean_abs_change
A,0.9197123930348469,0.007376958021979731
