id,x__autocorrelation__lag_6144,x__mean_abs_change
A,0.9272841677612923,0.007216504202394526
