id,x__autocorrelation__lag_6144,x__mean_abs_change
A,0.9314636314187615,0.007935906510879213
