id,x__autocorrelation__lag_6144,x__mean_abs_change
A,0.9291948406302531,0.008040448199313354
