id,x__autocorrelation__lag_6144,x__mean_abs_change
A,0.9243824918636454,0.007321338812675424
