id,x__autocorrelation__lag_6144,x__mean_abs_change
A,0.450008271927097,0.007929797737539056
