id,x__autocorrelation__lag_6144,x__mean_abs_change
A,0.9299512629506606,0.008005253970013502
