id,x__autocorrelation__lag_6144,x__mean_abs_change
A,0.9396115552082925,0.008957367837620845
