id,x__autocorrelation__lag_6144,x__mean_abs_change
A,0.7861723763774894,0.007087086347962547
