id,x__autocorrelation__lag_6144,x__mean_abs_change
A,0.4499770249732725,0.007022103454498612
