id,x__autocorrelation__lag_6144,x__mean_abs_change
A,0.9384818293545419,0.008977822169908894
