id,x__autocorrelation__lag_6144,x__mean_abs_change
A,0.9589204756971278,0.013220562420782738
