id,x__autocorrelation__lag_6144,x__mean_abs_change
A,0.9537768968066584,0.00836259974023731
