id,x__autocorrelation__lag_6144,x__mean_abs_change
A,0.9468782669652314,0.011055888290446361
