id,x__autocorrelation__lag_6144,x__mean_abs_change
A,0.5761578976672269,0.008021087862598917
