id,x__autocorrelation__lag_6144,x__mean_abs_change
A,0.9198555361754156,0.007551462334246535
