id,x__autocorrelation__lag_6144,x__mean_abs_change
A,0.9311163570351851,0.00804221239200391
