id,x__autocorrelation__lag_6144,x__mean_abs_change
A,0.9054729632130275,0.0076539607835214045
