id,x__autocorrelation__lag_6144,x__mean_abs_change
A,0.8979208866262947,0.008042287226927132
