id,x__autocorrelation__lag_6144,x__mean_abs_change
A,0.9560859018203451,0.008488196734408844
