id,x__autocorrelation__lag_6144,x__mean_abs_change
A,0.9167195681596917,0.007576136982053707
