id,x__autocorrelation__lag_6144,x__mean_abs_change
A,0.9386897219237074,0.0076132840945864816
