id,x__autocorrelation__lag_6144,x__mean_abs_change
A,0.9352222916681082,0.00777055541970537
