id,x__autocorrelation__lag_6144,x__mean_abs_change
A,0.9249604269811965,0.007677309699835008
