id,x__autocorrelation__lag_6144,x__mean_abs_change
A,0.9208045017449781,0.007590643958915482
