id,x__autocorrelation__lag_6144,x__mean_abs_change
A,0.939864866280878,0.008397403871470881
