id,x__autocorrelation__lag_6144,x__mean_abs_change
A,0.9383206769104908,0.008752897522873358
