id,x__autocorrelation__lag_6144,x__mean_abs_change
A,0.9542924559359471,0.0121497159364924
