id,x__autocorrelation__lag_6144,x__mean_abs_change
A,0.9560018357828908,0.01210240894698602
