id,x__autocorrelation__lag_6144,x__mean_abs_change
A,0.7736074167499106,0.008625384365970313
