id,x__autocorrelation__lag_6144,x__mean_abs_change
A,0.9178383573571188,0.007593308297464205
