id,x__autocorrelation__lag_6144,x__mean_abs_change
A,0.9500814943152545,0.010882077178154282
