id,x__autocorrelation__lag_6144,x__mean_abs_change
A,0.9251857071047668,0.007483101624354662
