id,x__autocorrelation__lag_6144,x__mean_abs_change
A,0.922448480355263,0.007551013766626485
