id,x__autocorrelation__lag_6144,x__mean_abs_change
A,0.569205809283536,0.009445127674391951
