id,x__autocorrelation__lag_6144,x__mean_abs_change
A,0.9350067906948477,0.009130630718649821
