id,x__autocorrelation__lag_6144,x__mean_abs_change
A,0.9527615319846708,0.01134793678189456
