id,x__autocorrelation__lag_6144,x__mean_abs_change
A,0.9210915533866669,0.007808331212505819
