id,x__autocorrelation__lag_6144,x__mean_abs_change
A,0.6920036213007683,0.008363765739455797
