id,x__autocorrelation__lag_6144,x__mean_abs_change
A,0.9234953903405367,0.007435028933011765
