id,x__autocorrelation__lag_6144,x__mean_abs_change
A,0.9567927108153333,0.012807521169844883
