id,x__autocorrelation__lag_6144,x__mean_abs_change
A,0.88916554381961,0.007556821695851607
