id,x__autocorrelation__lag_6144,x__mean_abs_change
A,0.9421231375603271,0.00827608947859079
