id,x__autocorrelation__lag_6144,x__mean_abs_change
A,0.4963004107108855,0.007655720426433032
