id,x__autocorrelation__lag_6144,x__mean_abs_change
A,0.9155692112741691,0.00781873263794352
