id,x__autocorrelation__lag_6144,x__mean_abs_change
A,0.945227457887994,0.00840650204443887
