id,x__autocorrelation__lag_6144,x__mean_abs_change
A,0.9407915542793858,0.00878473821992306
