id,x__autocorrelation__lag_6144,x__mean_abs_change
A,0.9372175835967319,0.008571091111256547
