id,x__autocorrelation__lag_6144,x__mean_abs_change
A,0.92653605809048,0.00750843411743767
