id,x__autocorrelation__lag_6144,x__mean_abs_change
A,0.9394895474731559,0.008370588351705954
