id,x__autocorrelation__lag_6144,x__mean_abs_change
A,0.9335303909133738,0.008288180107959646
