id,x__autocorrelation__lag_6144,x__mean_abs_change
A,0.9278041742643336,0.009205960747211629
