id,x__autocorrelation__lag_6144,x__mean_abs_change
A,0.9577155950055564,0.013559454254976698
