id,x__autocorrelation__lag_6144,x__mean_abs_change
A,0.9197316078509048,0.007335489485645988
