id,x__autocorrelation__lag_6144,x__mean_abs_change
A,0.4799673670669263,0.007296782707694794
