id,x__autocorrelation__lag_6144,x__mean_abs_change
A,0.6144718878799696,0.008595079210551172
