id,x__autocorrelation__lag_6144,x__mean_abs_change
A,0.8998599072748835,0.007686060091045158
