id,x__autocorrelation__lag_6144,x__mean_abs_change
A,0.4399342694381939,0.007560983213297294
