id,x__autocorrelation__lag_6144,x__mean_abs_change
A,0.5250379602013062,0.008956327024765696
