id,x__autocorrelation__lag_6144,x__mean_abs_change
A,0.9312245252964709,0.007682881836437239
