id,x__autocorrelation__lag_6144,x__mean_abs_change
A,0.9567064200537008,0.013369883404732871
