id,x__autocorrelation__lag_6144,x__mean_abs_change
A,0.7882645325659601,0.007018918694576467
