id,x__autocorrelation__lag_6144,x__mean_abs_change
A,0.9555144468496072,0.012451935186226221
