id,x__autocorrelation__lag_6144,x__mean_abs_change
A,0.9182105011805526,0.007069198493454963
