id,x__autocorrelation__lag_6144,x__mean_abs_change
A,0.9232007161635009,0.007822864623080076
