id,x__autocorrelation__lag_6144,x__mean_abs_change
A,0.9189632182796863,0.007805498301939919
