id,x__autocorrelation__lag_6144,x__mean_abs_change
A,0.9517225691836576,0.011186033599159834
