id,x__autocorrelation__lag_6144,x__mean_abs_change
A,0.9531670755651989,0.012473278123798719
