id,x__autocorrelation__lag_6144,x__mean_abs_change
A,0.9543732623191364,0.012259912301857405
