id,x__autocorrelation__lag_6144,x__mean_abs_change
A,0.9019954061636898,0.007782465527982671
