id,x__autocorrelation__lag_6144,x__mean_abs_change
A,0.9238179227537036,0.007457299027739217
