id,x__autocorrelation__lag_6144,x__mean_abs_change
A,0.9019489650184108,0.0077509888896898005
