id,x__autocorrelation__lag_6144,x__mean_abs_change
A,0.9237659642228614,0.007631971020480928
