id,x__autocorrelation__lag_6144,x__mean_abs_change
A,0.7487296062060493,0.006993654718754325
