id,x__autocorrelation__lag_6144,x__mean_abs_change
A,0.9398356348941895,0.008859662512122723
