id,x__autocorrelation__lag_6144,x__mean_abs_change
A,0.9220783458875069,0.007621433349337889
