id,x__autocorrelation__lag_6144,x__mean_abs_change
A,0.958514362999169,0.013117667916330462
