id,x__autocorrelation__lag_6144,x__mean_abs_change
A,0.9255323024416631,0.007670642868332169
