id,x__autocorrelation__lag_6144,x__mean_abs_change
A,0.9135826610410066,0.007293114500848389
