id,x__autocorrelation__lag_6144,x__mean_abs_change
A,0.3593439147213661,0.010101549481142565
