id,x__autocorrelation__lag_6144,x__mean_abs_change
A,0.9266246760647503,0.00908365184860955
