id,x__autocorrelation__lag_6144,x__mean_abs_change
A,0.9218933618649581,0.0076728710027451135
