id,x__autocorrelation__lag_6144,x__mean_abs_change
A,0.9399833983890094,0.009002297556421596
