id,x__autocorrelation__lag_6144,x__mean_abs_change
A,0.940753045484696,0.009109977741288524
