id,x__autocorrelation__lag_6144,x__mean_abs_change
A,0.5379935917405395,0.007618524126471963
