id,x__autocorrelation__lag_6144,x__mean_abs_change
A,0.8159254547590656,0.006248791707025447
