id,x__autocorrelation__lag_6144,x__mean_abs_change
A,0.9232073758087608,0.00757359547382479
