id,x__autocorrelation__lag_6144,x__mean_abs_change
A,0.3366244770378849,0.00676387381691649
