id,x__autocorrelation__lag_6144,x__mean_abs_change
A,0.936157576681786,0.008277533777166626
