id,x__autocorrelation__lag_6144,x__mean_abs_change
A,0.713474440985277,0.008370618734440186
