id,x__autocorrelation__lag_6144,x__mean_abs_change
A,0.8924223302682904,0.007472407313634269
