id,x__autocorrelation__lag_6144,x__mean_abs_change
A,0.9339016255985693,0.0077679308809852155
