id,x__autocorrelation__lag_6144,x__mean_abs_change
A,0.9397154537597345,0.00859006567245636
