id,x__autocorrelation__lag_6144,x__mean_abs_change
A,0.928067822015082,0.007270058543667508
