id,x__autocorrelation__lag_6144,x__mean_abs_change
A,0.9554280875069148,0.012754739216335992
