id,x__autocorrelation__lag_6144,x__mean_abs_change
A,0.609480934988263,0.009055987400346638
