id,x__autocorrelation__lag_6144,x__mean_abs_change
A,0.9032174675188624,0.007702530441611893
