id,x__autocorrelation__lag_6144,x__mean_abs_change
A,0.9418576234169559,0.008928151600186892
