id,x__autocorrelation__lag_6144,x__mean_abs_change
A,0.9213748597238448,0.007649345533012414
