id,x__autocorrelation__lag_6144,x__mean_abs_change
A,0.40353361267402155,0.007621097227715337
