id,x__autocorrelation__lag_6144,x__mean_abs_change
A,0.9364519769158606,0.008565069586748348
