id,x__autocorrelation__lag_6144,x__mean_abs_change
A,0.9572221108910248,0.01326284690455791
