id,x__autocorrelation__lag_6144,x__mean_abs_change
A,0.9285825944916266,0.008008816517886451
