id,x__autocorrelation__lag_6144,x__mean_abs_change
A,0.8774081582283425,0.007708740665036464
