id,x__autocorrelation__lag_6144,x__mean_abs_change
A,0.9380960635000992,0.007889250027677977
