id,x__autocorrelation__lag_6144,x__mean_abs_change
A,0.898466093275255,0.007477183859669889
