id,x__autocorrelation__lag_6144,x__mean_abs_change
A,0.921631618615933,0.0076869868559112054
