id,x__autocorrelation__lag_6144,x__mean_abs_change
A,0.6107004592449075,0.008407860558498364
