id,x__autocorrelation__lag_6144,x__mean_abs_change
A,0.9041203865953874,0.007594875555569023
