id,x__autocorrelation__lag_6144,x__mean_abs_change
A,0.9146959825602081,0.007750386090197926
