id,x__autocorrelation__lag_6144,x__mean_abs_change
A,0.9231198444967058,0.007384420006296256
