id,x__autocorrelation__lag_6144,x__mean_abs_change
A,0.9079944222705979,0.0072627334850313375
