id,x__autocorrelation__lag_6144,x__mean_abs_change
A,0.9261644571283962,0.007713713473680403
