id,x__autocorrelation__lag_6144,x__mean_abs_change
A,0.9364824943054374,0.007999508442456045
