id,x__autocorrelation__lag_6144,x__mean_abs_change
A,0.9473609594200055,0.00879255623881697
