id,x__autocorrelation__lag_6144,x__mean_abs_change
A,0.8944996356472099,0.0074161115309068736
