id,x__autocorrelation__lag_6144,x__mean_abs_change
A,0.9254984308501881,0.007095937930761418
