id,x__autocorrelation__lag_6144,x__mean_abs_change
A,0.9356165171088543,0.009803252299485114
