id,x__autocorrelation__lag_6144,x__mean_abs_change
A,0.9376224982985476,0.00791647128846644
