id,x__autocorrelation__lag_6144,x__mean_abs_change
A,0.9476638102769751,0.00880330263943332
