id,x__autocorrelation__lag_6144,x__mean_abs_change
A,0.8949501796004888,0.007850712881230312
