id,x__autocorrelation__lag_6144,x__mean_abs_change
A,0.929745098614217,0.007573487022297584
