id,x__autocorrelation__lag_6144,x__mean_abs_change
A,0.9251162323173927,0.00754207313896855
