id,x__autocorrelation__lag_6144,x__mean_abs_change
A,0.9475425174103805,0.010640473887939551
