id,x__autocorrelation__lag_6144,x__mean_abs_change
A,0.9440292286049449,0.008869228537723876
