id,x__autocorrelation__lag_6144,x__mean_abs_change
A,0.9364186280237229,0.009872661911320408
