id,x__autocorrelation__lag_6144,x__mean_abs_change
A,0.9293389231258097,0.00752216389651272
