id,x__autocorrelation__lag_6144,x__mean_abs_change
A,0.9422919349702015,0.009005656013795618
