id,x__autocorrelation__lag_6144,x__mean_abs_change
A,0.6915839969082499,0.008309259875028254
