id,x__autocorrelation__lag_6144,x__mean_abs_change
A,0.9287029974613353,0.008140931182182221
