id,x__autocorrelation__lag_6144,x__mean_abs_change
A,0.9229493099646622,0.0075974061274155435
