id,x__autocorrelation__lag_6144,x__mean_abs_change
A,0.9548491398829061,0.011765992263148702
