id,x__autocorrelation__lag_6144,x__mean_abs_change
A,0.9420422858822458,0.010279340909849886
