id,x__autocorrelation__lag_6144,x__mean_abs_change
A,0.9275885575260477,0.007597633113044653
