id,x__autocorrelation__lag_6144,x__mean_abs_change
A,0.9219554073144274,0.007670272770838345
