id,x__autocorrelation__lag_6144,x__mean_abs_change
A,0.9436719854321423,0.008762105560187167
