id,x__autocorrelation__lag_6144,x__mean_abs_change
A,0.9211010133990042,0.007239470599240948
