id,x__autocorrelation__lag_6144,x__mean_abs_change
A,0.8734423698030565,0.007459322306148949
