id,x__autocorrelation__lag_6144,x__mean_abs_change
A,0.928110361820176,0.0074395845618613135
