id,x__autocorrelation__lag_6144,x__mean_abs_change
A,0.45032821029371894,0.00838776766007387
