id,x__autocorrelation__lag_6144,x__mean_abs_change
A,0.9398239917857146,0.009199333212318743
