id,x__autocorrelation__lag_6144,x__mean_abs_change
A,0.8581428690639838,0.007831110878150603
