id,x__autocorrelation__lag_6144,x__mean_abs_change
A,0.524213046494779,0.00800846367507678
