id,x__autocorrelation__lag_6144,x__mean_abs_change
A,0.8922174366244662,0.008194461474517729
