id,x__autocorrelation__lag_6144,x__mean_abs_change
A,0.9414136098113949,0.008895549517664638
