id,x__autocorrelation__lag_6144,x__mean_abs_change
A,0.930251043402919,0.007656240829996232
