id,x__autocorrelation__lag_6144,x__mean_abs_change
A,0.9428312773899045,0.008479321905261624
