id,x__autocorrelation__lag_6144,x__mean_abs_change
A,0.5682710755468201,0.008731073694210154
