id,x__autocorrelation__lag_6144,x__mean_abs_change
A,0.9145431405390941,0.007074662595043686
