id,x__autocorrelation__lag_6144,x__mean_abs_change
A,0.9312927101291757,0.007814740826805295
