id,x__autocorrelation__lag_6144,x__mean_abs_change
A,0.9294428134490841,0.008000084231213185
