id,x__autocorrelation__lag_6144,x__mean_abs_change
A,0.9262828513985841,0.007112299745710317
