id,x__autocorrelation__lag_6144,x__mean_abs_change
A,0.9559930957802202,0.012605350771955777
