id,x__autocorrelation__lag_6144,x__mean_abs_change
A,0.9157301866265993,0.007190010311781462
