id,x__autocorrelation__lag_6144,x__mean_abs_change
A,0.9270332584277168,0.008020008620791606
