id,x__autocorrelation__lag_6144,x__mean_abs_change
A,0.9299145326334519,0.008277505360069102
