id,x__autocorrelation__lag_6144,x__mean_abs_change
A,0.9585854740750792,0.013418635049112318
