id,x__autocorrelation__lag_6144,x__mean_abs_change
A,0.9401591377897296,0.008528646852011094
