id,x__autocorrelation__lag_6144,x__mean_abs_change
A,0.9220253267303764,0.007479941407776339
