id,x__autocorrelation__lag_6144,x__mean_abs_change
A,0.9347516830150585,0.008140194746440007
