id,x__autocorrelation__lag_6144,x__mean_abs_change
A,0.9286828583821115,0.008197376771400769
