id,x__autocorrelation__lag_6144,x__mean_abs_change
A,0.9286528632277244,0.0075248873736947315
