id,x__autocorrelation__lag_6144,x__mean_abs_change
A,0.9468450302794593,0.008530499543275793
