id,x__autocorrelation__lag_6144,x__mean_abs_change
A,0.4072228765311517,0.006609611626174934
