id,x__autocorrelation__lag_6144,x__mean_abs_change
A,0.9223364014065294,0.007694187716558422
