id,x__autocorrelation__lag_6144,x__mean_abs_change
A,0.9218230396963633,0.007684452385044586
