id,x__autocorrelation__lag_6144,x__mean_abs_change
A,0.9305340226432606,0.007918433251894891
