id,x__autocorrelation__lag_6144,x__mean_abs_change
A,0.9006095655031663,0.007214917146817697
