id,x__autocorrelation__lag_6144,x__mean_abs_change
A,0.9575891618982477,0.013085618907043035
