id,x__autocorrelation__lag_6144,x__mean_abs_change
A,0.9507217316403858,0.011254932506777527
