id,x__autocorrelation__lag_6144,x__mean_abs_change
A,0.4308283743846783,0.006909639662024444
