id,x__autocorrelation__lag_6144,x__mean_abs_change
A,0.409592505265079,0.007300030687306856
