id,x__autocorrelation__lag_6144,x__mean_abs_change
A,0.9211756756073173,0.009041486760102156
