id,x__autocorrelation__lag_6144,x__mean_abs_change
A,0.9456910769624376,0.010292016696770196
