id,x__autocorrelation__lag_6144,x__mean_abs_change
A,0.9239535775430804,0.0076534606395162064
