id,x__autocorrelation__lag_6144,x__mean_abs_change
A,0.9474532692326512,0.010840557253510071
