id,x__autocorrelation__lag_6144,x__mean_abs_change
A,0.9465679727297449,0.008690659623162147
