id,x__autocorrelation__lag_6144,x__mean_abs_change
A,0.7987191457568976,0.007190848820584195
