id,x__autocorrelation__lag_6144,x__mean_abs_change
A,0.9576297963487328,0.013497610272979353
