id,x__autocorrelation__lag_6144,x__mean_abs_change
A,0.897356308934815,0.0075482735637815955
