id,x__autocorrelation__lag_6144,x__mean_abs_change
A,0.9380742402729357,0.008655635603558552
