id,x__autocorrelation__lag_6144,x__mean_abs_change
A,0.6150335183122518,0.008651502981188417
