id,x__autocorrelation__lag_6144,x__mean_abs_change
A,0.9289071410201689,0.00784953656690392
