id,x__autocorrelation__lag_6144,x__mean_abs_change
A,0.4648630928588801,0.008239827587158383
