id,x__autocorrelation__lag_6144,x__mean_abs_change
A,0.40279509742186514,0.006044982280703617
