id,x__autocorrelation__lag_6144,x__mean_abs_change
A,0.9436254510907801,0.008482481123317776
