id,x__autocorrelation__lag_6144,x__mean_abs_change
A,0.9303291701897359,0.009320656773259484
