id,x__autocorrelation__lag_6144,x__mean_abs_change
A,0.892964866932829,0.00794247019759904
