id,x__autocorrelation__lag_6144,x__mean_abs_change
A,0.8993694732768693,0.0065172276074320044
