id,x__autocorrelation__lag_6144,x__mean_abs_change
A,0.9204989663147344,0.007427328774453072
