id,x__autocorrelation__lag_6144,x__mean_abs_change
A,0.9040571573337387,0.007755322269753175
