id,x__autocorrelation__lag_6144,x__mean_abs_change
A,0.9217906141966525,0.00765093265160049
