id,x__autocorrelation__lag_6144,x__mean_abs_change
A,0.9037639993595149,0.007528281112227003
