id,x__autocorrelation__lag_6144,x__mean_abs_change
A,0.939190072199964,0.009035921398406416
