id,x__autocorrelation__lag_6144,x__mean_abs_change
A,0.9461578590161259,0.010983864844312482
