id,x__autocorrelation__lag_6144,x__mean_abs_change
A,0.9315487802400326,0.007994666910584763
