id,x__autocorrelation__lag_6144,x__mean_abs_change
A,0.8997705975898163,0.006315453049863265
