id,x__autocorrelation__lag_6144,x__mean_abs_change
A,0.9282307117151243,0.007779850224340965
