id,x__autocorrelation__lag_6144,x__mean_abs_change
A,0.9407462073520273,0.009907223613984533
