id,x__autocorrelation__lag_6144,x__mean_abs_change
A,0.8920019016465677,0.007711292331010147
