id,x__autocorrelation__lag_6144,x__mean_abs_change
A,0.9233356444965658,0.007607476019852788
