id,x__autocorrelation__lag_6144,x__mean_abs_change
A,0.9227052495525849,0.00754060498220093
