id,x__autocorrelation__lag_6144,x__mean_abs_change
A,0.9253208271045513,0.007405595076035895
