id,x__autocorrelation__lag_6144,x__mean_abs_change
A,0.936337555513175,0.00843805433281542
