id,x__autocorrelation__lag_6144,x__mean_abs_change
A,0.9393041677581331,0.008525860924510749
