id,x__autocorrelation__lag_6144,x__mean_abs_change
A,0.9414600797011903,0.010080822325495169
