id,x__autocorrelation__lag_6144,x__mean_abs_change
A,0.9255953025298703,0.008276015241449497
