id,x__autocorrelation__lag_6144,x__mean_abs_change
A,0.9422557371702254,0.010045477891382259
