id,x__autocorrelation__lag_6144,x__mean_abs_change
A,0.9530291004656755,0.011700829505348925
