id,x__autocorrelation__lag_6144,x__mean_abs_change
A,0.920139920838584,0.007575691177214329
