id,x__autocorrelation__lag_6144,x__mean_abs_change
A,0.9244572139838471,0.007876175879811676
