id,x__autocorrelation__lag_6144,x__mean_abs_change
A,0.9270476191045116,0.007873603944281726
