id,x__autocorrelation__lag_6144,x__mean_abs_change
A,0.7297748770799135,0.0072367409885265984
