id,x__autocorrelation__lag_6144,x__mean_abs_change
A,0.9484168817377119,0.008924407081772683
