id,x__autocorrelation__lag_6144,x__mean_abs_change
A,0.4724823896823619,0.006791041340487428
