id,x__autocorrelation__lag_6144,x__mean_abs_change
A,0.7623335248369025,0.008696030034384251
