id,x__autocorrelation__lag_6144,x__mean_abs_change
A,0.48380026670951365,0.007210594671270142
