id,x__autocorrelation__lag_6144,x__mean_abs_change
A,0.9139481305195073,0.00737809654166902
