id,x__autocorrelation__lag_6144,x__mean_abs_change
A,0.9564333445198512,0.013461702220171679
