id,x__autocorrelation__lag_6144,x__mean_abs_change
A,0.901566285292522,0.00786309479479778
