id,x__autocorrelation__lag_6144,x__mean_abs_change
A,0.94086732411031,0.008909803802010913
