id,x__autocorrelation__lag_6144,x__mean_abs_change
A,0.9393514968186436,0.008470965006733255
