id,x__autocorrelation__lag_6144,x__mean_abs_change
A,0.9489679843822995,0.008767703031558726
