id,x__autocorrelation__lag_6144,x__mean_abs_change
A,0.9352761398775857,0.007141980316995725
