id,x__autocorrelation__lag_6144,x__mean_abs_change
A,0.9286477960270692,0.008189638047533983
