id,x__autocorrelation__lag_6144,x__mean_abs_change
A,0.892367995391292,0.007254856608425033
