id,x__autocorrelation__lag_6144,x__mean_abs_change
A,0.9400992199667015,0.007579347777371591
