id,x__autocorrelation__lag_6144,x__mean_abs_change
A,0.9181809584231709,0.007468511380652723
