id,x__autocorrelation__lag_6144,x__mean_abs_change
A,0.4451370789660383,0.007514408026375173
