id,x__autocorrelation__lag_6144,x__mean_abs_change
A,0.9009116445558972,0.007594682058685696
