id,x__autocorrelation__lag_6144,x__mean_abs_change
A,0.9168602780817511,0.007237893612084494
