id,x__autocorrelation__lag_6144,x__mean_abs_change
A,0.9194211182614618,0.007723976612373957
