id,x__autocorrelation__lag_6144,x__mean_abs_change
A,0.9236472565249022,0.007590867723019274
