id,x__autocorrelation__lag_6144,x__mean_abs_change
A,0.7647045046502475,0.008384167145804016
