id,x__autocorrelation__lag_6144,x__mean_abs_change
A,0.6840273472553212,0.008917470292417051
