id,x__autocorrelation__lag_6144,x__mean_abs_change
A,0.9571679736300461,0.01346991084826557
