id,x__autocorrelation__lag_6144,x__mean_abs_change
A,0.7844790966171372,0.008480319083284876
