id,x__autocorrelation__lag_6144,x__mean_abs_change
A,0.9276322374728019,0.007931806185156123
