id,x__autocorrelation__lag_6144,x__mean_abs_change
A,0.5580367405012843,0.008481236780243097
