id,x__autocorrelation__lag_6144,x__mean_abs_change
A,0.4530514693695973,0.007510934490050909
