id,x__autocorrelation__lag_6144,x__mean_abs_change
A,0.9161920250840175,0.007781169107428661
