id,x__autocorrelation__lag_6144,x__mean_abs_change
A,0.4306484690785688,0.007389892899677672
