id,x__autocorrelation__lag_6144,x__mean_abs_change
A,0.9578416237312721,0.013552046688095058
