id,x__autocorrelation__lag_6144,x__mean_abs_change
A,0.8914232251291525,0.00702976875474997
