id,x__autocorrelation__lag_6144,x__mean_abs_change
A,0.46551373417579217,0.008199564904498639
