id,x__autocorrelation__lag_6144,x__mean_abs_change
A,0.9381297561454809,0.008332458356212854
