id,x__autocorrelation__lag_6144,x__mean_abs_change
A,0.41863598532257207,0.0066099388919983485
