id,x__autocorrelation__lag_6144,x__mean_abs_change
A,0.944680694862893,0.009008953213115074
