id,x__autocorrelation__lag_6144,x__mean_abs_change
A,0.525134208221205,0.00839901709882002
