id,x__autocorrelation__lag_6144,x__mean_abs_change
A,0.931373387595113,0.007287352896855418
