id,x__autocorrelation__lag_6144,x__mean_abs_change
A,0.9434537511616338,0.008985043652820747
