id,x__autocorrelation__lag_6144,x__mean_abs_change
A,0.9573656370835861,0.013180255423269662
