id,x__autocorrelation__lag_6144,x__mean_abs_change
A,0.9532952670818056,0.011737754092866958
