id,x__autocorrelation__lag_6144,x__mean_abs_change
A,0.851145378725875,0.007677804869622193
