id,x__autocorrelation__lag_6144,x__mean_abs_change
A,0.9217434468055588,0.007243519598540738
