id,x__autocorrelation__lag_6144,x__mean_abs_change
A,0.3790533810179455,0.008378781938924973
