id,x__autocorrelation__lag_6144,x__mean_abs_change
A,0.8841566946092362,0.006967122220200015
