id,x__autocorrelation__lag_6144,x__mean_abs_change
A,0.7601754075370566,0.00851427490616571
