id,x__autocorrelation__lag_6144,x__mean_abs_change
A,0.9250777728741634,0.00818744291105966
