id,x__autocorrelation__lag_6144,x__mean_abs_change
A,0.9430078150928277,0.008899624837932137
