id,x__autocorrelation__lag_6144,x__mean_abs_change
A,0.8537449596519799,0.007538152910480596
