id,x__autocorrelation__lag_6144,x__mean_abs_change
A,0.9429086114370773,0.009075924774224897
