id,x__autocorrelation__lag_6144,x__mean_abs_change
A,0.902901829944738,0.0075249734972549455
