id,x__autocorrelation__lag_6144,x__mean_abs_change
A,0.9239055237941588,0.007538411028260233
