id,x__autocorrelation__lag_6144,x__mean_abs_change
A,0.9420494790692319,0.008793717014201084
