id,x__autocorrelation__lag_6144,x__mean_abs_change
A,0.914526095780695,0.007663384872330114
