id,x__autocorrelation__lag_6144,x__mean_abs_change
A,0.9488507788795348,0.011000216205956696
