id,x__autocorrelation__lag_6144,x__mean_abs_change
A,0.9347716573545254,0.00868463648923195
