id,x__autocorrelation__lag_6144,x__mean_abs_change
A,0.9281213180416006,0.007871468559521668
