id,x__autocorrelation__lag_6144,x__mean_abs_change
A,0.9104845929517437,0.008785434604926071
