id,x__autocorrelation__lag_6144,x__mean_abs_change
A,0.4387695430634493,0.008783674311039059
