id,x__autocorrelation__lag_6144,x__mean_abs_change
A,0.9286832423377422,0.007677042270259943
