id,x__autocorrelation__lag_6144,x__mean_abs_change
A,0.9298245648442447,0.007522768526259899
