id,x__autocorrelation__lag_6144,x__mean_abs_change
A,0.9418264096325256,0.00888145365575338
