id,x__autocorrelation__lag_6144,x__mean_abs_change
A,0.6144797087474507,0.008511741938885898
