id,x__autocorrelation__lag_6144,x__mean_abs_change
A,0.9262130135208242,0.007598421553968257
