id,x__autocorrelation__lag_6144,x__mean_abs_change
A,0.8546053765645873,0.007673850806816562
