id,x__autocorrelation__lag_6144,x__mean_abs_change
A,0.9384821440945796,0.008397905621350467
