id,x__autocorrelation__lag_6144,x__mean_abs_change
A,0.6095891140489277,0.007976007850759036
