id,x__autocorrelation__lag_6144,x__mean_abs_change
A,0.9593073387874428,0.013436650212678845
