id,x__autocorrelation__lag_6144,x__mean_abs_change
A,0.5326461196449964,0.0076529907803406
