id,x__autocorrelation__lag_6144,x__mean_abs_change
A,0.949990955364862,0.009048844225954148
