id,x__autocorrelation__lag_6144,x__mean_abs_change
A,0.5052659167660791,0.007575245244093936
