id,x__autocorrelation__lag_6144,x__mean_abs_change
A,0.9520536018350412,0.011561866839932678
