id,x__autocorrelation__lag_6144,x__mean_abs_change
A,0.9237169849014227,0.007257749264620643
