id,x__autocorrelation__lag_6144,x__mean_abs_change
A,0.9176389841205366,0.00732683448349726
