id,x__autocorrelation__lag_6144,x__mean_abs_change
A,0.938975914124408,0.008809096420341637
