id,x__autocorrelation__lag_6144,x__mean_abs_change
A,0.7596815839028256,0.007215686531239398
