id,x__autocorrelation__lag_6144,x__mean_abs_change
A,0.8719170312987863,0.007754373410649626
