id,x__autocorrelation__lag_6144,x__mean_abs_change
A,0.9462158138868869,0.011014502196515945
