id,x__autocorrelation__lag_6144,x__mean_abs_change
A,0.9263658392497165,0.007915190128991539
