id,x__autocorrelation__lag_6144,x__mean_abs_change
A,0.917530955616436,0.007360919226761756
