id,x__autocorrelation__lag_6144,x__mean_abs_change
A,0.906924907944276,0.007612972325201093
