id,x__autocorrelation__lag_6144,x__mean_abs_change
A,0.9314148828936248,0.007875135031501081
