id,x__autocorrelation__lag_6144,x__mean_abs_change
A,0.9430623647608842,0.009805731370157807
