id,x__autocorrelation__lag_6144,x__mean_abs_change
A,0.8093278852687997,0.007359540170856907
