id,x__autocorrelation__lag_6144,x__mean_abs_change
A,0.9155931124771337,0.007417835894954859
