id,x__autocorrelation__lag_6144,x__mean_abs_change
A,0.935598408839333,0.008413471556082063
