id,x__autocorrelation__lag_6144,x__mean_abs_change
A,0.9244317727895924,0.0076811546066712835
