id,x__autocorrelation__lag_6144,x__mean_abs_change
A,0.9039863460958052,0.00767962240532833
