id,x__autocorrelation__lag_6144,x__mean_abs_change
A,0.9395441711263439,0.00912062235132247
