id,x__autocorrelation__lag_6144,x__mean_abs_change
A,0.9318162820719816,0.007547670972108275
