id,x__autocorrelation__lag_6144,x__mean_abs_change
A,0.9401157404281942,0.009227781393012216
