id,x__autocorrelation__lag_6144,x__mean_abs_change
A,0.9272217977928122,0.008307280790569638
