id,x__autocorrelation__lag_6144,x__mean_abs_change
A,0.9388676906691921,0.00795498611665662
