id,x__autocorrelation__lag_6144,x__mean_abs_change
A,0.9370987218955531,0.008918759043026268
