id,x__autocorrelation__lag_6144,x__mean_abs_change
A,0.9362601615737017,0.007321359064112091
