id,x__autocorrelation__lag_6144,x__mean_abs_change
A,0.9251703978832085,0.008828930357821608
