id,x__autocorrelation__lag_6144,x__mean_abs_change
A,0.9430324060471047,0.008463824869246196
