id,x__autocorrelation__lag_6144,x__mean_abs_change
A,0.9343520545158979,0.00848409157655762
