id,x__autocorrelation__lag_6144,x__mean_abs_change
A,0.9461285327462461,0.009002413419892932
