id,x__autocorrelation__lag_6144,x__mean_abs_change
A,0.9367142949397144,0.009715075409784021
