id,x__autocorrelation__lag_6144,x__mean_abs_change
A,0.9536512051999736,0.007117638496864094
