id,x__autocorrelation__lag_6144,x__mean_abs_change
A,0.9586231212166123,0.01363152071802481
