id,x__autocorrelation__lag_6144,x__mean_abs_change
A,0.4888666171368854,0.008046921901636039
