id,x__autocorrelation__lag_6144,x__mean_abs_change
A,0.5576079143237586,0.007780118672914289
