id,x__autocorrelation__lag_6144,x__mean_abs_change
A,0.9515467553470901,0.007520215668806253
