id,x__autocorrelation__lag_6144,x__mean_abs_change
A,0.9307699499208155,0.007398031783049347
