id,x__autocorrelation__lag_6144,x__mean_abs_change
A,0.9368550510318463,0.008579808182051722
