id,x__autocorrelation__lag_6144,x__mean_abs_change
A,0.9427696611845879,0.008384021465472544
