id,x__autocorrelation__lag_6144,x__mean_abs_change
A,0.9371519022783056,0.008924240464424523
