id,x__autocorrelation__lag_6144,x__mean_abs_change
A,0.921602725774568,0.007567138913699311
