id,x__autocorrelation__lag_6144,x__mean_abs_change
A,0.9165813771268679,0.0069301476043112185
