id,x__autocorrelation__lag_6144,x__mean_abs_change
A,0.93603962743678,0.008203800054172402
