id,x__autocorrelation__lag_6144,x__mean_abs_change
A,0.9236126886694399,0.00759257223744853
