id,x__autocorrelation__lag_6144,x__mean_abs_change
A,0.9216818344218651,0.007562950460652855
