id,x__autocorrelation__lag_6144,x__mean_abs_change
A,0.9207915505451576,0.007316370024990224
