id,x__autocorrelation__lag_6144,x__mean_abs_change
A,0.9264401716753128,0.00776826538979286
