id,x__autocorrelation__lag_6144,x__mean_abs_change
A,0.9353856842768521,0.010323535843143359
