id,x__autocorrelation__lag_6144,x__mean_abs_change
A,0.93707039856306,0.008375764598718392
