id,x__autocorrelation__lag_6144,x__mean_abs_change
A,0.9273401036829643,0.00762623376350169
