id,x__autocorrelation__lag_6144,x__mean_abs_change
A,0.9429796802579882,0.008542674905135954
