id,x__autocorrelation__lag_6144,x__mean_abs_change
A,0.4706851997835245,0.007071157855343489
