id,x__autocorrelation__lag_6144,x__mean_abs_change
A,0.9224487717812038,0.007783085459364094
