id,x__autocorrelation__lag_6144,x__mean_abs_change
A,0.9278565902101171,0.008016153432621883
