id,x__autocorrelation__lag_6144,x__mean_abs_change
A,0.9549876129198669,0.011450310899887423
