id,x__autocorrelation__lag_6144,x__mean_abs_change
A,0.9584293338745671,0.013173964349156663
