id,x__autocorrelation__lag_6144,x__mean_abs_change
A,0.9219719767762935,0.007407005823597206
