id,x__autocorrelation__lag_6144,x__mean_abs_change
A,0.9163266706571018,0.007790276532635592
