id,x__autocorrelation__lag_6144,x__mean_abs_change
A,0.6335026247742538,0.008643085112497804
