id,x__autocorrelation__lag_6144,x__mean_abs_change
A,0.9332046074947786,0.007430013174589982
