id,x__autocorrelation__lag_6144,x__mean_abs_change
A,0.4299558939624649,0.006586554500088806
