id,x__autocorrelation__lag_6144,x__mean_abs_change
A,0.642095831320406,0.008471666989528528
