id,x__autocorrelation__lag_6144,x__mean_abs_change
A,0.4227216201997736,0.007122558620361932
