id,x__autocorrelation__lag_6144,x__mean_abs_change
A,0.9306101281156369,0.007610487274177375
