id,x__autocorrelation__lag_6144,x__mean_abs_change
A,0.9352448136719622,0.007628323936039403
