id,x__autocorrelation__lag_6144,x__mean_abs_change
A,0.7958537109097883,0.008163967255263506
