id,x__autocorrelation__lag_6144,x__mean_abs_change
A,0.924144339516517,0.0073633080638592354
