id,x__autocorrelation__lag_6144,x__mean_abs_change
A,0.45682678969946827,0.008697500679116827
