id,x__autocorrelation__lag_6144,x__mean_abs_change
A,0.6900873151541795,0.007749596734002286
