id,x__autocorrelation__lag_6144,x__mean_abs_change
A,0.9603094288547629,0.0133584016321147
