id,x__autocorrelation__lag_6144,x__mean_abs_change
A,0.3272610627229215,0.007037019966362911
