id,x__autocorrelation__lag_6144,x__mean_abs_change
A,0.9400307016691325,0.008696549056407583
