id,x__autocorrelation__lag_6144,x__mean_abs_change
A,0.9236780670580482,0.007548720212105544
