id,x__autocorrelation__lag_6144,x__mean_abs_change
A,0.9203960135908212,0.0075360585850214445
