id,x__autocorrelation__lag_6144,x__mean_abs_change
A,0.9375025329780184,0.009090191867888443
