id,x__autocorrelation__lag_6144,x__mean_abs_change
A,0.8687344107802045,0.007913371630430077
