id,x__autocorrelation__lag_6144,x__mean_abs_change
A,0.9545046762154444,0.0122768048849995
