id,x__autocorrelation__lag_6144,x__mean_abs_change
A,0.9284011139645858,0.008221162833095007
