id,x__autocorrelation__lag_6144,x__mean_abs_change
A,0.9342386202886127,0.007764155659402357
