id,x__autocorrelation__lag_6144,x__mean_abs_change
A,0.4862520571518357,0.007296800299411836
