id,x__autocorrelation__lag_6144,x__mean_abs_change
A,0.944266596678951,0.009183129971588754
