id,x__autocorrelation__lag_6144,x__mean_abs_change
A,0.5011634192048197,0.0072997210030268924
