id,x__autocorrelation__lag_6144,x__mean_abs_change
A,0.9272900459444857,0.007165114916526728
