id,x__autocorrelation__lag_6144,x__mean_abs_change
A,0.5500560295378001,0.008001895615844901
