id,x__autocorrelation__lag_6144,x__mean_abs_change
A,0.957846627430503,0.013391635772225545
