id,x__autocorrelation__lag_6144,x__mean_abs_change
A,0.9389520450177077,0.00843587300648031
