id,x__autocorrelation__lag_6144,x__mean_abs_change
A,0.9393478089937565,0.00868604723188952
