id,x__autocorrelation__lag_6144,x__mean_abs_change
A,0.8778869699810841,0.008169053742955852
