id,x__autocorrelation__lag_6144,x__mean_abs_change
A,0.9505622288764111,0.010934618865741147
