id,x__autocorrelation__lag_6144,x__mean_abs_change
A,0.761087619021545,0.008593555937377498
