id,x__autocorrelation__lag_6144,x__mean_abs_change
A,0.9579887209976002,0.013225962024594605
