id,x__autocorrelation__lag_6144,x__mean_abs_change
A,0.6023832353113319,0.009708092463888008
