id,x__autocorrelation__lag_6144,x__mean_abs_change
A,0.9325332345062982,0.007790613548440486
