id,x__autocorrelation__lag_6144,x__mean_abs_change
A,0.9433425138458409,0.008587486981366754
