id,x__autocorrelation__lag_6144,x__mean_abs_change
A,0.936713331275556,0.008567755405381074
