id,x__autocorrelation__lag_6144,x__mean_abs_change
A,0.9427816372050415,0.007839319749265822
