id,x__autocorrelation__lag_6144,x__mean_abs_change
A,0.9357616776796984,0.007925510681109346
