id,x__autocorrelation__lag_6144,x__mean_abs_change
A,0.9364321247461194,0.00898734239704582
