id,x__autocorrelation__lag_6144,x__mean_abs_change
A,0.9303715343540321,0.008140591577645913
