id,x__autocorrelation__lag_6144,x__mean_abs_change
A,0.8904428933594244,0.008330895470671656
