id,x__autocorrelation__lag_6144,x__mean_abs_change
A,0.8989292332187697,0.007733691596969991
