id,x__autocorrelation__lag_6144,x__mean_abs_change
A,0.9246719721349943,0.007676950681504403
