id,x__autocorrelation__lag_6144,x__mean_abs_change
A,0.9410376391076813,0.008682718168318457
