id,x__autocorrelation__lag_6144,x__mean_abs_change
A,0.8933273279612644,0.007686623022396405
