id,x__autocorrelation__lag_6144,x__mean_abs_change
A,0.811979775912931,0.007388564167244595
