id,x__autocorrelation__lag_6144,x__mean_abs_change
A,0.7787214666377482,0.0070159140812568795
