id,x__autocorrelation__lag_6144,x__mean_abs_change
A,0.9272970279860463,0.007681549230843429
