id,x__autocorrelation__lag_6144,x__mean_abs_change
A,0.894778780481172,0.007749768264336132
