id,x__autocorrelation__lag_6144,x__mean_abs_change
A,0.9573486729440429,0.012805647762644331
