id,x__autocorrelation__lag_6144,x__mean_abs_change
A,0.9397194894554428,0.00906854357176398
