id,x__autocorrelation__lag_6144,x__mean_abs_change
A,0.5121782372350288,0.007479838967120917
