id,x__autocorrelation__lag_6144,x__mean_abs_change
A,0.45275233120807273,0.007078080326917094
