id,x__autocorrelation__lag_6144,x__mean_abs_change
A,0.9261309923755825,0.007945549355979752
