id,x__autocorrelation__lag_6144,x__mean_abs_change
A,0.9316105233631823,0.007626427630073402
