id,x__autocorrelation__lag_6144,x__mean_abs_change
A,0.9294216622830087,0.007636574151001372
