id,x__autocorrelation__lag_6144,x__mean_abs_change
A,0.8642645824023741,0.007802445976717685
