id,x__autocorrelation__lag_6144,x__mean_abs_change
A,0.45039840036668854,0.007520071097096503
