id,x__autocorrelation__lag_6144,x__mean_abs_change
A,0.9227003928016919,0.007642803082659155
