id,x__autocorrelation__lag_6144,x__mean_abs_change
A,0.9337484363038545,0.007681483270684598
