id,x__autocorrelation__lag_6144,x__mean_abs_change
A,0.9324458502101,0.00766161050632247
