id,x__autocorrelation__lag_6144,x__mean_abs_change
A,0.9482619958677252,0.009038999620095408
