id,x__autocorrelation__lag_6144,x__mean_abs_change
A,0.9169303114114712,0.0075905136763645695
