id,x__autocorrelation__lag_6144,x__mean_abs_change
A,0.9000338085137883,0.007541598433505327
