id,x__autocorrelation__lag_6144,x__mean_abs_change
A,0.9270429626679785,0.007761731078735782
