id,x__autocorrelation__lag_6144,x__mean_abs_change
A,0.9353075613345654,0.00836454019386024
