id,x__autocorrelation__lag_6144,x__mean_abs_change
A,0.9229172256241217,0.007070570386836108
