id,x__autocorrelation__lag_6144,x__mean_abs_change
A,0.49623924698985655,0.007480890971837675
