id,x__autocorrelation__lag_6144,x__mean_abs_change
A,0.9576029647767849,0.013430611288601837
