id,x__autocorrelation__lag_6144,x__mean_abs_change
A,0.9120648457114277,0.006835764825818661
