id,x__autocorrelation__lag_6144,x__mean_abs_change
A,0.9248055942571787,0.007657752002801487
