id,x__autocorrelation__lag_6144,x__mean_abs_change
A,0.9340088590218243,0.008561348098015537
