id,x__autocorrelation__lag_6144,x__mean_abs_change
A,0.9438233311403369,0.009283814402479931
