id,x__autocorrelation__lag_6144,x__mean_abs_change
A,0.8921713427210404,0.006989347493478062
