id,x__autocorrelation__lag_6144,x__mean_abs_change
A,0.9357006248404632,0.007596085590540148
