id,x__autocorrelation__lag_6144,x__mean_abs_change
A,0.9531679731836876,0.011680822195636636
