id,x__autocorrelation__lag_6144,x__mean_abs_change
A,0.9205428253115538,0.008756590628556375
