id,x__autocorrelation__lag_6144,x__mean_abs_change
A,0.5058335715378187,0.008487946818534427
