id,x__autocorrelation__lag_6144,x__mean_abs_change
A,0.9398743612733366,0.00881204678608345
