id,x__autocorrelation__lag_6144,x__mean_abs_change
A,0.520674017488627,0.0077412493336114566
