id,x__autocorrelation__lag_6144,x__mean_abs_change
A,0.9454141312364336,0.008362351982266434
