id,x__autocorrelation__lag_6144,x__mean_abs_change
A,0.9284449024839284,0.007760645124342278
