id,x__autocorrelation__lag_6144,x__mean_abs_change
A,0.9040439517095308,0.0074752335988139225
