id,x__autocorrelation__lag_6144,x__mean_abs_change
A,0.9589686434847363,0.012843573028110334
