id,x__autocorrelation__lag_6144,x__mean_abs_change
A,0.9258585071990383,0.007670288273773446
