id,x__autocorrelation__lag_6144,x__mean_abs_change
A,0.9520680829693984,0.00878429554977001
