id,x__autocorrelation__lag_6144,x__mean_abs_change
A,0.9195655677382565,0.007481476744238747
