id,x__autocorrelation__lag_6144,x__mean_abs_change
A,0.9582449308929603,0.01296303560907826
