id,x__autocorrelation__lag_6144,x__mean_abs_change
A,0.9301116675695037,0.008326307005639879
