id,x__autocorrelation__lag_6144,x__mean_abs_change
A,0.5036223893888847,0.007688132990083005
