id,x__autocorrelation__lag_6144,x__mean_abs_change
A,0.9395349703881731,0.008941857254035464
