id,x__autocorrelation__lag_6144,x__mean_abs_change
A,0.8787511846165768,0.0072075166166589615
