id,x__autocorrelation__lag_6144,x__mean_abs_change
A,0.45971218579727474,0.007794979162706852
