id,x__autocorrelation__lag_6144,x__mean_abs_change
A,0.9224586957623002,0.007725445560314431
