id,x__autocorrelation__lag_6144,x__mean_abs_change
A,0.9564319369594936,0.013311672584220901
