id,x__autocorrelation__lag_6144,x__mean_abs_change
A,0.9044114941653372,0.0074413948793700495
