id,x__autocorrelation__lag_6144,x__mean_abs_change
A,0.9551491446026663,0.012105872510757777
