id,x__autocorrelation__lag_6144,x__mean_abs_change
A,0.7339203503142356,0.007489744493516663
