id,x__autocorrelation__lag_6144,x__mean_abs_change
A,0.9253286667785204,0.007686119877420775
