id,x__autocorrelation__lag_6144,x__mean_abs_change
A,0.9237295500433037,0.007594970786813553
