id,x__autocorrelation__lag_6144,x__mean_abs_change
A,0.9216942602342169,0.007669091442692772
