id,x__autocorrelation__lag_6144,x__mean_abs_change
A,0.9462234264706255,0.008894288212227503
