id,x__autocorrelation__lag_6144,x__mean_abs_change
A,0.9558835905631282,0.012191605776042174
