id,x__autocorrelation__lag_6144,x__mean_abs_change
A,0.9474103681284289,0.010587719608474887
