id,x__autocorrelation__lag_6144,x__mean_abs_change
A,0.892285968710982,0.007430046309704414
