id,x__autocorrelation__lag_6144,x__mean_abs_change
A,0.931740089695775,0.007862775387143387
