id,x__autocorrelation__lag_6144,x__mean_abs_change
A,0.9368644181288616,0.00848267572723465
