id,x__autocorrelation__lag_6144,x__mean_abs_change
A,0.7453815969363107,0.007088263650957225
