id,x__autocorrelation__lag_6144,x__mean_abs_change
A,0.9214639716035861,0.0075399974839822645
