id,x__autocorrelation__lag_6144,x__mean_abs_change
A,0.9580337614708068,0.013480029999877336
