id,x__autocorrelation__lag_6144,x__mean_abs_change
A,0.8820981159744936,0.007868209182034206
