id,x__autocorrelation__lag_6144,x__mean_abs_change
A,0.9059263347986486,0.0077345337143635215
