id,x__autocorrelation__lag_6144,x__mean_abs_change
A,0.9276708559431703,0.007846064257427414
