id,x__autocorrelation__lag_6144,x__mean_abs_change
A,0.9193687395933381,0.007464422789296491
