id,x__autocorrelation__lag_6144,x__mean_abs_change
A,0.5073009850533364,0.007255066272058291
