id,x__autocorrelation__lag_6144,x__mean_abs_change
A,0.950062613228734,0.008822015307788195
