id,x__autocorrelation__lag_6144,x__mean_abs_change
A,0.9565312451506903,0.0134821247247928
