id,x__autocorrelation__lag_6144,x__mean_abs_change
A,0.8957837601260644,0.0073484327955908755
