id,x__autocorrelation__lag_6144,x__mean_abs_change
A,0.9251873764580832,0.0075290188571389615
