id,x__autocorrelation__lag_6144,x__mean_abs_change
A,0.9302056906361803,0.008274244709743913
