id,x__autocorrelation__lag_6144,x__mean_abs_change
A,0.8890170869675709,0.007585568961181624
