id,x__autocorrelation__lag_6144,x__mean_abs_change
A,0.931592500264752,0.007714656487814313
