id,x__autocorrelation__lag_6144,x__mean_abs_change
A,0.9382450369635443,0.009844726444104415
