id,x__autocorrelation__lag_6144,x__mean_abs_change
A,0.958571201603606,0.013427987722044336
