id,x__autocorrelation__lag_6144,x__mean_abs_change
A,0.9474151118512745,0.008625506845355568
