id,x__autocorrelation__lag_6144,x__mean_abs_change
A,0.9287820203835372,0.008092648220121988
