id,x__autocorrelation__lag_6144,x__mean_abs_change
A,0.9092871321852636,0.007641158359473149
