id,x__autocorrelation__lag_6144,x__mean_abs_change
A,0.5907832162214993,0.008335839814361475
