id,x__autocorrelation__lag_6144,x__mean_abs_change
A,0.8944684887632887,0.008496503637201348
