id,x__autocorrelation__lag_6144,x__mean_abs_change
A,0.9248561227085469,0.007396391090150016
