id,x__autocorrelation__lag_6144,x__mean_abs_change
A,0.9085657203277242,0.007297464859207524
