id,x__autocorrelation__lag_6144,x__mean_abs_change
A,0.9283164064958712,0.007547617752774197
