id,x__autocorrelation__lag_6144,x__mean_abs_change
A,0.894995865827144,0.007132574266984909
