id,x__autocorrelation__lag_6144,x__mean_abs_change
A,0.9150902859504443,0.008497409163040124
