id,x__autocorrelation__lag_6144,x__mean_abs_change
A,0.9363426869941103,0.009016189677814559
