id,x__autocorrelation__lag_6144,x__mean_abs_change
A,0.8652601636995124,0.007570207227512555
