id,x__autocorrelation__lag_6144,x__mean_abs_change
A,0.9027278251358821,0.007908344709832111
