id,x__autocorrelation__lag_6144,x__mean_abs_change
A,0.9264532449353138,0.007530347923856555
