id,x__autocorrelation__lag_6144,x__mean_abs_change
A,0.9424992107905765,0.008865949151238383
