id,x__autocorrelation__lag_6144,x__mean_abs_change
A,0.8839982524572744,0.007672613592702551
