id,x__autocorrelation__lag_6144,x__mean_abs_change
A,0.467618554469033,0.007286021758789682
