id,x__autocorrelation__lag_6144,x__mean_abs_change
A,0.9575484703646207,0.01295754661751678
