id,x__autocorrelation__lag_6144,x__mean_abs_change
A,0.9528357279140041,0.01168820009129045
