id,x__autocorrelation__lag_6144,x__mean_abs_change
A,0.925845717514765,0.0076287491712301115
