id,x__autocorrelation__lag_6144,x__mean_abs_change
A,0.8916511231488226,0.007440084946933558
