id,x__autocorrelation__lag_6144,x__mean_abs_change
A,0.9309937964729759,0.008024480703143417
