id,x__autocorrelation__lag_6144,x__mean_abs_change
A,0.94639836879804,0.00825334110360955
