id,x__autocorrelation__lag_6144,x__mean_abs_change
A,0.9263960804814831,0.0075806811722355415
