id,x__autocorrelation__lag_6144,x__mean_abs_change
A,0.9571385921019678,0.012889433125235581
