id,x__autocorrelation__lag_6144,x__mean_abs_change
A,0.9255048456833759,0.007703483135636289
