id,x__autocorrelation__lag_6144,x__mean_abs_change
A,0.9208230797567872,0.007470173333746354
