id,x__autocorrelation__lag_6144,x__mean_abs_change
A,0.9570037124115827,0.013374794172440871
