id,x__autocorrelation__lag_6144,x__mean_abs_change
A,0.9014649340287011,0.007621194142618617
