id,x__autocorrelation__lag_6144,x__mean_abs_change
A,0.872440436451076,0.006413350219194385
