id,x__autocorrelation__lag_6144,x__mean_abs_change
A,0.5225635971069532,0.007288687149188124
