id,x__autocorrelation__lag_6144,x__mean_abs_change
A,0.9217890694507006,0.007581770060251698
