id,x__autocorrelation__lag_6144,x__mean_abs_change
A,0.9410361541626072,0.010692906515749789
