id,x__autocorrelation__lag_6144,x__mean_abs_change
A,0.9347209567777064,0.007638349764307073
