id,x__autocorrelation__lag_6144,x__mean_abs_change
A,0.9575802260257875,0.013413268697728223
