id,x__autocorrelation__lag_6144,x__mean_abs_change
A,0.93797659760701,0.008665583909627546
