id,x__autocorrelation__lag_6144,x__mean_abs_change
A,0.8908065418665065,0.008464970499142311
