id,x__autocorrelation__lag_6144,x__mean_abs_change
A,0.9175115956041584,0.0073392537336584626
