id,x__autocorrelation__lag_6144,x__mean_abs_change
A,0.9536106912177361,0.0073567914278260494
