id,x__autocorrelation__lag_6144,x__mean_abs_change
A,0.9120269999589722,0.008857397773129503
