id,x__autocorrelation__lag_6144,x__mean_abs_change
A,0.9582782238500787,0.013141265864318944
