id,x__autocorrelation__lag_6144,x__mean_abs_change
A,0.9358694427950056,0.007367859776956163
