id,x__autocorrelation__lag_6144,x__mean_abs_change
A,0.9410826879364541,0.008761974748393245
