id,x__autocorrelation__lag_6144,x__mean_abs_change
A,0.9495402688797325,0.008953977128723466
