id,x__autocorrelation__lag_6144,x__mean_abs_change
A,0.9331404841917357,0.008737877825629669
