id,x__autocorrelation__lag_6144,x__mean_abs_change
A,0.937397541862591,0.007565848388358935
