id,x__autocorrelation__lag_6144,x__mean_abs_change
A,0.9283630021284717,0.007813920976687884
