id,x__autocorrelation__lag_6144,x__mean_abs_change
A,0.9301573935411681,0.007485609176894465
