id,x__autocorrelation__lag_6144,x__mean_abs_change
A,0.9367115723713086,0.008118330449657638
