id,x__autocorrelation__lag_6144,x__mean_abs_change
A,0.9202382676169497,0.0072533933628847885
