id,x__autocorrelation__lag_6144,x__mean_abs_change
A,0.9257638836323426,0.008055108004246891
