id,x__autocorrelation__lag_6144,x__mean_abs_change
A,0.937102306070617,0.007264046768346702
