id,x__autocorrelation__lag_6144,x__mean_abs_change
A,0.936081733675266,0.008558418907397673
