id,x__autocorrelation__lag_6144,x__mean_abs_change
A,0.9383059826360134,0.00856113585910392
