id,x__autocorrelation__lag_6144,x__mean_abs_change
A,0.5027925544448205,0.008950337876122373
