id,x__autocorrelation__lag_6144,x__mean_abs_change
A,0.928575077674972,0.008295498732321377
