id,x__autocorrelation__lag_6144,x__mean_abs_change
A,0.9321636289549022,0.008122330444437099
