id,x__autocorrelation__lag_6144,x__mean_abs_change
A,0.9374993435553128,0.009307944291578529
