id,x__autocorrelation__lag_6144,x__mean_abs_change
A,0.9239906440594592,0.0077615426032257686
