id,x__autocorrelation__lag_6144,x__mean_abs_change
A,0.9340163034224462,0.008924588286056835
