id,x__autocorrelation__lag_6144,x__mean_abs_change
A,0.8879991220959922,0.006428171316328667
