id,x__autocorrelation__lag_6144,x__mean_abs_change
A,0.5675913416378536,0.008593484161759118
