id,x__autocorrelation__lag_6144,x__mean_abs_change
A,0.6186816897698023,0.008740199249782416
