id,x__autocorrelation__lag_6144,x__mean_abs_change
A,0.9548370930075061,0.012107431498758758
