id,x__autocorrelation__lag_6144,x__mean_abs_change
A,0.9378438277018473,0.009267909086510102
