id,x__autocorrelation__lag_6144,x__mean_abs_change
A,0.9518084614871635,0.007979091602639814
