id,x__autocorrelation__lag_6144,x__mean_abs_change
A,0.4314850572983551,0.007401399220749672
