id,x__autocorrelation__lag_6144,x__mean_abs_change
A,0.928423500565603,0.007479669437636857
