id,x__autocorrelation__lag_6144,x__mean_abs_change
A,0.8850539889864191,0.007090170276171721
