id,x__autocorrelation__lag_6144,x__mean_abs_change
A,0.94737800568306,0.009055428419471233
