id,x__autocorrelation__lag_6144,x__mean_abs_change
A,0.9333715991848225,0.007687220313920588
