id,x__autocorrelation__lag_6144,x__mean_abs_change
A,0.9257494435710097,0.007757101185849121
