id,x__autocorrelation__lag_6144,x__mean_abs_change
A,0.9365864455030926,0.008325440530373235
