id,x__autocorrelation__lag_6144,x__mean_abs_change
A,0.9353693528243516,0.008831823456472782
