id,x__autocorrelation__lag_6144,x__mean_abs_change
A,0.9581609037306551,0.013204086539874661
