id,x__autocorrelation__lag_6144,x__mean_abs_change
A,0.9419518187747264,0.009121248747617685
