id,x__autocorrelation__lag_6144,x__mean_abs_change
A,0.9356796210541048,0.008271081476901242
