id,x__autocorrelation__lag_6144,x__mean_abs_change
A,0.927008064283007,0.007435643351238146
