id,x__autocorrelation__lag_6144,x__mean_abs_change
A,0.9315123915637964,0.009878844158210618
