id,x__autocorrelation__lag_6144,x__mean_abs_change
A,0.9288595344137408,0.007371364847511863
