id,x__autocorrelation__lag_6144,x__mean_abs_change
A,0.9332905221345814,0.007718101677534236
