id,x__autocorrelation__lag_6144,x__mean_abs_change
A,0.8898167827599346,0.007873128785359175
