id,x__autocorrelation__lag_6144,x__mean_abs_change
A,0.9021869767948004,0.007652073962966944
