id,x__autocorrelation__lag_6144,x__mean_abs_change
A,0.8785498849641539,0.006164199527483865
