id,x__autocorrelation__lag_6144,x__mean_abs_change
A,0.9126166745442769,0.007370957617762286
