id,x__autocorrelation__lag_6144,x__mean_abs_change
A,0.9542060203127705,0.011541641194247675
