id,x__autocorrelation__lag_6144,x__mean_abs_change
A,0.9194735263450171,0.007661652524889839
