id,x__autocorrelation__lag_6144,x__mean_abs_change
A,0.952127892912169,0.007191158826133913
