id,x__autocorrelation__lag_6144,x__mean_abs_change
A,0.9161828907126763,0.00744787119934642
