id,x__autocorrelation__lag_6144,x__mean_abs_change
A,0.9175161016617126,0.00924620922646868
