id,x__autocorrelation__lag_6144,x__mean_abs_change
A,0.4446858387045012,0.007721517863141284
