id,x__autocorrelation__lag_6144,x__mean_abs_change
A,0.9333310342763912,0.007756294646581467
