id,x__autocorrelation__lag_6144,x__mean_abs_change
A,0.9225816266506734,0.007750688601785755
