id,x__autocorrelation__lag_6144,x__mean_abs_change
A,0.9311838266207217,0.0076946672258720586
