id,x__autocorrelation__lag_6144,x__mean_abs_change
A,0.4647975531626825,0.008025297539476721
