id,x__autocorrelation__lag_6144,x__mean_abs_change
A,0.9571345405099307,0.013101629139649762
