id,x__autocorrelation__lag_6144,x__mean_abs_change
A,0.5875800563579873,0.007393480886871203
