id,x__autocorrelation__lag_6144,x__mean_abs_change
A,0.9170934234975516,0.007693253745277368
