id,x__autocorrelation__lag_6144,x__mean_abs_change
A,0.9522837831963117,0.008748993030725126
