id,x__autocorrelation__lag_6144,x__mean_abs_change
A,0.9509575342259807,0.012132984159931241
