id,x__autocorrelation__lag_6144,x__mean_abs_change
A,0.9462895920353857,0.010734171015768108
