id,x__autocorrelation__lag_6144,x__mean_abs_change
A,0.9518625953042351,0.00897871261973705
