id,x__autocorrelation__lag_6144,x__mean_abs_change
A,0.9236382016635005,0.008044695200172326
