id,x__autocorrelation__lag_6144,x__mean_abs_change
A,0.9208039796885584,0.007500076708873893
