id,x__autocorrelation__lag_6144,x__mean_abs_change
A,0.9321302836361497,0.007976214743237614
