id,x__autocorrelation__lag_6144,x__mean_abs_change
A,0.9305410873073764,0.007979699969459905
