id,x__autocorrelation__lag_6144,x__mean_abs_change
A,0.5503980797247587,0.007915282882181726
