id,x__autocorrelation__lag_6144,x__mean_abs_change
A,0.9247623169176472,0.007321053847567497
