id,x__autocorrelation__lag_6144,x__mean_abs_change
A,0.9590465675451227,0.013658094095493536
