id,x__autocorrelation__lag_6144,x__mean_abs_change
A,0.9578385722478009,0.013050158954839899
