id,x__autocorrelation__lag_6144,x__mean_abs_change
A,0.9537421219818686,0.011922126449623148
