id,x__autocorrelation__lag_6144,x__mean_abs_change
A,0.9296834884270523,0.007768837343948871
