id,x__autocorrelation__lag_6144,x__mean_abs_change
A,0.9266281664180113,0.007483931592445496
