id,x__autocorrelation__lag_6144,x__mean_abs_change
A,0.924281022690745,0.007479672601121685
