id,x__autocorrelation__lag_6144,x__mean_abs_change
A,0.9248137401688431,0.007298812952623002
