id,x__autocorrelation__lag_6144,x__mean_abs_change
A,0.9250091922902413,0.007642394939566038
