id,x__autocorrelation__lag_6144,x__mean_abs_change
A,0.9262045405815571,0.007626513983335947
