id,x__autocorrelation__lag_1024,x__autocorrelation__lag_128,x__autocorrelation__lag_16384,x__autocorrelation__lag_2048,x__autocorrelation__lag_256,x__autocorrelation__lag_4096,x__autocorrelation__lag_512,x__autocorrelation__lag_8192
A,0.401417136310079,-0.4813336130580185,0.39406558801812974,0.3836036285323035,0.41000085683239046,0.39428280115698355,0.40153422824383866,0.3928758396919439
