id,x__autocorrelation__lag_1024,x__autocorrelation__lag_128,x__autocorrelation__lag_16384,x__autocorrelation__lag_2048,x__autocorrelation__lag_256,x__autocorrelation__lag_4096,x__autocorrelation__lag_512,x__autocorrelation__lag_8192
A,-0.23904539922052093,-0.32591646921653444,-0.2942009041034668,-0.2835481379260462,-0.32254883051276095,-0.28515771202333723,-0.2949031038009726,-0.2768065889714411
