id,x__autocorrelation__lag_1024,x__autocorrelation__lag_128,x__autocorrelation__lag_16384,x__autocorrelation__lag_2048,x__autocorrelation__lag_256,x__autocorrelation__lag_4096,x__autocorrelation__lag_512,x__autocorrelation__lag_8192
A,-0.2227768917094178,-0.3824258791628759,-0.26590609497830675,-0.24809181224305957,-0.302878302471845,-0.25188423044512254,-0.25291709245167737,-0.238337058043908
