id,x__autocorrelation__lag_1024,x__autocorrelation__lag_128,x__autocorrelation__lag_16384,x__autocorrelation__lag_2048,x__autocorrelation__lag_256,x__autocorrelation__lag_4096,x__autocorrelation__lag_512,x__autocorrelation__lag_8192
A,-0.00708200140188726,-0.074009841864284,0.0092815974887221,-0.007764752672611115,-0.027894734476683652,0.011650744605882932,0.005690585611346745,0.012693336657608748
