id,x__autocorrelation__lag_1024,x__autocorrelation__lag_128,x__autocorrelation__lag_16384,x__autocorrelation__lag_2048,x__autocorrelation__lag_256,x__autocorrelation__lag_4096,x__autocorrelation__lag_512,x__autocorrelation__lag_8192
A,-0.02665067418512236,-0.128475130231701,0.02184613250501575,0.0012095378196802465,0.007798293108808224,0.007584057045436962,0.02223687079785555,-0.03175305749681199
