id,x__autocorrelation__lag_1024,x__autocorrelation__lag_128,x__autocorrelation__lag_16384,x__autocorrelation__lag_2048,x__autocorrelation__lag_256,x__autocorrelation__lag_4096,x__autocorrelation__lag_512,x__autocorrelation__lag_8192
A,-0.24006161040113488,-0.32341661434175345,-0.28291231616880647,-0.270884815954795,-0.3172393003142962,-0.27212726108946195,-0.28151793197866737,-0.26303908558022365
