id,x__autocorrelation__lag_1024,x__autocorrelation__lag_128,x__autocorrelation__lag_16384,x__autocorrelation__lag_2048,x__autocorrelation__lag_256,x__autocorrelation__lag_4096,x__autocorrelation__lag_512,x__autocorrelation__lag_8192
A,-0.2275926937557569,-0.3441248210895487,-0.27521151517296866,-0.2637796407741702,-0.3032118989152548,-0.2633862988468483,-0.2735496942406509,-0.2551839240128712
