id,x__autocorrelation__lag_1024,x__autocorrelation__lag_128,x__autocorrelation__lag_16384,x__autocorrelation__lag_2048,x__autocorrelation__lag_256,x__autocorrelation__lag_4096,x__autocorrelation__lag_512,x__autocorrelation__lag_8192
A,-0.373273923937647,0.3401590639079043,-0.3654105928884768,-0.3496386418119877,-0.39150585221595935,-0.3599426498740063,-0.38500901979891805,-0.3624439453656137
