id,x__autocorrelation__lag_1024,x__autocorrelation__lag_128,x__autocorrelation__lag_16384,x__autocorrelation__lag_2048,x__autocorrelation__lag_256,x__autocorrelation__lag_4096,x__autocorrelation__lag_512,x__autocorrelation__lag_8192
A,-0.2766454356743071,-0.31972957506333227,-0.2697960785413407,-0.2628430520813621,-0.32485839317774506,-0.27400043388330836,-0.3164915583892647,-0.25927252516929294
