id,x__autocorrelation__lag_1024,x__autocorrelation__lag_128,x__autocorrelation__lag_16384,x__autocorrelation__lag_2048,x__autocorrelation__lag_256,x__autocorrelation__lag_4096,x__autocorrelation__lag_512,x__autocorrelation__lag_8192
A,-0.2504237987996916,-0.304375671282224,-0.29184576961475606,-0.28759489233055713,-0.3272411246322351,-0.28844760447122236,-0.3090171417538669,-0.28102448989037704
