id,x__autocorrelation__lag_1024,x__autocorrelation__lag_128,x__autocorrelation__lag_16384,x__autocorrelation__lag_2048,x__autocorrelation__lag_256,x__autocorrelation__lag_4096,x__autocorrelation__lag_512,x__autocorrelation__lag_8192
A,-0.22064487131530602,-0.32947628269131646,-0.25935049536522403,-0.2420560405524629,-0.3047993627561572,-0.2445571336894716,-0.25849114682202734,-0.2316119216907889
