id,x__autocorrelation__lag_1024,x__autocorrelation__lag_128,x__autocorrelation__lag_16384,x__autocorrelation__lag_2048,x__autocorrelation__lag_256,x__autocorrelation__lag_4096,x__autocorrelation__lag_512,x__autocorrelation__lag_8192
A,-0.22089997737910405,-0.33171223849215264,-0.2596341604110468,-0.2451516172418611,-0.30464997140676814,-0.2456192861287098,-0.2522696992297336,-0.23384441208911652
