id,x__autocorrelation__lag_1024,x__autocorrelation__lag_128,x__autocorrelation__lag_16384,x__autocorrelation__lag_2048,x__autocorrelation__lag_256,x__autocorrelation__lag_4096,x__autocorrelation__lag_512,x__autocorrelation__lag_8192
A,-0.2467581740415754,-0.3346500190947603,-0.2946055754344473,-0.2821734600584139,-0.3274815505236341,-0.2837774252317947,-0.2957523264911111,-0.27492486636411045
