id,x__autocorrelation__lag_1024,x__autocorrelation__lag_128,x__autocorrelation__lag_16384,x__autocorrelation__lag_2048,x__autocorrelation__lag_256,x__autocorrelation__lag_4096,x__autocorrelation__lag_512,x__autocorrelation__lag_8192
A,-0.03220057515961023,-0.15643965478124824,-0.0653562684306507,-0.05554776916257124,-0.05869340575118161,-0.06623792005835884,-0.08626654256996591,-0.06622724519061128
