id,x__autocorrelation__lag_1024,x__autocorrelation__lag_128,x__autocorrelation__lag_16384,x__autocorrelation__lag_2048,x__autocorrelation__lag_256,x__autocorrelation__lag_4096,x__autocorrelation__lag_512,x__autocorrelation__lag_8192
A,0.8033029349063486,-0.8752603301164749,0.09359633261399002,0.7606892426372385,0.8428612075672235,0.6862967459394901,0.8305044192854357,0.4545052628311858
