id,x__autocorrelation__lag_1024,x__autocorrelation__lag_128,x__autocorrelation__lag_16384,x__autocorrelation__lag_2048,x__autocorrelation__lag_256,x__autocorrelation__lag_4096,x__autocorrelation__lag_512,x__autocorrelation__lag_8192
A,-0.22215676446715757,-0.4043972555615592,-0.2626670198623417,-0.2512791732326131,-0.2857726092453862,-0.25327076441816676,-0.2608625530840032,-0.24333411723510523
