id,x__autocorrelation__lag_1024,x__autocorrelation__lag_128,x__autocorrelation__lag_16384,x__autocorrelation__lag_2048,x__autocorrelation__lag_256,x__autocorrelation__lag_4096,x__autocorrelation__lag_512,x__autocorrelation__lag_8192
A,-0.23937063342565243,-0.41490997337987207,-0.25409968650652515,-0.2520631187894386,-0.3261023211803679,-0.25019398040577207,-0.3153941510332496,-0.24397552737656608
