id,x__autocorrelation__lag_1024,x__autocorrelation__lag_128,x__autocorrelation__lag_16384,x__autocorrelation__lag_2048,x__autocorrelation__lag_256,x__autocorrelation__lag_4096,x__autocorrelation__lag_512,x__autocorrelation__lag_8192
A,-0.24150926376354756,-0.41242320694792495,-0.27185096556571525,-0.2627945484178447,-0.31135146410552106,-0.2644732442184095,-0.28844918066525616,-0.2550114901229133
