id,x__autocorrelation__lag_1024,x__autocorrelation__lag_128,x__autocorrelation__lag_16384,x__autocorrelation__lag_2048,x__autocorrelation__lag_256,x__autocorrelation__lag_4096,x__autocorrelation__lag_512,x__autocorrelation__lag_8192
A,0.6898952378296207,-0.7933354915148813,0.6513102468292623,0.6648629736961089,0.7015499383468211,0.6691960055941651,0.6953760495650378,0.6737084285470841
