id,x__autocorrelation__lag_1024,x__autocorrelation__lag_128,x__autocorrelation__lag_16384,x__autocorrelation__lag_2048,x__autocorrelation__lag_256,x__autocorrelation__lag_4096,x__autocorrelation__lag_512,x__autocorrelation__lag_8192
A,-0.2439274194857027,-0.4017086105677801,-0.28317391029476036,-0.29563120279587374,-0.3060169098890945,-0.3079577942404786,-0.3403517465404511,-0.2864609147198938
