id,x__autocorrelation__lag_1024,x__autocorrelation__lag_128,x__autocorrelation__lag_16384,x__autocorrelation__lag_2048,x__autocorrelation__lag_256,x__autocorrelation__lag_4096,x__autocorrelation__lag_512,x__autocorrelation__lag_8192
A,-0.2904850548089751,-0.30517653297514885,-0.28222573327471895,-0.27609110725192865,-0.3463321415569775,-0.2846541042269172,-0.33093794020762884,-0.27357881565337094
