id,x__autocorrelation__lag_1024,x__autocorrelation__lag_128,x__autocorrelation__lag_16384,x__autocorrelation__lag_2048,x__autocorrelation__lag_256,x__autocorrelation__lag_4096,x__autocorrelation__lag_512,x__autocorrelation__lag_8192
A,0.03501135624007953,-0.2291389523734324,0.04397904622226401,-0.05246953698799214,-0.029326659056647005,-0.14404754779233098,-0.13841458106497753,0.028224444042882442
