id,x__autocorrelation__lag_1024,x__autocorrelation__lag_128,x__autocorrelation__lag_16384,x__autocorrelation__lag_2048,x__autocorrelation__lag_256,x__autocorrelation__lag_4096,x__autocorrelation__lag_512,x__autocorrelation__lag_8192
A,-0.3861457116348589,-0.44726159481158345,-0.417031057109291,-0.4088642602903119,-0.43088180189591413,-0.414315045651118,-0.4196921835898514,-0.40212767452783343
