id,x__autocorrelation__lag_1024,x__autocorrelation__lag_128,x__autocorrelation__lag_16384,x__autocorrelation__lag_2048,x__autocorrelation__lag_256,x__autocorrelation__lag_4096,x__autocorrelation__lag_512,x__autocorrelation__lag_8192
A,-0.23624915575293481,-0.2876303884075124,-0.272734392049661,-0.27159729395692256,-0.31485817669630367,-0.28134510150201986,-0.30679237643536045,-0.2591247937341354
