id,x__autocorrelation__lag_1024,x__autocorrelation__lag_128,x__autocorrelation__lag_16384,x__autocorrelation__lag_2048,x__autocorrelation__lag_256,x__autocorrelation__lag_4096,x__autocorrelation__lag_512,x__autocorrelation__lag_8192
A,0.026300790847905885,-0.2842567006461641,0.05395114611185701,0.007266448828761458,-0.008443080723790011,0.04731813002122424,-0.03286213605278639,0.03263566460082685
