id,x__autocorrelation__lag_1024,x__autocorrelation__lag_128,x__autocorrelation__lag_16384,x__autocorrelation__lag_2048,x__autocorrelation__lag_256,x__autocorrelation__lag_4096,x__autocorrelation__lag_512,x__autocorrelation__lag_8192
A,-0.2454981477135078,-0.40697761744575484,-0.26599553764863965,-0.26133012739017625,-0.32321757863256584,-0.2607118276699002,-0.3068140820392411,-0.25399268856631657
