id,x__autocorrelation__lag_1024,x__autocorrelation__lag_128,x__autocorrelation__lag_16384,x__autocorrelation__lag_2048,x__autocorrelation__lag_256,x__autocorrelation__lag_4096,x__autocorrelation__lag_512,x__autocorrelation__lag_8192
A,-0.20703675819394313,-0.3760341633671995,-0.2590966848037341,-0.24364510006829876,-0.27691939941675536,-0.24508435263760256,-0.228652162793635,-0.22931686761590903
