id,x__autocorrelation__lag_1024,x__autocorrelation__lag_128,x__autocorrelation__lag_16384,x__autocorrelation__lag_2048,x__autocorrelation__lag_256,x__autocorrelation__lag_4096,x__autocorrelation__lag_512,x__autocorrelation__lag_8192
A,-0.2754636603103829,-0.32691633777929535,-0.26076520734127906,-0.2532497658217689,-0.3259456122515203,-0.265062244858652,-0.3171006181280229,-0.2495328073784593
