id,x__autocorrelation__lag_1024,x__autocorrelation__lag_128,x__autocorrelation__lag_16384,x__autocorrelation__lag_2048,x__autocorrelation__lag_256,x__autocorrelation__lag_4096,x__autocorrelation__lag_512,x__autocorrelation__lag_8192
A,0.785753717167415,-0.8626527185464765,0.09057426429292757,0.7427293031208777,0.8332525602285934,0.6823287524485075,0.818166186074366,0.4706630675845563
