id,x__autocorrelation__lag_1024,x__autocorrelation__lag_128,x__autocorrelation__lag_16384,x__autocorrelation__lag_2048,x__autocorrelation__lag_256,x__autocorrelation__lag_4096,x__autocorrelation__lag_512,x__autocorrelation__lag_8192
A,0.031044400000365967,-0.16160465800477747,0.006128025696361783,0.03200404835087832,0.0565296300686057,0.013163832694758258,0.08849579996363276,0.08338635552685937
