id,x__autocorrelation__lag_1024,x__autocorrelation__lag_128,x__autocorrelation__lag_16384,x__autocorrelation__lag_2048,x__autocorrelation__lag_256,x__autocorrelation__lag_4096,x__autocorrelation__lag_512,x__autocorrelation__lag_8192
A,-0.27550544837611324,-0.313650321979428,-0.31003199212624194,-0.28572596498219205,-0.34852108582993224,-0.29918418114442225,-0.30584940216871503,-0.26725850592781136
