id,x__autocorrelation__lag_1024,x__autocorrelation__lag_128,x__autocorrelation__lag_16384,x__autocorrelation__lag_2048,x__autocorrelation__lag_256,x__autocorrelation__lag_4096,x__autocorrelation__lag_512,x__autocorrelation__lag_8192
A,-0.22240911070739156,-0.40929050583334187,-0.2534487647803119,-0.23995396266328373,-0.2913168448784097,-0.24296148128592565,-0.26057956725420894,-0.22955488775641764
