id,x__autocorrelation__lag_1024,x__autocorrelation__lag_128,x__autocorrelation__lag_16384,x__autocorrelation__lag_2048,x__autocorrelation__lag_256,x__autocorrelation__lag_4096,x__autocorrelation__lag_512,x__autocorrelation__lag_8192
A,-0.3900287537862122,0.35933526114617087,-0.38076707479879157,-0.3632317944324288,-0.40379041942566873,-0.37285681003576765,-0.3979734841781904,-0.3732760110275359
