id,x__autocorrelation__lag_1024,x__autocorrelation__lag_128,x__autocorrelation__lag_16384,x__autocorrelation__lag_2048,x__autocorrelation__lag_256,x__autocorrelation__lag_4096,x__autocorrelation__lag_512,x__autocorrelation__lag_8192
A,-0.23676632685915003,-0.26167841522487795,-0.24693575968258258,-0.24172535077317545,-0.30005643432172546,-0.25517391975026166,-0.29961680130577234,-0.23571703822647708
