id,x__autocorrelation__lag_1024,x__autocorrelation__lag_128,x__autocorrelation__lag_16384,x__autocorrelation__lag_2048,x__autocorrelation__lag_256,x__autocorrelation__lag_4096,x__autocorrelation__lag_512,x__autocorrelation__lag_8192
A,-0.38564811204014193,0.3691595432423886,-0.3767894620702636,-0.36170944677570277,-0.39863466642046436,-0.37259535884126227,-0.393713549493586,-0.37172844806605226
