id,x__autocorrelation__lag_1024,x__autocorrelation__lag_128,x__autocorrelation__lag_16384,x__autocorrelation__lag_2048,x__autocorrelation__lag_256,x__autocorrelation__lag_4096,x__autocorrelation__lag_512,x__autocorrelation__lag_8192
A,-0.29726090978110176,-0.40107428187933336,-0.34294049622181744,-0.3443100503327079,-0.3659854485323421,-0.3621721713256551,-0.3613593482132544,-0.3391472917205922
