id,x__autocorrelation__lag_1024,x__autocorrelation__lag_128,x__autocorrelation__lag_16384,x__autocorrelation__lag_2048,x__autocorrelation__lag_256,x__autocorrelation__lag_4096,x__autocorrelation__lag_512,x__autocorrelation__lag_8192
A,-0.2285508005742292,-0.4126601597897352,-0.2654724263582543,-0.2507297184000988,-0.29432112489956325,-0.2542377677341314,-0.2551808218501472,-0.241616350759439
