id,x__autocorrelation__lag_1024,x__autocorrelation__lag_128,x__autocorrelation__lag_16384,x__autocorrelation__lag_2048,x__autocorrelation__lag_256,x__autocorrelation__lag_4096,x__autocorrelation__lag_512,x__autocorrelation__lag_8192
A,-0.20967053401858798,-0.39599489434057905,-0.24297630487944405,-0.23068117579332373,-0.2774832224673899,-0.23140615111479418,-0.24556572080558403,-0.22085363236535246
