id,x__autocorrelation__lag_1024,x__autocorrelation__lag_128,x__autocorrelation__lag_16384,x__autocorrelation__lag_2048,x__autocorrelation__lag_256,x__autocorrelation__lag_4096,x__autocorrelation__lag_512,x__autocorrelation__lag_8192
A,-0.22869119327576998,-0.3382018333556937,-0.2787032583690363,-0.267864118536854,-0.3009147547378029,-0.26726016817354153,-0.2768846973103333,-0.25977024689730255
