id,x__autocorrelation__lag_1024,x__autocorrelation__lag_128,x__autocorrelation__lag_16384,x__autocorrelation__lag_2048,x__autocorrelation__lag_256,x__autocorrelation__lag_4096,x__autocorrelation__lag_512,x__autocorrelation__lag_8192
A,0.03218433366263077,-0.16110267100587086,-0.004550974114716446,0.0526482550445622,0.056817359129779185,0.037325820800130353,0.0786771477549507,0.07817340982851663
