id,x__autocorrelation__lag_1024,x__autocorrelation__lag_128,x__autocorrelation__lag_16384,x__autocorrelation__lag_2048,x__autocorrelation__lag_256,x__autocorrelation__lag_4096,x__autocorrelation__lag_512,x__autocorrelation__lag_8192
A,-0.37428610887955216,0.2957846235546499,-0.36915038291325114,-0.3464044942273018,-0.39547157454003773,-0.3556549005111981,-0.37711006567054434,-0.35284212723731395
