id,x__autocorrelation__lag_1024,x__autocorrelation__lag_128,x__autocorrelation__lag_16384,x__autocorrelation__lag_2048,x__autocorrelation__lag_256,x__autocorrelation__lag_4096,x__autocorrelation__lag_512,x__autocorrelation__lag_8192
A,-0.05488561408951328,-0.16403556961814003,-0.011287898432573017,-0.04828344684049911,-0.038582889819974805,-0.020771028906267575,-0.0006523089007999518,-0.019212268104300607
