id,x__autocorrelation__lag_1024,x__autocorrelation__lag_128,x__autocorrelation__lag_16384,x__autocorrelation__lag_2048,x__autocorrelation__lag_256,x__autocorrelation__lag_4096,x__autocorrelation__lag_512,x__autocorrelation__lag_8192
A,-0.05272150138303758,-0.16713466425309453,-0.05537352185468075,-0.06877363971383005,-0.028043953618419312,-0.00690573637593445,-0.04135818661306449,-0.06896171546104081
