id,x__autocorrelation__lag_1024,x__autocorrelation__lag_128,x__autocorrelation__lag_16384,x__autocorrelation__lag_2048,x__autocorrelation__lag_256,x__autocorrelation__lag_4096,x__autocorrelation__lag_512,x__autocorrelation__lag_8192
A,-0.001266549402666958,-0.10383203578267305,0.03245416157539608,-0.0020334661450861547,-0.03187140717540959,0.0200301430029018,0.014374590931226982,0.011622340114566634
