id,x__autocorrelation__lag_1024,x__autocorrelation__lag_128,x__autocorrelation__lag_16384,x__autocorrelation__lag_2048,x__autocorrelation__lag_256,x__autocorrelation__lag_4096,x__autocorrelation__lag_512,x__autocorrelation__lag_8192
A,-0.2402470854124354,-0.36259649088756624,-0.28890394415319726,-0.27802342360709176,-0.31100598567853266,-0.27894995235659226,-0.27922858209037277,-0.26757702547511614
