id,x__autocorrelation__lag_1024,x__autocorrelation__lag_128,x__autocorrelation__lag_16384,x__autocorrelation__lag_2048,x__autocorrelation__lag_256,x__autocorrelation__lag_4096,x__autocorrelation__lag_512,x__autocorrelation__lag_8192
A,-0.2137552395469055,-0.3641256483308387,-0.2638430269130068,-0.2518225395898749,-0.29016052043976037,-0.2523670671902479,-0.25766202354199635,-0.24196467056622417
