id,x__autocorrelation__lag_1024,x__autocorrelation__lag_128,x__autocorrelation__lag_16384,x__autocorrelation__lag_2048,x__autocorrelation__lag_256,x__autocorrelation__lag_4096,x__autocorrelation__lag_512,x__autocorrelation__lag_8192
A,-0.2502084040236697,-0.3631300660675153,-0.2867034569155897,-0.27403338242050185,-0.314885349294696,-0.27491126298590396,-0.2771947221349923,-0.2646253322610236
