id,x__autocorrelation__lag_1024,x__autocorrelation__lag_128,x__autocorrelation__lag_16384,x__autocorrelation__lag_2048,x__autocorrelation__lag_256,x__autocorrelation__lag_4096,x__autocorrelation__lag_512,x__autocorrelation__lag_8192
A,-0.2099131184659745,-0.4030146235007339,-0.25448436678226655,-0.24354507914295545,-0.2690649598324558,-0.2446976182305378,-0.24229219964993517,-0.2342975439017806
