id,x__autocorrelation__lag_1024,x__autocorrelation__lag_128,x__autocorrelation__lag_16384,x__autocorrelation__lag_2048,x__autocorrelation__lag_256,x__autocorrelation__lag_4096,x__autocorrelation__lag_512,x__autocorrelation__lag_8192
A,0.7299054470014794,-0.8205470240443932,0.07221129160823055,0.6899365253469883,0.7906376185614942,0.6218461207468513,0.7710860644126207,0.4072192580013853
