id,x__autocorrelation__lag_1024,x__autocorrelation__lag_128,x__autocorrelation__lag_16384,x__autocorrelation__lag_2048,x__autocorrelation__lag_256,x__autocorrelation__lag_4096,x__autocorrelation__lag_512,x__autocorrelation__lag_8192
A,-0.14262038953383271,-0.3976424576133077,-0.180476114917676,-0.21350512794060011,-0.23202916989359887,-0.2708514183295068,-0.2814982562980681,-0.17002122923545346
