id,x__autocorrelation__lag_1024,x__autocorrelation__lag_128,x__autocorrelation__lag_16384,x__autocorrelation__lag_2048,x__autocorrelation__lag_256,x__autocorrelation__lag_4096,x__autocorrelation__lag_512,x__autocorrelation__lag_8192
A,-0.23758210426069784,-0.34900863122236664,-0.28721222793589735,-0.27492781960377516,-0.30939426726155855,-0.27458934601601115,-0.27716746690305116,-0.265630154610847
