id,x__autocorrelation__lag_1024,x__autocorrelation__lag_128,x__autocorrelation__lag_16384,x__autocorrelation__lag_2048,x__autocorrelation__lag_256,x__autocorrelation__lag_4096,x__autocorrelation__lag_512,x__autocorrelation__lag_8192
A,-0.21973956107874257,-0.4024793151855474,-0.25641751398994683,-0.24589329097879312,-0.2881038610778886,-0.24583336350462476,-0.24962298511703562,-0.2362958533228444
