id,x__autocorrelation__lag_1024,x__autocorrelation__lag_128,x__autocorrelation__lag_16384,x__autocorrelation__lag_2048,x__autocorrelation__lag_256,x__autocorrelation__lag_4096,x__autocorrelation__lag_512,x__autocorrelation__lag_8192
A,-0.24923619692859678,-0.4096013904079875,-0.26048608352258684,-0.2550184712857625,-0.31875408272374506,-0.2545633848794506,-0.3012137866205869,-0.24813572532011208
