id,x__autocorrelation__lag_1024,x__autocorrelation__lag_128,x__autocorrelation__lag_16384,x__autocorrelation__lag_2048,x__autocorrelation__lag_256,x__autocorrelation__lag_4096,x__autocorrelation__lag_512,x__autocorrelation__lag_8192
A,0.03180858343450021,-0.17472421867011576,0.007340202957614793,0.05548840871532031,0.06896308732204696,0.03299784603616859,0.08559590440679624,0.08115805160995389
