id,x__autocorrelation__lag_1024,x__autocorrelation__lag_128,x__autocorrelation__lag_16384,x__autocorrelation__lag_2048,x__autocorrelation__lag_256,x__autocorrelation__lag_4096,x__autocorrelation__lag_512,x__autocorrelation__lag_8192
A,-0.2549844236456473,-0.31677498355104666,-0.2970791717320399,-0.2895147619176719,-0.3290463459196156,-0.2920989908558212,-0.3050332115652586,-0.2819624934114368
