id,x__autocorrelation__lag_1024,x__autocorrelation__lag_128,x__autocorrelation__lag_16384,x__autocorrelation__lag_2048,x__autocorrelation__lag_256,x__autocorrelation__lag_4096,x__autocorrelation__lag_512,x__autocorrelation__lag_8192
A,-0.07869335509266598,-0.35955769387461245,-0.12191150771661698,-0.14699235015520967,-0.17098776486061387,-0.19659158639728863,-0.1976428344377496,-0.10926959922893831
