id,x__autocorrelation__lag_1024,x__autocorrelation__lag_128,x__autocorrelation__lag_16384,x__autocorrelation__lag_2048,x__autocorrelation__lag_256,x__autocorrelation__lag_4096,x__autocorrelation__lag_512,x__autocorrelation__lag_8192
A,-0.20401764218330848,-0.39561538725627937,-0.24810236357167087,-0.2657768197744266,-0.27801560065684994,-0.3030890573303358,-0.3061627901371221,-0.23093643003085124
