id,x__autocorrelation__lag_1024,x__autocorrelation__lag_128,x__autocorrelation__lag_16384,x__autocorrelation__lag_2048,x__autocorrelation__lag_256,x__autocorrelation__lag_4096,x__autocorrelation__lag_512,x__autocorrelation__lag_8192
A,-0.2361806397936151,-0.39880044136605736,-0.2676591038663878,-0.25691908845069217,-0.3030442637876131,-0.2574576494532493,-0.2738587640554253,-0.24892786172077522
