id,x__autocorrelation__lag_1024,x__autocorrelation__lag_128,x__autocorrelation__lag_16384,x__autocorrelation__lag_2048,x__autocorrelation__lag_256,x__autocorrelation__lag_4096,x__autocorrelation__lag_512,x__autocorrelation__lag_8192
A,-0.03510953508804363,-0.16911661213122603,-0.03273799483014507,-0.03782549341292325,0.01217167550237361,-0.0012218822179301532,-0.009899301457916863,-0.010127269227672332
