id,x__autocorrelation__lag_1024,x__autocorrelation__lag_128,x__autocorrelation__lag_16384,x__autocorrelation__lag_2048,x__autocorrelation__lag_256,x__autocorrelation__lag_4096,x__autocorrelation__lag_512,x__autocorrelation__lag_8192
A,-0.2416447242855224,-0.3481086494644019,-0.29186675088724,-0.27736577094382653,-0.3113082575224126,-0.27934275030877176,-0.2748442425636215,-0.26858482823164437
