id,x__autocorrelation__lag_1024,x__autocorrelation__lag_128,x__autocorrelation__lag_16384,x__autocorrelation__lag_2048,x__autocorrelation__lag_256,x__autocorrelation__lag_4096,x__autocorrelation__lag_512,x__autocorrelation__lag_8192
A,-0.29472828012088126,-0.3781535750452045,-0.3076711898346718,-0.30770965593473487,-0.3879371672440871,-0.30455566394577516,-0.3844649938576017,-0.30261066432357087
