id,x__autocorrelation__lag_1024,x__autocorrelation__lag_128,x__autocorrelation__lag_16384,x__autocorrelation__lag_2048,x__autocorrelation__lag_256,x__autocorrelation__lag_4096,x__autocorrelation__lag_512,x__autocorrelation__lag_8192
A,-0.2208902444279334,-0.35393752621003166,-0.27748952459593546,-0.26354245974066604,-0.29145101315718913,-0.2657356619927592,-0.26161471125070385,-0.2547138356103126
