id,x__autocorrelation__lag_1024,x__autocorrelation__lag_128,x__autocorrelation__lag_16384,x__autocorrelation__lag_2048,x__autocorrelation__lag_256,x__autocorrelation__lag_4096,x__autocorrelation__lag_512,x__autocorrelation__lag_8192
A,-0.21513406930124085,-0.33823343426977676,-0.265002111968076,-0.25369306422370147,-0.28967632002615984,-0.2540428732663097,-0.26115131296474725,-0.24544092424943303
