id,x__autocorrelation__lag_1024,x__autocorrelation__lag_128,x__autocorrelation__lag_16384,x__autocorrelation__lag_2048,x__autocorrelation__lag_256,x__autocorrelation__lag_4096,x__autocorrelation__lag_512,x__autocorrelation__lag_8192
A,-0.07668939641713136,-0.3777321267560538,-0.10272261167302074,-0.1158823010511031,-0.12460331700991566,-0.16470095714468644,-0.17873875619161878,-0.10719633762322281
