id,x__autocorrelation__lag_1024,x__autocorrelation__lag_128,x__autocorrelation__lag_16384,x__autocorrelation__lag_2048,x__autocorrelation__lag_256,x__autocorrelation__lag_4096,x__autocorrelation__lag_512,x__autocorrelation__lag_8192
A,-0.25249993232434337,-0.3056006584528625,-0.2986265374135855,-0.2808425842518876,-0.3381763761642356,-0.29283558372225327,-0.3007761285712086,-0.26326914322611256
