id,x__autocorrelation__lag_1024,x__autocorrelation__lag_128,x__autocorrelation__lag_16384,x__autocorrelation__lag_2048,x__autocorrelation__lag_256,x__autocorrelation__lag_4096,x__autocorrelation__lag_512,x__autocorrelation__lag_8192
A,-0.18192081797236187,-0.3789459799099137,-0.22828002262295483,-0.22061804471938673,-0.2578334665245162,-0.22087221292782425,-0.23959663060824063,-0.2155652669152563
