id,x__autocorrelation__lag_1024,x__autocorrelation__lag_128,x__autocorrelation__lag_16384,x__autocorrelation__lag_2048,x__autocorrelation__lag_256,x__autocorrelation__lag_4096,x__autocorrelation__lag_512,x__autocorrelation__lag_8192
A,-0.23037874631503258,-0.33973058538781703,-0.283186691642457,-0.27083355498314415,-0.3040594838038233,-0.2713680959468568,-0.2759122240970164,-0.26195585534078736
