id,x__autocorrelation__lag_1024,x__autocorrelation__lag_128,x__autocorrelation__lag_16384,x__autocorrelation__lag_2048,x__autocorrelation__lag_256,x__autocorrelation__lag_4096,x__autocorrelation__lag_512,x__autocorrelation__lag_8192
A,-0.247064784210172,-0.40767441946933775,-0.27149987507115125,-0.2694772753749884,-0.33427164110693264,-0.2666861355793366,-0.3202570242014503,-0.26148405864869373
