id,x__autocorrelation__lag_1024,x__autocorrelation__lag_128,x__autocorrelation__lag_16384,x__autocorrelation__lag_2048,x__autocorrelation__lag_256,x__autocorrelation__lag_4096,x__autocorrelation__lag_512,x__autocorrelation__lag_8192
A,-0.22212902347918678,-0.4085592586799382,-0.25359275497262096,-0.24426381869795305,-0.3015175578696757,-0.24460332993521783,-0.27561486746243785,-0.23513758191645046
