id,x__autocorrelation__lag_1024,x__autocorrelation__lag_128,x__autocorrelation__lag_16384,x__autocorrelation__lag_2048,x__autocorrelation__lag_256,x__autocorrelation__lag_4096,x__autocorrelation__lag_512,x__autocorrelation__lag_8192
A,-0.3953557600572346,-0.3764419509231839,-0.42225437948991384,-0.40030563987158313,-0.43686117391449314,-0.4216866903778336,-0.37608603410487335,-0.3932944488020621
