id,x__autocorrelation__lag_1024,x__autocorrelation__lag_128,x__autocorrelation__lag_16384,x__autocorrelation__lag_2048,x__autocorrelation__lag_256,x__autocorrelation__lag_4096,x__autocorrelation__lag_512,x__autocorrelation__lag_8192
A,0.02583310896696935,-0.15807754439477117,-0.0013242867931965913,0.037830766947055186,0.05185215668071453,0.013219439211068313,0.0812647076284871,0.0721224927864846
