id,x__autocorrelation__lag_1024,x__autocorrelation__lag_128,x__autocorrelation__lag_16384,x__autocorrelation__lag_2048,x__autocorrelation__lag_256,x__autocorrelation__lag_4096,x__autocorrelation__lag_512,x__autocorrelation__lag_8192
A,0.05341821051392595,-0.22942083925456958,0.0829169364635498,0.04840441616425963,0.023147333339016068,0.07064880739596749,0.020769619368396445,0.061666182766621384
