id,x__autocorrelation__lag_1024,x__autocorrelation__lag_128,x__autocorrelation__lag_16384,x__autocorrelation__lag_2048,x__autocorrelation__lag_256,x__autocorrelation__lag_4096,x__autocorrelation__lag_512,x__autocorrelation__lag_8192
A,0.018114592786034018,-0.19406959866713325,0.01962710894300713,0.027669503328350054,0.03039381870281676,0.05296729141272489,0.01233503195324932,0.04519132658826905
