id,x__autocorrelation__lag_1024,x__autocorrelation__lag_128,x__autocorrelation__lag_16384,x__autocorrelation__lag_2048,x__autocorrelation__lag_256,x__autocorrelation__lag_4096,x__autocorrelation__lag_512,x__autocorrelation__lag_8192
A,-0.2529032172064241,-0.36279475527671434,-0.2955527775086556,-0.2838677970572264,-0.3215775590377215,-0.2837888778409774,-0.29265228264667154,-0.27425959184404497
