id,x__autocorrelation__lag_1024,x__autocorrelation__lag_128,x__autocorrelation__lag_16384,x__autocorrelation__lag_2048,x__autocorrelation__lag_256,x__autocorrelation__lag_4096,x__autocorrelation__lag_512,x__autocorrelation__lag_8192
A,-0.2253378817793003,-0.38391303470576393,-0.2698181615991946,-0.25532693884299595,-0.29866422247104435,-0.2577625378798119,-0.25881876555788935,-0.24443118635195954
