id,x__autocorrelation__lag_1024,x__autocorrelation__lag_128,x__autocorrelation__lag_16384,x__autocorrelation__lag_2048,x__autocorrelation__lag_256,x__autocorrelation__lag_4096,x__autocorrelation__lag_512,x__autocorrelation__lag_8192
A,-0.008729122285918583,-0.13801137788322274,-0.00820936009555473,-0.07005446900810483,-0.07455542190105492,-0.09762226503433327,-0.0698531333121098,-0.04808977612407926
