id,x__autocorrelation__lag_1024,x__autocorrelation__lag_128,x__autocorrelation__lag_16384,x__autocorrelation__lag_2048,x__autocorrelation__lag_256,x__autocorrelation__lag_4096,x__autocorrelation__lag_512,x__autocorrelation__lag_8192
A,-0.04469845820318609,-0.16692018335683562,-0.050239910210790176,-0.05678352515645951,-0.006822529686637324,-0.005281859992886983,-0.03379668399830978,-0.041170906403314785
