id,x__autocorrelation__lag_1024,x__autocorrelation__lag_128,x__autocorrelation__lag_16384,x__autocorrelation__lag_2048,x__autocorrelation__lag_256,x__autocorrelation__lag_4096,x__autocorrelation__lag_512,x__autocorrelation__lag_8192
A,-0.24203179573778383,-0.3177357790861922,-0.2843802018070055,-0.27915157197557944,-0.31783211535634,-0.2785585548927909,-0.30080594130246713,-0.27184307028737237
