id,x__autocorrelation__lag_1024,x__autocorrelation__lag_128,x__autocorrelation__lag_16384,x__autocorrelation__lag_2048,x__autocorrelation__lag_256,x__autocorrelation__lag_4096,x__autocorrelation__lag_512,x__autocorrelation__lag_8192
A,-0.28139264187952556,-0.31664073841105633,-0.29153839851863533,-0.2746627430461299,-0.3486899134677692,-0.2890743052726433,-0.30990206512876295,-0.25770673272697364
