id,x__autocorrelation__lag_1024,x__autocorrelation__lag_128,x__autocorrelation__lag_16384,x__autocorrelation__lag_2048,x__autocorrelation__lag_256,x__autocorrelation__lag_4096,x__autocorrelation__lag_512,x__autocorrelation__lag_8192
A,-0.03588717686164364,-0.04534219002195872,-0.029480936920349907,-0.08080267508815137,-0.02883587003507239,-0.0010916857064779174,-0.06444280364994862,-0.0731313259616363
