id,x__autocorrelation__lag_1024,x__autocorrelation__lag_128,x__autocorrelation__lag_16384,x__autocorrelation__lag_2048,x__autocorrelation__lag_256,x__autocorrelation__lag_4096,x__autocorrelation__lag_512,x__autocorrelation__lag_8192
A,-0.263956053380646,-0.29140480054022755,-0.2644607180705152,-0.25883574775728024,-0.31935689572393666,-0.26961327781976707,-0.3137933522451984,-0.25849358076807344
