id,x__autocorrelation__lag_1024,x__autocorrelation__lag_128,x__autocorrelation__lag_16384,x__autocorrelation__lag_2048,x__autocorrelation__lag_256,x__autocorrelation__lag_4096,x__autocorrelation__lag_512,x__autocorrelation__lag_8192
A,-0.20136363319827835,-0.3803802816253725,-0.257291167617525,-0.24064855927357937,-0.27459868395024734,-0.24334987974601885,-0.2283181645483227,-0.22921800194077616
