id,x__autocorrelation__lag_1024,x__autocorrelation__lag_128,x__autocorrelation__lag_16384,x__autocorrelation__lag_2048,x__autocorrelation__lag_256,x__autocorrelation__lag_4096,x__autocorrelation__lag_512,x__autocorrelation__lag_8192
A,-0.21422938929116786,-0.4034243380840935,-0.24909503947035166,-0.23943314609457444,-0.2797384872572432,-0.24014854092441643,-0.2560414600517707,-0.23091133485605528
