id,x__autocorrelation__lag_1024,x__autocorrelation__lag_128,x__autocorrelation__lag_16384,x__autocorrelation__lag_2048,x__autocorrelation__lag_256,x__autocorrelation__lag_4096,x__autocorrelation__lag_512,x__autocorrelation__lag_8192
A,-0.2667685723288057,-0.282891047478256,-0.2985735082325492,-0.27585777412307827,-0.33701099508964605,-0.2895038297938742,-0.30872110959079235,-0.26100683902719074
