id,x__autocorrelation__lag_1024,x__autocorrelation__lag_128,x__autocorrelation__lag_16384,x__autocorrelation__lag_2048,x__autocorrelation__lag_256,x__autocorrelation__lag_4096,x__autocorrelation__lag_512,x__autocorrelation__lag_8192
A,-0.2516081006550084,-0.3805349521830263,-0.27851503348154044,-0.27068694364315554,-0.31499754790101564,-0.26967590515561024,-0.2888531363810509,-0.2603399325402383
