id,x__autocorrelation__lag_1024,x__autocorrelation__lag_128,x__autocorrelation__lag_16384,x__autocorrelation__lag_2048,x__autocorrelation__lag_256,x__autocorrelation__lag_4096,x__autocorrelation__lag_512,x__autocorrelation__lag_8192
A,-0.33445133007624966,-0.4304186852715491,-0.36378135030177344,-0.3674303320509613,-0.3787044659673899,-0.374851793536632,-0.38475503147345047,-0.3634389222816148
