id,x__autocorrelation__lag_1024,x__autocorrelation__lag_128,x__autocorrelation__lag_16384,x__autocorrelation__lag_2048,x__autocorrelation__lag_256,x__autocorrelation__lag_4096,x__autocorrelation__lag_512,x__autocorrelation__lag_8192
A,-0.2702293804194811,-0.3863192986259102,-0.28949159891855697,-0.29002766371318156,-0.35513435911891333,-0.2879599391763444,-0.3522099908061049,-0.28537493643190015
