id,x__autocorrelation__lag_1024,x__autocorrelation__lag_128,x__autocorrelation__lag_16384,x__autocorrelation__lag_2048,x__autocorrelation__lag_256,x__autocorrelation__lag_4096,x__autocorrelation__lag_512,x__autocorrelation__lag_8192
A,-0.22259305980046837,-0.3559304551357506,-0.2673187887344777,-0.2527379097908493,-0.2940344509160715,-0.2544725281751955,-0.2584225655291041,-0.24137156906162255
