id,x__autocorrelation__lag_1024,x__autocorrelation__lag_128,x__autocorrelation__lag_16384,x__autocorrelation__lag_2048,x__autocorrelation__lag_256,x__autocorrelation__lag_4096,x__autocorrelation__lag_512,x__autocorrelation__lag_8192
A,0.06139697442362661,-0.17411398436242892,0.02252917717044836,0.025112281295779984,0.02857745146008729,0.056923169370266,0.03915080871584721,0.068790798530467
