id,x__autocorrelation__lag_1024,x__autocorrelation__lag_128,x__autocorrelation__lag_16384,x__autocorrelation__lag_2048,x__autocorrelation__lag_256,x__autocorrelation__lag_4096,x__autocorrelation__lag_512,x__autocorrelation__lag_8192
A,0.037373063599338424,-0.1866842044082131,0.0924766466427241,0.0776598816476319,0.09753980314434858,0.042373230274722354,0.09441776437326906,0.09627943536577857
