id,x__autocorrelation__lag_1024,x__autocorrelation__lag_128,x__autocorrelation__lag_16384,x__autocorrelation__lag_2048,x__autocorrelation__lag_256,x__autocorrelation__lag_4096,x__autocorrelation__lag_512,x__autocorrelation__lag_8192
A,-0.24893897102170426,-0.33657631277690253,-0.3003012826405427,-0.28932176530965,-0.3153150307281108,-0.28961065587951995,-0.2954251476548578,-0.2810412517102152
