id,x__autocorrelation__lag_1024,x__autocorrelation__lag_128,x__autocorrelation__lag_16384,x__autocorrelation__lag_2048,x__autocorrelation__lag_256,x__autocorrelation__lag_4096,x__autocorrelation__lag_512,x__autocorrelation__lag_8192
A,-0.1679868909285668,-0.40873714402724237,-0.20437332055376617,-0.22349521144863066,-0.23246666083109352,-0.2512913906894957,-0.26789132216235895,-0.19783659918537588
