id,x__autocorrelation__lag_1024,x__autocorrelation__lag_128,x__autocorrelation__lag_16384,x__autocorrelation__lag_2048,x__autocorrelation__lag_256,x__autocorrelation__lag_4096,x__autocorrelation__lag_512,x__autocorrelation__lag_8192
A,-0.03782955775379557,-0.05778740339055204,-0.021938801196108807,-0.026546654140383905,-0.0404252730326767,-0.010694801331062858,-0.018788586197267036,-0.0167222601537842
