id,x__autocorrelation__lag_1024,x__autocorrelation__lag_128,x__autocorrelation__lag_16384,x__autocorrelation__lag_2048,x__autocorrelation__lag_256,x__autocorrelation__lag_4096,x__autocorrelation__lag_512,x__autocorrelation__lag_8192
A,-0.2767794504823973,-0.30036683911773876,-0.272574902774106,-0.2628294995068464,-0.33252093185446274,-0.27487216078793913,-0.3164289933970728,-0.2608978534120341
