id,x__autocorrelation__lag_1024,x__autocorrelation__lag_128,x__autocorrelation__lag_16384,x__autocorrelation__lag_2048,x__autocorrelation__lag_256,x__autocorrelation__lag_4096,x__autocorrelation__lag_512,x__autocorrelation__lag_8192
A,-0.26689175079566774,-0.285028715666999,-0.2942322881785122,-0.27121587621159365,-0.3416318669068265,-0.28733939133476316,-0.3080740181267835,-0.25622114292440024
