id,x__autocorrelation__lag_1024,x__autocorrelation__lag_128,x__autocorrelation__lag_16384,x__autocorrelation__lag_2048,x__autocorrelation__lag_256,x__autocorrelation__lag_4096,x__autocorrelation__lag_512,x__autocorrelation__lag_8192
A,-0.008910931746692694,-0.1307560504924654,0.032236913059765816,0.006640580592536733,0.0059017607444023824,-0.0037804085294081374,0.03288061619633997,0.011487240558643308
