id,x__autocorrelation__lag_1024,x__autocorrelation__lag_128,x__autocorrelation__lag_16384,x__autocorrelation__lag_2048,x__autocorrelation__lag_256,x__autocorrelation__lag_4096,x__autocorrelation__lag_512,x__autocorrelation__lag_8192
A,-0.039773941341460776,-0.0703015128642549,-0.02546313803505645,-0.022778901097062747,-0.015286077722341515,0.0028012847159976316,-0.006792282880170178,-0.018944113414265017
