id,x__autocorrelation__lag_1024,x__autocorrelation__lag_128,x__autocorrelation__lag_16384,x__autocorrelation__lag_2048,x__autocorrelation__lag_256,x__autocorrelation__lag_4096,x__autocorrelation__lag_512,x__autocorrelation__lag_8192
A,0.0020836381672218185,-0.2826608669667697,0.02765499878365771,0.0001478282462039293,-0.028865583685029124,0.03126212888025859,-0.05071688609167285,0.01876863179954153
