id,x__autocorrelation__lag_1024,x__autocorrelation__lag_128,x__autocorrelation__lag_16384,x__autocorrelation__lag_2048,x__autocorrelation__lag_256,x__autocorrelation__lag_4096,x__autocorrelation__lag_512,x__autocorrelation__lag_8192
A,0.0243730578316308,-0.21415830977929942,0.04581415257761233,0.004916590493758497,-0.015478437315160904,0.039807992634421176,-0.0019286521138396288,0.03644913186181937
