id,x__autocorrelation__lag_1024,x__autocorrelation__lag_128,x__autocorrelation__lag_16384,x__autocorrelation__lag_2048,x__autocorrelation__lag_256,x__autocorrelation__lag_4096,x__autocorrelation__lag_512,x__autocorrelation__lag_8192
A,-0.39462643556288324,0.3568202874833267,-0.38691382691181425,-0.35879058386891005,-0.4083854940319982,-0.37455927546269097,-0.399653121007046,-0.3673965206689406
