id,x__autocorrelation__lag_1024,x__autocorrelation__lag_128,x__autocorrelation__lag_16384,x__autocorrelation__lag_2048,x__autocorrelation__lag_256,x__autocorrelation__lag_4096,x__autocorrelation__lag_512,x__autocorrelation__lag_8192
A,-0.20802679661821896,-0.3609725669435638,-0.2542349552194778,-0.24039278598150923,-0.28329129958396065,-0.2420112624815114,-0.23008754963738326,-0.22928776608898238
