id,x__autocorrelation__lag_1024,x__autocorrelation__lag_128,x__autocorrelation__lag_16384,x__autocorrelation__lag_2048,x__autocorrelation__lag_256,x__autocorrelation__lag_4096,x__autocorrelation__lag_512,x__autocorrelation__lag_8192
A,-0.17692809561434628,-0.39032024260696085,-0.2120481730711415,-0.24333634546013297,-0.25353325514173203,-0.2867905266060115,-0.29562162366668104,-0.20496379336455603
