id,x__autocorrelation__lag_1024,x__autocorrelation__lag_128,x__autocorrelation__lag_16384,x__autocorrelation__lag_2048,x__autocorrelation__lag_256,x__autocorrelation__lag_4096,x__autocorrelation__lag_512,x__autocorrelation__lag_8192
A,-0.38476688220181693,0.1422492454038722,-0.4037817653250824,-0.35940543428626726,-0.40780692965413695,-0.37211798878922947,-0.3619273334545238,-0.35997398562327027
