id,x__autocorrelation__lag_1024,x__autocorrelation__lag_128,x__autocorrelation__lag_16384,x__autocorrelation__lag_2048,x__autocorrelation__lag_256,x__autocorrelation__lag_4096,x__autocorrelation__lag_512,x__autocorrelation__lag_8192
A,-0.23652520004617425,-0.4013759447249205,-0.25989276384368637,-0.2488916203378864,-0.307982347579841,-0.25037354626740804,-0.2771170841477749,-0.2396568606932784
