id,x__autocorrelation__lag_1024,x__autocorrelation__lag_128,x__autocorrelation__lag_16384,x__autocorrelation__lag_2048,x__autocorrelation__lag_256,x__autocorrelation__lag_4096,x__autocorrelation__lag_512,x__autocorrelation__lag_8192
A,-0.24658979021882702,-0.3303338888481355,-0.2966267526598469,-0.28671150081705876,-0.31771948047240933,-0.2859423873549675,-0.2928653685546184,-0.2781847986639758
