id,x__autocorrelation__lag_1024,x__autocorrelation__lag_128,x__autocorrelation__lag_16384,x__autocorrelation__lag_2048,x__autocorrelation__lag_256,x__autocorrelation__lag_4096,x__autocorrelation__lag_512,x__autocorrelation__lag_8192
A,-0.2043760845401215,-0.3602490177695419,-0.25909126021128404,-0.24663986337884375,-0.27768407361409503,-0.24746399324351062,-0.23613225710968663,-0.2358915364788784
