id,x__autocorrelation__lag_1024,x__autocorrelation__lag_128,x__autocorrelation__lag_16384,x__autocorrelation__lag_2048,x__autocorrelation__lag_256,x__autocorrelation__lag_4096,x__autocorrelation__lag_512,x__autocorrelation__lag_8192
A,-0.23849608688576723,-0.3363163729829706,-0.2887225812944229,-0.2791254205648678,-0.31210130598850905,-0.27773505616883887,-0.2905236361673036,-0.26925181757560923
