id,x__autocorrelation__lag_1024,x__autocorrelation__lag_128,x__autocorrelation__lag_16384,x__autocorrelation__lag_2048,x__autocorrelation__lag_256,x__autocorrelation__lag_4096,x__autocorrelation__lag_512,x__autocorrelation__lag_8192
A,-0.2776051320194549,-0.3099811045383329,-0.26521105612004986,-0.26227198471500485,-0.3290335136086081,-0.2694231248904491,-0.3199057156580834,-0.2607267700570253
