id,x__autocorrelation__lag_1024,x__autocorrelation__lag_128,x__autocorrelation__lag_16384,x__autocorrelation__lag_2048,x__autocorrelation__lag_256,x__autocorrelation__lag_4096,x__autocorrelation__lag_512,x__autocorrelation__lag_8192
A,0.009769710865400611,-0.20141679553918793,0.006125721764682738,-0.037915441745452444,-0.026378483156360568,-0.10793165154299207,-0.0976277137893053,-0.019164296715544833
