id,x__autocorrelation__lag_1024,x__autocorrelation__lag_128,x__autocorrelation__lag_16384,x__autocorrelation__lag_2048,x__autocorrelation__lag_256,x__autocorrelation__lag_4096,x__autocorrelation__lag_512,x__autocorrelation__lag_8192
A,-0.21970728883191742,-0.33350698866285583,-0.27558140865149355,-0.26106089685989325,-0.30231141060715433,-0.26292412031629825,-0.25961352058370857,-0.25178210974857096
