id,x__autocorrelation__lag_1024,x__autocorrelation__lag_128,x__autocorrelation__lag_16384,x__autocorrelation__lag_2048,x__autocorrelation__lag_256,x__autocorrelation__lag_4096,x__autocorrelation__lag_512,x__autocorrelation__lag_8192
A,-0.27600079262673866,-0.3942161886888123,-0.29066470157401036,-0.28895787219950103,-0.36373955801943914,-0.28826751683622426,-0.3595434269652359,-0.2846689408157613
