id,x__autocorrelation__lag_1024,x__autocorrelation__lag_128,x__autocorrelation__lag_16384,x__autocorrelation__lag_2048,x__autocorrelation__lag_256,x__autocorrelation__lag_4096,x__autocorrelation__lag_512,x__autocorrelation__lag_8192
A,-0.23003614359165625,-0.39720522438476774,-0.27320624615861216,-0.25783036311892726,-0.30005567081061596,-0.26050705453265227,-0.2520471060773264,-0.2473599836744425
