id,x__autocorrelation__lag_1024,x__autocorrelation__lag_128,x__autocorrelation__lag_16384,x__autocorrelation__lag_2048,x__autocorrelation__lag_256,x__autocorrelation__lag_4096,x__autocorrelation__lag_512,x__autocorrelation__lag_8192
A,-0.2756778589028261,-0.3116646275391856,-0.2640430015954287,-0.2573015323832143,-0.32600304670531455,-0.26819174155011416,-0.3199553830597848,-0.25634956572074113
