id,x__autocorrelation__lag_1024,x__autocorrelation__lag_128,x__autocorrelation__lag_16384,x__autocorrelation__lag_2048,x__autocorrelation__lag_256,x__autocorrelation__lag_4096,x__autocorrelation__lag_512,x__autocorrelation__lag_8192
A,-0.23113596528125152,-0.34196690466468366,-0.2861910513894598,-0.2712089684301293,-0.3076775367121928,-0.27297025797740276,-0.26934088338527484,-0.2616899380206027
