id,x__autocorrelation__lag_1024,x__autocorrelation__lag_128,x__autocorrelation__lag_16384,x__autocorrelation__lag_2048,x__autocorrelation__lag_256,x__autocorrelation__lag_4096,x__autocorrelation__lag_512,x__autocorrelation__lag_8192
A,0.007833530561764208,-0.09977909876535732,0.03456651468371326,0.03802070336789902,0.05082919934582735,0.01006226419884674,0.04642387252098514,0.06254249162247272
