id,x__autocorrelation__lag_1024,x__autocorrelation__lag_128,x__autocorrelation__lag_16384,x__autocorrelation__lag_2048,x__autocorrelation__lag_256,x__autocorrelation__lag_4096,x__autocorrelation__lag_512,x__autocorrelation__lag_8192
A,-0.22560178332972455,-0.33459107767150803,-0.2785399725931783,-0.26541610955212197,-0.3067947041536985,-0.2667865738405621,-0.276663486363055,-0.2575433460225798
