id,x__autocorrelation__lag_1024,x__autocorrelation__lag_128,x__autocorrelation__lag_16384,x__autocorrelation__lag_2048,x__autocorrelation__lag_256,x__autocorrelation__lag_4096,x__autocorrelation__lag_512,x__autocorrelation__lag_8192
A,-0.36061085052415026,-0.42624393880003447,-0.40050329083114117,-0.38966322590352587,-0.4142603829878857,-0.40251598361171964,-0.39580539330699643,-0.37863671148083666
