id,x__autocorrelation__lag_1024,x__autocorrelation__lag_128,x__autocorrelation__lag_16384,x__autocorrelation__lag_2048,x__autocorrelation__lag_256,x__autocorrelation__lag_4096,x__autocorrelation__lag_512,x__autocorrelation__lag_8192
A,-0.35827486971181005,-0.43177766422628056,-0.39748305406143725,-0.3773702395606294,-0.41014443949377216,-0.39063878738113683,-0.36991918066251156,-0.3675757491664163
