id,x__autocorrelation__lag_1024,x__autocorrelation__lag_128,x__autocorrelation__lag_16384,x__autocorrelation__lag_2048,x__autocorrelation__lag_256,x__autocorrelation__lag_4096,x__autocorrelation__lag_512,x__autocorrelation__lag_8192
A,-0.22848799410539927,-0.39798382084868744,-0.25975167620641726,-0.2506472798884432,-0.30314882646683955,-0.2508436946346027,-0.26614260216643326,-0.24214967924764075
