id,x__autocorrelation__lag_1024,x__autocorrelation__lag_128,x__autocorrelation__lag_16384,x__autocorrelation__lag_2048,x__autocorrelation__lag_256,x__autocorrelation__lag_4096,x__autocorrelation__lag_512,x__autocorrelation__lag_8192
A,0.7950166352842647,-0.8575446800550219,0.7434165763809261,0.7746664675793367,0.8087801540932053,0.7761374016014021,0.8036114613004509,0.7722855794998954
