id,x__autocorrelation__lag_1024,x__autocorrelation__lag_128,x__autocorrelation__lag_16384,x__autocorrelation__lag_2048,x__autocorrelation__lag_256,x__autocorrelation__lag_4096,x__autocorrelation__lag_512,x__autocorrelation__lag_8192
A,-0.25214683160025786,-0.37282640425221303,-0.2788684996739418,-0.2661394230697991,-0.32730561593394253,-0.26851057108111215,-0.28430079393811886,-0.2583949349186742
