id,x__autocorrelation__lag_1024,x__autocorrelation__lag_128,x__autocorrelation__lag_16384,x__autocorrelation__lag_2048,x__autocorrelation__lag_256,x__autocorrelation__lag_4096,x__autocorrelation__lag_512,x__autocorrelation__lag_8192
A,-0.23156980095108382,-0.4031283071321181,-0.2622974360103926,-0.2552802699381241,-0.31032294585331877,-0.255256601341496,-0.29260645896262016,-0.24667471672186633
