id,x__autocorrelation__lag_1024,x__autocorrelation__lag_128,x__autocorrelation__lag_16384,x__autocorrelation__lag_2048,x__autocorrelation__lag_256,x__autocorrelation__lag_4096,x__autocorrelation__lag_512,x__autocorrelation__lag_8192
A,-0.2534553302913165,-0.33569306542311156,-0.2988354932289623,-0.2879102365118674,-0.3263406361852612,-0.28894569216633414,-0.30258196144982297,-0.2799696601526519
