id,x__autocorrelation__lag_1024,x__autocorrelation__lag_128,x__autocorrelation__lag_16384,x__autocorrelation__lag_2048,x__autocorrelation__lag_256,x__autocorrelation__lag_4096,x__autocorrelation__lag_512,x__autocorrelation__lag_8192
A,-0.23159667921834856,-0.33831531828605593,-0.27421680227606404,-0.25850612621976843,-0.3133574394188708,-0.2608455682026933,-0.26500874380873474,-0.24779812963691375
