id,x__autocorrelation__lag_1024,x__autocorrelation__lag_128,x__autocorrelation__lag_16384,x__autocorrelation__lag_2048,x__autocorrelation__lag_256,x__autocorrelation__lag_4096,x__autocorrelation__lag_512,x__autocorrelation__lag_8192
A,-0.23088087604354948,-0.35095096381973956,-0.2823178348371635,-0.2702002483392984,-0.2995154794759748,-0.27065348428453656,-0.26858023878827425,-0.2602528708581221
