id,x__autocorrelation__lag_1024,x__autocorrelation__lag_128,x__autocorrelation__lag_16384,x__autocorrelation__lag_2048,x__autocorrelation__lag_256,x__autocorrelation__lag_4096,x__autocorrelation__lag_512,x__autocorrelation__lag_8192
A,-0.24532785018962275,-0.3821411279004357,-0.2715529617258671,-0.26171032119467713,-0.320413052721577,-0.2626675046100673,-0.2780386517281111,-0.2533565813526513
