id,x__autocorrelation__lag_1024,x__autocorrelation__lag_128,x__autocorrelation__lag_16384,x__autocorrelation__lag_2048,x__autocorrelation__lag_256,x__autocorrelation__lag_4096,x__autocorrelation__lag_512,x__autocorrelation__lag_8192
A,-0.22458461639384403,-0.35148575996331455,-0.2796015128865641,-0.26616250350260307,-0.3026875067603234,-0.26731429490979436,-0.2631567618505525,-0.2564834404784511
