id,x__autocorrelation__lag_1024,x__autocorrelation__lag_128,x__autocorrelation__lag_16384,x__autocorrelation__lag_2048,x__autocorrelation__lag_256,x__autocorrelation__lag_4096,x__autocorrelation__lag_512,x__autocorrelation__lag_8192
A,-0.24325897510123684,-0.26806843029725186,-0.25683773769261486,-0.25296772048921495,-0.30834159449061654,-0.2675361910059995,-0.31259731474140984,-0.24604713869144268
