id,x__autocorrelation__lag_1024,x__autocorrelation__lag_128,x__autocorrelation__lag_16384,x__autocorrelation__lag_2048,x__autocorrelation__lag_256,x__autocorrelation__lag_4096,x__autocorrelation__lag_512,x__autocorrelation__lag_8192
A,-0.22521624603751528,-0.3378120586074813,-0.2787195105580046,-0.2667205359545218,-0.30300326578026066,-0.2663060105995081,-0.2776662577183038,-0.2580384685481244
