id,x__autocorrelation__lag_1024,x__autocorrelation__lag_128,x__autocorrelation__lag_16384,x__autocorrelation__lag_2048,x__autocorrelation__lag_256,x__autocorrelation__lag_4096,x__autocorrelation__lag_512,x__autocorrelation__lag_8192
A,-0.23857856916424547,-0.3719589549645821,-0.282861192445016,-0.26879748459715425,-0.30793984398941837,-0.27061079448717434,-0.2709080418816536,-0.25861394069720717
