id,x__autocorrelation__lag_1024,x__autocorrelation__lag_128,x__autocorrelation__lag_16384,x__autocorrelation__lag_2048,x__autocorrelation__lag_256,x__autocorrelation__lag_4096,x__autocorrelation__lag_512,x__autocorrelation__lag_8192
A,-0.025836066470798988,-0.11541548554671513,-0.057018503954905334,-0.06595901614363386,-0.07461219816220495,0.003168321479960068,-0.02249536714772763,-0.02125107766176634
