id,x__autocorrelation__lag_1024,x__autocorrelation__lag_128,x__autocorrelation__lag_16384,x__autocorrelation__lag_2048,x__autocorrelation__lag_256,x__autocorrelation__lag_4096,x__autocorrelation__lag_512,x__autocorrelation__lag_8192
A,-0.22913311986682033,-0.33397757752804247,-0.26337533006621006,-0.24965342919850653,-0.3077353524802884,-0.25151071397978764,-0.262342011491933,-0.24114052929616733
