id,x__autocorrelation__lag_1024,x__autocorrelation__lag_128,x__autocorrelation__lag_16384,x__autocorrelation__lag_2048,x__autocorrelation__lag_256,x__autocorrelation__lag_4096,x__autocorrelation__lag_512,x__autocorrelation__lag_8192
A,-0.25804211052581055,-0.3925605285264446,-0.28460094045303963,-0.28404886345475006,-0.35357792087116224,-0.28090652274160566,-0.3498638685318255,-0.2763669120341906
