id,x__autocorrelation__lag_1024,x__autocorrelation__lag_128,x__autocorrelation__lag_16384,x__autocorrelation__lag_2048,x__autocorrelation__lag_256,x__autocorrelation__lag_4096,x__autocorrelation__lag_512,x__autocorrelation__lag_8192
A,-0.020869413085310803,-0.07700617666153488,0.018931293651221776,-0.007660240754534375,-0.02575837295564814,0.013247629689184474,0.027811842521307476,-0.01612725923265773
