id,x__autocorrelation__lag_1024,x__autocorrelation__lag_128,x__autocorrelation__lag_16384,x__autocorrelation__lag_2048,x__autocorrelation__lag_256,x__autocorrelation__lag_4096,x__autocorrelation__lag_512,x__autocorrelation__lag_8192
A,-0.25565477201034853,-0.40846841425119657,-0.27870478468542587,-0.2752792519471351,-0.33909776174910533,-0.27463784432036675,-0.32624890173274385,-0.2686210865545856
