id,x__autocorrelation__lag_1024,x__autocorrelation__lag_128,x__autocorrelation__lag_16384,x__autocorrelation__lag_2048,x__autocorrelation__lag_256,x__autocorrelation__lag_4096,x__autocorrelation__lag_512,x__autocorrelation__lag_8192
A,-0.2590774138226736,-0.39433277610374073,-0.278454748216545,-0.2758788647196027,-0.3413344130817293,-0.2750481172089716,-0.32587945891312703,-0.2688205317098392
