id,x__autocorrelation__lag_1024,x__autocorrelation__lag_128,x__autocorrelation__lag_16384,x__autocorrelation__lag_2048,x__autocorrelation__lag_256,x__autocorrelation__lag_4096,x__autocorrelation__lag_512,x__autocorrelation__lag_8192
A,-0.052311470479124184,-0.2913538521362723,-0.043129359126896354,-0.05162685493439156,-0.09164416754746406,-0.04145924676498562,-0.1412676068175996,-0.02431078027806205
