id,x__autocorrelation__lag_1024,x__autocorrelation__lag_128,x__autocorrelation__lag_16384,x__autocorrelation__lag_2048,x__autocorrelation__lag_256,x__autocorrelation__lag_4096,x__autocorrelation__lag_512,x__autocorrelation__lag_8192
A,-0.2661778631873097,-0.29875702870839155,-0.3035895884114794,-0.2781413498322904,-0.3452877695376829,-0.29154512756872,-0.30270515217013394,-0.2596742958724874
