id,x__autocorrelation__lag_1024,x__autocorrelation__lag_128,x__autocorrelation__lag_16384,x__autocorrelation__lag_2048,x__autocorrelation__lag_256,x__autocorrelation__lag_4096,x__autocorrelation__lag_512,x__autocorrelation__lag_8192
A,-0.2450904577559483,-0.35275107913415393,-0.29178782700106537,-0.27863224240098905,-0.3144679759028204,-0.2812065490954793,-0.2853247873540029,-0.268145272375248
