id,x__autocorrelation__lag_1024,x__autocorrelation__lag_128,x__autocorrelation__lag_16384,x__autocorrelation__lag_2048,x__autocorrelation__lag_256,x__autocorrelation__lag_4096,x__autocorrelation__lag_512,x__autocorrelation__lag_8192
A,0.03442143312104482,-0.438786911620209,0.058038034211966356,0.029886927192658987,-0.01569328963492768,0.06987480435298672,-0.014584435375299734,0.04029222423152927
