id,x__autocorrelation__lag_1024,x__autocorrelation__lag_128,x__autocorrelation__lag_16384,x__autocorrelation__lag_2048,x__autocorrelation__lag_256,x__autocorrelation__lag_4096,x__autocorrelation__lag_512,x__autocorrelation__lag_8192
A,-0.37679844212584007,-0.43413497376759735,-0.41414534475266196,-0.39197868879479597,-0.4254454475106849,-0.4059627732453278,-0.3814044018739953,-0.37983359370569053
