id,x__autocorrelation__lag_1024,x__autocorrelation__lag_128,x__autocorrelation__lag_16384,x__autocorrelation__lag_2048,x__autocorrelation__lag_256,x__autocorrelation__lag_4096,x__autocorrelation__lag_512,x__autocorrelation__lag_8192
A,-0.20216363044236269,-0.39136157105385366,-0.24564616574982975,-0.23797662920708013,-0.2836850331786321,-0.23870232638251346,-0.27385620277614603,-0.23024990033253695
