id,x__autocorrelation__lag_1024,x__autocorrelation__lag_128,x__autocorrelation__lag_16384,x__autocorrelation__lag_2048,x__autocorrelation__lag_256,x__autocorrelation__lag_4096,x__autocorrelation__lag_512,x__autocorrelation__lag_8192
A,-0.3881439068569217,-0.4122785395468531,-0.419546890648012,-0.40837162438509805,-0.4344579671245963,-0.41808430577041045,-0.4075700202851791,-0.3991936225702245
