id,x__autocorrelation__lag_1024,x__autocorrelation__lag_128,x__autocorrelation__lag_16384,x__autocorrelation__lag_2048,x__autocorrelation__lag_256,x__autocorrelation__lag_4096,x__autocorrelation__lag_512,x__autocorrelation__lag_8192
A,-0.2843276554090244,-0.32463142783264637,-0.2791576594644256,-0.2666556332782844,-0.33758896778066827,-0.2794891385284736,-0.31929072912513173,-0.2621757701480455
