id,x__autocorrelation__lag_1024,x__autocorrelation__lag_128,x__autocorrelation__lag_16384,x__autocorrelation__lag_2048,x__autocorrelation__lag_256,x__autocorrelation__lag_4096,x__autocorrelation__lag_512,x__autocorrelation__lag_8192
A,-0.21239171481146912,-0.35889410067976124,-0.2598717381602169,-0.24468352161303908,-0.2902810767575462,-0.24827880086119994,-0.24038316854920627,-0.23425892517287603
