id,x__autocorrelation__lag_1024,x__autocorrelation__lag_128,x__autocorrelation__lag_16384,x__autocorrelation__lag_2048,x__autocorrelation__lag_256,x__autocorrelation__lag_4096,x__autocorrelation__lag_512,x__autocorrelation__lag_8192
A,-0.20594466966761762,-0.33141870496114184,-0.25111617308029716,-0.23214886530914344,-0.2951903483875774,-0.2363647379715514,-0.23832500452035593,-0.22196063885978423
