id,x__autocorrelation__lag_1024,x__autocorrelation__lag_128,x__autocorrelation__lag_16384,x__autocorrelation__lag_2048,x__autocorrelation__lag_256,x__autocorrelation__lag_4096,x__autocorrelation__lag_512,x__autocorrelation__lag_8192
A,-0.084613036839528,-0.37245272761914755,-0.11646461508473895,-0.15539760469566138,-0.1731146261656411,-0.2123835802168229,-0.2254343985067948,-0.11548391280834107
