id,x__autocorrelation__lag_1024,x__autocorrelation__lag_128,x__autocorrelation__lag_16384,x__autocorrelation__lag_2048,x__autocorrelation__lag_256,x__autocorrelation__lag_4096,x__autocorrelation__lag_512,x__autocorrelation__lag_8192
A,0.034972431162183175,-0.14950486947918637,-0.000763117385432481,-0.055566467935460814,-0.04615440024563925,-0.09479221049762294,-0.0880437172044726,0.004996817027752785
