id,x__autocorrelation__lag_1024,x__autocorrelation__lag_128,x__autocorrelation__lag_16384,x__autocorrelation__lag_2048,x__autocorrelation__lag_256,x__autocorrelation__lag_4096,x__autocorrelation__lag_512,x__autocorrelation__lag_8192
A,-0.22687945091218634,-0.3540333238454616,-0.27962859713946875,-0.26954067586483926,-0.29885222436985087,-0.2688847866236108,-0.2749251034472648,-0.2595555241940522
