id,x__autocorrelation__lag_1024,x__autocorrelation__lag_128,x__autocorrelation__lag_16384,x__autocorrelation__lag_2048,x__autocorrelation__lag_256,x__autocorrelation__lag_4096,x__autocorrelation__lag_512,x__autocorrelation__lag_8192
A,-0.23002184776038384,-0.3586144620433442,-0.28551894862456867,-0.2728849583602267,-0.2989242649375158,-0.27435102213787854,-0.26531782617543936,-0.26301736246477997
