id,x__autocorrelation__lag_1024,x__autocorrelation__lag_128,x__autocorrelation__lag_16384,x__autocorrelation__lag_2048,x__autocorrelation__lag_256,x__autocorrelation__lag_4096,x__autocorrelation__lag_512,x__autocorrelation__lag_8192
A,-0.22240321678827069,-0.3379723886270394,-0.2770370377397458,-0.26398537504672415,-0.29852410442145355,-0.26462669515542775,-0.26733002558506597,-0.25327531575079415
