id,x__autocorrelation__lag_1024,x__autocorrelation__lag_128,x__autocorrelation__lag_16384,x__autocorrelation__lag_2048,x__autocorrelation__lag_256,x__autocorrelation__lag_4096,x__autocorrelation__lag_512,x__autocorrelation__lag_8192
A,-0.24809248550671836,-0.27798525110107786,-0.2549485906503182,-0.24819521529028588,-0.30338476119778285,-0.261695771979033,-0.3052524086814601,-0.24286899358544714
