id,x__autocorrelation__lag_1024,x__autocorrelation__lag_128,x__autocorrelation__lag_16384,x__autocorrelation__lag_2048,x__autocorrelation__lag_256,x__autocorrelation__lag_4096,x__autocorrelation__lag_512,x__autocorrelation__lag_8192
A,-0.24219231799493202,-0.3117710876803362,-0.28915511627568496,-0.2708634219847505,-0.323845104400588,-0.28338076807521667,-0.2886723350361398,-0.2544906063836249
