id,x__autocorrelation__lag_1024,x__autocorrelation__lag_128,x__autocorrelation__lag_16384,x__autocorrelation__lag_2048,x__autocorrelation__lag_256,x__autocorrelation__lag_4096,x__autocorrelation__lag_512,x__autocorrelation__lag_8192
A,-0.2591000598083056,-0.2983015161404313,-0.28889073596458,-0.267957419436773,-0.34089961283021003,-0.2848151133243398,-0.301903356478943,-0.25136025253089483
