id,x__autocorrelation__lag_1024,x__autocorrelation__lag_128,x__autocorrelation__lag_16384,x__autocorrelation__lag_2048,x__autocorrelation__lag_256,x__autocorrelation__lag_4096,x__autocorrelation__lag_512,x__autocorrelation__lag_8192
A,-0.24993744801395756,-0.39372862209004367,-0.2766557794229705,-0.27365102755850157,-0.3455711865511333,-0.2729952448427323,-0.33772592357194775,-0.2671437818508198
