id,x__autocorrelation__lag_1024,x__autocorrelation__lag_128,x__autocorrelation__lag_16384,x__autocorrelation__lag_2048,x__autocorrelation__lag_256,x__autocorrelation__lag_4096,x__autocorrelation__lag_512,x__autocorrelation__lag_8192
A,-0.2838166357321367,-0.3216931900956872,-0.28446797749867825,-0.27018579859805053,-0.3417411826632704,-0.2835662936553994,-0.3064716997019103,-0.2552663902181901
