id,x__autocorrelation__lag_1024,x__autocorrelation__lag_128,x__autocorrelation__lag_16384,x__autocorrelation__lag_2048,x__autocorrelation__lag_256,x__autocorrelation__lag_4096,x__autocorrelation__lag_512,x__autocorrelation__lag_8192
A,-0.22729603211993182,-0.4080317260057777,-0.2662757935096844,-0.2510699591500111,-0.29337412532943713,-0.2548006418340321,-0.2530148867273009,-0.24112173959599265
