id,x__autocorrelation__lag_1024,x__autocorrelation__lag_128,x__autocorrelation__lag_16384,x__autocorrelation__lag_2048,x__autocorrelation__lag_256,x__autocorrelation__lag_4096,x__autocorrelation__lag_512,x__autocorrelation__lag_8192
A,-0.261282108587011,-0.2902628413369248,-0.2927322754697853,-0.2720744572697483,-0.3394973222910289,-0.2897911102673283,-0.30461304061990385,-0.25544873822340397
