id,x__autocorrelation__lag_1024,x__autocorrelation__lag_128,x__autocorrelation__lag_16384,x__autocorrelation__lag_2048,x__autocorrelation__lag_256,x__autocorrelation__lag_4096,x__autocorrelation__lag_512,x__autocorrelation__lag_8192
A,-0.23071779362412456,-0.3881299082949705,-0.2610129445795038,-0.2510852367565558,-0.30310555754563023,-0.25285618977263535,-0.26108518434944555,-0.24227065671704012
