id,x__autocorrelation__lag_1024,x__autocorrelation__lag_128,x__autocorrelation__lag_16384,x__autocorrelation__lag_2048,x__autocorrelation__lag_256,x__autocorrelation__lag_4096,x__autocorrelation__lag_512,x__autocorrelation__lag_8192
A,-0.30807709637296826,0.2257152037130486,-0.3057774795756797,-0.2880078431249245,-0.31660661776417276,-0.30315103295489276,-0.3153345619608045,-0.2897758434559786
