id,x__autocorrelation__lag_1024,x__autocorrelation__lag_128,x__autocorrelation__lag_16384,x__autocorrelation__lag_2048,x__autocorrelation__lag_256,x__autocorrelation__lag_4096,x__autocorrelation__lag_512,x__autocorrelation__lag_8192
A,-0.2970999804629873,-0.34715198154453214,-0.314928600391789,-0.3136325655786213,-0.37934505069189456,-0.311811622613039,-0.37536803322991075,-0.31030691326436144
