id,x__autocorrelation__lag_1024,x__autocorrelation__lag_128,x__autocorrelation__lag_16384,x__autocorrelation__lag_2048,x__autocorrelation__lag_256,x__autocorrelation__lag_4096,x__autocorrelation__lag_512,x__autocorrelation__lag_8192
A,-0.22385854441385536,-0.35452724052238505,-0.26840885783635426,-0.25335375486454087,-0.29299053021297317,-0.254251448769184,-0.2524382830538474,-0.2418333106955422
