id,x__autocorrelation__lag_1024,x__autocorrelation__lag_128,x__autocorrelation__lag_16384,x__autocorrelation__lag_2048,x__autocorrelation__lag_256,x__autocorrelation__lag_4096,x__autocorrelation__lag_512,x__autocorrelation__lag_8192
A,-0.2408734353477299,-0.4051815629824816,-0.2646114950955362,-0.2634957089208444,-0.3218018528035271,-0.262148409972238,-0.31066456898389266,-0.2570817612812255
