id,x__autocorrelation__lag_1024,x__autocorrelation__lag_128,x__autocorrelation__lag_16384,x__autocorrelation__lag_2048,x__autocorrelation__lag_256,x__autocorrelation__lag_4096,x__autocorrelation__lag_512,x__autocorrelation__lag_8192
A,0.04771445816470578,-0.18439576867482688,0.06445142054763084,0.061433694839180666,0.07573325112598024,0.06413656802342459,0.06920638520173876,0.07602399086807797
