id,x__autocorrelation__lag_1024,x__autocorrelation__lag_128,x__autocorrelation__lag_16384,x__autocorrelation__lag_2048,x__autocorrelation__lag_256,x__autocorrelation__lag_4096,x__autocorrelation__lag_512,x__autocorrelation__lag_8192
A,0.6290624640547793,-0.7234971484632193,0.16503522518152486,0.5950991591681585,0.6916335741511483,0.5549762138601418,0.6662470849932175,0.4324288506370545
