id,x__autocorrelation__lag_1024,x__autocorrelation__lag_128,x__autocorrelation__lag_16384,x__autocorrelation__lag_2048,x__autocorrelation__lag_256,x__autocorrelation__lag_4096,x__autocorrelation__lag_512,x__autocorrelation__lag_8192
A,-0.27575934377392103,-0.30669256780084775,-0.26921356488602033,-0.26364704727996013,-0.32539973564021824,-0.27276583510238334,-0.31517278782292113,-0.26005622041683024
