id,x__autocorrelation__lag_1024,x__autocorrelation__lag_128,x__autocorrelation__lag_16384,x__autocorrelation__lag_2048,x__autocorrelation__lag_256,x__autocorrelation__lag_4096,x__autocorrelation__lag_512,x__autocorrelation__lag_8192
A,-0.31698675966633555,-0.39307527586914703,-0.32074869956754953,-0.3210994220252183,-0.39876446618023237,-0.31880570142729586,-0.39051482615892114,-0.3176778574212993
