id,x__autocorrelation__lag_1024,x__autocorrelation__lag_128,x__autocorrelation__lag_16384,x__autocorrelation__lag_2048,x__autocorrelation__lag_256,x__autocorrelation__lag_4096,x__autocorrelation__lag_512,x__autocorrelation__lag_8192
A,0.013120249589444669,-0.27591249273878055,0.04309776906733499,0.00865580997966597,-0.01581395059790105,0.0445817518666021,-0.04271406217446412,0.023962898749175957
