id,x__autocorrelation__lag_1024,x__autocorrelation__lag_128,x__autocorrelation__lag_16384,x__autocorrelation__lag_2048,x__autocorrelation__lag_256,x__autocorrelation__lag_4096,x__autocorrelation__lag_512,x__autocorrelation__lag_8192
A,-0.3736177825764063,-0.4204861313249708,-0.40961262335215715,-0.38589973987964,-0.42051725273780244,-0.40280908899978535,-0.36669387815174226,-0.37307016212334515
