id,x__autocorrelation__lag_1024,x__autocorrelation__lag_128,x__autocorrelation__lag_16384,x__autocorrelation__lag_2048,x__autocorrelation__lag_256,x__autocorrelation__lag_4096,x__autocorrelation__lag_512,x__autocorrelation__lag_8192
A,-0.2227448583637153,-0.32216148279161533,-0.27860809614347976,-0.2636411251468348,-0.31120665894313615,-0.265832660168836,-0.27097738210343436,-0.25330375971206104
