id,x__autocorrelation__lag_1024,x__autocorrelation__lag_128,x__autocorrelation__lag_16384,x__autocorrelation__lag_2048,x__autocorrelation__lag_256,x__autocorrelation__lag_4096,x__autocorrelation__lag_512,x__autocorrelation__lag_8192
A,-0.22047363371042944,-0.3476849356576337,-0.2736965697407553,-0.26188357212878327,-0.29528574282187114,-0.26233392058571936,-0.27008418006529555,-0.2541298967982541
