id,x__autocorrelation__lag_1024,x__autocorrelation__lag_128,x__autocorrelation__lag_16384,x__autocorrelation__lag_2048,x__autocorrelation__lag_256,x__autocorrelation__lag_4096,x__autocorrelation__lag_512,x__autocorrelation__lag_8192
A,0.04531477982317283,-0.20889750140570207,0.06201899495348974,0.022934959389410852,0.005206201799047009,0.050152557254868654,-9.589056223485685e-05,0.04112543726254084
