id,x__autocorrelation__lag_1024,x__autocorrelation__lag_128,x__autocorrelation__lag_16384,x__autocorrelation__lag_2048,x__autocorrelation__lag_256,x__autocorrelation__lag_4096,x__autocorrelation__lag_512,x__autocorrelation__lag_8192
A,-0.26441141950266706,-0.3078299165516992,-0.2872226262568446,-0.26713485379926033,-0.3404392009650424,-0.2840130263695248,-0.3000879618479823,-0.25183948515138976
