id,x__autocorrelation__lag_1024,x__autocorrelation__lag_128,x__autocorrelation__lag_16384,x__autocorrelation__lag_2048,x__autocorrelation__lag_256,x__autocorrelation__lag_4096,x__autocorrelation__lag_512,x__autocorrelation__lag_8192
A,-0.21555357286028032,-0.4044306285814765,-0.26467083753605136,-0.2507983316568264,-0.28471452188971136,-0.2531644791783525,-0.25086362377835064,-0.23883269101147053
