id,x__autocorrelation__lag_1024,x__autocorrelation__lag_128,x__autocorrelation__lag_16384,x__autocorrelation__lag_2048,x__autocorrelation__lag_256,x__autocorrelation__lag_4096,x__autocorrelation__lag_512,x__autocorrelation__lag_8192
A,-0.2915729462636767,-0.3566012157144488,-0.31321033961066297,-0.3155060903349734,-0.3820608107041266,-0.31153724496651425,-0.3922028557086099,-0.3126739763970273
