id,x__autocorrelation__lag_1024,x__autocorrelation__lag_128,x__autocorrelation__lag_16384,x__autocorrelation__lag_2048,x__autocorrelation__lag_256,x__autocorrelation__lag_4096,x__autocorrelation__lag_512,x__autocorrelation__lag_8192
A,-0.22252584678410406,-0.39773027576997066,-0.2582810621719625,-0.24784081230881894,-0.2908747474404764,-0.24870938489004768,-0.2628582718628616,-0.2389719904859128
