id,x__autocorrelation__lag_1024,x__autocorrelation__lag_128,x__autocorrelation__lag_16384,x__autocorrelation__lag_2048,x__autocorrelation__lag_256,x__autocorrelation__lag_4096,x__autocorrelation__lag_512,x__autocorrelation__lag_8192
A,-0.2133353139129302,-0.36454631475740745,-0.26434690936688904,-0.2540539487544066,-0.2877971604506867,-0.25417643320678557,-0.259636732604732,-0.2442727267555632
