id,x__autocorrelation__lag_1024,x__autocorrelation__lag_128,x__autocorrelation__lag_16384,x__autocorrelation__lag_2048,x__autocorrelation__lag_256,x__autocorrelation__lag_4096,x__autocorrelation__lag_512,x__autocorrelation__lag_8192
A,-0.2676628518081298,-0.2865395119586299,-0.29713601064727024,-0.2735498716966628,-0.3437787245007235,-0.28850607685219287,-0.3087926632014836,-0.2582497570289455
