id,x__autocorrelation__lag_1024,x__autocorrelation__lag_128,x__autocorrelation__lag_16384,x__autocorrelation__lag_2048,x__autocorrelation__lag_256,x__autocorrelation__lag_4096,x__autocorrelation__lag_512,x__autocorrelation__lag_8192
A,-0.28237820820909004,-0.32096329082217684,-0.2820691073652304,-0.2676193174843943,-0.33834259555311696,-0.2796324409759146,-0.3034652033907706,-0.2535747783545267
