id,x__autocorrelation__lag_1024,x__autocorrelation__lag_128,x__autocorrelation__lag_16384,x__autocorrelation__lag_2048,x__autocorrelation__lag_256,x__autocorrelation__lag_4096,x__autocorrelation__lag_512,x__autocorrelation__lag_8192
A,-0.2256174293346175,-0.3376962724287784,-0.27484659837089914,-0.26001070597156856,-0.30387793818622516,-0.2630808396814777,-0.2612431673625488,-0.2524586716837283
