id,x__autocorrelation__lag_1024,x__autocorrelation__lag_128,x__autocorrelation__lag_16384,x__autocorrelation__lag_2048,x__autocorrelation__lag_256,x__autocorrelation__lag_4096,x__autocorrelation__lag_512,x__autocorrelation__lag_8192
A,-0.2370366375351443,-0.31101107920006893,-0.28030705328041733,-0.2757332931359443,-0.3158179316965011,-0.27652398695745284,-0.3004767604000285,-0.2686111566137316
