id,x__autocorrelation__lag_1024,x__autocorrelation__lag_128,x__autocorrelation__lag_16384,x__autocorrelation__lag_2048,x__autocorrelation__lag_256,x__autocorrelation__lag_4096,x__autocorrelation__lag_512,x__autocorrelation__lag_8192
A,-0.3720447975780064,0.31362465482199553,-0.3734837203410164,-0.3352511793503928,-0.378013104701699,-0.357985265616967,-0.3555050627861613,-0.33525903619107456
