id,x__autocorrelation__lag_1024,x__autocorrelation__lag_128,x__autocorrelation__lag_16384,x__autocorrelation__lag_2048,x__autocorrelation__lag_256,x__autocorrelation__lag_4096,x__autocorrelation__lag_512,x__autocorrelation__lag_8192
A,-0.23016761268725017,-0.34290709529750013,-0.2836359125445225,-0.26963515093169943,-0.3078305412089175,-0.2716269425378315,-0.2665467927481921,-0.26135186221187995
