id,x__autocorrelation__lag_1024,x__autocorrelation__lag_128,x__autocorrelation__lag_16384,x__autocorrelation__lag_2048,x__autocorrelation__lag_256,x__autocorrelation__lag_4096,x__autocorrelation__lag_512,x__autocorrelation__lag_8192
A,0.01342522552645775,-0.12665025943777386,0.06407435458763905,0.08138035312251833,0.11272404904350433,0.07224798459423179,0.054531328292112914,0.08612349119424292
