id,x__autocorrelation__lag_1024,x__autocorrelation__lag_128,x__autocorrelation__lag_16384,x__autocorrelation__lag_2048,x__autocorrelation__lag_256,x__autocorrelation__lag_4096,x__autocorrelation__lag_512,x__autocorrelation__lag_8192
A,-0.37173401049553123,-0.43633816500403033,-0.401710304399953,-0.39816557713247996,-0.41866914539221023,-0.4038996071556714,-0.40812328663364034,-0.3931003263102328
