id,x__autocorrelation__lag_1024,x__autocorrelation__lag_128,x__autocorrelation__lag_16384,x__autocorrelation__lag_2048,x__autocorrelation__lag_256,x__autocorrelation__lag_4096,x__autocorrelation__lag_512,x__autocorrelation__lag_8192
A,-0.2320119879303967,-0.33478112478692135,-0.28097418219061343,-0.267978175891417,-0.3047528412783616,-0.2682538312936343,-0.2747308542547435,-0.2598710939571891
