id,x__autocorrelation__lag_1024,x__autocorrelation__lag_128,x__autocorrelation__lag_16384,x__autocorrelation__lag_2048,x__autocorrelation__lag_256,x__autocorrelation__lag_4096,x__autocorrelation__lag_512,x__autocorrelation__lag_8192
A,-0.23063792912039224,-0.39882248937728765,-0.25995462602214836,-0.24971898318247188,-0.29248204373064346,-0.2511830532795639,-0.2668439582311313,-0.240373958958191
