id,x__autocorrelation__lag_1024,x__autocorrelation__lag_128,x__autocorrelation__lag_16384,x__autocorrelation__lag_2048,x__autocorrelation__lag_256,x__autocorrelation__lag_4096,x__autocorrelation__lag_512,x__autocorrelation__lag_8192
A,-0.2400029006677703,-0.33588178908592475,-0.287975966256176,-0.27736407634740673,-0.3149784433940488,-0.2782074288073948,-0.2893517114485579,-0.26998170209556116
