id,x__autocorrelation__lag_1024,x__autocorrelation__lag_128,x__autocorrelation__lag_16384,x__autocorrelation__lag_2048,x__autocorrelation__lag_256,x__autocorrelation__lag_4096,x__autocorrelation__lag_512,x__autocorrelation__lag_8192
A,-0.2292055906876022,-0.3340637738950392,-0.2640066759190052,-0.2509595985148366,-0.30576639037530445,-0.2523415589558698,-0.263952365342565,-0.24143201135028283
