id,x__autocorrelation__lag_1024,x__autocorrelation__lag_128,x__autocorrelation__lag_16384,x__autocorrelation__lag_2048,x__autocorrelation__lag_256,x__autocorrelation__lag_4096,x__autocorrelation__lag_512,x__autocorrelation__lag_8192
A,-0.2919335560806867,-0.32825476976141976,-0.31229906851277045,-0.31625484352876504,-0.3824813462203893,-0.3117978261474292,-0.3837544038680285,-0.31186419575205204
