id,x__autocorrelation__lag_1024,x__autocorrelation__lag_128,x__autocorrelation__lag_16384,x__autocorrelation__lag_2048,x__autocorrelation__lag_256,x__autocorrelation__lag_4096,x__autocorrelation__lag_512,x__autocorrelation__lag_8192
A,-0.22960250706714783,-0.3299107319589296,-0.27871020083859016,-0.26793207973462413,-0.30451154055251534,-0.26829934549845447,-0.28273827122471434,-0.26016581011325096
