id,x__autocorrelation__lag_1024,x__autocorrelation__lag_128,x__autocorrelation__lag_16384,x__autocorrelation__lag_2048,x__autocorrelation__lag_256,x__autocorrelation__lag_4096,x__autocorrelation__lag_512,x__autocorrelation__lag_8192
A,-0.026533533819912306,-0.12122739573709676,-0.059587176991775945,-0.075421256482312,-0.08852443505395406,-0.0037681376100415415,-0.04284053045311611,-0.02977852671677673
