id,x__autocorrelation__lag_1024,x__autocorrelation__lag_128,x__autocorrelation__lag_16384,x__autocorrelation__lag_2048,x__autocorrelation__lag_256,x__autocorrelation__lag_4096,x__autocorrelation__lag_512,x__autocorrelation__lag_8192
A,-0.23553739803930276,-0.38078097826751406,-0.2777512679435818,-0.2690439195463173,-0.2992013542117504,-0.26760627718578117,-0.27634687337093006,-0.2594576028908432
