id,x__autocorrelation__lag_1024,x__autocorrelation__lag_128,x__autocorrelation__lag_16384,x__autocorrelation__lag_2048,x__autocorrelation__lag_256,x__autocorrelation__lag_4096,x__autocorrelation__lag_512,x__autocorrelation__lag_8192
A,-0.22110842886631485,-0.39438177586499434,-0.2520997416710735,-0.24568995805672106,-0.28628441577657265,-0.24499374086944548,-0.2598143811249833,-0.23878353919919199
