id,x__autocorrelation__lag_1024,x__autocorrelation__lag_128,x__autocorrelation__lag_16384,x__autocorrelation__lag_2048,x__autocorrelation__lag_256,x__autocorrelation__lag_4096,x__autocorrelation__lag_512,x__autocorrelation__lag_8192
A,-0.03674651048391475,-0.17664896405202385,-0.012264108644557334,-0.04137332598756675,-0.008617419279346911,0.017386587310398837,-0.01491738249029582,-0.06001043523433423
