id,x__autocorrelation__lag_1024,x__autocorrelation__lag_128,x__autocorrelation__lag_16384,x__autocorrelation__lag_2048,x__autocorrelation__lag_256,x__autocorrelation__lag_4096,x__autocorrelation__lag_512,x__autocorrelation__lag_8192
A,-0.2846948464541391,-0.32534736511510354,-0.2779422345953038,-0.27024540123662844,-0.3350468908257175,-0.2800524751080821,-0.3231202684544715,-0.26584121071017736
