id,x__autocorrelation__lag_1024,x__autocorrelation__lag_128,x__autocorrelation__lag_16384,x__autocorrelation__lag_2048,x__autocorrelation__lag_256,x__autocorrelation__lag_4096,x__autocorrelation__lag_512,x__autocorrelation__lag_8192
A,-0.019685555625585,-0.1356932025330523,-0.04937030698924133,-0.06664865074686215,-0.06827779487161058,0.011867994066731603,-0.036801372692413875,-0.025341585166684173
