id,x__autocorrelation__lag_1024,x__autocorrelation__lag_128,x__autocorrelation__lag_16384,x__autocorrelation__lag_2048,x__autocorrelation__lag_256,x__autocorrelation__lag_4096,x__autocorrelation__lag_512,x__autocorrelation__lag_8192
A,-0.26597031712924407,-0.2911459491389575,-0.29910407868314887,-0.27103111906095845,-0.3409821743708474,-0.2860770197387748,-0.3021385819403868,-0.25145078404852966
