id,x__autocorrelation__lag_1024,x__autocorrelation__lag_128,x__autocorrelation__lag_16384,x__autocorrelation__lag_2048,x__autocorrelation__lag_256,x__autocorrelation__lag_4096,x__autocorrelation__lag_512,x__autocorrelation__lag_8192
A,-0.24332423026793878,-0.2500535938467579,-0.25286284023825606,-0.24993562585513368,-0.3175105365349781,-0.26557632765462785,-0.32138740629766854,-0.2424234079437122
