id,x__autocorrelation__lag_1024,x__autocorrelation__lag_128,x__autocorrelation__lag_16384,x__autocorrelation__lag_2048,x__autocorrelation__lag_256,x__autocorrelation__lag_4096,x__autocorrelation__lag_512,x__autocorrelation__lag_8192
A,-0.2249568301556577,-0.42039987591337336,-0.2478917967852646,-0.24241559752457348,-0.29810588106498787,-0.24246981509346985,-0.28247240640294713,-0.23529537069575496
