id,x__autocorrelation__lag_1024,x__autocorrelation__lag_128,x__autocorrelation__lag_16384,x__autocorrelation__lag_2048,x__autocorrelation__lag_256,x__autocorrelation__lag_4096,x__autocorrelation__lag_512,x__autocorrelation__lag_8192
A,-0.22967637152190454,-0.40610072170811934,-0.25337042745867316,-0.24689884855166122,-0.3097287131313263,-0.2473505391637982,-0.2926281585004957,-0.2383217203143188
