id,x__autocorrelation__lag_1024,x__autocorrelation__lag_128,x__autocorrelation__lag_16384,x__autocorrelation__lag_2048,x__autocorrelation__lag_256,x__autocorrelation__lag_4096,x__autocorrelation__lag_512,x__autocorrelation__lag_8192
A,0.03298231364117673,-0.2559351686704135,0.035679377614874934,-0.05373692883799091,-0.046090382516185274,-0.15484776899656322,-0.15320479981231308,0.03364330163432284
