id,x__autocorrelation__lag_1024,x__autocorrelation__lag_128,x__autocorrelation__lag_16384,x__autocorrelation__lag_2048,x__autocorrelation__lag_256,x__autocorrelation__lag_4096,x__autocorrelation__lag_512,x__autocorrelation__lag_8192
A,-0.2895292650326279,-0.3186333082022773,-0.30457788239410144,-0.30800560350257206,-0.37916551209918425,-0.3041228531045162,-0.3835127045588351,-0.30568698502891334
