id,x__autocorrelation__lag_1024,x__autocorrelation__lag_128,x__autocorrelation__lag_16384,x__autocorrelation__lag_2048,x__autocorrelation__lag_256,x__autocorrelation__lag_4096,x__autocorrelation__lag_512,x__autocorrelation__lag_8192
A,-0.20731000148385187,-0.3463878977054419,-0.26329436451031085,-0.249132873939056,-0.2857615063780694,-0.25148783366301436,-0.25175940640059696,-0.24071262950545463
