id,x__autocorrelation__lag_1024,x__autocorrelation__lag_128,x__autocorrelation__lag_16384,x__autocorrelation__lag_2048,x__autocorrelation__lag_256,x__autocorrelation__lag_4096,x__autocorrelation__lag_512,x__autocorrelation__lag_8192
A,-0.2370624277656595,-0.3384759104720536,-0.28469572925104447,-0.2752536163761121,-0.312526115992562,-0.27408992190829373,-0.2896790849497965,-0.26720774748651516
