id,x__autocorrelation__lag_1024,x__autocorrelation__lag_128,x__autocorrelation__lag_16384,x__autocorrelation__lag_2048,x__autocorrelation__lag_256,x__autocorrelation__lag_4096,x__autocorrelation__lag_512,x__autocorrelation__lag_8192
A,-0.34838690648683074,-0.4376413869872472,-0.38429014352682517,-0.37033639398502244,-0.3984075686897565,-0.37957786693327117,-0.3743796902777355,-0.36082839371076375
