id,x__autocorrelation__lag_1024,x__autocorrelation__lag_128,x__autocorrelation__lag_16384,x__autocorrelation__lag_2048,x__autocorrelation__lag_256,x__autocorrelation__lag_4096,x__autocorrelation__lag_512,x__autocorrelation__lag_8192
A,0.4693597037786342,-0.571875568350307,0.4662413051603614,0.4405453999142638,0.48785605850933034,0.46043317627626185,0.4683543533317399,0.45121214882665633
