id,x__autocorrelation__lag_1024,x__autocorrelation__lag_128,x__autocorrelation__lag_16384,x__autocorrelation__lag_2048,x__autocorrelation__lag_256,x__autocorrelation__lag_4096,x__autocorrelation__lag_512,x__autocorrelation__lag_8192
A,-0.23668097476937652,-0.418502204777227,-0.25895761019197466,-0.2563140227383954,-0.3079275660044551,-0.25467530541378697,-0.29716981228459316,-0.24964608887168063
