id,x__autocorrelation__lag_1024,x__autocorrelation__lag_128,x__autocorrelation__lag_16384,x__autocorrelation__lag_2048,x__autocorrelation__lag_256,x__autocorrelation__lag_4096,x__autocorrelation__lag_512,x__autocorrelation__lag_8192
A,-0.27652389242507663,-0.32462736829382915,-0.2678028045760772,-0.263159911111092,-0.32823534690090594,-0.2723901599353337,-0.3248633188838747,-0.2607236871272584
