id,x__autocorrelation__lag_1024,x__autocorrelation__lag_128,x__autocorrelation__lag_16384,x__autocorrelation__lag_2048,x__autocorrelation__lag_256,x__autocorrelation__lag_4096,x__autocorrelation__lag_512,x__autocorrelation__lag_8192
A,-0.23522833106664567,-0.34071065362602954,-0.2850103116330198,-0.2695433089454845,-0.31871801845538195,-0.27274115557645606,-0.2707205377811509,-0.26062461419484256
