id,x__autocorrelation__lag_1024,x__autocorrelation__lag_128,x__autocorrelation__lag_16384,x__autocorrelation__lag_2048,x__autocorrelation__lag_256,x__autocorrelation__lag_4096,x__autocorrelation__lag_512,x__autocorrelation__lag_8192
A,-0.24712809422881482,-0.38169581415025083,-0.2777663493527302,-0.2707603235904318,-0.31516886588852955,-0.2712607922496386,-0.2852203169550756,-0.2626726521427466
