id,x__autocorrelation__lag_1024,x__autocorrelation__lag_128,x__autocorrelation__lag_16384,x__autocorrelation__lag_2048,x__autocorrelation__lag_256,x__autocorrelation__lag_4096,x__autocorrelation__lag_512,x__autocorrelation__lag_8192
A,-0.26092226248449746,-0.3948367544892052,-0.28315274421944736,-0.2802819256449083,-0.3529295297671868,-0.27776943519474273,-0.34327290733585136,-0.27189703866224546
