id,x__autocorrelation__lag_1024,x__autocorrelation__lag_128,x__autocorrelation__lag_16384,x__autocorrelation__lag_2048,x__autocorrelation__lag_256,x__autocorrelation__lag_4096,x__autocorrelation__lag_512,x__autocorrelation__lag_8192
A,-0.13115875765026583,-0.38807026410149964,-0.1757610567181811,-0.181206379311296,-0.19712206339960445,-0.20867942384998206,-0.22610030790714453,-0.16145420260143817
