id,x__autocorrelation__lag_1024,x__autocorrelation__lag_128,x__autocorrelation__lag_16384,x__autocorrelation__lag_2048,x__autocorrelation__lag_256,x__autocorrelation__lag_4096,x__autocorrelation__lag_512,x__autocorrelation__lag_8192
A,-0.2226965743436374,-0.3924559785172785,-0.2578175209547786,-0.24699838050212683,-0.29388828198019606,-0.24839870391940208,-0.25758685751278376,-0.2373341934588209
