id,x__autocorrelation__lag_1024,x__autocorrelation__lag_128,x__autocorrelation__lag_16384,x__autocorrelation__lag_2048,x__autocorrelation__lag_256,x__autocorrelation__lag_4096,x__autocorrelation__lag_512,x__autocorrelation__lag_8192
A,-0.23362240012885668,-0.39279763863133355,-0.262290653865789,-0.25350145531519924,-0.3088932922185876,-0.25388899541454124,-0.26999589717165434,-0.244843775232654
