id,x__autocorrelation__lag_1024,x__autocorrelation__lag_128,x__autocorrelation__lag_16384,x__autocorrelation__lag_2048,x__autocorrelation__lag_256,x__autocorrelation__lag_4096,x__autocorrelation__lag_512,x__autocorrelation__lag_8192
A,-0.2375906654463789,-0.3503557905138382,-0.27374156205781724,-0.2574088478334643,-0.315687367053097,-0.25928463884839786,-0.2700081466986074,-0.24825273873458947
