id,x__autocorrelation__lag_1024,x__autocorrelation__lag_128,x__autocorrelation__lag_16384,x__autocorrelation__lag_2048,x__autocorrelation__lag_256,x__autocorrelation__lag_4096,x__autocorrelation__lag_512,x__autocorrelation__lag_8192
A,-0.2683922978949337,-0.4001761793321545,-0.2766538119912924,-0.27317920964568676,-0.35664505922357914,-0.27175178022430346,-0.34425514773921434,-0.2671697045381042
