id,x__autocorrelation__lag_1024,x__autocorrelation__lag_128,x__autocorrelation__lag_16384,x__autocorrelation__lag_2048,x__autocorrelation__lag_256,x__autocorrelation__lag_4096,x__autocorrelation__lag_512,x__autocorrelation__lag_8192
A,-0.24145906634335432,-0.28927457507590737,-0.27772849044050124,-0.2797358668457503,-0.3196257933855361,-0.2849381812562828,-0.30623116202430684,-0.27044411368730137
