id,x__autocorrelation__lag_1024,x__autocorrelation__lag_128,x__autocorrelation__lag_16384,x__autocorrelation__lag_2048,x__autocorrelation__lag_256,x__autocorrelation__lag_4096,x__autocorrelation__lag_512,x__autocorrelation__lag_8192
A,0.7258914581503012,-0.813796689387412,0.6487004589475783,0.699082949322438,0.7363504478079063,0.7018306384584183,0.7304084071016491,0.6962947620537098
