id,x__autocorrelation__lag_1024,x__autocorrelation__lag_128,x__autocorrelation__lag_16384,x__autocorrelation__lag_2048,x__autocorrelation__lag_256,x__autocorrelation__lag_4096,x__autocorrelation__lag_512,x__autocorrelation__lag_8192
A,-0.24137309136181592,-0.407005770330547,-0.26487142173936223,-0.25830675317107216,-0.31444512548134645,-0.2584567391727488,-0.29232359813371545,-0.2508809717743398
