id,x__autocorrelation__lag_1024,x__autocorrelation__lag_128,x__autocorrelation__lag_16384,x__autocorrelation__lag_2048,x__autocorrelation__lag_256,x__autocorrelation__lag_4096,x__autocorrelation__lag_512,x__autocorrelation__lag_8192
A,-0.2250496124694333,-0.37314312401821226,-0.255341502577573,-0.24707700990345377,-0.29361545506441167,-0.24657272634716845,-0.25677516680756396,-0.23761611946671543
