id,x__autocorrelation__lag_1024,x__autocorrelation__lag_128,x__autocorrelation__lag_16384,x__autocorrelation__lag_2048,x__autocorrelation__lag_256,x__autocorrelation__lag_4096,x__autocorrelation__lag_512,x__autocorrelation__lag_8192
A,-0.24982720378904366,-0.38773800436452366,-0.2774117521682884,-0.2690337569528832,-0.3148272380495809,-0.2698705558727001,-0.28151001301969375,-0.2615735672638505
