id,x__autocorrelation__lag_1024,x__autocorrelation__lag_128,x__autocorrelation__lag_16384,x__autocorrelation__lag_2048,x__autocorrelation__lag_256,x__autocorrelation__lag_4096,x__autocorrelation__lag_512,x__autocorrelation__lag_8192
A,-0.21841319780824656,-0.34913991605961886,-0.27744681988203146,-0.2634604285673543,-0.28958476723446847,-0.26481028948032637,-0.261420581460206,-0.25429088974886327
