id,x__autocorrelation__lag_1024,x__autocorrelation__lag_128,x__autocorrelation__lag_16384,x__autocorrelation__lag_2048,x__autocorrelation__lag_256,x__autocorrelation__lag_4096,x__autocorrelation__lag_512,x__autocorrelation__lag_8192
A,-0.059380045961694036,-0.3474632367592941,-0.08602582971604716,-0.14403744023763493,-0.16154057007991757,-0.20462569024853808,-0.23438276781192852,-0.08590702227302735
