id,x__autocorrelation__lag_1024,x__autocorrelation__lag_128,x__autocorrelation__lag_16384,x__autocorrelation__lag_2048,x__autocorrelation__lag_256,x__autocorrelation__lag_4096,x__autocorrelation__lag_512,x__autocorrelation__lag_8192
A,-0.027654708003651572,-0.15869731428250972,0.017349049688311215,-0.011282030652154938,0.0077540677190320265,-0.004371464126843464,0.016456112672723806,0.0022164515307796003
