id,x__autocorrelation__lag_1024,x__autocorrelation__lag_128,x__autocorrelation__lag_16384,x__autocorrelation__lag_2048,x__autocorrelation__lag_256,x__autocorrelation__lag_4096,x__autocorrelation__lag_512,x__autocorrelation__lag_8192
A,-0.27416439608079834,-0.3106799124826909,-0.287928380770171,-0.2724550998885103,-0.3398825206085565,-0.28713788680624935,-0.3090997061779271,-0.25816680480954735
