id,x__autocorrelation__lag_1024,x__autocorrelation__lag_128,x__autocorrelation__lag_16384,x__autocorrelation__lag_2048,x__autocorrelation__lag_256,x__autocorrelation__lag_4096,x__autocorrelation__lag_512,x__autocorrelation__lag_8192
A,-0.28897521015082184,-0.32695540642475085,-0.2779782208214424,-0.26774771885611387,-0.3371721486777029,-0.2793539824407691,-0.31909596730967044,-0.2623037089748901
