id,x__autocorrelation__lag_1024,x__autocorrelation__lag_128,x__autocorrelation__lag_16384,x__autocorrelation__lag_2048,x__autocorrelation__lag_256,x__autocorrelation__lag_4096,x__autocorrelation__lag_512,x__autocorrelation__lag_8192
A,-0.2612285615954928,-0.31165441527095483,-0.30127684265213334,-0.27768011634954887,-0.3393956428674647,-0.29115728989201994,-0.2927689651838691,-0.2575128318278461
