id,x__autocorrelation__lag_1024,x__autocorrelation__lag_128,x__autocorrelation__lag_16384,x__autocorrelation__lag_2048,x__autocorrelation__lag_256,x__autocorrelation__lag_4096,x__autocorrelation__lag_512,x__autocorrelation__lag_8192
A,-0.0007256624002952588,-0.161509609913401,-0.00017438965248517212,-0.011957042592481157,0.038753175634548935,0.00413218941120158,0.024006299308826223,0.03108146819684485
