id,x__autocorrelation__lag_1024,x__autocorrelation__lag_128,x__autocorrelation__lag_16384,x__autocorrelation__lag_2048,x__autocorrelation__lag_256,x__autocorrelation__lag_4096,x__autocorrelation__lag_512,x__autocorrelation__lag_8192
A,-0.22456040097297897,-0.3890555606118445,-0.2569229182150846,-0.25044900343343646,-0.29822536020316437,-0.2502900151085988,-0.26716012682786805,-0.24167668959634545
