id,x__autocorrelation__lag_1024,x__autocorrelation__lag_128,x__autocorrelation__lag_16384,x__autocorrelation__lag_2048,x__autocorrelation__lag_256,x__autocorrelation__lag_4096,x__autocorrelation__lag_512,x__autocorrelation__lag_8192
A,-0.214846579166606,-0.3514047495337432,-0.2560974402912111,-0.24260618169329717,-0.29708638682600047,-0.2432982222690041,-0.25362821664401375,-0.23271660858221094
