id,x__autocorrelation__lag_1024,x__autocorrelation__lag_128,x__autocorrelation__lag_16384,x__autocorrelation__lag_2048,x__autocorrelation__lag_256,x__autocorrelation__lag_4096,x__autocorrelation__lag_512,x__autocorrelation__lag_8192
A,-0.2883764634935007,-0.3159523058546254,-0.2788457876199975,-0.2645273112985623,-0.3454299731527679,-0.27613581264486753,-0.31967901822314965,-0.2607069128147552
