id,x__autocorrelation__lag_1024,x__autocorrelation__lag_128,x__autocorrelation__lag_16384,x__autocorrelation__lag_2048,x__autocorrelation__lag_256,x__autocorrelation__lag_4096,x__autocorrelation__lag_512,x__autocorrelation__lag_8192
A,-0.26371702285703924,-0.29771673672646115,-0.2935023099365419,-0.2701505085614841,-0.3390206440352251,-0.28304790787012685,-0.30461144152084463,-0.2534062249590711
