id,x__autocorrelation__lag_1024,x__autocorrelation__lag_128,x__autocorrelation__lag_16384,x__autocorrelation__lag_2048,x__autocorrelation__lag_256,x__autocorrelation__lag_4096,x__autocorrelation__lag_512,x__autocorrelation__lag_8192
A,-0.22882432693152224,-0.34405014905303405,-0.28676309866759414,-0.2754195684244644,-0.3066361202926361,-0.27645130889756375,-0.27943606090623396,-0.2662257499773741
