id,x__autocorrelation__lag_1024,x__autocorrelation__lag_128,x__autocorrelation__lag_16384,x__autocorrelation__lag_2048,x__autocorrelation__lag_256,x__autocorrelation__lag_4096,x__autocorrelation__lag_512,x__autocorrelation__lag_8192
A,-0.27974169460578296,-0.30933439243130273,-0.2693667763171939,-0.2630547887848773,-0.33384570053466084,-0.2726255225604843,-0.3204307926185853,-0.26157743617188534
