id,x__autocorrelation__lag_1024,x__autocorrelation__lag_128,x__autocorrelation__lag_16384,x__autocorrelation__lag_2048,x__autocorrelation__lag_256,x__autocorrelation__lag_4096,x__autocorrelation__lag_512,x__autocorrelation__lag_8192
A,-0.04684540829602472,-0.16096582789044772,-0.01337833754827038,-0.04449750929042289,-0.033168839534954433,-0.004237347532582335,0.000355816830492436,-0.015238807155718008
