id,x__autocorrelation__lag_1024,x__autocorrelation__lag_128,x__autocorrelation__lag_16384,x__autocorrelation__lag_2048,x__autocorrelation__lag_256,x__autocorrelation__lag_4096,x__autocorrelation__lag_512,x__autocorrelation__lag_8192
A,-0.29500085705337087,-0.3521965375142398,-0.31662920971828407,-0.3163294356623718,-0.38217625822567897,-0.3144726214697849,-0.380026551522221,-0.31299571323632197
