id,x__autocorrelation__lag_1024,x__autocorrelation__lag_128,x__autocorrelation__lag_16384,x__autocorrelation__lag_2048,x__autocorrelation__lag_256,x__autocorrelation__lag_4096,x__autocorrelation__lag_512,x__autocorrelation__lag_8192
A,-0.2750458398389637,-0.4116507477256545,-0.30854255310297163,-0.3163398942786409,-0.3393295392135756,-0.3285552026346746,-0.3515699644364606,-0.31236840438530616
