id,x__autocorrelation__lag_1024,x__autocorrelation__lag_128,x__autocorrelation__lag_16384,x__autocorrelation__lag_2048,x__autocorrelation__lag_256,x__autocorrelation__lag_4096,x__autocorrelation__lag_512,x__autocorrelation__lag_8192
A,-0.2365738288357045,-0.23913519871596442,-0.24785623561906725,-0.24067726304726247,-0.3055296070514087,-0.25799221610839024,-0.31016797853679107,-0.2324498801448869
