id,x__autocorrelation__lag_1024,x__autocorrelation__lag_128,x__autocorrelation__lag_16384,x__autocorrelation__lag_2048,x__autocorrelation__lag_256,x__autocorrelation__lag_4096,x__autocorrelation__lag_512,x__autocorrelation__lag_8192
A,-0.025006133965835377,-0.12520988886203246,-0.01152820490664027,-0.01022773744936904,0.025893684055848028,0.02675871313018136,0.00296606374025739,-0.009972930096507333
