id,x__autocorrelation__lag_1024,x__autocorrelation__lag_128,x__autocorrelation__lag_16384,x__autocorrelation__lag_2048,x__autocorrelation__lag_256,x__autocorrelation__lag_4096,x__autocorrelation__lag_512,x__autocorrelation__lag_8192
A,-0.22478782637760183,-0.42214275247109545,-0.25726295106722846,-0.2484227249972317,-0.2950955783229605,-0.24921107631491723,-0.2794807907341151,-0.24001385295397057
