id,x__autocorrelation__lag_1024,x__autocorrelation__lag_128,x__autocorrelation__lag_16384,x__autocorrelation__lag_2048,x__autocorrelation__lag_256,x__autocorrelation__lag_4096,x__autocorrelation__lag_512,x__autocorrelation__lag_8192
A,-0.284424856385492,-0.3241936572897274,-0.2819245109180085,-0.26570755886209196,-0.3389306545121678,-0.2775417551997387,-0.30995846676649436,-0.2558695427295611
