id,x__autocorrelation__lag_1024,x__autocorrelation__lag_128,x__autocorrelation__lag_16384,x__autocorrelation__lag_2048,x__autocorrelation__lag_256,x__autocorrelation__lag_4096,x__autocorrelation__lag_512,x__autocorrelation__lag_8192
A,-0.23548152740235193,-0.38673031163978505,-0.2704560976837677,-0.26639730110617016,-0.30666529887892735,-0.265028913016301,-0.2826586055738356,-0.25864707170689144
