id,x__autocorrelation__lag_1024,x__autocorrelation__lag_128,x__autocorrelation__lag_16384,x__autocorrelation__lag_2048,x__autocorrelation__lag_256,x__autocorrelation__lag_4096,x__autocorrelation__lag_512,x__autocorrelation__lag_8192
A,-0.22339517788539934,-0.4209120557755755,-0.2563416324236466,-0.24762898749416679,-0.2897833338428691,-0.24789992505086175,-0.2647740291506687,-0.23816965079540103
