id,x__autocorrelation__lag_1024,x__autocorrelation__lag_128,x__autocorrelation__lag_16384,x__autocorrelation__lag_2048,x__autocorrelation__lag_256,x__autocorrelation__lag_4096,x__autocorrelation__lag_512,x__autocorrelation__lag_8192
A,-0.21611385571298689,-0.3881927097402962,-0.26059548250702924,-0.2543726472071025,-0.28679718842323926,-0.2529096467548333,-0.2680260461503065,-0.24616052719749745
