id,x__autocorrelation__lag_1024,x__autocorrelation__lag_128,x__autocorrelation__lag_16384,x__autocorrelation__lag_2048,x__autocorrelation__lag_256,x__autocorrelation__lag_4096,x__autocorrelation__lag_512,x__autocorrelation__lag_8192
A,-0.1929924207370772,-0.4083192312634847,-0.2302955263114781,-0.24684742605350632,-0.2676086384354327,-0.281540468538642,-0.3100311659427712,-0.2181857745738446
