id,x__autocorrelation__lag_1024,x__autocorrelation__lag_128,x__autocorrelation__lag_16384,x__autocorrelation__lag_2048,x__autocorrelation__lag_256,x__autocorrelation__lag_4096,x__autocorrelation__lag_512,x__autocorrelation__lag_8192
A,-0.1922065075229452,-0.3636990821158021,-0.2443777508831904,-0.2345643317643622,-0.274730398673633,-0.23437179304539307,-0.25264256424631676,-0.22689626104810434
