id,x__autocorrelation__lag_1024,x__autocorrelation__lag_128,x__autocorrelation__lag_16384,x__autocorrelation__lag_2048,x__autocorrelation__lag_256,x__autocorrelation__lag_4096,x__autocorrelation__lag_512,x__autocorrelation__lag_8192
A,-0.2503287977394879,-0.39931640571024096,-0.2737960356007105,-0.2696587183399728,-0.33350669188934123,-0.269617491658616,-0.3184100430949531,-0.26375222329416187
