id,x__autocorrelation__lag_1024,x__autocorrelation__lag_128,x__autocorrelation__lag_16384,x__autocorrelation__lag_2048,x__autocorrelation__lag_256,x__autocorrelation__lag_4096,x__autocorrelation__lag_512,x__autocorrelation__lag_8192
A,-0.2837489662806566,-0.394642290341594,-0.2934892872428897,-0.2918054424459313,-0.37385109878043743,-0.29071843021681476,-0.3707633940645781,-0.2888231581236901
