id,x__autocorrelation__lag_1024,x__autocorrelation__lag_128,x__autocorrelation__lag_16384,x__autocorrelation__lag_2048,x__autocorrelation__lag_256,x__autocorrelation__lag_4096,x__autocorrelation__lag_512,x__autocorrelation__lag_8192
A,-0.24116980694706291,-0.34134949744940013,-0.29082851234651025,-0.28204079790376335,-0.32221065916807995,-0.28088896077056935,-0.2890197214969945,-0.27323473983610336
