id,x__autocorrelation__lag_1024,x__autocorrelation__lag_128,x__autocorrelation__lag_16384,x__autocorrelation__lag_2048,x__autocorrelation__lag_256,x__autocorrelation__lag_4096,x__autocorrelation__lag_512,x__autocorrelation__lag_8192
A,0.42829826198893445,-0.5188565212700399,0.4169133091428911,0.40664791578116394,0.4435036834438564,0.41608761895203855,0.43495787014906817,0.41506567365463076
