id,x__autocorrelation__lag_1024,x__autocorrelation__lag_128,x__autocorrelation__lag_16384,x__autocorrelation__lag_2048,x__autocorrelation__lag_256,x__autocorrelation__lag_4096,x__autocorrelation__lag_512,x__autocorrelation__lag_8192
A,-0.04642448422448788,-0.1672641029660637,-0.026768541889009748,-0.05033650917375975,-0.02893005441288413,0.005440861796964259,-0.0038944263598557644,-0.040476516176101866
