id,x__autocorrelation__lag_1024,x__autocorrelation__lag_128,x__autocorrelation__lag_16384,x__autocorrelation__lag_2048,x__autocorrelation__lag_256,x__autocorrelation__lag_4096,x__autocorrelation__lag_512,x__autocorrelation__lag_8192
A,-0.2382247982605538,-0.29643188829886685,-0.28333828389537125,-0.2772172901890476,-0.3168251665728457,-0.28062514401292704,-0.2950117660215021,-0.2696281205553998
