id,x__autocorrelation__lag_1024,x__autocorrelation__lag_128,x__autocorrelation__lag_16384,x__autocorrelation__lag_2048,x__autocorrelation__lag_256,x__autocorrelation__lag_4096,x__autocorrelation__lag_512,x__autocorrelation__lag_8192
A,-0.22949971046299858,-0.32805607903037004,-0.27681186181784795,-0.26339688757154356,-0.31551947786232004,-0.26519134246529463,-0.2746096870162334,-0.2537892503882765
