id,x__autocorrelation__lag_1024,x__autocorrelation__lag_128,x__autocorrelation__lag_16384,x__autocorrelation__lag_2048,x__autocorrelation__lag_256,x__autocorrelation__lag_4096,x__autocorrelation__lag_512,x__autocorrelation__lag_8192
A,-0.0514755889297373,-0.08141142927127268,-0.0037828043010904935,0.0022485003285510996,0.014183718237558526,0.01673733779245376,0.004554998049145042,-0.04979498791583035
