id,x__autocorrelation__lag_1024,x__autocorrelation__lag_128,x__autocorrelation__lag_16384,x__autocorrelation__lag_2048,x__autocorrelation__lag_256,x__autocorrelation__lag_4096,x__autocorrelation__lag_512,x__autocorrelation__lag_8192
A,-0.22868348497563804,-0.3379141576881363,-0.2813751575866914,-0.265505010852534,-0.31120082063178,-0.2690975234855309,-0.26212557450527707,-0.25724889793858735
