id,x__autocorrelation__lag_1024,x__autocorrelation__lag_128,x__autocorrelation__lag_16384,x__autocorrelation__lag_2048,x__autocorrelation__lag_256,x__autocorrelation__lag_4096,x__autocorrelation__lag_512,x__autocorrelation__lag_8192
A,-0.28680419738881446,-0.363001107434647,-0.30773003648869407,-0.31095174651000973,-0.37314634821823,-0.30707448245300084,-0.373975135098861,-0.30550386927090073
