id,x__autocorrelation__lag_1024,x__autocorrelation__lag_128,x__autocorrelation__lag_16384,x__autocorrelation__lag_2048,x__autocorrelation__lag_256,x__autocorrelation__lag_4096,x__autocorrelation__lag_512,x__autocorrelation__lag_8192
A,-0.24673530092954626,-0.34758883134518387,-0.2779278258277577,-0.2637911263416604,-0.3265853108683832,-0.2660963559680116,-0.28201911179818223,-0.25547557769928203
