id,x__autocorrelation__lag_1024,x__autocorrelation__lag_128,x__autocorrelation__lag_16384,x__autocorrelation__lag_2048,x__autocorrelation__lag_256,x__autocorrelation__lag_4096,x__autocorrelation__lag_512,x__autocorrelation__lag_8192
A,-0.24751082227981852,-0.3322654080618597,-0.290436512674482,-0.2744908311177191,-0.3259912476040968,-0.2772380188698803,-0.2865730227074342,-0.26509817975470457
