id,x__autocorrelation__lag_1024,x__autocorrelation__lag_128,x__autocorrelation__lag_16384,x__autocorrelation__lag_2048,x__autocorrelation__lag_256,x__autocorrelation__lag_4096,x__autocorrelation__lag_512,x__autocorrelation__lag_8192
A,-0.230607479078309,-0.41272883229818846,-0.2580071838094101,-0.2557824664424386,-0.3083741852493242,-0.2538607177874356,-0.3015526325829853,-0.24866307226564024
