id,x__autocorrelation__lag_1024,x__autocorrelation__lag_128,x__autocorrelation__lag_16384,x__autocorrelation__lag_2048,x__autocorrelation__lag_256,x__autocorrelation__lag_4096,x__autocorrelation__lag_512,x__autocorrelation__lag_8192
A,-0.2381072446438298,-0.3861600577078176,-0.2645394583443883,-0.25334842514126515,-0.30604382409664665,-0.25475881759615493,-0.27268747336669025,-0.2443570052784886
