id,x__autocorrelation__lag_1024,x__autocorrelation__lag_128,x__autocorrelation__lag_16384,x__autocorrelation__lag_2048,x__autocorrelation__lag_256,x__autocorrelation__lag_4096,x__autocorrelation__lag_512,x__autocorrelation__lag_8192
A,0.6696665395236934,-0.7724918660235622,0.11089625111563281,0.6295479328087128,0.7370834952846693,0.5726403240704326,0.7132347456579693,0.3947999029464667
