id,x__autocorrelation__lag_1024,x__autocorrelation__lag_128,x__autocorrelation__lag_16384,x__autocorrelation__lag_2048,x__autocorrelation__lag_256,x__autocorrelation__lag_4096,x__autocorrelation__lag_512,x__autocorrelation__lag_8192
A,-0.23039034294960006,-0.4093444848456237,-0.2624283448550957,-0.2815283783196463,-0.2996021147648382,-0.30913982903989806,-0.339394160527067,-0.26190940240540317
