id,x__autocorrelation__lag_1024,x__autocorrelation__lag_128,x__autocorrelation__lag_16384,x__autocorrelation__lag_2048,x__autocorrelation__lag_256,x__autocorrelation__lag_4096,x__autocorrelation__lag_512,x__autocorrelation__lag_8192
A,-0.20482754344262227,-0.3605713726710419,-0.2684167048122178,-0.2485717928181291,-0.28724491532172225,-0.2518993200696239,-0.24552030563944116,-0.23293365973735672
