id,x__autocorrelation__lag_1024,x__autocorrelation__lag_128,x__autocorrelation__lag_16384,x__autocorrelation__lag_2048,x__autocorrelation__lag_256,x__autocorrelation__lag_4096,x__autocorrelation__lag_512,x__autocorrelation__lag_8192
A,-0.20194740698132602,-0.3577689206112037,-0.2528553570817631,-0.24101769666187972,-0.2806815033464309,-0.24147791669788385,-0.2504488518167137,-0.22991252660003014
