id,x__autocorrelation__lag_1024,x__autocorrelation__lag_128,x__autocorrelation__lag_16384,x__autocorrelation__lag_2048,x__autocorrelation__lag_256,x__autocorrelation__lag_4096,x__autocorrelation__lag_512,x__autocorrelation__lag_8192
A,-0.0197746056279478,-0.0850552467584643,-0.010952955619696949,-0.007876486083757545,0.02101853081154153,0.034864079602533835,0.012121333580491474,-0.006507886681507651
