id,x__autocorrelation__lag_1024,x__autocorrelation__lag_128,x__autocorrelation__lag_16384,x__autocorrelation__lag_2048,x__autocorrelation__lag_256,x__autocorrelation__lag_4096,x__autocorrelation__lag_512,x__autocorrelation__lag_8192
A,-0.27579607987704763,-0.3893424772304615,-0.29467383789175855,-0.29381146921819234,-0.36413383891573076,-0.29422885786785324,-0.34904553400431404,-0.2892747336720892
