id,x__autocorrelation__lag_1024,x__autocorrelation__lag_128,x__autocorrelation__lag_16384,x__autocorrelation__lag_2048,x__autocorrelation__lag_256,x__autocorrelation__lag_4096,x__autocorrelation__lag_512,x__autocorrelation__lag_8192
A,-0.23412830807747065,-0.40749485512545197,-0.26438998923887774,-0.26180295233765805,-0.314044985201887,-0.2614147954015025,-0.3079850358347805,-0.25579877079453084
