id,x__autocorrelation__lag_1024,x__autocorrelation__lag_128,x__autocorrelation__lag_16384,x__autocorrelation__lag_2048,x__autocorrelation__lag_256,x__autocorrelation__lag_4096,x__autocorrelation__lag_512,x__autocorrelation__lag_8192
A,-0.2213003371997937,-0.4027623064617811,-0.2608580333091931,-0.24696804535631042,-0.27905646496934866,-0.24841560031639678,-0.2506898867739757,-0.23785945593853683
