id,x__autocorrelation__lag_1024,x__autocorrelation__lag_128,x__autocorrelation__lag_16384,x__autocorrelation__lag_2048,x__autocorrelation__lag_256,x__autocorrelation__lag_4096,x__autocorrelation__lag_512,x__autocorrelation__lag_8192
A,-0.2184896622184845,-0.36276817309623616,-0.2694889559244111,-0.2562230519690221,-0.29332705603372383,-0.2573037992495222,-0.2632998502644187,-0.24496074400039203
