id,x__autocorrelation__lag_1024,x__autocorrelation__lag_128,x__autocorrelation__lag_16384,x__autocorrelation__lag_2048,x__autocorrelation__lag_256,x__autocorrelation__lag_4096,x__autocorrelation__lag_512,x__autocorrelation__lag_8192
A,-0.2551422134644854,-0.401508859425901,-0.27539588330779635,-0.2725618600837343,-0.33436598512313837,-0.2706823175852965,-0.3177592448542858,-0.2649526506235566
