id,x__autocorrelation__lag_1024,x__autocorrelation__lag_128,x__autocorrelation__lag_16384,x__autocorrelation__lag_2048,x__autocorrelation__lag_256,x__autocorrelation__lag_4096,x__autocorrelation__lag_512,x__autocorrelation__lag_8192
A,0.00880890553903118,-0.11803959649843627,0.05451461714362661,0.0324147838446135,0.028154191497324316,0.0048525037790957725,0.04049855561698869,0.05775796178136719
