id,x__autocorrelation__lag_1024,x__autocorrelation__lag_128,x__autocorrelation__lag_16384,x__autocorrelation__lag_2048,x__autocorrelation__lag_256,x__autocorrelation__lag_4096,x__autocorrelation__lag_512,x__autocorrelation__lag_8192
A,-0.24914503598113868,-0.3352723517511294,-0.30043041990392905,-0.2902011805406475,-0.329048810431481,-0.29096952544451227,-0.30236670421701783,-0.2828448045130655
