id,x__autocorrelation__lag_1024,x__autocorrelation__lag_128,x__autocorrelation__lag_16384,x__autocorrelation__lag_2048,x__autocorrelation__lag_256,x__autocorrelation__lag_4096,x__autocorrelation__lag_512,x__autocorrelation__lag_8192
A,-0.27088558372350086,-0.3959694002702476,-0.28740450817175134,-0.28531925728512575,-0.3606316579653949,-0.2852075166081854,-0.35295170776074264,-0.28067247657236766
