id,x__autocorrelation__lag_1024,x__autocorrelation__lag_128,x__autocorrelation__lag_16384,x__autocorrelation__lag_2048,x__autocorrelation__lag_256,x__autocorrelation__lag_4096,x__autocorrelation__lag_512,x__autocorrelation__lag_8192
A,-0.0071387490780529155,-0.2368668096466411,0.015052734061355716,-0.019745326153561844,-0.028980285086311616,0.011715123137870036,-0.03815774938331897,0.0063478238159648485
