id,x__autocorrelation__lag_1024,x__autocorrelation__lag_128,x__autocorrelation__lag_16384,x__autocorrelation__lag_2048,x__autocorrelation__lag_256,x__autocorrelation__lag_4096,x__autocorrelation__lag_512,x__autocorrelation__lag_8192
A,-0.2253128947727084,-0.33909059550879844,-0.25740858479666995,-0.2427940212821173,-0.3020527872571314,-0.2436434598895824,-0.2600576400878627,-0.2336588504386061
