id,x__autocorrelation__lag_1024,x__autocorrelation__lag_128,x__autocorrelation__lag_16384,x__autocorrelation__lag_2048,x__autocorrelation__lag_256,x__autocorrelation__lag_4096,x__autocorrelation__lag_512,x__autocorrelation__lag_8192
A,-0.2096512658927004,-0.3657857254524559,-0.2610688366291541,-0.2473355589917553,-0.28436496982019555,-0.2478010510242998,-0.2473629256369028,-0.2364157204417947
