id,x__autocorrelation__lag_1024,x__autocorrelation__lag_128,x__autocorrelation__lag_16384,x__autocorrelation__lag_2048,x__autocorrelation__lag_256,x__autocorrelation__lag_4096,x__autocorrelation__lag_512,x__autocorrelation__lag_8192
A,-0.2460596740783943,-0.30987277432391186,-0.291880102401305,-0.2717252672523323,-0.3267789980227109,-0.28508057661754804,-0.29184601060202137,-0.25502821336821196
