id,x__autocorrelation__lag_1024,x__autocorrelation__lag_128,x__autocorrelation__lag_16384,x__autocorrelation__lag_2048,x__autocorrelation__lag_256,x__autocorrelation__lag_4096,x__autocorrelation__lag_512,x__autocorrelation__lag_8192
A,-0.23858297112449814,-0.32946365929823895,-0.28555971904615757,-0.27430518699122586,-0.31386460528599464,-0.27390148177373447,-0.2866602501473045,-0.26623558424362853
