id,x__autocorrelation__lag_1024,x__autocorrelation__lag_128,x__autocorrelation__lag_16384,x__autocorrelation__lag_2048,x__autocorrelation__lag_256,x__autocorrelation__lag_4096,x__autocorrelation__lag_512,x__autocorrelation__lag_8192
A,0.0039969036711190635,-0.1845818041027175,0.011704151041320497,0.03530193897689979,0.019743137863689853,0.05545805418540039,0.02833873297577894,0.034318821211461646
