id,x__autocorrelation__lag_1024,x__autocorrelation__lag_128,x__autocorrelation__lag_16384,x__autocorrelation__lag_2048,x__autocorrelation__lag_256,x__autocorrelation__lag_4096,x__autocorrelation__lag_512,x__autocorrelation__lag_8192
A,-0.24317342755369728,-0.2908868890127266,-0.28372818144421036,-0.2833485731513255,-0.3229877800048741,-0.2865278216740768,-0.30476500878237783,-0.27475091427633463
