id,x__autocorrelation__lag_1024,x__autocorrelation__lag_128,x__autocorrelation__lag_16384,x__autocorrelation__lag_2048,x__autocorrelation__lag_256,x__autocorrelation__lag_4096,x__autocorrelation__lag_512,x__autocorrelation__lag_8192
A,-0.14495945641606042,-0.054411509067914345,-0.2136215375854522,-0.1380696136243364,-0.10875845613782874,-0.15438693119367214,-0.13508611240947846,-0.17200873241955428
