id,x__autocorrelation__lag_1024,x__autocorrelation__lag_128,x__autocorrelation__lag_16384,x__autocorrelation__lag_2048,x__autocorrelation__lag_256,x__autocorrelation__lag_4096,x__autocorrelation__lag_512,x__autocorrelation__lag_8192
A,-0.23299060275959088,-0.41085069896714294,-0.259541152598721,-0.24958724837114954,-0.2963173668904747,-0.2505459005818392,-0.26659188266252953,-0.24104700330803688
