id,x__autocorrelation__lag_1024,x__autocorrelation__lag_128,x__autocorrelation__lag_16384,x__autocorrelation__lag_2048,x__autocorrelation__lag_256,x__autocorrelation__lag_4096,x__autocorrelation__lag_512,x__autocorrelation__lag_8192
A,-0.2569802621549049,-0.30813071009266146,-0.2963881084820349,-0.27263847722089607,-0.3326349624720404,-0.28536229128557766,-0.2933677412855853,-0.25306815956895584
