id,x__autocorrelation__lag_1024,x__autocorrelation__lag_128,x__autocorrelation__lag_16384,x__autocorrelation__lag_2048,x__autocorrelation__lag_256,x__autocorrelation__lag_4096,x__autocorrelation__lag_512,x__autocorrelation__lag_8192
A,-0.2321079565095785,-0.24809974050407027,-0.24616086858913383,-0.24596890232484345,-0.29983799143973633,-0.2602040156441755,-0.3155855474046215,-0.23700919127695153
