id,x__autocorrelation__lag_1024,x__autocorrelation__lag_128,x__autocorrelation__lag_16384,x__autocorrelation__lag_2048,x__autocorrelation__lag_256,x__autocorrelation__lag_4096,x__autocorrelation__lag_512,x__autocorrelation__lag_8192
A,-0.024234290776280316,-0.13245390083246514,-0.020847105095488257,-0.054887206804599395,-0.0641235853666699,0.004791968635822789,-0.020388646767256574,-0.029674718172201606
