id,x__autocorrelation__lag_1024,x__autocorrelation__lag_128,x__autocorrelation__lag_16384,x__autocorrelation__lag_2048,x__autocorrelation__lag_256,x__autocorrelation__lag_4096,x__autocorrelation__lag_512,x__autocorrelation__lag_8192
A,-0.2256922717521678,-0.34184741230884175,-0.2673364862411091,-0.25277560837058854,-0.3051458920947351,-0.25378937422188264,-0.26119236975006166,-0.24230433054635553
