id,x__autocorrelation__lag_1024,x__autocorrelation__lag_128,x__autocorrelation__lag_16384,x__autocorrelation__lag_2048,x__autocorrelation__lag_256,x__autocorrelation__lag_4096,x__autocorrelation__lag_512,x__autocorrelation__lag_8192
A,-0.28308356804619,-0.2972245590477931,-0.27767848553493646,-0.27122812501780874,-0.3431431583178961,-0.2814901160255022,-0.3219782263051723,-0.2690966575457582
