id,x__autocorrelation__lag_1024,x__autocorrelation__lag_128,x__autocorrelation__lag_16384,x__autocorrelation__lag_2048,x__autocorrelation__lag_256,x__autocorrelation__lag_4096,x__autocorrelation__lag_512,x__autocorrelation__lag_8192
A,-0.268868611680052,-0.39435879055336626,-0.27650748665754254,-0.27794308684372737,-0.357473246851697,-0.2741851137239098,-0.3601800258430478,-0.273227430742961
