id,x__autocorrelation__lag_1024,x__autocorrelation__lag_128,x__autocorrelation__lag_16384,x__autocorrelation__lag_2048,x__autocorrelation__lag_256,x__autocorrelation__lag_4096,x__autocorrelation__lag_512,x__autocorrelation__lag_8192
A,-0.019436784491579262,-0.28079254379908525,0.018823174019014552,-0.013692349249171204,-0.03809411562755238,0.02166772208773838,-0.06353570229053644,0.007469809184491573
