id,x__autocorrelation__lag_1024,x__autocorrelation__lag_128,x__autocorrelation__lag_16384,x__autocorrelation__lag_2048,x__autocorrelation__lag_256,x__autocorrelation__lag_4096,x__autocorrelation__lag_512,x__autocorrelation__lag_8192
A,-0.22255524265391055,-0.3820649935759515,-0.2638176950830193,-0.2490682343049809,-0.2970590151689398,-0.2511270975420231,-0.2508714010384889,-0.2395032393420399
