id,x__autocorrelation__lag_1024,x__autocorrelation__lag_128,x__autocorrelation__lag_16384,x__autocorrelation__lag_2048,x__autocorrelation__lag_256,x__autocorrelation__lag_4096,x__autocorrelation__lag_512,x__autocorrelation__lag_8192
A,-0.23082378900562645,-0.26257858202698375,-0.24848938695621564,-0.24576459056432748,-0.2987756995913059,-0.2598077458256344,-0.30944446599298464,-0.23773817429396396
