id,x__autocorrelation__lag_1024,x__autocorrelation__lag_128,x__autocorrelation__lag_16384,x__autocorrelation__lag_2048,x__autocorrelation__lag_256,x__autocorrelation__lag_4096,x__autocorrelation__lag_512,x__autocorrelation__lag_8192
A,-0.24340767812952013,-0.33922035781771254,-0.2855318532776249,-0.27058170009939314,-0.32608645234848715,-0.272049647126148,-0.2802324715837718,-0.2615679368825917
