id,x__autocorrelation__lag_1024,x__autocorrelation__lag_128,x__autocorrelation__lag_16384,x__autocorrelation__lag_2048,x__autocorrelation__lag_256,x__autocorrelation__lag_4096,x__autocorrelation__lag_512,x__autocorrelation__lag_8192
A,-0.28668073833614405,-0.3288800524127992,-0.2816724946222338,-0.27005782134812173,-0.33586379536862143,-0.2806648555662908,-0.30442360654429257,-0.2567263248548534
