id,x__autocorrelation__lag_1024,x__autocorrelation__lag_128,x__autocorrelation__lag_16384,x__autocorrelation__lag_2048,x__autocorrelation__lag_256,x__autocorrelation__lag_4096,x__autocorrelation__lag_512,x__autocorrelation__lag_8192
A,-0.21721262431468621,-0.3358093973728438,-0.2683280933193329,-0.25382286515949914,-0.30086727641996924,-0.25675653997870695,-0.26437933656063584,-0.24445770418049895
