id,x__autocorrelation__lag_1024,x__autocorrelation__lag_128,x__autocorrelation__lag_16384,x__autocorrelation__lag_2048,x__autocorrelation__lag_256,x__autocorrelation__lag_4096,x__autocorrelation__lag_512,x__autocorrelation__lag_8192
A,-0.273634497549656,-0.3188137365416438,-0.2649495514645789,-0.25822705718717837,-0.32139256413571105,-0.26877418245004975,-0.31895506846206567,-0.25572806705186163
