id,x__autocorrelation__lag_1024,x__autocorrelation__lag_128,x__autocorrelation__lag_16384,x__autocorrelation__lag_2048,x__autocorrelation__lag_256,x__autocorrelation__lag_4096,x__autocorrelation__lag_512,x__autocorrelation__lag_8192
A,0.05301457118785363,-0.21267810199855802,0.08223059903280532,0.06730394086704442,0.06599167849881285,0.07914773450151791,0.06773290776504891,0.0892645948133015
