id,x__autocorrelation__lag_1024,x__autocorrelation__lag_128,x__autocorrelation__lag_16384,x__autocorrelation__lag_2048,x__autocorrelation__lag_256,x__autocorrelation__lag_4096,x__autocorrelation__lag_512,x__autocorrelation__lag_8192
A,-0.20694507612113666,-0.34255188775434053,-0.26177878943575106,-0.24830802795301274,-0.28467431787472336,-0.2485768869718277,-0.247855548200486,-0.2384338838312632
