id,x__autocorrelation__lag_1024,x__autocorrelation__lag_128,x__autocorrelation__lag_16384,x__autocorrelation__lag_2048,x__autocorrelation__lag_256,x__autocorrelation__lag_4096,x__autocorrelation__lag_512,x__autocorrelation__lag_8192
A,-0.234018424937356,-0.3898503983689272,-0.26784416115605597,-0.25736091244405507,-0.30748626431270387,-0.258320793193274,-0.26716987787973984,-0.24828451711127233
