id,x__autocorrelation__lag_1024,x__autocorrelation__lag_128,x__autocorrelation__lag_16384,x__autocorrelation__lag_2048,x__autocorrelation__lag_256,x__autocorrelation__lag_4096,x__autocorrelation__lag_512,x__autocorrelation__lag_8192
A,-0.2577169376152379,-0.30815623263066666,-0.29343633375510364,-0.2707104240987302,-0.3333732261344798,-0.28330972879694377,-0.3002623015409602,-0.2530010085583082
