id,x__autocorrelation__lag_1024,x__autocorrelation__lag_128,x__autocorrelation__lag_16384,x__autocorrelation__lag_2048,x__autocorrelation__lag_256,x__autocorrelation__lag_4096,x__autocorrelation__lag_512,x__autocorrelation__lag_8192
A,-0.20806376811827396,-0.36803176878718546,-0.2658682577756836,-0.24805038615210084,-0.28596762482873295,-0.25234851514089696,-0.24160583935474278,-0.23568706965069336
