id,x__autocorrelation__lag_1024,x__autocorrelation__lag_128,x__autocorrelation__lag_16384,x__autocorrelation__lag_2048,x__autocorrelation__lag_256,x__autocorrelation__lag_4096,x__autocorrelation__lag_512,x__autocorrelation__lag_8192
A,-0.2519088982609752,-0.3972846782647767,-0.2817038411905355,-0.2705677026018137,-0.3298253930157485,-0.27192143160176496,-0.29656713446552535,-0.26169423022355776
