id,x__autocorrelation__lag_1024,x__autocorrelation__lag_128,x__autocorrelation__lag_16384,x__autocorrelation__lag_2048,x__autocorrelation__lag_256,x__autocorrelation__lag_4096,x__autocorrelation__lag_512,x__autocorrelation__lag_8192
A,-0.37951501362167933,-0.4379583238550673,-0.4051333682638888,-0.40141827258878154,-0.4225879318410168,-0.4049593767193002,-0.4164182417215786,-0.3987382737291576
