id,x__autocorrelation__lag_1024,x__autocorrelation__lag_128,x__autocorrelation__lag_16384,x__autocorrelation__lag_2048,x__autocorrelation__lag_256,x__autocorrelation__lag_4096,x__autocorrelation__lag_512,x__autocorrelation__lag_8192
A,-0.02114207829367214,-0.14825464937293406,-0.022820835275401654,-0.05230924762922169,-0.024393907369392488,-0.03403626778201733,-0.09946612016706745,-0.0314972449226792
