id,x__autocorrelation__lag_1024,x__autocorrelation__lag_128,x__autocorrelation__lag_16384,x__autocorrelation__lag_2048,x__autocorrelation__lag_256,x__autocorrelation__lag_4096,x__autocorrelation__lag_512,x__autocorrelation__lag_8192
A,-0.24742749335241127,-0.39822904410522575,-0.27498717998197636,-0.2678545398250929,-0.31112459099459744,-0.26656352801684763,-0.28897497498483776,-0.2585525969448536
