id,x__autocorrelation__lag_1024,x__autocorrelation__lag_128,x__autocorrelation__lag_16384,x__autocorrelation__lag_2048,x__autocorrelation__lag_256,x__autocorrelation__lag_4096,x__autocorrelation__lag_512,x__autocorrelation__lag_8192
A,-0.204823837589365,-0.3699876248302057,-0.25220327129853737,-0.24103591558821466,-0.2768623998542154,-0.2416837497335451,-0.2510303988369643,-0.23173428501744783
