id,x__autocorrelation__lag_1024,x__autocorrelation__lag_128,x__autocorrelation__lag_16384,x__autocorrelation__lag_2048,x__autocorrelation__lag_256,x__autocorrelation__lag_4096,x__autocorrelation__lag_512,x__autocorrelation__lag_8192
A,-0.2684977122330026,-0.3163640520064373,-0.31041466657837274,-0.2872353753507537,-0.3423640654111016,-0.30000270486084,-0.3028750845280701,-0.27011550787339367
