id,x__autocorrelation__lag_1024,x__autocorrelation__lag_128,x__autocorrelation__lag_16384,x__autocorrelation__lag_2048,x__autocorrelation__lag_256,x__autocorrelation__lag_4096,x__autocorrelation__lag_512,x__autocorrelation__lag_8192
A,-0.03339116043723254,-0.1474514930899986,0.012008397428444628,-0.0152523365398023,-0.005892668780318466,-0.017314373347863208,0.013701650513269277,-0.00956424822297377
