id,x__autocorrelation__lag_1024,x__autocorrelation__lag_128,x__autocorrelation__lag_16384,x__autocorrelation__lag_2048,x__autocorrelation__lag_256,x__autocorrelation__lag_4096,x__autocorrelation__lag_512,x__autocorrelation__lag_8192
A,-0.26230345747810774,-0.28878023345882303,-0.2659674376150637,-0.2592599848614816,-0.31596352862871285,-0.2698631795576244,-0.30789000754579354,-0.2567055727467582
