id,x__autocorrelation__lag_1024,x__autocorrelation__lag_128,x__autocorrelation__lag_16384,x__autocorrelation__lag_2048,x__autocorrelation__lag_256,x__autocorrelation__lag_4096,x__autocorrelation__lag_512,x__autocorrelation__lag_8192
A,-0.21756079830160072,-0.3675742138242605,-0.26603086897931366,-0.2527687606713815,-0.29033682449261966,-0.25361970346502055,-0.2578984585872835,-0.24319054868075177
