id,x__autocorrelation__lag_1024,x__autocorrelation__lag_128,x__autocorrelation__lag_16384,x__autocorrelation__lag_2048,x__autocorrelation__lag_256,x__autocorrelation__lag_4096,x__autocorrelation__lag_512,x__autocorrelation__lag_8192
A,-0.36039652425925833,-0.4393528637287268,-0.393495277515518,-0.3865959434641154,-0.4118944220509084,-0.3947614311617317,-0.4109585567514724,-0.3809018522110788
