id,x__autocorrelation__lag_1024,x__autocorrelation__lag_128,x__autocorrelation__lag_16384,x__autocorrelation__lag_2048,x__autocorrelation__lag_256,x__autocorrelation__lag_4096,x__autocorrelation__lag_512,x__autocorrelation__lag_8192
A,-0.29041251742532326,-0.3181988137001795,-0.28170365742931913,-0.2683633856565429,-0.3454135506310679,-0.28170000339643414,-0.32001102817978666,-0.2635265609474596
