id,x__autocorrelation__lag_1024,x__autocorrelation__lag_128,x__autocorrelation__lag_16384,x__autocorrelation__lag_2048,x__autocorrelation__lag_256,x__autocorrelation__lag_4096,x__autocorrelation__lag_512,x__autocorrelation__lag_8192
A,-0.3648236568606096,0.30587108199447616,-0.3643687602558829,-0.3374802804415626,-0.37687388555875495,-0.35549618717420073,-0.3749872673452644,-0.3419763298724797
