id,x__autocorrelation__lag_1024,x__autocorrelation__lag_128,x__autocorrelation__lag_16384,x__autocorrelation__lag_2048,x__autocorrelation__lag_256,x__autocorrelation__lag_4096,x__autocorrelation__lag_512,x__autocorrelation__lag_8192
A,-0.2147546970317542,-0.3573112817227317,-0.2684686724007692,-0.2561132899014687,-0.28787314306075784,-0.2572550208447651,-0.24834245550188375,-0.24682081670702333
