id,x__autocorrelation__lag_1024,x__autocorrelation__lag_128,x__autocorrelation__lag_16384,x__autocorrelation__lag_2048,x__autocorrelation__lag_256,x__autocorrelation__lag_4096,x__autocorrelation__lag_512,x__autocorrelation__lag_8192
A,-0.20042865407408544,-0.34517603788108087,-0.25872065366418645,-0.24585371444250625,-0.2776990681154755,-0.24622635032774695,-0.24424635382752094,-0.23581399029150926
