id,x__autocorrelation__lag_1024,x__autocorrelation__lag_128,x__autocorrelation__lag_16384,x__autocorrelation__lag_2048,x__autocorrelation__lag_256,x__autocorrelation__lag_4096,x__autocorrelation__lag_512,x__autocorrelation__lag_8192
A,-0.25367494686061076,-0.2760508265690754,-0.2628728857731433,-0.2593338558930523,-0.31367918429545544,-0.2713548259656285,-0.318127530453809,-0.25631781322352404
