id,x__autocorrelation__lag_1024,x__autocorrelation__lag_128,x__autocorrelation__lag_16384,x__autocorrelation__lag_2048,x__autocorrelation__lag_256,x__autocorrelation__lag_4096,x__autocorrelation__lag_512,x__autocorrelation__lag_8192
A,-0.38722883759071586,-0.4042055683907021,-0.4197876615283827,-0.3958251413835061,-0.4318061916497449,-0.4143369377255946,-0.37395520660549225,-0.3835171546284208
