id,x__autocorrelation__lag_1024,x__autocorrelation__lag_128,x__autocorrelation__lag_16384,x__autocorrelation__lag_2048,x__autocorrelation__lag_256,x__autocorrelation__lag_4096,x__autocorrelation__lag_512,x__autocorrelation__lag_8192
A,-0.23308864372544932,-0.3457343681151266,-0.2839330790110803,-0.2738047804959512,-0.3064103555644397,-0.27253377786446414,-0.2733229931743724,-0.2642888554346367
