id,x__autocorrelation__lag_1024,x__autocorrelation__lag_128,x__autocorrelation__lag_16384,x__autocorrelation__lag_2048,x__autocorrelation__lag_256,x__autocorrelation__lag_4096,x__autocorrelation__lag_512,x__autocorrelation__lag_8192
A,-0.0002799581357096549,-0.23066199533877477,0.02168932019371723,-0.015213408966585386,-0.023969867465972756,0.017406338987737847,-0.03313065186506125,0.011903237131840818
