id,x__autocorrelation__lag_1024,x__autocorrelation__lag_128,x__autocorrelation__lag_16384,x__autocorrelation__lag_2048,x__autocorrelation__lag_256,x__autocorrelation__lag_4096,x__autocorrelation__lag_512,x__autocorrelation__lag_8192
A,-0.21712220533460128,-0.41489387400154704,-0.24908273631048872,-0.24324377508679745,-0.28702596636538347,-0.24301889064761195,-0.27507377714595294,-0.23503322052286757
