id,x__autocorrelation__lag_1024,x__autocorrelation__lag_128,x__autocorrelation__lag_16384,x__autocorrelation__lag_2048,x__autocorrelation__lag_256,x__autocorrelation__lag_4096,x__autocorrelation__lag_512,x__autocorrelation__lag_8192
A,-0.2437634376693029,-0.38457188337821036,-0.2695264943913347,-0.270648277066447,-0.33887580450637217,-0.2678859298071782,-0.33748714411175007,-0.2670077765318958
