id,x__autocorrelation__lag_1024,x__autocorrelation__lag_128,x__autocorrelation__lag_16384,x__autocorrelation__lag_2048,x__autocorrelation__lag_256,x__autocorrelation__lag_4096,x__autocorrelation__lag_512,x__autocorrelation__lag_8192
A,-0.20029976923605722,-0.35874232814415946,-0.24665041909704324,-0.23696136152335945,-0.28122091987452325,-0.23654543832915698,-0.2607979354384879,-0.2293329697049665
