id,x__autocorrelation__lag_1024,x__autocorrelation__lag_128,x__autocorrelation__lag_16384,x__autocorrelation__lag_2048,x__autocorrelation__lag_256,x__autocorrelation__lag_4096,x__autocorrelation__lag_512,x__autocorrelation__lag_8192
A,-0.23374791408309162,-0.4144190663515861,-0.2528011269118204,-0.2480608480682465,-0.3023987545656533,-0.2477377172594525,-0.28649300935060473,-0.24107634415356985
