id,x__autocorrelation__lag_1024,x__autocorrelation__lag_128,x__autocorrelation__lag_16384,x__autocorrelation__lag_2048,x__autocorrelation__lag_256,x__autocorrelation__lag_4096,x__autocorrelation__lag_512,x__autocorrelation__lag_8192
A,-0.23705989826782778,-0.374037362779232,-0.27816106738548735,-0.26864770092822327,-0.30197041090292853,-0.26795244400789964,-0.2773484942621548,-0.25864310847720473
