id,x__autocorrelation__lag_1024,x__autocorrelation__lag_128,x__autocorrelation__lag_16384,x__autocorrelation__lag_2048,x__autocorrelation__lag_256,x__autocorrelation__lag_4096,x__autocorrelation__lag_512,x__autocorrelation__lag_8192
A,0.7950852616483017,-0.8577654149922614,0.5854991093533872,0.7713660899714304,0.818795340729184,0.7609359254558936,0.8107675338401525,0.7175848806747614
