id,x__autocorrelation__lag_1024,x__autocorrelation__lag_128,x__autocorrelation__lag_16384,x__autocorrelation__lag_2048,x__autocorrelation__lag_256,x__autocorrelation__lag_4096,x__autocorrelation__lag_512,x__autocorrelation__lag_8192
A,-0.22921744262007543,-0.34039434745936054,-0.2704777253289621,-0.2548331253526699,-0.3113258975817151,-0.2563064320359611,-0.2677001464477923,-0.2443906596243283
