id,x__autocorrelation__lag_1024,x__autocorrelation__lag_128,x__autocorrelation__lag_16384,x__autocorrelation__lag_2048,x__autocorrelation__lag_256,x__autocorrelation__lag_4096,x__autocorrelation__lag_512,x__autocorrelation__lag_8192
A,-0.23380771772565104,-0.35676921341464024,-0.2875733836666272,-0.27573348751691273,-0.3043820787801437,-0.27701713104428166,-0.2711423431852316,-0.2656195558517639
