id,x__autocorrelation__lag_1024,x__autocorrelation__lag_128,x__autocorrelation__lag_16384,x__autocorrelation__lag_2048,x__autocorrelation__lag_256,x__autocorrelation__lag_4096,x__autocorrelation__lag_512,x__autocorrelation__lag_8192
A,-0.20914554530617213,-0.3594692189644306,-0.26257369133671055,-0.24822997075720493,-0.2829812808828863,-0.2496558843853205,-0.2524678287001756,-0.23729187569446866
