id,x__autocorrelation__lag_1024,x__autocorrelation__lag_128,x__autocorrelation__lag_16384,x__autocorrelation__lag_2048,x__autocorrelation__lag_256,x__autocorrelation__lag_4096,x__autocorrelation__lag_512,x__autocorrelation__lag_8192
A,-0.2250885953134686,-0.33703239251065487,-0.27639370540486397,-0.26133675811858736,-0.3048684939870931,-0.2641600531405653,-0.2684997876298483,-0.2532413525785474
