id,x__autocorrelation__lag_1024,x__autocorrelation__lag_128,x__autocorrelation__lag_16384,x__autocorrelation__lag_2048,x__autocorrelation__lag_256,x__autocorrelation__lag_4096,x__autocorrelation__lag_512,x__autocorrelation__lag_8192
A,-0.06566535656479722,-0.2565453264972284,-0.017816163310695715,-0.05875006914885467,-0.08400635534876669,-0.0150310827625423,-0.11758593010397834,-0.027423940188740892
