id,x__autocorrelation__lag_1024,x__autocorrelation__lag_128,x__autocorrelation__lag_16384,x__autocorrelation__lag_2048,x__autocorrelation__lag_256,x__autocorrelation__lag_4096,x__autocorrelation__lag_512,x__autocorrelation__lag_8192
A,-0.38644615211321665,0.36820771503745103,-0.3838206631962054,-0.3582428539815411,-0.4020538711977589,-0.37349067051926693,-0.3925620242195895,-0.368406792307878
