id,x__autocorrelation__lag_1024,x__autocorrelation__lag_128,x__autocorrelation__lag_16384,x__autocorrelation__lag_2048,x__autocorrelation__lag_256,x__autocorrelation__lag_4096,x__autocorrelation__lag_512,x__autocorrelation__lag_8192
A,0.022234051034249427,-0.2591273227433539,0.04046589285643167,-0.001870535115383048,-0.008319368914207296,0.04272890075359907,-0.0299165790862382,0.024801868366762986
