id,x__autocorrelation__lag_1024,x__autocorrelation__lag_128,x__autocorrelation__lag_16384,x__autocorrelation__lag_2048,x__autocorrelation__lag_256,x__autocorrelation__lag_4096,x__autocorrelation__lag_512,x__autocorrelation__lag_8192
A,-0.23902151511797498,-0.3477987675057515,-0.2877065521648533,-0.2805452903984619,-0.31205446736409115,-0.2791372814346142,-0.28916377737547644,-0.27130227187944866
