id,x__autocorrelation__lag_1024,x__autocorrelation__lag_128,x__autocorrelation__lag_16384,x__autocorrelation__lag_2048,x__autocorrelation__lag_256,x__autocorrelation__lag_4096,x__autocorrelation__lag_512,x__autocorrelation__lag_8192
A,0.02045585684972569,-0.14696051582770625,0.01941260439901082,0.0073105318978624895,0.044778887179874896,-0.007750273821248157,0.06909869502364566,0.07160116357091374
