id,x__autocorrelation__lag_1024,x__autocorrelation__lag_128,x__autocorrelation__lag_16384,x__autocorrelation__lag_2048,x__autocorrelation__lag_256,x__autocorrelation__lag_4096,x__autocorrelation__lag_512,x__autocorrelation__lag_8192
A,0.004151611122811496,-0.22456867233921324,0.02866789613007141,-0.009479991239714542,-0.02221083429035742,0.022984848480879755,-0.021007364889527213,0.018469099912876447
