id,x__autocorrelation__lag_1024,x__autocorrelation__lag_128,x__autocorrelation__lag_16384,x__autocorrelation__lag_2048,x__autocorrelation__lag_256,x__autocorrelation__lag_4096,x__autocorrelation__lag_512,x__autocorrelation__lag_8192
A,-0.004864816967181031,-0.14603056130711572,-0.022140077655963892,-0.0392745078849467,0.04419398074081105,0.02405592353016812,-0.060029059743951216,-0.013215446581002082
