id,x__autocorrelation__lag_1024,x__autocorrelation__lag_128,x__autocorrelation__lag_16384,x__autocorrelation__lag_2048,x__autocorrelation__lag_256,x__autocorrelation__lag_4096,x__autocorrelation__lag_512,x__autocorrelation__lag_8192
A,-0.22714255450019116,-0.3238013054767139,-0.27786711335782743,-0.26191053309590934,-0.3187113415687079,-0.26568882616101513,-0.269213133684974,-0.25305506101446706
