id,x__autocorrelation__lag_1024,x__autocorrelation__lag_128,x__autocorrelation__lag_16384,x__autocorrelation__lag_2048,x__autocorrelation__lag_256,x__autocorrelation__lag_4096,x__autocorrelation__lag_512,x__autocorrelation__lag_8192
A,-0.24895606024321867,-0.381483755433336,-0.2762626689552012,-0.2695768310037465,-0.3211017388916322,-0.26914757371675024,-0.2928500299743642,-0.2606724472882042
