id,x__autocorrelation__lag_1024,x__autocorrelation__lag_128,x__autocorrelation__lag_16384,x__autocorrelation__lag_2048,x__autocorrelation__lag_256,x__autocorrelation__lag_4096,x__autocorrelation__lag_512,x__autocorrelation__lag_8192
A,0.04613465066122492,-0.14241545005355208,0.015867123887872054,0.01157338991215767,0.01389026676057334,0.05306375592735564,0.030258158792558654,0.058206083929930305
