id,x__autocorrelation__lag_1024,x__autocorrelation__lag_128,x__autocorrelation__lag_16384,x__autocorrelation__lag_2048,x__autocorrelation__lag_256,x__autocorrelation__lag_4096,x__autocorrelation__lag_512,x__autocorrelation__lag_8192
A,-0.22171317345581035,-0.33129927374684826,-0.2780062392519044,-0.2666733298961047,-0.300143577764787,-0.2663352248074037,-0.26659676298695273,-0.2571991067020394
