id,x__autocorrelation__lag_1024,x__autocorrelation__lag_128,x__autocorrelation__lag_16384,x__autocorrelation__lag_2048,x__autocorrelation__lag_256,x__autocorrelation__lag_4096,x__autocorrelation__lag_512,x__autocorrelation__lag_8192
A,-0.12414574745685902,-0.3745036163084021,-0.1716058924346952,-0.17252088013521302,-0.1885024820305281,-0.20509008022385924,-0.22337815218722315,-0.16170058068016682
