id,x__autocorrelation__lag_1024,x__autocorrelation__lag_128,x__autocorrelation__lag_16384,x__autocorrelation__lag_2048,x__autocorrelation__lag_256,x__autocorrelation__lag_4096,x__autocorrelation__lag_512,x__autocorrelation__lag_8192
A,-0.22840699651753588,-0.4025000460502668,-0.2677110649946683,-0.25319723099012026,-0.2897930490864788,-0.2562880399147957,-0.25651873012473403,-0.2436478003042977
