id,x__autocorrelation__lag_1024,x__autocorrelation__lag_128,x__autocorrelation__lag_16384,x__autocorrelation__lag_2048,x__autocorrelation__lag_256,x__autocorrelation__lag_4096,x__autocorrelation__lag_512,x__autocorrelation__lag_8192
A,0.012209685583968653,-0.15583034191309192,0.015571616933609336,-0.003681486419038905,0.05620243988183032,0.0006458136353648698,0.05094620461955627,0.060688054296112084
