id,x__autocorrelation__lag_1024,x__autocorrelation__lag_128,x__autocorrelation__lag_16384,x__autocorrelation__lag_2048,x__autocorrelation__lag_256,x__autocorrelation__lag_4096,x__autocorrelation__lag_512,x__autocorrelation__lag_8192
A,-0.23972053274200616,-0.32755575023418504,-0.28460211077047853,-0.2749431928751749,-0.31573275945410845,-0.27502958117633314,-0.2907851763483817,-0.26778938936132407
