id,x__autocorrelation__lag_1024,x__autocorrelation__lag_128,x__autocorrelation__lag_16384,x__autocorrelation__lag_2048,x__autocorrelation__lag_256,x__autocorrelation__lag_4096,x__autocorrelation__lag_512,x__autocorrelation__lag_8192
A,-0.2251613182609718,-0.33661348886887665,-0.2569328015662199,-0.24410935012583163,-0.30291557684372983,-0.24537006161966018,-0.25980673837445517,-0.23541037231897444
