id,x__autocorrelation__lag_1024,x__autocorrelation__lag_128,x__autocorrelation__lag_16384,x__autocorrelation__lag_2048,x__autocorrelation__lag_256,x__autocorrelation__lag_4096,x__autocorrelation__lag_512,x__autocorrelation__lag_8192
A,-0.02809732305157717,-0.29720062972835937,-0.048752580529211886,-0.11271411535548476,-0.12902772340833554,-0.1710733238094486,-0.20556437224438623,-0.05360967010400363
