id,x__autocorrelation__lag_1024,x__autocorrelation__lag_128,x__autocorrelation__lag_16384,x__autocorrelation__lag_2048,x__autocorrelation__lag_256,x__autocorrelation__lag_4096,x__autocorrelation__lag_512,x__autocorrelation__lag_8192
A,-0.2557720940718822,-0.3429430835229102,-0.3027816950487521,-0.2899417083459958,-0.32943247092202316,-0.2910458085834532,-0.2969025204602827,-0.2812575779400624
