id,x__autocorrelation__lag_1024,x__autocorrelation__lag_128,x__autocorrelation__lag_16384,x__autocorrelation__lag_2048,x__autocorrelation__lag_256,x__autocorrelation__lag_4096,x__autocorrelation__lag_512,x__autocorrelation__lag_8192
A,-0.222777094954266,-0.34022400576655254,-0.2633295533239256,-0.24863518215613148,-0.3016088818282604,-0.25051746258508684,-0.2580592639720489,-0.23880629730934622
