id,x__autocorrelation__lag_1024,x__autocorrelation__lag_128,x__autocorrelation__lag_16384,x__autocorrelation__lag_2048,x__autocorrelation__lag_256,x__autocorrelation__lag_4096,x__autocorrelation__lag_512,x__autocorrelation__lag_8192
A,-0.24305544991778935,-0.33393752043880714,-0.29224638704698114,-0.27743894518718987,-0.3272929899896308,-0.2807630684618191,-0.2896929553480646,-0.26763227420244473
