id,x__autocorrelation__lag_1024,x__autocorrelation__lag_128,x__autocorrelation__lag_16384,x__autocorrelation__lag_2048,x__autocorrelation__lag_256,x__autocorrelation__lag_4096,x__autocorrelation__lag_512,x__autocorrelation__lag_8192
A,-0.24784700355399814,-0.40980175172286143,-0.28064512115408863,-0.26687206319048945,-0.3105956552038203,-0.2686585984281788,-0.27004102082513665,-0.2562883165195249
