id,x__autocorrelation__lag_1024,x__autocorrelation__lag_128,x__autocorrelation__lag_16384,x__autocorrelation__lag_2048,x__autocorrelation__lag_256,x__autocorrelation__lag_4096,x__autocorrelation__lag_512,x__autocorrelation__lag_8192
A,0.06325797534154103,-0.1722905968601657,0.01933128372154831,0.03700618001702292,0.028175759720185333,0.05092071478089801,0.04106795858020715,0.07761339147953303
