id,x__autocorrelation__lag_1024,x__autocorrelation__lag_128,x__autocorrelation__lag_16384,x__autocorrelation__lag_2048,x__autocorrelation__lag_256,x__autocorrelation__lag_4096,x__autocorrelation__lag_512,x__autocorrelation__lag_8192
A,-0.21908642024189803,-0.4187199471391195,-0.2426085037101251,-0.23591599663531757,-0.290177831367189,-0.23604745901422436,-0.27659771796597465,-0.22808287070452485
