id,x__autocorrelation__lag_1024,x__autocorrelation__lag_128,x__autocorrelation__lag_16384,x__autocorrelation__lag_2048,x__autocorrelation__lag_256,x__autocorrelation__lag_4096,x__autocorrelation__lag_512,x__autocorrelation__lag_8192
A,-0.294255716377693,-0.3307047705452798,-0.2867782834744598,-0.273785733774868,-0.34214914353611564,-0.287301619276402,-0.3235190029422121,-0.27165219709173555
