id,x__autocorrelation__lag_1024,x__autocorrelation__lag_128,x__autocorrelation__lag_16384,x__autocorrelation__lag_2048,x__autocorrelation__lag_256,x__autocorrelation__lag_4096,x__autocorrelation__lag_512,x__autocorrelation__lag_8192
A,-0.035066326660067204,-0.18506794973712282,-0.04727663785850758,-0.0510695616138322,-0.032564608333781046,0.022558534835507675,-0.04755260722008863,-0.040049579928652365
