id,x__autocorrelation__lag_1024,x__autocorrelation__lag_128,x__autocorrelation__lag_16384,x__autocorrelation__lag_2048,x__autocorrelation__lag_256,x__autocorrelation__lag_4096,x__autocorrelation__lag_512,x__autocorrelation__lag_8192
A,-0.02463052155745341,-0.1826443280254021,-0.008748822585038393,-0.0012038055331691226,0.028661933652715747,0.04078265298905147,-0.02446312135813767,-0.023144566379860572
