id,x__autocorrelation__lag_1024,x__autocorrelation__lag_128,x__autocorrelation__lag_16384,x__autocorrelation__lag_2048,x__autocorrelation__lag_256,x__autocorrelation__lag_4096,x__autocorrelation__lag_512,x__autocorrelation__lag_8192
A,-0.22412088306625538,-0.33865025575913377,-0.274773637006023,-0.26183033618123985,-0.3011734485687555,-0.26307158061628827,-0.26865696283540513,-0.25255608984428585
