id,x__autocorrelation__lag_1024,x__autocorrelation__lag_128,x__autocorrelation__lag_16384,x__autocorrelation__lag_2048,x__autocorrelation__lag_256,x__autocorrelation__lag_4096,x__autocorrelation__lag_512,x__autocorrelation__lag_8192
A,-0.39798713276106107,-0.27909317156295904,-0.42216726354258305,-0.39071618401523084,-0.434317883998132,-0.41662157972829217,-0.3630134785235274,-0.39257999757514495
