id,x__autocorrelation__lag_1024,x__autocorrelation__lag_128,x__autocorrelation__lag_16384,x__autocorrelation__lag_2048,x__autocorrelation__lag_256,x__autocorrelation__lag_4096,x__autocorrelation__lag_512,x__autocorrelation__lag_8192
A,-0.012211460928803543,-0.27153694824673835,0.01688099642352362,-0.008835789487572961,-0.03576513421965842,0.023345406989799606,-0.060200646059924236,0.01056062282180795
