id,x__autocorrelation__lag_1024,x__autocorrelation__lag_128,x__autocorrelation__lag_16384,x__autocorrelation__lag_2048,x__autocorrelation__lag_256,x__autocorrelation__lag_4096,x__autocorrelation__lag_512,x__autocorrelation__lag_8192
A,-0.22726039183055044,-0.3490473818374637,-0.2609689270582461,-0.24410362967141258,-0.30686575823894363,-0.247381318828426,-0.26374973110750904,-0.23584010939860842
