id,x__autocorrelation__lag_1024,x__autocorrelation__lag_128,x__autocorrelation__lag_16384,x__autocorrelation__lag_2048,x__autocorrelation__lag_256,x__autocorrelation__lag_4096,x__autocorrelation__lag_512,x__autocorrelation__lag_8192
A,-0.35111566482669554,-0.4323752119723269,-0.37926350971709966,-0.3779999940633536,-0.39216327122621514,-0.3879886601022968,-0.39274997533665545,-0.37512091221362637
