id,x__autocorrelation__lag_1024,x__autocorrelation__lag_128,x__autocorrelation__lag_16384,x__autocorrelation__lag_2048,x__autocorrelation__lag_256,x__autocorrelation__lag_4096,x__autocorrelation__lag_512,x__autocorrelation__lag_8192
A,-0.2629510166059285,0.1323848745591371,-0.26460111980352774,-0.2463302872859772,-0.2552075668773134,-0.2568673049248197,-0.2652324757715774,-0.2470338497318411
