id,x__autocorrelation__lag_1024,x__autocorrelation__lag_128,x__autocorrelation__lag_16384,x__autocorrelation__lag_2048,x__autocorrelation__lag_256,x__autocorrelation__lag_4096,x__autocorrelation__lag_512,x__autocorrelation__lag_8192
A,-0.22804084613061218,-0.334364491202088,-0.2806897587794778,-0.26525022767468187,-0.31327138860872494,-0.26831603797163406,-0.26660126825137537,-0.25781416040155325
