id,x__autocorrelation__lag_1024,x__autocorrelation__lag_128,x__autocorrelation__lag_16384,x__autocorrelation__lag_2048,x__autocorrelation__lag_256,x__autocorrelation__lag_4096,x__autocorrelation__lag_512,x__autocorrelation__lag_8192
A,-0.23262186789448266,-0.334939180570023,-0.2827483745694017,-0.27115925566698074,-0.3047566848193306,-0.27235131054904266,-0.27662487239932,-0.26488168743493584
