id,x__autocorrelation__lag_1024,x__autocorrelation__lag_128,x__autocorrelation__lag_16384,x__autocorrelation__lag_2048,x__autocorrelation__lag_256,x__autocorrelation__lag_4096,x__autocorrelation__lag_512,x__autocorrelation__lag_8192
A,-0.21266081270687678,-0.3721251527276106,-0.24854804727524094,-0.2362355834557584,-0.28334475502357925,-0.23724848923100533,-0.2651139815352277,-0.22932962339662483
