id,x__autocorrelation__lag_1024,x__autocorrelation__lag_128,x__autocorrelation__lag_16384,x__autocorrelation__lag_2048,x__autocorrelation__lag_256,x__autocorrelation__lag_4096,x__autocorrelation__lag_512,x__autocorrelation__lag_8192
A,-0.38318671023265827,0.3356165287039267,-0.37524769006285463,-0.3506329699382127,-0.3973581169895661,-0.36711402360535755,-0.39284074427753995,-0.3597955779294795
