id,x__autocorrelation__lag_1024,x__autocorrelation__lag_128,x__autocorrelation__lag_16384,x__autocorrelation__lag_2048,x__autocorrelation__lag_256,x__autocorrelation__lag_4096,x__autocorrelation__lag_512,x__autocorrelation__lag_8192
A,-0.28305553558114727,-0.3773105716661438,-0.29711868878571523,-0.297046494491463,-0.3674145885065113,-0.29433924274115664,-0.3650624866101271,-0.29194438030723224
