id,x__autocorrelation__lag_1024,x__autocorrelation__lag_128,x__autocorrelation__lag_16384,x__autocorrelation__lag_2048,x__autocorrelation__lag_256,x__autocorrelation__lag_4096,x__autocorrelation__lag_512,x__autocorrelation__lag_8192
A,-0.26075974874822716,-0.3978958911149754,-0.2798568144603044,-0.2760548070959942,-0.35054970922021145,-0.27544387117957514,-0.3366049637461881,-0.26883700625623286
