id,x__autocorrelation__lag_1024,x__autocorrelation__lag_128,x__autocorrelation__lag_16384,x__autocorrelation__lag_2048,x__autocorrelation__lag_256,x__autocorrelation__lag_4096,x__autocorrelation__lag_512,x__autocorrelation__lag_8192
A,-0.2752148468662603,-0.2965402679616479,-0.30160224150172854,-0.2755085726377589,-0.3418600938451051,-0.2904856223426254,-0.30293999963423784,-0.2584919904376181
