id,x__autocorrelation__lag_1024,x__autocorrelation__lag_128,x__autocorrelation__lag_16384,x__autocorrelation__lag_2048,x__autocorrelation__lag_256,x__autocorrelation__lag_4096,x__autocorrelation__lag_512,x__autocorrelation__lag_8192
A,-0.2563964176820682,-0.28173774756338704,-0.26173311793518356,-0.2544808604377478,-0.31634277737103533,-0.2657950803325239,-0.30622008461634453,-0.2507889171747455
