id,x__autocorrelation__lag_1024,x__autocorrelation__lag_128,x__autocorrelation__lag_16384,x__autocorrelation__lag_2048,x__autocorrelation__lag_256,x__autocorrelation__lag_4096,x__autocorrelation__lag_512,x__autocorrelation__lag_8192
A,-0.2253267946784704,-0.39574598804174943,-0.25465750971240864,-0.2452264713651462,-0.29470013964586866,-0.24441763274335562,-0.2544826600326022,-0.23634513387735376
