id,x__autocorrelation__lag_1024,x__autocorrelation__lag_128,x__autocorrelation__lag_16384,x__autocorrelation__lag_2048,x__autocorrelation__lag_256,x__autocorrelation__lag_4096,x__autocorrelation__lag_512,x__autocorrelation__lag_8192
A,-0.23501428438166425,-0.29266740132188335,-0.2742718599046989,-0.2769954338355847,-0.3177632025287809,-0.2856171403908431,-0.30784428925818025,-0.2651472087758604
