id,x__autocorrelation__lag_1024,x__autocorrelation__lag_128,x__autocorrelation__lag_16384,x__autocorrelation__lag_2048,x__autocorrelation__lag_256,x__autocorrelation__lag_4096,x__autocorrelation__lag_512,x__autocorrelation__lag_8192
A,-0.21773428502492603,-0.3522560660449422,-0.2651022288101869,-0.2493678165402513,-0.29626656957255043,-0.2517791360189607,-0.2546786458826893,-0.23825126163307433
