id,x__autocorrelation__lag_1024,x__autocorrelation__lag_128,x__autocorrelation__lag_16384,x__autocorrelation__lag_2048,x__autocorrelation__lag_256,x__autocorrelation__lag_4096,x__autocorrelation__lag_512,x__autocorrelation__lag_8192
A,-0.26857614365416477,-0.2925401918015024,-0.29651119879943866,-0.27491099278087733,-0.3404859683081033,-0.2924688060486532,-0.3071924974441178,-0.25947453996603714
