id,x__autocorrelation__lag_1024,x__autocorrelation__lag_128,x__autocorrelation__lag_16384,x__autocorrelation__lag_2048,x__autocorrelation__lag_256,x__autocorrelation__lag_4096,x__autocorrelation__lag_512,x__autocorrelation__lag_8192
A,-0.03536371058540523,-0.11338621835792807,-0.04910803888006067,-0.07490589438320264,-0.092814061191336,-0.012037625078333917,-0.026473783728250617,-0.03678361295993054
