id,x__autocorrelation__lag_1024,x__autocorrelation__lag_128,x__autocorrelation__lag_16384,x__autocorrelation__lag_2048,x__autocorrelation__lag_256,x__autocorrelation__lag_4096,x__autocorrelation__lag_512,x__autocorrelation__lag_8192
A,-0.04701406925444804,-0.17836326814113038,-0.033497119414523754,-0.05617421422466142,-0.029552824968451446,0.008917942978324352,-0.01149138328618348,-0.05101315563971721
