id,x__autocorrelation__lag_1024,x__autocorrelation__lag_128,x__autocorrelation__lag_16384,x__autocorrelation__lag_2048,x__autocorrelation__lag_256,x__autocorrelation__lag_4096,x__autocorrelation__lag_512,x__autocorrelation__lag_8192
A,-0.24193005080248894,-0.40975095629679337,-0.26314405443353156,-0.2621464179197545,-0.32616461142653524,-0.2595516594962659,-0.31183074245952513,-0.2551050881506764
