id,x__autocorrelation__lag_1024,x__autocorrelation__lag_128,x__autocorrelation__lag_16384,x__autocorrelation__lag_2048,x__autocorrelation__lag_256,x__autocorrelation__lag_4096,x__autocorrelation__lag_512,x__autocorrelation__lag_8192
A,0.04814847478358517,-0.22596120428749933,0.07416009749692783,0.05668120127330009,0.03691938102405846,0.07672799995984139,0.03931467842869232,0.06462275192762762
