id,x__autocorrelation__lag_1024,x__autocorrelation__lag_128,x__autocorrelation__lag_16384,x__autocorrelation__lag_2048,x__autocorrelation__lag_256,x__autocorrelation__lag_4096,x__autocorrelation__lag_512,x__autocorrelation__lag_8192
A,-0.21318481089776387,-0.35016542981749393,-0.2651468914068587,-0.2556477679705986,-0.28555734109681746,-0.25612870790858683,-0.2577846982534032,-0.2466315945930188
