id,x__autocorrelation__lag_1024,x__autocorrelation__lag_128,x__autocorrelation__lag_16384,x__autocorrelation__lag_2048,x__autocorrelation__lag_256,x__autocorrelation__lag_4096,x__autocorrelation__lag_512,x__autocorrelation__lag_8192
A,-0.2541625939253774,-0.3147515493917511,-0.29654170269935687,-0.2884191861693111,-0.32635231579480917,-0.2892689610480929,-0.30752469078275874,-0.28146525013078155
