id,x__autocorrelation__lag_1024,x__autocorrelation__lag_128,x__autocorrelation__lag_16384,x__autocorrelation__lag_2048,x__autocorrelation__lag_256,x__autocorrelation__lag_4096,x__autocorrelation__lag_512,x__autocorrelation__lag_8192
A,-0.3002416703065798,-0.383085280972936,-0.3099424457360012,-0.30986206553143913,-0.37284661409758957,-0.3076147180694227,-0.3732750257823929,-0.30688608418320196
