id,x__autocorrelation__lag_1024,x__autocorrelation__lag_128,x__autocorrelation__lag_16384,x__autocorrelation__lag_2048,x__autocorrelation__lag_256,x__autocorrelation__lag_4096,x__autocorrelation__lag_512,x__autocorrelation__lag_8192
A,-0.295654699706124,-0.32528980955379033,-0.2813860819364149,-0.267690347277693,-0.34663502504917343,-0.2785979942393189,-0.3188711909907892,-0.26317972229206404
