id,x__autocorrelation__lag_1024,x__autocorrelation__lag_128,x__autocorrelation__lag_16384,x__autocorrelation__lag_2048,x__autocorrelation__lag_256,x__autocorrelation__lag_4096,x__autocorrelation__lag_512,x__autocorrelation__lag_8192
A,-0.025973961826063114,-0.06101730886660068,-0.021096898958068003,-0.06341744058298689,-0.05833010786255391,0.01801167051445552,-0.0346910058685687,-0.056151964750162243
