id,x__autocorrelation__lag_1024,x__autocorrelation__lag_128,x__autocorrelation__lag_16384,x__autocorrelation__lag_2048,x__autocorrelation__lag_256,x__autocorrelation__lag_4096,x__autocorrelation__lag_512,x__autocorrelation__lag_8192
A,-0.2287200175634849,-0.337865450898371,-0.27498870828519434,-0.26408590796838477,-0.30043894844097574,-0.2642647727009128,-0.2696389551440824,-0.2563814388425317
