id,x__autocorrelation__lag_1024,x__autocorrelation__lag_128,x__autocorrelation__lag_16384,x__autocorrelation__lag_2048,x__autocorrelation__lag_256,x__autocorrelation__lag_4096,x__autocorrelation__lag_512,x__autocorrelation__lag_8192
A,0.7568862844373406,-0.8415465296197835,0.029025137790195915,0.7157879673706441,0.8122388655798469,0.6499103676150768,0.7948678140089276,0.4273141912060162
