id,x__autocorrelation__lag_1024,x__autocorrelation__lag_128,x__autocorrelation__lag_16384,x__autocorrelation__lag_2048,x__autocorrelation__lag_256,x__autocorrelation__lag_4096,x__autocorrelation__lag_512,x__autocorrelation__lag_8192
A,-0.2528906745543369,-0.30145321187978696,-0.28673131897504434,-0.2817570374141988,-0.32573598877567883,-0.291843863857123,-0.31106122396770186,-0.2669273800771823
