id,x__autocorrelation__lag_1024,x__autocorrelation__lag_128,x__autocorrelation__lag_16384,x__autocorrelation__lag_2048,x__autocorrelation__lag_256,x__autocorrelation__lag_4096,x__autocorrelation__lag_512,x__autocorrelation__lag_8192
A,-0.21976528782734342,-0.3226240170571231,-0.2714607686130147,-0.25484773918793924,-0.3084567731036401,-0.25867214053287596,-0.2651277841500524,-0.24459336662630624
