id,x__autocorrelation__lag_1024,x__autocorrelation__lag_128,x__autocorrelation__lag_16384,x__autocorrelation__lag_2048,x__autocorrelation__lag_256,x__autocorrelation__lag_4096,x__autocorrelation__lag_512,x__autocorrelation__lag_8192
A,-0.22140738490915554,-0.3414112664970152,-0.2772013920824978,-0.26199513715206,-0.30285532913586855,-0.2647670084454412,-0.25431627104956506,-0.25256995532148485
