id,x__autocorrelation__lag_1024,x__autocorrelation__lag_128,x__autocorrelation__lag_16384,x__autocorrelation__lag_2048,x__autocorrelation__lag_256,x__autocorrelation__lag_4096,x__autocorrelation__lag_512,x__autocorrelation__lag_8192
A,0.016256780599856926,-0.14985090189666664,0.07496096516112682,0.05622809662012317,0.07280607951456765,0.033764051112528365,0.06516184042951045,0.07387680550523917
