id,x__autocorrelation__lag_1024,x__autocorrelation__lag_128,x__autocorrelation__lag_16384,x__autocorrelation__lag_2048,x__autocorrelation__lag_256,x__autocorrelation__lag_4096,x__autocorrelation__lag_512,x__autocorrelation__lag_8192
A,-0.24483510446012252,-0.34329045302642713,-0.2778787983882149,-0.26315042326802607,-0.3253723904071592,-0.26534520748115453,-0.2825549428233149,-0.2543644456097334
