id,x__autocorrelation__lag_1024,x__autocorrelation__lag_128,x__autocorrelation__lag_16384,x__autocorrelation__lag_2048,x__autocorrelation__lag_256,x__autocorrelation__lag_4096,x__autocorrelation__lag_512,x__autocorrelation__lag_8192
A,-0.21039020827248256,-0.363124878533823,-0.2615356531932503,-0.248195538525082,-0.2859640788532901,-0.24929363727091214,-0.24719364917892017,-0.23671497419978393
