id,x__autocorrelation__lag_1024,x__autocorrelation__lag_128,x__autocorrelation__lag_16384,x__autocorrelation__lag_2048,x__autocorrelation__lag_256,x__autocorrelation__lag_4096,x__autocorrelation__lag_512,x__autocorrelation__lag_8192
A,-0.213399332382096,-0.32761524226419,-0.2617907548597068,-0.24506169610609174,-0.3044609552310602,-0.24889592514538567,-0.2584164049006241,-0.23406188780353598
