id,x__autocorrelation__lag_1024,x__autocorrelation__lag_128,x__autocorrelation__lag_16384,x__autocorrelation__lag_2048,x__autocorrelation__lag_256,x__autocorrelation__lag_4096,x__autocorrelation__lag_512,x__autocorrelation__lag_8192
A,-0.23641648730989215,-0.3207481121066115,-0.28156305136036386,-0.2737393164407907,-0.3104344109789463,-0.2762178034405184,-0.2930024904897728,-0.26801659574048214
