id,x__autocorrelation__lag_1024,x__autocorrelation__lag_128,x__autocorrelation__lag_16384,x__autocorrelation__lag_2048,x__autocorrelation__lag_256,x__autocorrelation__lag_4096,x__autocorrelation__lag_512,x__autocorrelation__lag_8192
A,-0.1383657811293747,-0.29989042712539105,-0.10474938815546851,-0.14362285124881796,-0.1920357668528937,-0.1086242509471176,-0.260754665800157,-0.10748201422172812
