id,x__autocorrelation__lag_1024,x__autocorrelation__lag_128,x__autocorrelation__lag_16384,x__autocorrelation__lag_2048,x__autocorrelation__lag_256,x__autocorrelation__lag_4096,x__autocorrelation__lag_512,x__autocorrelation__lag_8192
A,-0.36718736421352244,-0.342957000632167,-0.35947559569740356,-0.3662442655213009,-0.38710915053205275,-0.35876679832088976,-0.3907084527318698,-0.3564968793142553
