id,x__autocorrelation__lag_1024,x__autocorrelation__lag_128,x__autocorrelation__lag_16384,x__autocorrelation__lag_2048,x__autocorrelation__lag_256,x__autocorrelation__lag_4096,x__autocorrelation__lag_512,x__autocorrelation__lag_8192
A,-0.11585743050044411,-0.2935351719448879,-0.12036442904690264,-0.12347181826928459,-0.1730299771831882,-0.1206794335170172,-0.20351614967802176,-0.12449197768754136
