id,x__autocorrelation__lag_1024,x__autocorrelation__lag_128,x__autocorrelation__lag_16384,x__autocorrelation__lag_2048,x__autocorrelation__lag_256,x__autocorrelation__lag_4096,x__autocorrelation__lag_512,x__autocorrelation__lag_8192
A,0.5864270540829116,-0.688937412867908,0.574460811537804,0.5755640007475139,0.5934640881609214,0.5748918415569421,0.5860010028350979,0.5763480009140223
