id,x__autocorrelation__lag_1024,x__autocorrelation__lag_128,x__autocorrelation__lag_16384,x__autocorrelation__lag_2048,x__autocorrelation__lag_256,x__autocorrelation__lag_4096,x__autocorrelation__lag_512,x__autocorrelation__lag_8192
A,-0.31847589866618126,-0.361306176473302,-0.3181769649670472,-0.33537684138386176,-0.33596359098069906,-0.31877158609789324,-0.35699128244404216,-0.32136089881123964
