id,x__autocorrelation__lag_1024,x__autocorrelation__lag_128,x__autocorrelation__lag_16384,x__autocorrelation__lag_2048,x__autocorrelation__lag_256,x__autocorrelation__lag_4096,x__autocorrelation__lag_512,x__autocorrelation__lag_8192
A,0.2984913336227793,-0.5812342405507114,0.3038721942198135,0.3079762121191047,0.2919779915817263,0.311665758039433,0.295430861264866,0.3111856998820475
