id,x__autocorrelation__lag_1024,x__autocorrelation__lag_128,x__autocorrelation__lag_16384,x__autocorrelation__lag_2048,x__autocorrelation__lag_256,x__autocorrelation__lag_4096,x__autocorrelation__lag_512,x__autocorrelation__lag_8192
A,-0.17033875885266372,-0.1797281626955723,-0.17196685269889064,-0.1749340149724678,-0.22534199698307725,-0.17059712813127884,-0.26241569435550405,-0.1757366121178503
