id,x__autocorrelation__lag_1024,x__autocorrelation__lag_128,x__autocorrelation__lag_16384,x__autocorrelation__lag_2048,x__autocorrelation__lag_256,x__autocorrelation__lag_4096,x__autocorrelation__lag_512,x__autocorrelation__lag_8192
A,-0.11797398759374338,-0.2597554164642997,-0.1361782190257367,-0.13546301747112596,-0.16590677916579227,-0.13802230994020662,-0.24608548967949773,-0.13119421689561045
