id,x__autocorrelation__lag_1024,x__autocorrelation__lag_128,x__autocorrelation__lag_16384,x__autocorrelation__lag_2048,x__autocorrelation__lag_256,x__autocorrelation__lag_4096,x__autocorrelation__lag_512,x__autocorrelation__lag_8192
A,-0.15127221787436923,-0.2392281391447505,-0.1588341987008168,-0.15927133059963602,-0.21314836798265868,-0.1566842771922486,-0.24554586247736768,-0.1598672947866911
