id,x__autocorrelation__lag_1024,x__autocorrelation__lag_128,x__autocorrelation__lag_16384,x__autocorrelation__lag_2048,x__autocorrelation__lag_256,x__autocorrelation__lag_4096,x__autocorrelation__lag_512,x__autocorrelation__lag_8192
A,-0.08993820315125288,-0.30906817822834287,-0.08662797257737266,-0.09211261248493706,-0.13520244896459138,-0.08823129507636222,-0.15825449859097215,-0.09341863712951647
