id,x__autocorrelation__lag_1024,x__autocorrelation__lag_128,x__autocorrelation__lag_16384,x__autocorrelation__lag_2048,x__autocorrelation__lag_256,x__autocorrelation__lag_4096,x__autocorrelation__lag_512,x__autocorrelation__lag_8192
A,0.24328440964237336,-0.5863330704412585,0.2575612794870259,0.25877431337121376,0.23011981742704726,0.26162322625216855,0.23903920991870192,0.2613024701335649
