id,x__autocorrelation__lag_1024,x__autocorrelation__lag_128,x__autocorrelation__lag_16384,x__autocorrelation__lag_2048,x__autocorrelation__lag_256,x__autocorrelation__lag_4096,x__autocorrelation__lag_512,x__autocorrelation__lag_8192
A,-0.05407897460422048,-0.03900686509176565,-0.16618331110720444,-0.2202624055514351,-0.24961911396308337,-0.204911811591682,-0.3253625706743118,-0.23415786911414926
