id,x__autocorrelation__lag_1024,x__autocorrelation__lag_128,x__autocorrelation__lag_16384,x__autocorrelation__lag_2048,x__autocorrelation__lag_256,x__autocorrelation__lag_4096,x__autocorrelation__lag_512,x__autocorrelation__lag_8192
A,0.5980055692564786,-0.7402859968902255,0.5885240459173209,0.5927063068739076,0.6178099267195846,0.5920618107620278,0.6161885478017504,0.5939576135453165
