id,x__autocorrelation__lag_1024,x__autocorrelation__lag_128,x__autocorrelation__lag_16384,x__autocorrelation__lag_2048,x__autocorrelation__lag_256,x__autocorrelation__lag_4096,x__autocorrelation__lag_512,x__autocorrelation__lag_8192
A,0.5720952250927609,-0.6982450522856277,0.5604816418743881,0.5623725997705656,0.5826315721125325,0.5617520181817459,0.5857938571458583,0.5643461833099441
