id,x__autocorrelation__lag_1024,x__autocorrelation__lag_128,x__autocorrelation__lag_16384,x__autocorrelation__lag_2048,x__autocorrelation__lag_256,x__autocorrelation__lag_4096,x__autocorrelation__lag_512,x__autocorrelation__lag_8192
A,0.5405523591163608,-0.7188687224043163,0.5324435752740495,0.5328531284037874,0.557642532331251,0.5331703606052659,0.5604141322824391,0.5332401231697764
