id,x__autocorrelation__lag_1024,x__autocorrelation__lag_128,x__autocorrelation__lag_16384,x__autocorrelation__lag_2048,x__autocorrelation__lag_256,x__autocorrelation__lag_4096,x__autocorrelation__lag_512,x__autocorrelation__lag_8192
A,0.5986861987186199,-0.728495180331684,0.5861358614439863,0.5915422330842917,0.6101015002937811,0.5905604137878891,0.6097676307289029,0.5929567096056731
