id,x__autocorrelation__lag_1024,x__autocorrelation__lag_128,x__autocorrelation__lag_16384,x__autocorrelation__lag_2048,x__autocorrelation__lag_256,x__autocorrelation__lag_4096,x__autocorrelation__lag_512,x__autocorrelation__lag_8192
A,-0.22395904270572378,-0.04627782807025636,-0.21820543210540871,-0.23270364970630253,-0.2907615343998539,-0.22410776583116807,-0.325139882899189,-0.23623244397876603
