id,x__autocorrelation__lag_1024,x__autocorrelation__lag_128,x__autocorrelation__lag_16384,x__autocorrelation__lag_2048,x__autocorrelation__lag_256,x__autocorrelation__lag_4096,x__autocorrelation__lag_512,x__autocorrelation__lag_8192
A,0.5678989750545386,-0.672817293482885,0.5561499637680543,0.5574635094578806,0.5767172925198475,0.5568063675105539,0.5669153716369391,0.5581435158417227
