id,x__autocorrelation__lag_1024,x__autocorrelation__lag_128,x__autocorrelation__lag_16384,x__autocorrelation__lag_2048,x__autocorrelation__lag_256,x__autocorrelation__lag_4096,x__autocorrelation__lag_512,x__autocorrelation__lag_8192
A,-0.19601512727897993,-0.22774899121060085,-0.18348108208726524,-0.18546300617843617,-0.24557260398587782,-0.1812519452139594,-0.2722105300633967,-0.18540813510607979
