id,x__autocorrelation__lag_1024,x__autocorrelation__lag_128,x__autocorrelation__lag_16384,x__autocorrelation__lag_2048,x__autocorrelation__lag_256,x__autocorrelation__lag_4096,x__autocorrelation__lag_512,x__autocorrelation__lag_8192
A,-0.20471692011982243,-0.16809668133070513,-0.2039843673860727,-0.20515464705030184,-0.26745447081657425,-0.20115017787836365,-0.29877169510725893,-0.20533833415836392
