id,x__autocorrelation__lag_1024,x__autocorrelation__lag_128,x__autocorrelation__lag_16384,x__autocorrelation__lag_2048,x__autocorrelation__lag_256,x__autocorrelation__lag_4096,x__autocorrelation__lag_512,x__autocorrelation__lag_8192
A,-0.1958920733751014,-0.24430202580278995,-0.18559307245080783,-0.18851175995369596,-0.24844012830614598,-0.1852867183516031,-0.2721447588948088,-0.18959811975171886
