id,x__autocorrelation__lag_1024,x__autocorrelation__lag_128,x__autocorrelation__lag_16384,x__autocorrelation__lag_2048,x__autocorrelation__lag_256,x__autocorrelation__lag_4096,x__autocorrelation__lag_512,x__autocorrelation__lag_8192
A,-0.33665968904190885,-0.3621100809198781,-0.3347328622287228,-0.3475296464146886,-0.3544787280085214,-0.3336902219404382,-0.37465032422839556,-0.33348974562523087
