id,x__autocorrelation__lag_1024,x__autocorrelation__lag_128,x__autocorrelation__lag_16384,x__autocorrelation__lag_2048,x__autocorrelation__lag_256,x__autocorrelation__lag_4096,x__autocorrelation__lag_512,x__autocorrelation__lag_8192
A,-0.13416640574242672,-0.280580554359675,-0.12832270354570816,-0.13404271514346155,-0.176944730765445,-0.13073422827716397,-0.18216143525630601,-0.1359361072922088
