id,x__autocorrelation__lag_1024,x__autocorrelation__lag_128,x__autocorrelation__lag_16384,x__autocorrelation__lag_2048,x__autocorrelation__lag_256,x__autocorrelation__lag_4096,x__autocorrelation__lag_512,x__autocorrelation__lag_8192
A,0.5250722242035625,-0.7064252300370679,0.5186538238981858,0.5173008127943467,0.5440653352054748,0.5179758752843943,0.5434293521851165,0.5171340184055454
