id,x__autocorrelation__lag_1024,x__autocorrelation__lag_128,x__autocorrelation__lag_16384,x__autocorrelation__lag_2048,x__autocorrelation__lag_256,x__autocorrelation__lag_4096,x__autocorrelation__lag_512,x__autocorrelation__lag_8192
A,-0.1282387808618551,-0.3000229146492991,-0.13332561704239435,-0.13744753441810467,-0.18734248659196007,-0.1335498679286079,-0.22219040371872553,-0.13885793045458963
