id,x__autocorrelation__lag_1024,x__autocorrelation__lag_128,x__autocorrelation__lag_16384,x__autocorrelation__lag_2048,x__autocorrelation__lag_256,x__autocorrelation__lag_4096,x__autocorrelation__lag_512,x__autocorrelation__lag_8192
A,-0.1296489722020424,-0.26816221403620477,-0.13670418124995662,-0.1388160537557176,-0.1935654312727331,-0.13536376383090942,-0.2287290890573867,-0.1401712948732487
