id,x__autocorrelation__lag_1024,x__autocorrelation__lag_128,x__autocorrelation__lag_16384,x__autocorrelation__lag_2048,x__autocorrelation__lag_256,x__autocorrelation__lag_4096,x__autocorrelation__lag_512,x__autocorrelation__lag_8192
A,0.5887126373185637,-0.6815325384646751,0.5769320599248751,0.5773843765983466,0.5953991734162871,0.5771888103419973,0.5864999398514527,0.577608365030793
