id,x__autocorrelation__lag_1024,x__autocorrelation__lag_128,x__autocorrelation__lag_16384,x__autocorrelation__lag_2048,x__autocorrelation__lag_256,x__autocorrelation__lag_4096,x__autocorrelation__lag_512,x__autocorrelation__lag_8192
A,-0.1760076421758102,-0.19593771477853444,-0.17190542554040625,-0.17405732303771307,-0.23519136323364218,-0.1698140896066053,-0.26479140264338846,-0.17420030872513104
