id,x__autocorrelation__lag_1024,x__autocorrelation__lag_128,x__autocorrelation__lag_16384,x__autocorrelation__lag_2048,x__autocorrelation__lag_256,x__autocorrelation__lag_4096,x__autocorrelation__lag_512,x__autocorrelation__lag_8192
A,-0.14603505130864813,-0.3252938043930328,-0.141185743641,-0.14611132404884922,-0.19033249838689983,-0.1431369614065049,-0.20988947667451902,-0.14815004463595996
