id,x__autocorrelation__lag_1024,x__autocorrelation__lag_128,x__autocorrelation__lag_16384,x__autocorrelation__lag_2048,x__autocorrelation__lag_256,x__autocorrelation__lag_4096,x__autocorrelation__lag_512,x__autocorrelation__lag_8192
A,-0.06162129034804603,-0.24708477378530613,-0.10280601674095524,-0.08895372278969661,-0.17307999035770869,-0.09717328817333858,-0.17706116609075453,-0.09969438452895038
