id,x__autocorrelation__lag_1024,x__autocorrelation__lag_128,x__autocorrelation__lag_16384,x__autocorrelation__lag_2048,x__autocorrelation__lag_256,x__autocorrelation__lag_4096,x__autocorrelation__lag_512,x__autocorrelation__lag_8192
A,-0.1489889537702103,-0.34739981577798457,-0.1691250404338238,-0.18952338982532002,-0.1791333730468905,-0.17050155770015998,-0.22780286912334552,-0.16237596434501234
