id,x__autocorrelation__lag_1024,x__autocorrelation__lag_128,x__autocorrelation__lag_16384,x__autocorrelation__lag_2048,x__autocorrelation__lag_256,x__autocorrelation__lag_4096,x__autocorrelation__lag_512,x__autocorrelation__lag_8192
A,-0.10084606688975205,-0.26721876616598894,-0.10776953238392825,-0.12695099692954412,-0.15114903517267042,-0.11122142581610123,-0.21869291736016344,-0.1114377069905831
