id,x__autocorrelation__lag_1024,x__autocorrelation__lag_128,x__autocorrelation__lag_16384,x__autocorrelation__lag_2048,x__autocorrelation__lag_256,x__autocorrelation__lag_4096,x__autocorrelation__lag_512,x__autocorrelation__lag_8192
A,-0.04671562998018345,-0.07893873434756178,-0.14178834705533588,-0.19750696192794678,-0.22053170110539574,-0.19451335113485968,-0.3433342298023068,-0.22094055014888492
