id,x__autocorrelation__lag_1024,x__autocorrelation__lag_128,x__autocorrelation__lag_16384,x__autocorrelation__lag_2048,x__autocorrelation__lag_256,x__autocorrelation__lag_4096,x__autocorrelation__lag_512,x__autocorrelation__lag_8192
A,0.10934601538089597,-0.5716748825044156,0.12242850457366279,0.12225697305647003,0.10533229581287296,0.12472441482550874,0.11952160596542344,0.12387341246544431
