id,x__autocorrelation__lag_1024,x__autocorrelation__lag_128,x__autocorrelation__lag_16384,x__autocorrelation__lag_2048,x__autocorrelation__lag_256,x__autocorrelation__lag_4096,x__autocorrelation__lag_512,x__autocorrelation__lag_8192
A,-0.1579422781781964,-0.2773323783957721,-0.15213616804082056,-0.15416680359910728,-0.20773128675433186,-0.1504843887581947,-0.2323947415852764,-0.1539493477346517
