id,x__autocorrelation__lag_1024,x__autocorrelation__lag_128,x__autocorrelation__lag_16384,x__autocorrelation__lag_2048,x__autocorrelation__lag_256,x__autocorrelation__lag_4096,x__autocorrelation__lag_512,x__autocorrelation__lag_8192
A,-0.3989412959808578,-0.36865206543628143,-0.40834831955615847,-0.4102624357834376,-0.42067017635158105,-0.4063457883495644,-0.4363115131909338,-0.40640674491332535
