id,x__autocorrelation__lag_1024,x__autocorrelation__lag_128,x__autocorrelation__lag_16384,x__autocorrelation__lag_2048,x__autocorrelation__lag_256,x__autocorrelation__lag_4096,x__autocorrelation__lag_512,x__autocorrelation__lag_8192
A,-0.19331537132787407,-0.18583817185507992,-0.19037875261970347,-0.19368510601953437,-0.24904340067702985,-0.18914152938917997,-0.2798563079466957,-0.19334019026142596
