id,x__autocorrelation__lag_1024,x__autocorrelation__lag_128,x__autocorrelation__lag_16384,x__autocorrelation__lag_2048,x__autocorrelation__lag_256,x__autocorrelation__lag_4096,x__autocorrelation__lag_512,x__autocorrelation__lag_8192
A,-0.14504509591045325,-0.26651336656990693,-0.14590725731439225,-0.14890229657281084,-0.2036129756100125,-0.14505318905789777,-0.23903007239362226,-0.14985639216252983
