id,x__autocorrelation__lag_1024,x__autocorrelation__lag_128,x__autocorrelation__lag_16384,x__autocorrelation__lag_2048,x__autocorrelation__lag_256,x__autocorrelation__lag_4096,x__autocorrelation__lag_512,x__autocorrelation__lag_8192
A,-0.13242053532710227,-0.2893867605787168,-0.12234860528390966,-0.12762959378906094,-0.1744161187877346,-0.12461962634576601,-0.1840020912602125,-0.12938600418019933
