id,x__autocorrelation__lag_1024,x__autocorrelation__lag_128,x__autocorrelation__lag_16384,x__autocorrelation__lag_2048,x__autocorrelation__lag_256,x__autocorrelation__lag_4096,x__autocorrelation__lag_512,x__autocorrelation__lag_8192
A,-0.1685603622237457,-0.178761841240233,-0.17096447536273945,-0.17326737701458605,-0.22426783259033525,-0.1692678449869237,-0.260526535836211,-0.1740418307247806
