id,x__autocorrelation__lag_1024,x__autocorrelation__lag_128,x__autocorrelation__lag_16384,x__autocorrelation__lag_2048,x__autocorrelation__lag_256,x__autocorrelation__lag_4096,x__autocorrelation__lag_512,x__autocorrelation__lag_8192
A,-0.08136981349760825,-0.3059931720139442,-0.09077059533190444,-0.09665103797013098,-0.13904446760336628,-0.09316290177374482,-0.17174526150598224,-0.09894518950186994
