id,x__autocorrelation__lag_1024,x__autocorrelation__lag_128,x__autocorrelation__lag_16384,x__autocorrelation__lag_2048,x__autocorrelation__lag_256,x__autocorrelation__lag_4096,x__autocorrelation__lag_512,x__autocorrelation__lag_8192
A,0.5384094508037321,-0.6613123481911508,0.5246674702538396,0.5283380578781885,0.5498682367736427,0.5270531716369293,0.5458148117463294,0.530226852307326
