id,x__autocorrelation__lag_1024,x__autocorrelation__lag_128,x__autocorrelation__lag_16384,x__autocorrelation__lag_2048,x__autocorrelation__lag_256,x__autocorrelation__lag_4096,x__autocorrelation__lag_512,x__autocorrelation__lag_8192
A,0.5613532940453942,-0.6703569824359867,0.5498298493283255,0.5508139627683832,0.5726984162657469,0.5501074141889551,0.5635050338132486,0.5513593639515707
