id,x__autocorrelation__lag_1024,x__autocorrelation__lag_128,x__autocorrelation__lag_16384,x__autocorrelation__lag_2048,x__autocorrelation__lag_256,x__autocorrelation__lag_4096,x__autocorrelation__lag_512,x__autocorrelation__lag_8192
A,0.5554547081802736,-0.6616623741668247,0.5446906804644539,0.5471820615024526,0.5650805836735181,0.5463179395746606,0.5578361793695471,0.5479222806767352
