id,x__autocorrelation__lag_1024,x__autocorrelation__lag_128,x__autocorrelation__lag_16384,x__autocorrelation__lag_2048,x__autocorrelation__lag_256,x__autocorrelation__lag_4096,x__autocorrelation__lag_512,x__autocorrelation__lag_8192
A,-0.17155896463227396,-0.2454283940895774,-0.1666739888914557,-0.16904655244537117,-0.21991837650827104,-0.16554703682239733,-0.24549094785285358,-0.17010338264467276
