id,x__autocorrelation__lag_1024,x__autocorrelation__lag_128,x__autocorrelation__lag_16384,x__autocorrelation__lag_2048,x__autocorrelation__lag_256,x__autocorrelation__lag_4096,x__autocorrelation__lag_512,x__autocorrelation__lag_8192
A,0.5586795454193869,-0.6844861519424824,0.5416004719133594,0.545369404014839,0.5650398711868391,0.543984345228858,0.5663304100610467,0.5471435419598613
