id,x__autocorrelation__lag_1024,x__autocorrelation__lag_128,x__autocorrelation__lag_16384,x__autocorrelation__lag_2048,x__autocorrelation__lag_256,x__autocorrelation__lag_4096,x__autocorrelation__lag_512,x__autocorrelation__lag_8192
A,-0.16931394982419617,-0.17748698710160757,-0.16738745068616978,-0.16882210594130262,-0.22660859351484927,-0.16466447967684983,-0.26603589255922927,-0.16973921716013163
