id,x__autocorrelation__lag_1024,x__autocorrelation__lag_128,x__autocorrelation__lag_16384,x__autocorrelation__lag_2048,x__autocorrelation__lag_256,x__autocorrelation__lag_4096,x__autocorrelation__lag_512,x__autocorrelation__lag_8192
A,-0.17714138511683158,-0.22082487698270992,-0.16752074647928178,-0.16959089571757582,-0.2331770753138176,-0.1655111761383128,-0.2665415042094745,-0.17061984656679727
