id,x__autocorrelation__lag_1024,x__autocorrelation__lag_128,x__autocorrelation__lag_16384,x__autocorrelation__lag_2048,x__autocorrelation__lag_256,x__autocorrelation__lag_4096,x__autocorrelation__lag_512,x__autocorrelation__lag_8192
A,0.560819520146786,-0.66397357330626,0.5494270658446809,0.5514384805316929,0.5666602725406507,0.5507928304514844,0.5587398046161379,0.5518324246704466
