id,x__autocorrelation__lag_1024,x__autocorrelation__lag_128,x__autocorrelation__lag_16384,x__autocorrelation__lag_2048,x__autocorrelation__lag_256,x__autocorrelation__lag_4096,x__autocorrelation__lag_512,x__autocorrelation__lag_8192
A,-0.069092964467056,-0.2484602427882277,-0.07666244622911385,-0.0985877020656925,-0.12515749676865717,-0.08355332374897542,-0.18658818709141486,-0.078035357607454
