id,x__autocorrelation__lag_1024,x__autocorrelation__lag_128,x__autocorrelation__lag_16384,x__autocorrelation__lag_2048,x__autocorrelation__lag_256,x__autocorrelation__lag_4096,x__autocorrelation__lag_512,x__autocorrelation__lag_8192
A,-0.18214966624811232,-0.22500486044778206,-0.17056271583508217,-0.17380828537714876,-0.22769461262766985,-0.16972917238251678,-0.2505421483765204,-0.1741863726079203
