id,x__autocorrelation__lag_1024,x__autocorrelation__lag_128,x__autocorrelation__lag_16384,x__autocorrelation__lag_2048,x__autocorrelation__lag_256,x__autocorrelation__lag_4096,x__autocorrelation__lag_512,x__autocorrelation__lag_8192
A,-0.17469319573031752,-0.20041410436446017,-0.16569456078100406,-0.1687623122188089,-0.2311761013670818,-0.16426168116693546,-0.2644967580259413,-0.17032143789153825
