id,x__autocorrelation__lag_1024,x__autocorrelation__lag_128,x__autocorrelation__lag_16384,x__autocorrelation__lag_2048,x__autocorrelation__lag_256,x__autocorrelation__lag_4096,x__autocorrelation__lag_512,x__autocorrelation__lag_8192
A,-0.1564396076994436,-0.2931667702611111,-0.12504565973510046,-0.1499918795475782,-0.1982813656981237,-0.12691177038504925,-0.2677407341945468,-0.13002572787928832
