id,x__autocorrelation__lag_1024,x__autocorrelation__lag_128,x__autocorrelation__lag_16384,x__autocorrelation__lag_2048,x__autocorrelation__lag_256,x__autocorrelation__lag_4096,x__autocorrelation__lag_512,x__autocorrelation__lag_8192
A,-0.1975982570803949,-0.13534727659893953,-0.19212201561286635,-0.19444007034378194,-0.26084469390254983,-0.18911899936354973,-0.29705216855013056,-0.19457523966739854
