id,x__autocorrelation__lag_1024,x__autocorrelation__lag_128,x__autocorrelation__lag_16384,x__autocorrelation__lag_2048,x__autocorrelation__lag_256,x__autocorrelation__lag_4096,x__autocorrelation__lag_512,x__autocorrelation__lag_8192
A,-0.17493732503816206,-0.1905194869522526,-0.16993034229422532,-0.17229550842811783,-0.23174880608003512,-0.16813533137960007,-0.2647724585814172,-0.17242930156620254
