id,x__autocorrelation__lag_1024,x__autocorrelation__lag_128,x__autocorrelation__lag_16384,x__autocorrelation__lag_2048,x__autocorrelation__lag_256,x__autocorrelation__lag_4096,x__autocorrelation__lag_512,x__autocorrelation__lag_8192
A,0.5627386818855972,-0.6804514549981999,0.5440425669058194,0.5472126761051304,0.5675960247716143,0.5460237785043165,0.5673440564977872,0.5484874064607077
