id,x__autocorrelation__lag_1024,x__autocorrelation__lag_128,x__autocorrelation__lag_16384,x__autocorrelation__lag_2048,x__autocorrelation__lag_256,x__autocorrelation__lag_4096,x__autocorrelation__lag_512,x__autocorrelation__lag_8192
A,0.10601196324649827,-0.5627607644675746,0.11401146956851667,0.11159873020381648,0.10838556015700501,0.11482439112774737,0.11569065149411802,0.11411468484905836
