id,x__autocorrelation__lag_1024,x__autocorrelation__lag_128,x__autocorrelation__lag_16384,x__autocorrelation__lag_2048,x__autocorrelation__lag_256,x__autocorrelation__lag_4096,x__autocorrelation__lag_512,x__autocorrelation__lag_8192
A,-0.20999400144563918,-0.14749076514927628,-0.2013075942933433,-0.20292616709832964,-0.2654230434993145,-0.19881123078276458,-0.296677388753642,-0.20307152668564663
