id,x__autocorrelation__lag_1024,x__autocorrelation__lag_128,x__autocorrelation__lag_16384,x__autocorrelation__lag_2048,x__autocorrelation__lag_256,x__autocorrelation__lag_4096,x__autocorrelation__lag_512,x__autocorrelation__lag_8192
A,-0.08535173399641624,-0.3035046108495849,-0.08775119156438464,-0.09611885830716593,-0.13753307718415952,-0.09201692640682363,-0.16742436228416216,-0.098750026328591
