id,x__autocorrelation__lag_1024,x__autocorrelation__lag_128,x__autocorrelation__lag_16384,x__autocorrelation__lag_2048,x__autocorrelation__lag_256,x__autocorrelation__lag_4096,x__autocorrelation__lag_512,x__autocorrelation__lag_8192
A,-0.16370084470422497,-0.1709107247836688,-0.16994464029351067,-0.16977509569133795,-0.23077674975008713,-0.16595913440262772,-0.2716539945981566,-0.16967775345102204
