id,x__autocorrelation__lag_1024,x__autocorrelation__lag_128,x__autocorrelation__lag_16384,x__autocorrelation__lag_2048,x__autocorrelation__lag_256,x__autocorrelation__lag_4096,x__autocorrelation__lag_512,x__autocorrelation__lag_8192
A,0.38853926884975365,-0.6240682306868741,0.38309660811828833,0.38418665054587237,0.3999392463005945,0.3866662733568072,0.40292665017021334,0.38546691407721256
