id,x__autocorrelation__lag_1024,x__autocorrelation__lag_128,x__autocorrelation__lag_16384,x__autocorrelation__lag_2048,x__autocorrelation__lag_256,x__autocorrelation__lag_4096,x__autocorrelation__lag_512,x__autocorrelation__lag_8192
A,-0.17321702173223488,-0.21245582735134266,-0.1658132259844624,-0.16757394739795772,-0.23150651841787645,-0.1631826529045973,-0.26194045986047887,-0.16834420101431707
