id,x__autocorrelation__lag_1024,x__autocorrelation__lag_128,x__autocorrelation__lag_16384,x__autocorrelation__lag_2048,x__autocorrelation__lag_256,x__autocorrelation__lag_4096,x__autocorrelation__lag_512,x__autocorrelation__lag_8192
A,-0.10833524361910624,-0.24953508884448627,-0.09532054209191168,-0.10189460820317087,-0.1457927780774065,-0.09825650849544108,-0.14841215226730908,-0.10420381176789265
