id,x__autocorrelation__lag_1024,x__autocorrelation__lag_128,x__autocorrelation__lag_16384,x__autocorrelation__lag_2048,x__autocorrelation__lag_256,x__autocorrelation__lag_4096,x__autocorrelation__lag_512,x__autocorrelation__lag_8192
A,-0.18607498346871362,-0.19476111284890166,-0.17978643851653486,-0.18134560682919068,-0.2352589229159871,-0.17755723971430554,-0.26988705562707616,-0.18181095191864777
