id,x__autocorrelation__lag_1024,x__autocorrelation__lag_128,x__autocorrelation__lag_16384,x__autocorrelation__lag_2048,x__autocorrelation__lag_256,x__autocorrelation__lag_4096,x__autocorrelation__lag_512,x__autocorrelation__lag_8192
A,-0.34394411885974036,-0.3069684216544647,-0.38087383816660925,-0.3823666775742593,-0.36592079297365415,-0.3765211015751284,-0.45560101834794786,-0.3827368054472029
