id,x__autocorrelation__lag_1024,x__autocorrelation__lag_128,x__autocorrelation__lag_16384,x__autocorrelation__lag_2048,x__autocorrelation__lag_256,x__autocorrelation__lag_4096,x__autocorrelation__lag_512,x__autocorrelation__lag_8192
A,0.5618972883276194,-0.7340905818820209,0.551814609122809,0.5528108440099445,0.5809247717677222,0.5526613252553826,0.582244573252331,0.553544327545177
