id,x__autocorrelation__lag_1024,x__autocorrelation__lag_128,x__autocorrelation__lag_16384,x__autocorrelation__lag_2048,x__autocorrelation__lag_256,x__autocorrelation__lag_4096,x__autocorrelation__lag_512,x__autocorrelation__lag_8192
A,-0.16595444352003216,-0.23643377697734277,-0.16497408918005893,-0.16609698085700358,-0.22802160109131994,-0.16274740813132552,-0.2590150036674322,-0.16688657600410714
