id,x__autocorrelation__lag_1024,x__autocorrelation__lag_128,x__autocorrelation__lag_16384,x__autocorrelation__lag_2048,x__autocorrelation__lag_256,x__autocorrelation__lag_4096,x__autocorrelation__lag_512,x__autocorrelation__lag_8192
A,-0.16102684030032452,-0.19267779927598924,-0.16136942163378049,-0.16545948584096337,-0.22911951019802493,-0.1602215595540059,-0.26499863420727454,-0.1660312525887795
