id,x__autocorrelation__lag_1024,x__autocorrelation__lag_128,x__autocorrelation__lag_16384,x__autocorrelation__lag_2048,x__autocorrelation__lag_256,x__autocorrelation__lag_4096,x__autocorrelation__lag_512,x__autocorrelation__lag_8192
A,-0.0632746617084227,-0.30565644939036096,-0.07188332754034413,-0.07969100319255831,-0.11708199110962025,-0.07482839566628419,-0.14830307484840904,-0.08230730442593974
