id,x__autocorrelation__lag_1024,x__autocorrelation__lag_128,x__autocorrelation__lag_16384,x__autocorrelation__lag_2048,x__autocorrelation__lag_256,x__autocorrelation__lag_4096,x__autocorrelation__lag_512,x__autocorrelation__lag_8192
A,-0.18399784606400013,-0.2041058504271892,-0.18056664247795853,-0.18401246070674457,-0.2461623896138603,-0.17955432740539062,-0.276100049103745,-0.18440347147996028
