id,x__autocorrelation__lag_1024,x__autocorrelation__lag_128,x__autocorrelation__lag_16384,x__autocorrelation__lag_2048,x__autocorrelation__lag_256,x__autocorrelation__lag_4096,x__autocorrelation__lag_512,x__autocorrelation__lag_8192
A,-0.1732552140595221,-0.21054705649050698,-0.16610268462052608,-0.16822826023122625,-0.224408642250962,-0.16537334267833714,-0.24934603197338903,-0.1690248238935869
