id,x__autocorrelation__lag_1024,x__autocorrelation__lag_128,x__autocorrelation__lag_16384,x__autocorrelation__lag_2048,x__autocorrelation__lag_256,x__autocorrelation__lag_4096,x__autocorrelation__lag_512,x__autocorrelation__lag_8192
A,-0.13622075784437518,-0.25385709856837524,-0.1369319416649171,-0.14098958738369466,-0.19533226501947196,-0.13685114781692295,-0.2317541203254515,-0.14302279852106062
