id,x__autocorrelation__lag_1024,x__autocorrelation__lag_128,x__autocorrelation__lag_16384,x__autocorrelation__lag_2048,x__autocorrelation__lag_256,x__autocorrelation__lag_4096,x__autocorrelation__lag_512,x__autocorrelation__lag_8192
A,-0.11179832272499098,-0.27383694197479375,-0.09122814883738581,-0.09959812057655766,-0.14250624171315113,-0.09426504594699132,-0.13924672867215607,-0.10136796005561378
