id,x__autocorrelation__lag_1024,x__autocorrelation__lag_128,x__autocorrelation__lag_16384,x__autocorrelation__lag_2048,x__autocorrelation__lag_256,x__autocorrelation__lag_4096,x__autocorrelation__lag_512,x__autocorrelation__lag_8192
A,-0.2072914937366016,-0.11036765910087225,-0.1977447445309367,-0.19897281488025878,-0.2688760522122935,-0.19479703306622087,-0.2970426591415225,-0.20016683417529682
