id,x__autocorrelation__lag_1024,x__autocorrelation__lag_128,x__autocorrelation__lag_16384,x__autocorrelation__lag_2048,x__autocorrelation__lag_256,x__autocorrelation__lag_4096,x__autocorrelation__lag_512,x__autocorrelation__lag_8192
A,0.5796131588286488,-0.6766966275414632,0.5678910040402732,0.5696059080510274,0.5871616094534841,0.5693622063941489,0.5779662630584695,0.5695342056943695
