id,x__autocorrelation__lag_1024,x__autocorrelation__lag_128,x__autocorrelation__lag_16384,x__autocorrelation__lag_2048,x__autocorrelation__lag_256,x__autocorrelation__lag_4096,x__autocorrelation__lag_512,x__autocorrelation__lag_8192
A,-0.20021713026386756,-0.02978714577710437,-0.20923360425758988,-0.20999392772040998,-0.27928339285880627,-0.20525728138285426,-0.31910762997060205,-0.21253200435768685
