id,x__autocorrelation__lag_1024,x__autocorrelation__lag_128,x__autocorrelation__lag_16384,x__autocorrelation__lag_2048,x__autocorrelation__lag_256,x__autocorrelation__lag_4096,x__autocorrelation__lag_512,x__autocorrelation__lag_8192
A,-0.21139137542240535,-0.005402268906402953,-0.2131485340792119,-0.21721166287609664,-0.28709950619555774,-0.2118154970209517,-0.32084584284306333,-0.21940292671907557
