id,x__autocorrelation__lag_1024,x__autocorrelation__lag_128,x__autocorrelation__lag_16384,x__autocorrelation__lag_2048,x__autocorrelation__lag_256,x__autocorrelation__lag_4096,x__autocorrelation__lag_512,x__autocorrelation__lag_8192
A,-0.11420901551626794,-0.2573062182734608,-0.0984632131009094,-0.1046674402872959,-0.1489384314411215,-0.10126023573466805,-0.1517348895592278,-0.10711154077401958
