id,x__autocorrelation__lag_1024,x__autocorrelation__lag_128,x__autocorrelation__lag_16384,x__autocorrelation__lag_2048,x__autocorrelation__lag_256,x__autocorrelation__lag_4096,x__autocorrelation__lag_512,x__autocorrelation__lag_8192
A,-0.19364460022999816,-0.20556651306728763,-0.1958781036714679,-0.19934587156749753,-0.2598422622015711,-0.1950022662783265,-0.2910041052088625,-0.19984604564007138
