id,x__autocorrelation__lag_1024,x__autocorrelation__lag_128,x__autocorrelation__lag_16384,x__autocorrelation__lag_2048,x__autocorrelation__lag_256,x__autocorrelation__lag_4096,x__autocorrelation__lag_512,x__autocorrelation__lag_8192
A,-0.0999696073301866,-0.29868537270744366,-0.10769168601226425,-0.11154975329352058,-0.15943632944393404,-0.10817320578683744,-0.19439444358089503,-0.11326640709371853
