id,x__autocorrelation__lag_1024,x__autocorrelation__lag_128,x__autocorrelation__lag_16384,x__autocorrelation__lag_2048,x__autocorrelation__lag_256,x__autocorrelation__lag_4096,x__autocorrelation__lag_512,x__autocorrelation__lag_8192
A,-0.21797231166447292,-0.09127834438069955,-0.21501254992540778,-0.21592268564255268,-0.279627329707943,-0.21160941902825814,-0.30859044990532636,-0.21624614438226314
