id,x__autocorrelation__lag_1024,x__autocorrelation__lag_128,x__autocorrelation__lag_16384,x__autocorrelation__lag_2048,x__autocorrelation__lag_256,x__autocorrelation__lag_4096,x__autocorrelation__lag_512,x__autocorrelation__lag_8192
A,-0.07719192598393543,-0.11239608557700359,-0.15905775974107753,-0.15936280000385186,-0.2253126401481361,-0.1581451805993877,-0.2672208500908501,-0.15386556502776447
