id,x__autocorrelation__lag_1024,x__autocorrelation__lag_128,x__autocorrelation__lag_16384,x__autocorrelation__lag_2048,x__autocorrelation__lag_256,x__autocorrelation__lag_4096,x__autocorrelation__lag_512,x__autocorrelation__lag_8192
A,-0.07841059351664531,-0.31803331183804856,-0.08876029535284148,-0.09127283650720043,-0.13779905238319418,-0.0885328532745019,-0.17060544208709655,-0.09259830979978408
