id,x__autocorrelation__lag_1024,x__autocorrelation__lag_128,x__autocorrelation__lag_16384,x__autocorrelation__lag_2048,x__autocorrelation__lag_256,x__autocorrelation__lag_4096,x__autocorrelation__lag_512,x__autocorrelation__lag_8192
A,-0.2365847768824045,-0.0585495232669107,-0.23154883772913368,-0.2326470879979567,-0.29438975317817023,-0.22823091631211878,-0.322242587422001,-0.23317989523087337
