id,x__autocorrelation__lag_1024,x__autocorrelation__lag_128,x__autocorrelation__lag_16384,x__autocorrelation__lag_2048,x__autocorrelation__lag_256,x__autocorrelation__lag_4096,x__autocorrelation__lag_512,x__autocorrelation__lag_8192
A,-0.12293270826989065,-0.3082242038528828,-0.09787404012966046,-0.13946094242970938,-0.1955517641134994,-0.10612691340562112,-0.27918768541358147,-0.10807198005586247
