id,x__autocorrelation__lag_1024,x__autocorrelation__lag_128,x__autocorrelation__lag_16384,x__autocorrelation__lag_2048,x__autocorrelation__lag_256,x__autocorrelation__lag_4096,x__autocorrelation__lag_512,x__autocorrelation__lag_8192
A,-0.11112945808842004,-0.2643513019481065,-0.129017322003845,-0.13287781315989072,-0.1799690461786404,-0.1288891089795197,-0.22523312955376745,-0.13520257377693878
