id,x__autocorrelation__lag_1024,x__autocorrelation__lag_128,x__autocorrelation__lag_16384,x__autocorrelation__lag_2048,x__autocorrelation__lag_256,x__autocorrelation__lag_4096,x__autocorrelation__lag_512,x__autocorrelation__lag_8192
A,-0.2218149845534902,-0.11326730435047311,-0.21608600109138953,-0.21796544690831918,-0.2758706885146114,-0.2137451637249038,-0.30644056679584974,-0.21798279973542467
