id,x__autocorrelation__lag_1024,x__autocorrelation__lag_128,x__autocorrelation__lag_16384,x__autocorrelation__lag_2048,x__autocorrelation__lag_256,x__autocorrelation__lag_4096,x__autocorrelation__lag_512,x__autocorrelation__lag_8192
A,-0.16495509011026893,-0.1914639390779075,-0.1625125608689182,-0.1661422397491979,-0.2341392371179263,-0.16206469882780417,-0.2690256865835071,-0.16748903739772245
