id,x__autocorrelation__lag_1024,x__autocorrelation__lag_128,x__autocorrelation__lag_16384,x__autocorrelation__lag_2048,x__autocorrelation__lag_256,x__autocorrelation__lag_4096,x__autocorrelation__lag_512,x__autocorrelation__lag_8192
A,0.5545279314979408,-0.6754277903870118,0.5443941529056052,0.5462874296711095,0.5635303055544173,0.5458117622641194,0.5629293820548118,0.5470816540268452
