id,x__autocorrelation__lag_1024,x__autocorrelation__lag_128,x__autocorrelation__lag_16384,x__autocorrelation__lag_2048,x__autocorrelation__lag_256,x__autocorrelation__lag_4096,x__autocorrelation__lag_512,x__autocorrelation__lag_8192
A,0.5800764745420465,-0.7483604183822011,0.5739196075973566,0.5790737305065576,0.5910318637198773,0.5790163626118657,0.5959652734668784,0.5806372432972043
