id,x__autocorrelation__lag_1024,x__autocorrelation__lag_128,x__autocorrelation__lag_16384,x__autocorrelation__lag_2048,x__autocorrelation__lag_256,x__autocorrelation__lag_4096,x__autocorrelation__lag_512,x__autocorrelation__lag_8192
A,-0.19887061926278737,-0.24625394848290308,-0.20093738414142795,-0.20433336150348694,-0.2412372727914292,-0.201946496639721,-0.25749736708650384,-0.2058496062337757
