id,x__autocorrelation__lag_1024,x__autocorrelation__lag_128,x__autocorrelation__lag_16384,x__autocorrelation__lag_2048,x__autocorrelation__lag_256,x__autocorrelation__lag_4096,x__autocorrelation__lag_512,x__autocorrelation__lag_8192
A,-0.20743655463370844,-0.02501942978412465,-0.2083955980881647,-0.2200087092075534,-0.2771201991941153,-0.21128410448959634,-0.31744186904124105,-0.22263161308846693
