id,x__autocorrelation__lag_1024,x__autocorrelation__lag_128,x__autocorrelation__lag_16384,x__autocorrelation__lag_2048,x__autocorrelation__lag_256,x__autocorrelation__lag_4096,x__autocorrelation__lag_512,x__autocorrelation__lag_8192
A,0.568851493242698,-0.6736771269624429,0.5591766656138174,0.5596151543174294,0.5783338489435201,0.559391849072628,0.570534568120209,0.5603590184948211
