id,x__autocorrelation__lag_1024,x__autocorrelation__lag_128,x__autocorrelation__lag_16384,x__autocorrelation__lag_2048,x__autocorrelation__lag_256,x__autocorrelation__lag_4096,x__autocorrelation__lag_512,x__autocorrelation__lag_8192
A,-0.14560311317753655,-0.269765263420695,-0.13194987429601082,-0.13965909310344138,-0.18212707839427134,-0.1354902571892119,-0.17929593868283475,-0.14220517085478446
