id,x__autocorrelation__lag_1024,x__autocorrelation__lag_128,x__autocorrelation__lag_16384,x__autocorrelation__lag_2048,x__autocorrelation__lag_256,x__autocorrelation__lag_4096,x__autocorrelation__lag_512,x__autocorrelation__lag_8192
A,-0.17125417905213347,-0.22933429444958908,-0.15977684189454253,-0.1636517206098013,-0.2192613734290936,-0.16044219703128668,-0.2465918768782201,-0.16524367446364746
