id,x__autocorrelation__lag_1024,x__autocorrelation__lag_128,x__autocorrelation__lag_16384,x__autocorrelation__lag_2048,x__autocorrelation__lag_256,x__autocorrelation__lag_4096,x__autocorrelation__lag_512,x__autocorrelation__lag_8192
A,-0.2314167904010675,-0.053505842820646445,-0.22938043966547858,-0.24919976079363187,-0.30003385495012036,-0.2394154700591287,-0.32976878482060606,-0.25424418759950396
