id,x__autocorrelation__lag_1024,x__autocorrelation__lag_128,x__autocorrelation__lag_16384,x__autocorrelation__lag_2048,x__autocorrelation__lag_256,x__autocorrelation__lag_4096,x__autocorrelation__lag_512,x__autocorrelation__lag_8192
A,-0.15788968168813836,-0.19607043253565548,-0.1567656100789363,-0.15901766655081306,-0.21704345190073773,-0.15480863725543015,-0.2544627912927695,-0.15982913605412463
