id,x__autocorrelation__lag_1024,x__autocorrelation__lag_128,x__autocorrelation__lag_16384,x__autocorrelation__lag_2048,x__autocorrelation__lag_256,x__autocorrelation__lag_4096,x__autocorrelation__lag_512,x__autocorrelation__lag_8192
A,-0.19545189196043788,-0.12096100560967708,-0.19745440436323128,-0.1975450455843915,-0.2609002584710724,-0.19329467209575119,-0.294910450963724,-0.1981938585019428
