id,x__autocorrelation__lag_1024,x__autocorrelation__lag_128,x__autocorrelation__lag_16384,x__autocorrelation__lag_2048,x__autocorrelation__lag_256,x__autocorrelation__lag_4096,x__autocorrelation__lag_512,x__autocorrelation__lag_8192
A,0.555454935878863,-0.6757015121796351,0.536993068886444,0.5410534426333438,0.5627785512978308,0.5395438832949973,0.5617254744372552,0.5429605896405172
