id,x__autocorrelation__lag_1024,x__autocorrelation__lag_128,x__autocorrelation__lag_16384,x__autocorrelation__lag_2048,x__autocorrelation__lag_256,x__autocorrelation__lag_4096,x__autocorrelation__lag_512,x__autocorrelation__lag_8192
A,-0.19428173879763816,-0.25639186614560894,-0.19172975329497052,-0.19720645895394961,-0.22945258218947823,-0.19381479327582132,-0.25087162954546227,-0.19952094904456213
