id,x__autocorrelation__lag_1024,x__autocorrelation__lag_128,x__autocorrelation__lag_16384,x__autocorrelation__lag_2048,x__autocorrelation__lag_256,x__autocorrelation__lag_4096,x__autocorrelation__lag_512,x__autocorrelation__lag_8192
A,0.5536334109003543,-0.7318320170827575,0.5514350247022438,0.5510018739568617,0.5789914592062386,0.5517872222620251,0.5790924697750228,0.551482435637559
