id,x__autocorrelation__lag_1024,x__autocorrelation__lag_128,x__autocorrelation__lag_16384,x__autocorrelation__lag_2048,x__autocorrelation__lag_256,x__autocorrelation__lag_4096,x__autocorrelation__lag_512,x__autocorrelation__lag_8192
A,-0.22955517235772174,-0.05550034031068351,-0.23113111973160572,-0.2311909784433246,-0.2946470356619364,-0.2278070960307016,-0.3252034645193225,-0.23202081709483488
