id,x__autocorrelation__lag_1024,x__autocorrelation__lag_128,x__autocorrelation__lag_16384,x__autocorrelation__lag_2048,x__autocorrelation__lag_256,x__autocorrelation__lag_4096,x__autocorrelation__lag_512,x__autocorrelation__lag_8192
A,-0.18571695927152504,-0.20909612962170718,-0.17808099333156693,-0.1811717821185173,-0.2416767162059535,-0.17677782548170987,-0.2666437782365228,-0.1817114815352002
