id,x__autocorrelation__lag_1024,x__autocorrelation__lag_128,x__autocorrelation__lag_16384,x__autocorrelation__lag_2048,x__autocorrelation__lag_256,x__autocorrelation__lag_4096,x__autocorrelation__lag_512,x__autocorrelation__lag_8192
A,-0.11949820856628068,-0.30020550351273206,-0.11760440200233546,-0.14340754343161355,-0.179996043782167,-0.12752103391576333,-0.24583270035822982,-0.13650810554881054
