id,x__autocorrelation__lag_1024,x__autocorrelation__lag_128,x__autocorrelation__lag_16384,x__autocorrelation__lag_2048,x__autocorrelation__lag_256,x__autocorrelation__lag_4096,x__autocorrelation__lag_512,x__autocorrelation__lag_8192
A,-0.16393842671331899,-0.27460977303151407,-0.1621246885036503,-0.1629314560114998,-0.21586911406193945,-0.16004936794943792,-0.2383410304581892,-0.1618933148747677
