id,x__autocorrelation__lag_1024,x__autocorrelation__lag_128,x__autocorrelation__lag_16384,x__autocorrelation__lag_2048,x__autocorrelation__lag_256,x__autocorrelation__lag_4096,x__autocorrelation__lag_512,x__autocorrelation__lag_8192
A,-0.18638108595056196,-0.3605874483774888,-0.18711293594811285,-0.1993318103158869,-0.20826003336790722,-0.19032311877005278,-0.23913234594139174,-0.18798123235296918
