id,x__autocorrelation__lag_1024,x__autocorrelation__lag_128,x__autocorrelation__lag_16384,x__autocorrelation__lag_2048,x__autocorrelation__lag_256,x__autocorrelation__lag_4096,x__autocorrelation__lag_512,x__autocorrelation__lag_8192
A,-0.17541329153057447,-0.16369662728388604,-0.1800048060632389,-0.17991753459198573,-0.2341069635061981,-0.1771920116411137,-0.26925594990311746,-0.18047876555682957
