id,x__autocorrelation__lag_1024,x__autocorrelation__lag_128,x__autocorrelation__lag_16384,x__autocorrelation__lag_2048,x__autocorrelation__lag_256,x__autocorrelation__lag_4096,x__autocorrelation__lag_512,x__autocorrelation__lag_8192
A,-0.15490304540017544,-0.03499005306333382,-0.22078133537853542,-0.24826571928164512,-0.29000285468793946,-0.24176820876172422,-0.33602833819346645,-0.258551366659145
