id,x__autocorrelation__lag_1024,x__autocorrelation__lag_128,x__autocorrelation__lag_16384,x__autocorrelation__lag_2048,x__autocorrelation__lag_256,x__autocorrelation__lag_4096,x__autocorrelation__lag_512,x__autocorrelation__lag_8192
A,-0.4100865524970354,-0.37584472063064883,-0.41828885500886887,-0.4244738561566379,-0.42307286097382757,-0.4148558645078367,-0.4378289175955978,-0.41817918257579595
