id,x__autocorrelation__lag_1024,x__autocorrelation__lag_128,x__autocorrelation__lag_16384,x__autocorrelation__lag_2048,x__autocorrelation__lag_256,x__autocorrelation__lag_4096,x__autocorrelation__lag_512,x__autocorrelation__lag_8192
A,-0.13297869385742433,-0.2837177101565894,-0.13862454267377639,-0.14391611505398216,-0.1893716001015152,-0.13939536125644744,-0.22265302413790786,-0.14544039447961013
