id,x__autocorrelation__lag_1024,x__autocorrelation__lag_128,x__autocorrelation__lag_16384,x__autocorrelation__lag_2048,x__autocorrelation__lag_256,x__autocorrelation__lag_4096,x__autocorrelation__lag_512,x__autocorrelation__lag_8192
A,0.5495499111319043,-0.6724917147775987,0.5308706501838019,0.533391717022758,0.5632506878638527,0.5327725335946311,0.5580029050053018,0.5351334216938864
