id,x__autocorrelation__lag_1024,x__autocorrelation__lag_128,x__autocorrelation__lag_16384,x__autocorrelation__lag_2048,x__autocorrelation__lag_256,x__autocorrelation__lag_4096,x__autocorrelation__lag_512,x__autocorrelation__lag_8192
A,-0.11937532086325461,-0.26654281095720994,-0.11475359397105456,-0.12118252934180575,-0.16232799871109646,-0.11773166374699938,-0.17469255287811183,-0.12283857030012987
