id,x__autocorrelation__lag_1024,x__autocorrelation__lag_128,x__autocorrelation__lag_16384,x__autocorrelation__lag_2048,x__autocorrelation__lag_256,x__autocorrelation__lag_4096,x__autocorrelation__lag_512,x__autocorrelation__lag_8192
A,-0.10879637068226948,-0.28710318512995375,-0.11065650590546933,-0.11808025905255813,-0.16079643935723567,-0.11359577748583433,-0.18791397755784234,-0.12071358062205159
