id,x__autocorrelation__lag_1024,x__autocorrelation__lag_128,x__autocorrelation__lag_16384,x__autocorrelation__lag_2048,x__autocorrelation__lag_256,x__autocorrelation__lag_4096,x__autocorrelation__lag_512,x__autocorrelation__lag_8192
A,-0.19318347857433923,-0.17041015134399837,-0.19123417442613067,-0.1933516929332156,-0.2478504074431728,-0.18929445162802497,-0.28258708585072195,-0.19417156309407602
