id,x__autocorrelation__lag_1024,x__autocorrelation__lag_128,x__autocorrelation__lag_16384,x__autocorrelation__lag_2048,x__autocorrelation__lag_256,x__autocorrelation__lag_4096,x__autocorrelation__lag_512,x__autocorrelation__lag_8192
A,0.5763058729736098,-0.679337380215189,0.565112359262287,0.5659839257214624,0.5856681515668858,0.5655829874430088,0.5770337173917381,0.5660318880178757
