id,x__autocorrelation__lag_1024,x__autocorrelation__lag_128,x__autocorrelation__lag_16384,x__autocorrelation__lag_2048,x__autocorrelation__lag_256,x__autocorrelation__lag_4096,x__autocorrelation__lag_512,x__autocorrelation__lag_8192
A,-0.06830487235563885,-0.040430994775227415,-0.16440968691115498,-0.17607606611497856,-0.23670838636163904,-0.16990380959173662,-0.26760783963453494,-0.17530089425995407
