id,x__autocorrelation__lag_1024,x__autocorrelation__lag_128,x__autocorrelation__lag_16384,x__autocorrelation__lag_2048,x__autocorrelation__lag_256,x__autocorrelation__lag_4096,x__autocorrelation__lag_512,x__autocorrelation__lag_8192
A,-0.12240296119207783,-0.2978821003340919,-0.125766781087564,-0.13058873702033533,-0.17327302954753887,-0.12684294392342096,-0.20320827377584424,-0.1318850997574854
