id,x__autocorrelation__lag_1024,x__autocorrelation__lag_128,x__autocorrelation__lag_16384,x__autocorrelation__lag_2048,x__autocorrelation__lag_256,x__autocorrelation__lag_4096,x__autocorrelation__lag_512,x__autocorrelation__lag_8192
A,-0.12144215810592987,-0.22987001189440512,-0.11687087846693046,-0.1227592789392691,-0.15983597180864964,-0.11924145979496972,-0.17380894584898904,-0.12517664847615984
