id,x__autocorrelation__lag_1024,x__autocorrelation__lag_128,x__autocorrelation__lag_16384,x__autocorrelation__lag_2048,x__autocorrelation__lag_256,x__autocorrelation__lag_4096,x__autocorrelation__lag_512,x__autocorrelation__lag_8192
A,-0.20822172268389164,-0.08806901700900725,-0.20586586480059196,-0.2074228131154509,-0.27224176253939353,-0.20207955194524163,-0.3093099034189324,-0.20740724948043046
