id,x__autocorrelation__lag_1024,x__autocorrelation__lag_128,x__autocorrelation__lag_16384,x__autocorrelation__lag_2048,x__autocorrelation__lag_256,x__autocorrelation__lag_4096,x__autocorrelation__lag_512,x__autocorrelation__lag_8192
A,-0.06420273079133815,-0.05457617149492856,-0.16359396320140843,-0.2176704913828939,-0.247115930058068,-0.2010178161223587,-0.3269520613489629,-0.22728512960293842
