id,x__autocorrelation__lag_1024,x__autocorrelation__lag_128,x__autocorrelation__lag_16384,x__autocorrelation__lag_2048,x__autocorrelation__lag_256,x__autocorrelation__lag_4096,x__autocorrelation__lag_512,x__autocorrelation__lag_8192
A,0.5636781945105518,-0.734828860574768,0.5586092851577178,0.5582150131881634,0.5784645979559198,0.558805350463596,0.582544696590623,0.5582357950992506
