id,x__autocorrelation__lag_1024,x__autocorrelation__lag_128,x__autocorrelation__lag_16384,x__autocorrelation__lag_2048,x__autocorrelation__lag_256,x__autocorrelation__lag_4096,x__autocorrelation__lag_512,x__autocorrelation__lag_8192
A,-0.16228026435471238,-0.3130577274436789,-0.13256445099896746,-0.1519622572637132,-0.20522790567788363,-0.1435287885124546,-0.27844320331533234,-0.14505618307802787
