id,x__autocorrelation__lag_1024,x__autocorrelation__lag_128,x__autocorrelation__lag_16384,x__autocorrelation__lag_2048,x__autocorrelation__lag_256,x__autocorrelation__lag_4096,x__autocorrelation__lag_512,x__autocorrelation__lag_8192
A,0.21331118399642524,-0.5529951973015657,0.22036975787805874,0.22656914549723356,0.20288312008541803,0.22832944242584866,0.2121770900403484,0.22999467023167083
