id,x__autocorrelation__lag_1024,x__autocorrelation__lag_128,x__autocorrelation__lag_16384,x__autocorrelation__lag_2048,x__autocorrelation__lag_256,x__autocorrelation__lag_4096,x__autocorrelation__lag_512,x__autocorrelation__lag_8192
A,-0.10043217546906684,-0.28197941042090563,-0.10859926474710661,-0.11741664312119351,-0.1370504617876796,-0.11242040347453137,-0.15966546865757117,-0.11117119921602023
