id,x__autocorrelation__lag_1024,x__autocorrelation__lag_128,x__autocorrelation__lag_16384,x__autocorrelation__lag_2048,x__autocorrelation__lag_256,x__autocorrelation__lag_4096,x__autocorrelation__lag_512,x__autocorrelation__lag_8192
A,-0.19744213412417452,-0.20335982121092103,-0.19021687562911602,-0.1938749791666073,-0.2500195521340833,-0.18974147965949875,-0.2756685123662075,-0.19439519970049443
