id,x__autocorrelation__lag_1024,x__autocorrelation__lag_128,x__autocorrelation__lag_16384,x__autocorrelation__lag_2048,x__autocorrelation__lag_256,x__autocorrelation__lag_4096,x__autocorrelation__lag_512,x__autocorrelation__lag_8192
A,0.5281304586041159,-0.7153414284373271,0.5238265796990739,0.5249583267976712,0.5415449456208067,0.5252960062832084,0.5465126941112327,0.5258056621382656
