id,x__autocorrelation__lag_1024,x__autocorrelation__lag_128,x__autocorrelation__lag_16384,x__autocorrelation__lag_2048,x__autocorrelation__lag_256,x__autocorrelation__lag_4096,x__autocorrelation__lag_512,x__autocorrelation__lag_8192
A,0.5749413946840991,-0.6785333527211264,0.5641667766995339,0.565435158921932,0.5857562702288874,0.5650056616775492,0.5768658609102768,0.5662929090649174
