id,x__autocorrelation__lag_1024,x__autocorrelation__lag_128,x__autocorrelation__lag_16384,x__autocorrelation__lag_2048,x__autocorrelation__lag_256,x__autocorrelation__lag_4096,x__autocorrelation__lag_512,x__autocorrelation__lag_8192
A,-0.2240840758242174,-0.13747740173227205,-0.2102313673006724,-0.2100470136300299,-0.27968370333823434,-0.20532042201215536,-0.3006893610313917,-0.20860732327039327
