id,x__autocorrelation__lag_1024,x__autocorrelation__lag_128,x__autocorrelation__lag_16384,x__autocorrelation__lag_2048,x__autocorrelation__lag_256,x__autocorrelation__lag_4096,x__autocorrelation__lag_512,x__autocorrelation__lag_8192
A,-0.19125694184871184,-0.21237439079031936,-0.19046357950838927,-0.1895268474745215,-0.2532219044074234,-0.18686909660657558,-0.27825385616494736,-0.18955642919511012
