id,x__autocorrelation__lag_1024,x__autocorrelation__lag_128,x__autocorrelation__lag_16384,x__autocorrelation__lag_2048,x__autocorrelation__lag_256,x__autocorrelation__lag_4096,x__autocorrelation__lag_512,x__autocorrelation__lag_8192
A,-0.1919516926659616,-0.3235733381288672,-0.20231827439439737,-0.2435994055013136,-0.22584066913394105,-0.2124855620984223,-0.3002826684324019,-0.2079266113432283
