id,x__autocorrelation__lag_1024,x__autocorrelation__lag_128,x__autocorrelation__lag_16384,x__autocorrelation__lag_2048,x__autocorrelation__lag_256,x__autocorrelation__lag_4096,x__autocorrelation__lag_512,x__autocorrelation__lag_8192
A,0.46037020430539777,-0.6822719666103271,0.46332507385081767,0.4654305397635069,0.4753058176479956,0.46568332121424294,0.48096089978626366,0.46577174580861175
