id,x__autocorrelation__lag_1024,x__autocorrelation__lag_128,x__autocorrelation__lag_16384,x__autocorrelation__lag_2048,x__autocorrelation__lag_256,x__autocorrelation__lag_4096,x__autocorrelation__lag_512,x__autocorrelation__lag_8192
A,-0.11404505573971933,-0.28638422991230383,-0.13799463539696155,-0.14862116159600555,-0.16157949468893124,-0.15185751966790345,-0.2550462435703002,-0.1451577117497824
