id,x__autocorrelation__lag_1024,x__autocorrelation__lag_128,x__autocorrelation__lag_16384,x__autocorrelation__lag_2048,x__autocorrelation__lag_256,x__autocorrelation__lag_4096,x__autocorrelation__lag_512,x__autocorrelation__lag_8192
A,-0.17629602882912032,-0.24366562850433154,-0.17454928276283968,-0.18037341495107925,-0.21549639378137186,-0.17657713712048284,-0.2367957242036754,-0.1830812385334501
