id,x__autocorrelation__lag_1024,x__autocorrelation__lag_128,x__autocorrelation__lag_16384,x__autocorrelation__lag_2048,x__autocorrelation__lag_256,x__autocorrelation__lag_4096,x__autocorrelation__lag_512,x__autocorrelation__lag_8192
A,-0.2123349290676272,-0.05637941177726622,-0.21405560539504714,-0.23498059244412636,-0.2888516853935913,-0.22437600063397792,-0.32204830240635796,-0.23952645120196805
