id,x__autocorrelation__lag_1024,x__autocorrelation__lag_128,x__autocorrelation__lag_16384,x__autocorrelation__lag_2048,x__autocorrelation__lag_256,x__autocorrelation__lag_4096,x__autocorrelation__lag_512,x__autocorrelation__lag_8192
A,-0.13460615333531972,-0.22771640505347518,-0.13781724799591025,-0.14227835777180686,-0.1644838011153401,-0.14031882712221574,-0.2427519436854237,-0.13637568586989457
