id,x__autocorrelation__lag_1024,x__autocorrelation__lag_128,x__autocorrelation__lag_16384,x__autocorrelation__lag_2048,x__autocorrelation__lag_256,x__autocorrelation__lag_4096,x__autocorrelation__lag_512,x__autocorrelation__lag_8192
A,-0.103259967485898,-0.21739755176177497,-0.10040278944120969,-0.10615175379198594,-0.14164084513207728,-0.10247176634069606,-0.15867044838421573,-0.10869005217427215
