id,x__autocorrelation__lag_1024,x__autocorrelation__lag_128,x__autocorrelation__lag_16384,x__autocorrelation__lag_2048,x__autocorrelation__lag_256,x__autocorrelation__lag_4096,x__autocorrelation__lag_512,x__autocorrelation__lag_8192
A,0.5706035320118621,-0.7065022594405409,0.5580766520923602,0.5593363317345952,0.5811684093070523,0.5591811637071736,0.5803875278893391,0.5596289178548752
