id,x__autocorrelation__lag_1024,x__autocorrelation__lag_128,x__autocorrelation__lag_16384,x__autocorrelation__lag_2048,x__autocorrelation__lag_256,x__autocorrelation__lag_4096,x__autocorrelation__lag_512,x__autocorrelation__lag_8192
A,-0.23450507647804847,-0.05750806830919657,-0.23297950294688782,-0.25059813920850105,-0.3045423497713729,-0.2407118247502891,-0.3356772184820713,-0.2542438097885778
