id,x__autocorrelation__lag_1024,x__autocorrelation__lag_128,x__autocorrelation__lag_16384,x__autocorrelation__lag_2048,x__autocorrelation__lag_256,x__autocorrelation__lag_4096,x__autocorrelation__lag_512,x__autocorrelation__lag_8192
A,-0.11184048416364005,-0.3083533313589911,-0.11042552906245708,-0.11854652086166942,-0.15964918820068524,-0.11389986245528327,-0.1836120693026905,-0.120200864809084
