id,x__autocorrelation__lag_1024,x__autocorrelation__lag_128,x__autocorrelation__lag_16384,x__autocorrelation__lag_2048,x__autocorrelation__lag_256,x__autocorrelation__lag_4096,x__autocorrelation__lag_512,x__autocorrelation__lag_8192
A,-0.2212898287273971,-0.04499733722256444,-0.21971350197842948,-0.2205496462281053,-0.2855036227233131,-0.21628350003012534,-0.31662222624181713,-0.22072864219109214
