id,x__autocorrelation__lag_1024,x__autocorrelation__lag_128,x__autocorrelation__lag_16384,x__autocorrelation__lag_2048,x__autocorrelation__lag_256,x__autocorrelation__lag_4096,x__autocorrelation__lag_512,x__autocorrelation__lag_8192
A,-0.3128579164976859,-0.3564568233124575,-0.30760211271434496,-0.3292688711664682,-0.3320316730324174,-0.3126627420645002,-0.3543908137131492,-0.316362975526759
