id,x__autocorrelation__lag_1024,x__autocorrelation__lag_128,x__autocorrelation__lag_16384,x__autocorrelation__lag_2048,x__autocorrelation__lag_256,x__autocorrelation__lag_4096,x__autocorrelation__lag_512,x__autocorrelation__lag_8192
A,-0.17781955189780962,-0.20885365069865572,-0.17910450433268488,-0.18281651736282167,-0.22538838311202222,-0.1805172943456173,-0.23196625572567228,-0.18436056258163513
