id,x__autocorrelation__lag_1024,x__autocorrelation__lag_128,x__autocorrelation__lag_16384,x__autocorrelation__lag_2048,x__autocorrelation__lag_256,x__autocorrelation__lag_4096,x__autocorrelation__lag_512,x__autocorrelation__lag_8192
A,-0.1877708129495484,-0.19156164702333855,-0.1858170459040706,-0.18806011868297348,-0.24409970741261214,-0.18431920356467263,-0.27629107526557434,-0.1889653854289631
