id,x__autocorrelation__lag_1024,x__autocorrelation__lag_128,x__autocorrelation__lag_16384,x__autocorrelation__lag_2048,x__autocorrelation__lag_256,x__autocorrelation__lag_4096,x__autocorrelation__lag_512,x__autocorrelation__lag_8192
A,-0.17744080007481344,-0.22668565499815274,-0.1734693572321157,-0.17630031556103218,-0.23567037285700676,-0.17303605184472268,-0.2648708104985881,-0.17722997919210598
