id,x__autocorrelation__lag_1024,x__autocorrelation__lag_128,x__autocorrelation__lag_16384,x__autocorrelation__lag_2048,x__autocorrelation__lag_256,x__autocorrelation__lag_4096,x__autocorrelation__lag_512,x__autocorrelation__lag_8192
A,-0.1220417347693926,-0.32502972323705676,-0.12231494118276634,-0.13088173326475044,-0.1737388455005205,-0.1263655870113869,-0.20032276366167512,-0.13348523876914692
