id,x__autocorrelation__lag_1024,x__autocorrelation__lag_128,x__autocorrelation__lag_16384,x__autocorrelation__lag_2048,x__autocorrelation__lag_256,x__autocorrelation__lag_4096,x__autocorrelation__lag_512,x__autocorrelation__lag_8192
A,-0.18378461863030301,-0.1755431328432793,-0.18465492617575213,-0.18551814904840058,-0.2440413689897425,-0.1815310346337323,-0.2790880893479492,-0.18550663450953275
