id,x__autocorrelation__lag_1024,x__autocorrelation__lag_128,x__autocorrelation__lag_16384,x__autocorrelation__lag_2048,x__autocorrelation__lag_256,x__autocorrelation__lag_4096,x__autocorrelation__lag_512,x__autocorrelation__lag_8192
A,0.570002618008412,-0.7343274849892688,0.5615169143566124,0.5617176900639763,0.5879295900135009,0.5616284158532232,0.5881085252160105,0.5618766511648898
