id,x__autocorrelation__lag_1024,x__autocorrelation__lag_128,x__autocorrelation__lag_16384,x__autocorrelation__lag_2048,x__autocorrelation__lag_256,x__autocorrelation__lag_4096,x__autocorrelation__lag_512,x__autocorrelation__lag_8192
A,-0.2335524021639157,-0.06693486129420183,-0.23008938634896783,-0.23230839412904322,-0.29575503578628287,-0.22723114066054761,-0.32323202317033906,-0.23181621576032133
