id,x__autocorrelation__lag_1024,x__autocorrelation__lag_128,x__autocorrelation__lag_16384,x__autocorrelation__lag_2048,x__autocorrelation__lag_256,x__autocorrelation__lag_4096,x__autocorrelation__lag_512,x__autocorrelation__lag_8192
A,-0.19153823969098982,-0.23226774770756672,-0.18126518983153564,-0.184816190036092,-0.24255489009149092,-0.18100149521663325,-0.2698398260859244,-0.18661662097017973
