id,x__autocorrelation__lag_1024,x__autocorrelation__lag_128,x__autocorrelation__lag_16384,x__autocorrelation__lag_2048,x__autocorrelation__lag_256,x__autocorrelation__lag_4096,x__autocorrelation__lag_512,x__autocorrelation__lag_8192
A,-0.13284241428910712,-0.26350524779166495,-0.12159503875386998,-0.12623660001603007,-0.17182462689674455,-0.12319581867158005,-0.1749371509869731,-0.12819773616165728
