id,x__autocorrelation__lag_1024,x__autocorrelation__lag_128,x__autocorrelation__lag_16384,x__autocorrelation__lag_2048,x__autocorrelation__lag_256,x__autocorrelation__lag_4096,x__autocorrelation__lag_512,x__autocorrelation__lag_8192
A,-0.16471025634786313,-0.33358889953705967,-0.1617786217848406,-0.16366138830092614,-0.18491826043327608,-0.1642985957770847,-0.2095347892441104,-0.16533899570894953
