id,x__autocorrelation__lag_1024,x__autocorrelation__lag_128,x__autocorrelation__lag_16384,x__autocorrelation__lag_2048,x__autocorrelation__lag_256,x__autocorrelation__lag_4096,x__autocorrelation__lag_512,x__autocorrelation__lag_8192
A,0.571837854001316,-0.6733241063205238,0.5603874478142402,0.561180547218281,0.5818241976668113,0.5610746483007549,0.5735997817787146,0.5615182020307601
