id,x__autocorrelation__lag_1024,x__autocorrelation__lag_128,x__autocorrelation__lag_16384,x__autocorrelation__lag_2048,x__autocorrelation__lag_256,x__autocorrelation__lag_4096,x__autocorrelation__lag_512,x__autocorrelation__lag_8192
A,-0.2163443292808787,-0.12037454501434991,-0.21255207720426844,-0.21429505454403386,-0.2768179062898827,-0.20977574634966079,-0.30695883778366023,-0.21489463069752737
