id,x__autocorrelation__lag_1024,x__autocorrelation__lag_128,x__autocorrelation__lag_16384,x__autocorrelation__lag_2048,x__autocorrelation__lag_256,x__autocorrelation__lag_4096,x__autocorrelation__lag_512,x__autocorrelation__lag_8192
A,-0.11001179607729114,-0.30569264671813756,-0.10607010438247837,-0.11435163654610299,-0.15828074922429156,-0.10992962901188931,-0.18221919631408928,-0.116687582424685
