id,x__autocorrelation__lag_1024,x__autocorrelation__lag_128,x__autocorrelation__lag_16384,x__autocorrelation__lag_2048,x__autocorrelation__lag_256,x__autocorrelation__lag_4096,x__autocorrelation__lag_512,x__autocorrelation__lag_8192
A,-0.11753866579069155,-0.2669832087906757,-0.13352323965960547,-0.13719126133467127,-0.1853957421397216,-0.1333041347711085,-0.23110174403138128,-0.13918234875526933
