id,x__autocorrelation__lag_1024,x__autocorrelation__lag_128,x__autocorrelation__lag_16384,x__autocorrelation__lag_2048,x__autocorrelation__lag_256,x__autocorrelation__lag_4096,x__autocorrelation__lag_512,x__autocorrelation__lag_8192
A,0.33515143686391274,-0.5810981884059969,0.3326354564772692,0.33592488761977735,0.3293257915971489,0.33698337543820217,0.3331803757099011,0.33792562740731097
