id,x__autocorrelation__lag_1024,x__autocorrelation__lag_128,x__autocorrelation__lag_16384,x__autocorrelation__lag_2048,x__autocorrelation__lag_256,x__autocorrelation__lag_4096,x__autocorrelation__lag_512,x__autocorrelation__lag_8192
A,0.43800349914494985,-0.6502912367218904,0.4335646786891759,0.43578309320137554,0.43800859693726446,0.4376222149202716,0.4439922120990196,0.4381349502038595
