id,x__autocorrelation__lag_1024,x__autocorrelation__lag_128,x__autocorrelation__lag_16384,x__autocorrelation__lag_2048,x__autocorrelation__lag_256,x__autocorrelation__lag_4096,x__autocorrelation__lag_512,x__autocorrelation__lag_8192
A,-0.16446530428254583,-0.27758600771868874,-0.16352636556921848,-0.16568109517033255,-0.21869616944029413,-0.16249258765330898,-0.24453391124103108,-0.16627451239774954
