id,x__autocorrelation__lag_1024,x__autocorrelation__lag_128,x__autocorrelation__lag_16384,x__autocorrelation__lag_2048,x__autocorrelation__lag_256,x__autocorrelation__lag_4096,x__autocorrelation__lag_512,x__autocorrelation__lag_8192
A,0.5436021738468938,-0.6816147488430777,0.5324289379251236,0.5351414233653079,0.5597692565879544,0.5340443240210208,0.5577870379040759,0.5365228410124666
