id,x__autocorrelation__lag_1024,x__autocorrelation__lag_128,x__autocorrelation__lag_16384,x__autocorrelation__lag_2048,x__autocorrelation__lag_256,x__autocorrelation__lag_4096,x__autocorrelation__lag_512,x__autocorrelation__lag_8192
A,-0.22833879445233415,-0.05112377035434867,-0.22601156231583125,-0.24344731106392076,-0.29955234436033545,-0.23360477370449556,-0.33012692876183203,-0.24710758420663856
