id,x__autocorrelation__lag_1024,x__autocorrelation__lag_128,x__autocorrelation__lag_16384,x__autocorrelation__lag_2048,x__autocorrelation__lag_256,x__autocorrelation__lag_4096,x__autocorrelation__lag_512,x__autocorrelation__lag_8192
A,-0.11257876471888716,-0.2881300625097985,-0.13930654798807926,-0.14910150050330864,-0.1654133883568913,-0.14939010231173108,-0.2528009072896802,-0.14576883390233245
