id,x__autocorrelation__lag_1024,x__autocorrelation__lag_128,x__autocorrelation__lag_16384,x__autocorrelation__lag_2048,x__autocorrelation__lag_256,x__autocorrelation__lag_4096,x__autocorrelation__lag_512,x__autocorrelation__lag_8192
A,-0.1554145363886892,-0.3102517983116526,-0.15339084818974447,-0.15608141066230902,-0.20466425265213362,-0.15313113230047948,-0.2196291305179091,-0.15570264742969794
