id,x__autocorrelation__lag_1024,x__autocorrelation__lag_128,x__autocorrelation__lag_16384,x__autocorrelation__lag_2048,x__autocorrelation__lag_256,x__autocorrelation__lag_4096,x__autocorrelation__lag_512,x__autocorrelation__lag_8192
A,-0.1723248752083016,-0.16255823517781695,-0.17785930529534333,-0.1800943679332839,-0.2362344156462458,-0.17549502049930582,-0.27540271305581565,-0.18041415605345143
