id,x__autocorrelation__lag_1024,x__autocorrelation__lag_128,x__autocorrelation__lag_16384,x__autocorrelation__lag_2048,x__autocorrelation__lag_256,x__autocorrelation__lag_4096,x__autocorrelation__lag_512,x__autocorrelation__lag_8192
A,-0.1979954757371114,-0.08744630548541074,-0.20151395442897363,-0.20198946708995194,-0.2642969022512338,-0.19794240839373897,-0.30024279101307044,-0.20230080826985486
