id,x__autocorrelation__lag_1024,x__autocorrelation__lag_128,x__autocorrelation__lag_16384,x__autocorrelation__lag_2048,x__autocorrelation__lag_256,x__autocorrelation__lag_4096,x__autocorrelation__lag_512,x__autocorrelation__lag_8192
A,-0.1961670370387073,-0.24339981891022108,-0.19326032126242723,-0.1936994539275029,-0.2559900515480929,-0.19038587817385444,-0.2791440842158236,-0.19312147584511916
