id,x__autocorrelation__lag_1024,x__autocorrelation__lag_128,x__autocorrelation__lag_16384,x__autocorrelation__lag_2048,x__autocorrelation__lag_256,x__autocorrelation__lag_4096,x__autocorrelation__lag_512,x__autocorrelation__lag_8192
A,-0.16978235096449432,-0.2621670605055377,-0.16655089489651312,-0.16950241651618317,-0.21875878725812817,-0.16605203909084734,-0.24519151305825868,-0.17041660002835884
