id,x__autocorrelation__lag_1024,x__autocorrelation__lag_128,x__autocorrelation__lag_16384,x__autocorrelation__lag_2048,x__autocorrelation__lag_256,x__autocorrelation__lag_4096,x__autocorrelation__lag_512,x__autocorrelation__lag_8192
A,-0.10726340194306967,-0.2882642520948101,-0.11463902956628207,-0.11869331418899991,-0.16174716193794916,-0.1157701341499083,-0.19964852048324885,-0.12101656385940425
