id,x__autocorrelation__lag_1024,x__autocorrelation__lag_128,x__autocorrelation__lag_16384,x__autocorrelation__lag_2048,x__autocorrelation__lag_256,x__autocorrelation__lag_4096,x__autocorrelation__lag_512,x__autocorrelation__lag_8192
A,-0.17147497361594327,-0.20816969405689614,-0.16927630729188015,-0.17206633546247016,-0.22401275338528162,-0.168627560353198,-0.25557406950869765,-0.17303758775877207
