id,x__autocorrelation__lag_1024,x__autocorrelation__lag_128,x__autocorrelation__lag_16384,x__autocorrelation__lag_2048,x__autocorrelation__lag_256,x__autocorrelation__lag_4096,x__autocorrelation__lag_512,x__autocorrelation__lag_8192
A,-0.20778914619289954,-0.06468011104669268,-0.20453098046657892,-0.2047566491445605,-0.27654317927541616,-0.20116661885897205,-0.3103099692900335,-0.20544872289151786
