id,x__autocorrelation__lag_1024,x__autocorrelation__lag_128,x__autocorrelation__lag_16384,x__autocorrelation__lag_2048,x__autocorrelation__lag_256,x__autocorrelation__lag_4096,x__autocorrelation__lag_512,x__autocorrelation__lag_8192
A,-0.17534867096846068,-0.2889852358383194,-0.1593441117155766,-0.16982177309978477,-0.20645001124297363,-0.16436232074143092,-0.20674242349585922,-0.17239145960658886
