id,x__autocorrelation__lag_1024,x__autocorrelation__lag_128,x__autocorrelation__lag_16384,x__autocorrelation__lag_2048,x__autocorrelation__lag_256,x__autocorrelation__lag_4096,x__autocorrelation__lag_512,x__autocorrelation__lag_8192
A,-0.14578946370694082,-0.2762663260806485,-0.1493140147184612,-0.15264847691402372,-0.20579601041003007,-0.14936875067078811,-0.23792212183822264,-0.154165027796868
