id,x__autocorrelation__lag_1024,x__autocorrelation__lag_128,x__autocorrelation__lag_16384,x__autocorrelation__lag_2048,x__autocorrelation__lag_256,x__autocorrelation__lag_4096,x__autocorrelation__lag_512,x__autocorrelation__lag_8192
A,-0.1967204320607461,-0.09799352210891608,-0.19726823148949948,-0.19685470005265607,-0.2600824656949705,-0.19334118342134446,-0.29204792453918327,-0.19692202148249305
