id,x__autocorrelation__lag_1024,x__autocorrelation__lag_128,x__autocorrelation__lag_16384,x__autocorrelation__lag_2048,x__autocorrelation__lag_256,x__autocorrelation__lag_4096,x__autocorrelation__lag_512,x__autocorrelation__lag_8192
A,-0.18977410502531247,-0.0817729051779533,-0.19073617639708174,-0.18991412351120676,-0.2560277168688227,-0.18607253976324006,-0.28839744354172314,-0.18964270950369239
