id,x__autocorrelation__lag_1024,x__autocorrelation__lag_128,x__autocorrelation__lag_16384,x__autocorrelation__lag_2048,x__autocorrelation__lag_256,x__autocorrelation__lag_4096,x__autocorrelation__lag_512,x__autocorrelation__lag_8192
A,-0.07507005058785167,-0.3155946733468077,-0.08307679526627937,-0.08698129372729745,-0.13276794207499387,-0.08322077903660871,-0.16636441841654592,-0.08821950213820702
