id,x__autocorrelation__lag_1024,x__autocorrelation__lag_128,x__autocorrelation__lag_16384,x__autocorrelation__lag_2048,x__autocorrelation__lag_256,x__autocorrelation__lag_4096,x__autocorrelation__lag_512,x__autocorrelation__lag_8192
A,-0.18467671251994816,-0.21496344093139916,-0.17989866406600152,-0.1825549596323121,-0.24091486842355803,-0.17838473359780543,-0.2688822015009212,-0.18297278896957633
