id,x__autocorrelation__lag_1024,x__autocorrelation__lag_128,x__autocorrelation__lag_16384,x__autocorrelation__lag_2048,x__autocorrelation__lag_256,x__autocorrelation__lag_4096,x__autocorrelation__lag_512,x__autocorrelation__lag_8192
A,-0.06295366716261505,-0.0655320225944632,-0.1604904040223122,-0.19212913138047097,-0.2560392793158308,-0.19994636136941615,-0.30383996438528743,-0.22111459976462036
