id,x__autocorrelation__lag_1024,x__autocorrelation__lag_128,x__autocorrelation__lag_16384,x__autocorrelation__lag_2048,x__autocorrelation__lag_256,x__autocorrelation__lag_4096,x__autocorrelation__lag_512,x__autocorrelation__lag_8192
A,0.5373947228124831,-0.6634882201822608,0.5228097678724539,0.5259509530679017,0.5488514085624977,0.5249330639440403,0.5454781304822404,0.5278266204547248
