id,x__autocorrelation__lag_1024,x__autocorrelation__lag_128,x__autocorrelation__lag_16384,x__autocorrelation__lag_2048,x__autocorrelation__lag_256,x__autocorrelation__lag_4096,x__autocorrelation__lag_512,x__autocorrelation__lag_8192
A,-0.0881265686223812,-0.3031486950527142,-0.09329886681193474,-0.10207665157051733,-0.14424717370036919,-0.09724340365708395,-0.16694256298164992,-0.1044925432239232
