id,x__autocorrelation__lag_1024,x__autocorrelation__lag_128,x__autocorrelation__lag_16384,x__autocorrelation__lag_2048,x__autocorrelation__lag_256,x__autocorrelation__lag_4096,x__autocorrelation__lag_512,x__autocorrelation__lag_8192
A,-0.09372283932553135,-0.2950972875907779,-0.09763572346129788,-0.10698488087783396,-0.14865120142376265,-0.10216663893404554,-0.17871959821247452,-0.10966163192826509
