id,x__autocorrelation__lag_1024,x__autocorrelation__lag_128,x__autocorrelation__lag_16384,x__autocorrelation__lag_2048,x__autocorrelation__lag_256,x__autocorrelation__lag_4096,x__autocorrelation__lag_512,x__autocorrelation__lag_8192
A,-0.1341850494028528,-0.2830045358397397,-0.12094124638692945,-0.12862169726015354,-0.17035090293240637,-0.12454518995184245,-0.16914138168646706,-0.13075607025915853
