id,x__autocorrelation__lag_1024,x__autocorrelation__lag_128,x__autocorrelation__lag_16384,x__autocorrelation__lag_2048,x__autocorrelation__lag_256,x__autocorrelation__lag_4096,x__autocorrelation__lag_512,x__autocorrelation__lag_8192
A,-0.16858751029634203,-0.2873029387032153,-0.1530249962444467,-0.15991626936528858,-0.20638427575448967,-0.1560328089439042,-0.20124234820659542,-0.16130645228570098
