id,x__autocorrelation__lag_1024,x__autocorrelation__lag_128,x__autocorrelation__lag_16384,x__autocorrelation__lag_2048,x__autocorrelation__lag_256,x__autocorrelation__lag_4096,x__autocorrelation__lag_512,x__autocorrelation__lag_8192
A,0.5563977877947863,-0.7170785838632637,0.5499109909893217,0.5504780677285742,0.5768431515666038,0.5502745685097967,0.5764589347760418,0.551202450267911
