id,x__autocorrelation__lag_1024,x__autocorrelation__lag_128,x__autocorrelation__lag_16384,x__autocorrelation__lag_2048,x__autocorrelation__lag_256,x__autocorrelation__lag_4096,x__autocorrelation__lag_512,x__autocorrelation__lag_8192
A,-0.1444066677295326,-0.2934522436629182,-0.12556803286993462,-0.13372215739702523,-0.17649111029832543,-0.12919359585368867,-0.17231112657984485,-0.13550413523066224
