id,x__autocorrelation__lag_1024,x__autocorrelation__lag_128,x__autocorrelation__lag_16384,x__autocorrelation__lag_2048,x__autocorrelation__lag_256,x__autocorrelation__lag_4096,x__autocorrelation__lag_512,x__autocorrelation__lag_8192
A,-0.1482249511810531,-0.24091827284326797,-0.14775398221599312,-0.14952156456600024,-0.2082727496500076,-0.14645576145036124,-0.23889496254194068,-0.15062352479065744
