id,x__autocorrelation__lag_1024,x__autocorrelation__lag_128,x__autocorrelation__lag_16384,x__autocorrelation__lag_2048,x__autocorrelation__lag_256,x__autocorrelation__lag_4096,x__autocorrelation__lag_512,x__autocorrelation__lag_8192
A,-0.2200627829546978,-0.24861692561444465,-0.205972557577561,-0.20878769477033995,-0.26975622318426057,-0.20526541013732114,-0.2797299678707479,-0.20818650449259052
