id,x__autocorrelation__lag_1024,x__autocorrelation__lag_128,x__autocorrelation__lag_16384,x__autocorrelation__lag_2048,x__autocorrelation__lag_256,x__autocorrelation__lag_4096,x__autocorrelation__lag_512,x__autocorrelation__lag_8192
A,-0.15428287639063373,-0.21807648433853133,-0.14535528611601403,-0.15087176934162877,-0.18845369838669607,-0.14770929231622326,-0.19166966671627236,-0.1531325797537832
