id,x__autocorrelation__lag_1024,x__autocorrelation__lag_128,x__autocorrelation__lag_16384,x__autocorrelation__lag_2048,x__autocorrelation__lag_256,x__autocorrelation__lag_4096,x__autocorrelation__lag_512,x__autocorrelation__lag_8192
A,-0.22843011581823744,-0.0961385525087739,-0.21740000610789104,-0.2183964710014445,-0.29451987951265635,-0.21349703586339713,-0.32047805929394757,-0.21883521964836344
