id,x__autocorrelation__lag_1024,x__autocorrelation__lag_128,x__autocorrelation__lag_16384,x__autocorrelation__lag_2048,x__autocorrelation__lag_256,x__autocorrelation__lag_4096,x__autocorrelation__lag_512,x__autocorrelation__lag_8192
A,-0.21520896483120366,-0.24954229417952745,-0.20454293459602024,-0.20688335389173673,-0.2642041863435424,-0.20241945960110735,-0.2838165585033739,-0.2069789888197765
