id,x__autocorrelation__lag_1024,x__autocorrelation__lag_128,x__autocorrelation__lag_16384,x__autocorrelation__lag_2048,x__autocorrelation__lag_256,x__autocorrelation__lag_4096,x__autocorrelation__lag_512,x__autocorrelation__lag_8192
A,-0.17977923386929487,-0.21411534288984574,-0.17683350813335047,-0.1778591323364764,-0.23955466191255154,-0.1735091048031173,-0.2677071740584483,-0.17792685975605735
