id,x__autocorrelation__lag_1024,x__autocorrelation__lag_128,x__autocorrelation__lag_16384,x__autocorrelation__lag_2048,x__autocorrelation__lag_256,x__autocorrelation__lag_4096,x__autocorrelation__lag_512,x__autocorrelation__lag_8192
A,-0.17809133425686785,-0.2170952095870726,-0.1750656571001241,-0.17727770411776725,-0.23868518815030876,-0.17321166755073916,-0.2701789894047722,-0.1784313530430034
