id,x__autocorrelation__lag_1024,x__autocorrelation__lag_128,x__autocorrelation__lag_16384,x__autocorrelation__lag_2048,x__autocorrelation__lag_256,x__autocorrelation__lag_4096,x__autocorrelation__lag_512,x__autocorrelation__lag_8192
A,0.548138575877635,-0.7317907439791703,0.5439668990267152,0.5438287066154718,0.5723003952744677,0.544401704012206,0.5736447378464593,0.5445110124347526
