id,x__autocorrelation__lag_1024,x__autocorrelation__lag_128,x__autocorrelation__lag_16384,x__autocorrelation__lag_2048,x__autocorrelation__lag_256,x__autocorrelation__lag_4096,x__autocorrelation__lag_512,x__autocorrelation__lag_8192
A,-0.20351999591762762,-0.049544427415139425,-0.22269132508354098,-0.24716811674511321,-0.28931580952811836,-0.23743471263460272,-0.3266178606321345,-0.2524683725539472
