id,x__autocorrelation__lag_1024,x__autocorrelation__lag_128,x__autocorrelation__lag_16384,x__autocorrelation__lag_2048,x__autocorrelation__lag_256,x__autocorrelation__lag_4096,x__autocorrelation__lag_512,x__autocorrelation__lag_8192
A,-0.2662421920259361,-0.37093463281610334,-0.2666926748306186,-0.2671011457141926,-0.28282849248699743,-0.2680477612124199,-0.3065859371783972,-0.25741471800301485
