id,x__autocorrelation__lag_1024,x__autocorrelation__lag_128,x__autocorrelation__lag_16384,x__autocorrelation__lag_2048,x__autocorrelation__lag_256,x__autocorrelation__lag_4096,x__autocorrelation__lag_512,x__autocorrelation__lag_8192
A,-0.0969158163376003,-0.26005984608191535,-0.10435066702631325,-0.1095570403365412,-0.17079452806269174,-0.10459492751766433,-0.2170550344686516,-0.1116300723822643
