id,x__autocorrelation__lag_1024,x__autocorrelation__lag_128,x__autocorrelation__lag_16384,x__autocorrelation__lag_2048,x__autocorrelation__lag_256,x__autocorrelation__lag_4096,x__autocorrelation__lag_512,x__autocorrelation__lag_8192
A,-0.11033127636519097,-0.3078695853274003,-0.10811564603537524,-0.11095629632830532,-0.1606463432135805,-0.10797104898953377,-0.183152612934374,-0.11213805094796617
