id,x__autocorrelation__lag_1024,x__autocorrelation__lag_128,x__autocorrelation__lag_16384,x__autocorrelation__lag_2048,x__autocorrelation__lag_256,x__autocorrelation__lag_4096,x__autocorrelation__lag_512,x__autocorrelation__lag_8192
A,-0.18958073865997035,-0.10093480964220725,-0.19713262490293143,-0.1980942669094877,-0.255533057427926,-0.1936008537396289,-0.2950027585215543,-0.19857826092684994
