id,x__autocorrelation__lag_1024,x__autocorrelation__lag_128,x__autocorrelation__lag_16384,x__autocorrelation__lag_2048,x__autocorrelation__lag_256,x__autocorrelation__lag_4096,x__autocorrelation__lag_512,x__autocorrelation__lag_8192
A,0.5868430934823237,-0.7266469663700355,0.5784712686633419,0.5845936100459578,0.6064490736748842,0.5826248113012396,0.6054881536379962,0.5861784560001894
