id,x__autocorrelation__lag_1024,x__autocorrelation__lag_128,x__autocorrelation__lag_16384,x__autocorrelation__lag_2048,x__autocorrelation__lag_256,x__autocorrelation__lag_4096,x__autocorrelation__lag_512,x__autocorrelation__lag_8192
A,-0.20692193112227203,-0.04085796135048188,-0.20847609023230723,-0.2076522757076961,-0.28920311558390427,-0.20450323455937833,-0.321322045830845,-0.2086297414995748
