id,x__autocorrelation__lag_1024,x__autocorrelation__lag_128,x__autocorrelation__lag_16384,x__autocorrelation__lag_2048,x__autocorrelation__lag_256,x__autocorrelation__lag_4096,x__autocorrelation__lag_512,x__autocorrelation__lag_8192
A,0.5412164695367173,-0.6599469759468937,0.5290840774798256,0.5303610973763473,0.5456133453675032,0.5294247429906092,0.5443871332066271,0.5312530655603489
