id,x__autocorrelation__lag_1024,x__autocorrelation__lag_128,x__autocorrelation__lag_16384,x__autocorrelation__lag_2048,x__autocorrelation__lag_256,x__autocorrelation__lag_4096,x__autocorrelation__lag_512,x__autocorrelation__lag_8192
A,-0.13092033868794814,-0.2514043593588134,-0.11145888849530254,-0.11849429246495659,-0.1604690408838275,-0.11445762634379396,-0.15849986432476276,-0.120900806833069
