id,x__autocorrelation__lag_1024,x__autocorrelation__lag_128,x__autocorrelation__lag_16384,x__autocorrelation__lag_2048,x__autocorrelation__lag_256,x__autocorrelation__lag_4096,x__autocorrelation__lag_512,x__autocorrelation__lag_8192
A,-0.21620712821532645,-0.11308716934688925,-0.21347828247336725,-0.21365443186432478,-0.2815836855184257,-0.20914324563053927,-0.31754193361044575,-0.21323441962988282
