id,x__autocorrelation__lag_1024,x__autocorrelation__lag_128,x__autocorrelation__lag_16384,x__autocorrelation__lag_2048,x__autocorrelation__lag_256,x__autocorrelation__lag_4096,x__autocorrelation__lag_512,x__autocorrelation__lag_8192
A,-0.11474784088783063,-0.2603945224272009,-0.12838179103065336,-0.13251164908328333,-0.18310585777785682,-0.12805348274384554,-0.22665032771174715,-0.13427851944229185
