id,x__autocorrelation__lag_1024,x__autocorrelation__lag_128,x__autocorrelation__lag_16384,x__autocorrelation__lag_2048,x__autocorrelation__lag_256,x__autocorrelation__lag_4096,x__autocorrelation__lag_512,x__autocorrelation__lag_8192
A,-0.130785426288457,-0.2848997144663181,-0.12287469713900126,-0.12865831419270696,-0.17310325092536483,-0.1252766733165593,-0.17942828086662863,-0.1301171332085279
