id,x__autocorrelation__lag_1024,x__autocorrelation__lag_128,x__autocorrelation__lag_16384,x__autocorrelation__lag_2048,x__autocorrelation__lag_256,x__autocorrelation__lag_4096,x__autocorrelation__lag_512,x__autocorrelation__lag_8192
A,-0.1874006872982034,-0.04538475295128025,-0.2089502539914475,-0.23760705484494904,-0.2782089397909809,-0.22567864261682732,-0.32176569824335804,-0.242288545828117
