id,x__autocorrelation__lag_1024,x__autocorrelation__lag_128,x__autocorrelation__lag_16384,x__autocorrelation__lag_2048,x__autocorrelation__lag_256,x__autocorrelation__lag_4096,x__autocorrelation__lag_512,x__autocorrelation__lag_8192
A,-0.10786481533164467,-0.3118043372133612,-0.11456983866401074,-0.12315326790167602,-0.1634266838574464,-0.11785718292231338,-0.19519766760819643,-0.1256356916297229
