id,x__autocorrelation__lag_1024,x__autocorrelation__lag_128,x__autocorrelation__lag_16384,x__autocorrelation__lag_2048,x__autocorrelation__lag_256,x__autocorrelation__lag_4096,x__autocorrelation__lag_512,x__autocorrelation__lag_8192
A,0.5557327325025374,-0.6651887819834736,0.5437131953293872,0.5462855915658512,0.5664406252869448,0.5452427735662443,0.5589933779972929,0.5473363407557276
