id,x__autocorrelation__lag_1024,x__autocorrelation__lag_128,x__autocorrelation__lag_16384,x__autocorrelation__lag_2048,x__autocorrelation__lag_256,x__autocorrelation__lag_4096,x__autocorrelation__lag_512,x__autocorrelation__lag_8192
A,0.5773555646119787,-0.6778577059675617,0.5606536417764003,0.5645590348369207,0.5857937531202371,0.5634449719674638,0.5768674295937151,0.5659308062616656
