id,x__autocorrelation__lag_1024,x__autocorrelation__lag_128,x__autocorrelation__lag_16384,x__autocorrelation__lag_2048,x__autocorrelation__lag_256,x__autocorrelation__lag_4096,x__autocorrelation__lag_512,x__autocorrelation__lag_8192
A,-0.1955947340753289,-0.24041414299801875,-0.1828888987639671,-0.18946749804541074,-0.23129652591591016,-0.1855121135376376,-0.23337702795604165,-0.1913772399348882
