id,x__autocorrelation__lag_1024,x__autocorrelation__lag_128,x__autocorrelation__lag_16384,x__autocorrelation__lag_2048,x__autocorrelation__lag_256,x__autocorrelation__lag_4096,x__autocorrelation__lag_512,x__autocorrelation__lag_8192
A,-0.1084176716283665,-0.27468908355772387,-0.1360976849203876,-0.14551122789335513,-0.15704899604297728,-0.1422676627734922,-0.2527801620313806,-0.13275818877248724
