id,x__autocorrelation__lag_1024,x__autocorrelation__lag_128,x__autocorrelation__lag_16384,x__autocorrelation__lag_2048,x__autocorrelation__lag_256,x__autocorrelation__lag_4096,x__autocorrelation__lag_512,x__autocorrelation__lag_8192
A,-0.1316899330818986,-0.23404086840332608,-0.13001563863848806,-0.135291223622007,-0.17184509344038923,-0.13215006130734838,-0.18467058749451581,-0.13756232662066661
