id,x__autocorrelation__lag_1024,x__autocorrelation__lag_128,x__autocorrelation__lag_16384,x__autocorrelation__lag_2048,x__autocorrelation__lag_256,x__autocorrelation__lag_4096,x__autocorrelation__lag_512,x__autocorrelation__lag_8192
A,-0.08301984346002751,-0.31403699491992426,-0.08472709288921819,-0.08901158293673339,-0.13309683731244623,-0.08623032241872364,-0.16075554582805768,-0.09066400146908003
