id,x__autocorrelation__lag_1024,x__autocorrelation__lag_128,x__autocorrelation__lag_16384,x__autocorrelation__lag_2048,x__autocorrelation__lag_256,x__autocorrelation__lag_4096,x__autocorrelation__lag_512,x__autocorrelation__lag_8192
A,-0.15788716528540214,-0.29222331522712786,-0.14247367439729158,-0.1500642580667868,-0.19663018637091645,-0.14534010397344968,-0.19160465587003989,-0.15153821360719358
