id,x__autocorrelation__lag_1024,x__autocorrelation__lag_128,x__autocorrelation__lag_16384,x__autocorrelation__lag_2048,x__autocorrelation__lag_256,x__autocorrelation__lag_4096,x__autocorrelation__lag_512,x__autocorrelation__lag_8192
A,-0.20740331589609115,-0.08519560959059945,-0.21001306574344528,-0.21105933046035932,-0.2703738767866138,-0.2062106310240757,-0.30523257180374,-0.21178895115300286
