id,x__autocorrelation__lag_1024,x__autocorrelation__lag_128,x__autocorrelation__lag_16384,x__autocorrelation__lag_2048,x__autocorrelation__lag_256,x__autocorrelation__lag_4096,x__autocorrelation__lag_512,x__autocorrelation__lag_8192
A,-0.12745581056893207,-0.30058086550736124,-0.13031033562885322,-0.13415484110637005,-0.18646006135542584,-0.13061022706310493,-0.21779340661599392,-0.13601161140378773
