id,x__autocorrelation__lag_1024,x__autocorrelation__lag_128,x__autocorrelation__lag_16384,x__autocorrelation__lag_2048,x__autocorrelation__lag_256,x__autocorrelation__lag_4096,x__autocorrelation__lag_512,x__autocorrelation__lag_8192
A,-0.0946258728700069,-0.30803939711773387,-0.14123332365003902,-0.15779031425265055,-0.1562879066279362,-0.149553940645788,-0.2820332468005702,-0.14672856867245584
