id,x__autocorrelation__lag_1024,x__autocorrelation__lag_128,x__autocorrelation__lag_16384,x__autocorrelation__lag_2048,x__autocorrelation__lag_256,x__autocorrelation__lag_4096,x__autocorrelation__lag_512,x__autocorrelation__lag_8192
A,-0.16365368642321465,-0.19272462411584254,-0.16987174949088354,-0.17123619133221657,-0.22761356007147207,-0.1669908648343556,-0.2688020086440844,-0.17159716744688713
