id,x__autocorrelation__lag_1024,x__autocorrelation__lag_128,x__autocorrelation__lag_16384,x__autocorrelation__lag_2048,x__autocorrelation__lag_256,x__autocorrelation__lag_4096,x__autocorrelation__lag_512,x__autocorrelation__lag_8192
A,0.5636532359888115,-0.7258672363372036,0.5584456653165213,0.5583774283669974,0.5871363009709625,0.5586307391209828,0.5843632865490966,0.5586815509808792
