id,x__autocorrelation__lag_1024,x__autocorrelation__lag_128,x__autocorrelation__lag_16384,x__autocorrelation__lag_2048,x__autocorrelation__lag_256,x__autocorrelation__lag_4096,x__autocorrelation__lag_512,x__autocorrelation__lag_8192
A,-0.025004715245353082,-0.19568084052088344,-0.10921233899990801,-0.06037567577674741,-0.19338753381549706,-0.08099051294991651,-0.1477645714661363,-0.07400793360571022
