id,x__autocorrelation__lag_1024,x__autocorrelation__lag_128,x__autocorrelation__lag_16384,x__autocorrelation__lag_2048,x__autocorrelation__lag_256,x__autocorrelation__lag_4096,x__autocorrelation__lag_512,x__autocorrelation__lag_8192
A,-0.13143041862747495,-0.24009087486109762,-0.1283196466447796,-0.13389545412110523,-0.17593182851384134,-0.13069335745302157,-0.18894532961456695,-0.1368029525989301
