id,x__autocorrelation__lag_1024,x__autocorrelation__lag_128,x__autocorrelation__lag_16384,x__autocorrelation__lag_2048,x__autocorrelation__lag_256,x__autocorrelation__lag_4096,x__autocorrelation__lag_512,x__autocorrelation__lag_8192
A,-0.055699814270543394,-0.05299286043110926,-0.15689107681996164,-0.20495317930656295,-0.2401488991567919,-0.19366729676818756,-0.3371634434669299,-0.2256691726690252
