id,x__autocorrelation__lag_1024,x__autocorrelation__lag_128,x__autocorrelation__lag_16384,x__autocorrelation__lag_2048,x__autocorrelation__lag_256,x__autocorrelation__lag_4096,x__autocorrelation__lag_512,x__autocorrelation__lag_8192
A,-0.20557548992778035,-0.04352947647772683,-0.21125792985676656,-0.231698505480765,-0.28127810750058474,-0.22224286306652893,-0.31415387391503413,-0.23632298518413897
