id,x__autocorrelation__lag_1024,x__autocorrelation__lag_128,x__autocorrelation__lag_16384,x__autocorrelation__lag_2048,x__autocorrelation__lag_256,x__autocorrelation__lag_4096,x__autocorrelation__lag_512,x__autocorrelation__lag_8192
A,-0.15541521564598365,-0.29357711543857956,-0.15303301861901158,-0.15679853445258365,-0.21000322343713523,-0.1532852294281433,-0.23555617975587556,-0.15807579420229265
