id,x__autocorrelation__lag_1024,x__autocorrelation__lag_128,x__autocorrelation__lag_16384,x__autocorrelation__lag_2048,x__autocorrelation__lag_256,x__autocorrelation__lag_4096,x__autocorrelation__lag_512,x__autocorrelation__lag_8192
A,-0.07025866225240063,-0.3257871290731558,-0.07636436603950966,-0.08417013683048667,-0.12980262773733997,-0.07958016361881999,-0.16326266247564267,-0.08690210738102389
