id,x__autocorrelation__lag_1024,x__autocorrelation__lag_128,x__autocorrelation__lag_16384,x__autocorrelation__lag_2048,x__autocorrelation__lag_256,x__autocorrelation__lag_4096,x__autocorrelation__lag_512,x__autocorrelation__lag_8192
A,0.3118360597387412,-0.5688105368581445,0.3170498974981114,0.3230846320861217,0.30587371414621944,0.32504486783048603,0.3129171319520625,0.32568461393524634
