id,x__autocorrelation__lag_1024,x__autocorrelation__lag_128,x__autocorrelation__lag_16384,x__autocorrelation__lag_2048,x__autocorrelation__lag_256,x__autocorrelation__lag_4096,x__autocorrelation__lag_512,x__autocorrelation__lag_8192
A,-0.1896659945448275,-0.07331775541174856,-0.23962961820156337,-0.2618759780520107,-0.23852617417875416,-0.2546457538095794,-0.40493802592285283,-0.266339499447154
