id,x__autocorrelation__lag_1024,x__autocorrelation__lag_128,x__autocorrelation__lag_16384,x__autocorrelation__lag_2048,x__autocorrelation__lag_256,x__autocorrelation__lag_4096,x__autocorrelation__lag_512,x__autocorrelation__lag_8192
A,-0.12578770023501168,-0.2735249977798522,-0.13963558300584153,-0.14355354541938448,-0.19097063235970438,-0.13951368502340528,-0.2359847234743357,-0.14447860181151317
