id,x__autocorrelation__lag_1024,x__autocorrelation__lag_128,x__autocorrelation__lag_16384,x__autocorrelation__lag_2048,x__autocorrelation__lag_256,x__autocorrelation__lag_4096,x__autocorrelation__lag_512,x__autocorrelation__lag_8192
A,0.57646750498003,-0.6771649680109674,0.5651078641705146,0.5653807942543805,0.5855035281538695,0.5651734519206875,0.575656944269331,0.5658016777835717
