id,x__autocorrelation__lag_1024,x__autocorrelation__lag_128,x__autocorrelation__lag_16384,x__autocorrelation__lag_2048,x__autocorrelation__lag_256,x__autocorrelation__lag_4096,x__autocorrelation__lag_512,x__autocorrelation__lag_8192
A,0.5792550575823849,-0.6794765107560662,0.5674971097871664,0.5686308280466124,0.587964133806303,0.5681625620432629,0.5797415789571471,0.5687708773978619
