id,x__autocorrelation__lag_1024,x__autocorrelation__lag_128,x__autocorrelation__lag_16384,x__autocorrelation__lag_2048,x__autocorrelation__lag_256,x__autocorrelation__lag_4096,x__autocorrelation__lag_512,x__autocorrelation__lag_8192
A,0.5365599529381334,-0.6568866750974443,0.5250673340869604,0.5260672866503604,0.5434981161166809,0.5255736748594428,0.5398792411626642,0.5271038160910585
