id,x__autocorrelation__lag_1024,x__autocorrelation__lag_128,x__autocorrelation__lag_16384,x__autocorrelation__lag_2048,x__autocorrelation__lag_256,x__autocorrelation__lag_4096,x__autocorrelation__lag_512,x__autocorrelation__lag_8192
A,-0.1024030736671774,-0.015314551273132358,-0.20367030745720846,-0.2224681524977884,-0.2547196203343726,-0.21553620343809718,-0.3039306933016798,-0.22010803817303826
