id,x__autocorrelation__lag_1024,x__autocorrelation__lag_128,x__autocorrelation__lag_16384,x__autocorrelation__lag_2048,x__autocorrelation__lag_256,x__autocorrelation__lag_4096,x__autocorrelation__lag_512,x__autocorrelation__lag_8192
A,-0.1876690759593371,-0.23487879332478423,-0.17571912310822232,-0.1776087630434793,-0.24111000089929396,-0.17430429146621973,-0.2648565094154391,-0.17818299809637395
