id,x__autocorrelation__lag_1024,x__autocorrelation__lag_128,x__autocorrelation__lag_16384,x__autocorrelation__lag_2048,x__autocorrelation__lag_256,x__autocorrelation__lag_4096,x__autocorrelation__lag_512,x__autocorrelation__lag_8192
A,-0.20018246482533908,-0.09427583918040981,-0.1978579838061674,-0.19784918330358936,-0.27081519255952835,-0.19315622735600146,-0.3064679670867846,-0.19701718354903233
