id,x__autocorrelation__lag_1024,x__autocorrelation__lag_128,x__autocorrelation__lag_16384,x__autocorrelation__lag_2048,x__autocorrelation__lag_256,x__autocorrelation__lag_4096,x__autocorrelation__lag_512,x__autocorrelation__lag_8192
A,-0.1115652181765333,-0.2816130848381967,-0.1454529420477968,-0.14824336717687622,-0.16672591607720316,-0.14703951682114105,-0.2457530796352488,-0.1393360594348014
