id,x__autocorrelation__lag_1024,x__autocorrelation__lag_128,x__autocorrelation__lag_16384,x__autocorrelation__lag_2048,x__autocorrelation__lag_256,x__autocorrelation__lag_4096,x__autocorrelation__lag_512,x__autocorrelation__lag_8192
A,0.5742749837263167,-0.7307901427192788,0.5630758186904211,0.5679968688432303,0.5763364564772356,0.5672944510915222,0.5790218864022276,0.5697891870472311
