id,x__autocorrelation__lag_1024,x__autocorrelation__lag_128,x__autocorrelation__lag_16384,x__autocorrelation__lag_2048,x__autocorrelation__lag_256,x__autocorrelation__lag_4096,x__autocorrelation__lag_512,x__autocorrelation__lag_8192
A,-0.19217129685962764,-0.11325214390588918,-0.19366379757504643,-0.19401714528649805,-0.25919823632213396,-0.18990776180182314,-0.2935565296589017,-0.194501106796009
