id,x__autocorrelation__lag_1024,x__autocorrelation__lag_128,x__autocorrelation__lag_16384,x__autocorrelation__lag_2048,x__autocorrelation__lag_256,x__autocorrelation__lag_4096,x__autocorrelation__lag_512,x__autocorrelation__lag_8192
A,-0.05555933939905345,-0.2545429991703678,-0.10629804768549209,-0.08674394585676283,-0.16897858919269082,-0.09062849798769941,-0.18153532318971144,-0.0927013769686861
