id,x__autocorrelation__lag_1024,x__autocorrelation__lag_128,x__autocorrelation__lag_16384,x__autocorrelation__lag_2048,x__autocorrelation__lag_256,x__autocorrelation__lag_4096,x__autocorrelation__lag_512,x__autocorrelation__lag_8192
A,-0.16078478738549007,-0.32987656876882276,-0.16075395263431075,-0.16455914227759252,-0.2043624662845335,-0.16150577921213397,-0.22242677094519808,-0.16467174179619135
