id,x__autocorrelation__lag_1024,x__autocorrelation__lag_128,x__autocorrelation__lag_16384,x__autocorrelation__lag_2048,x__autocorrelation__lag_256,x__autocorrelation__lag_4096,x__autocorrelation__lag_512,x__autocorrelation__lag_8192
A,-0.195317669503429,-0.02734340523846714,-0.1992809114268855,-0.20280501431618442,-0.27526673570785154,-0.19698380015695108,-0.31458490599762134,-0.2038075922229839
