id,x__autocorrelation__lag_1024,x__autocorrelation__lag_128,x__autocorrelation__lag_16384,x__autocorrelation__lag_2048,x__autocorrelation__lag_256,x__autocorrelation__lag_4096,x__autocorrelation__lag_512,x__autocorrelation__lag_8192
A,-0.16838586622593224,-0.3187582832161239,-0.16837750232823,-0.171424715081829,-0.22056642712038874,-0.1683072777333558,-0.2404487530760571,-0.17168664394908645
