id,x__autocorrelation__lag_1024,x__autocorrelation__lag_128,x__autocorrelation__lag_16384,x__autocorrelation__lag_2048,x__autocorrelation__lag_256,x__autocorrelation__lag_4096,x__autocorrelation__lag_512,x__autocorrelation__lag_8192
A,-0.13434958252272539,-0.2605282466085977,-0.13095109914498668,-0.13721710438377757,-0.17220163102041233,-0.13329974276173823,-0.18496101121881403,-0.13885212365067948
