id,x__autocorrelation__lag_1024,x__autocorrelation__lag_128,x__autocorrelation__lag_16384,x__autocorrelation__lag_2048,x__autocorrelation__lag_256,x__autocorrelation__lag_4096,x__autocorrelation__lag_512,x__autocorrelation__lag_8192
A,0.5746747899130908,-0.7207007161322256,0.5590191969288868,0.5626323527813784,0.589512285412545,0.5614456518344141,0.5877168158882612,0.5643135352917514
