id,x__autocorrelation__lag_1024,x__autocorrelation__lag_128,x__autocorrelation__lag_16384,x__autocorrelation__lag_2048,x__autocorrelation__lag_256,x__autocorrelation__lag_4096,x__autocorrelation__lag_512,x__autocorrelation__lag_8192
A,-0.0858204507649523,-0.2785852747687518,-0.10304787696697953,-0.10735659376040313,-0.14727229133899014,-0.10394854954376587,-0.1894920171621014,-0.10948369802306235
