id,x__autocorrelation__lag_1024,x__autocorrelation__lag_128,x__autocorrelation__lag_16384,x__autocorrelation__lag_2048,x__autocorrelation__lag_256,x__autocorrelation__lag_4096,x__autocorrelation__lag_512,x__autocorrelation__lag_8192
A,-0.13185002632660472,-0.2792811452926272,-0.12276508619837379,-0.12926455072262988,-0.17598798791271217,-0.12572773751169147,-0.17983359896272208,-0.1306395968344712
