id,x__autocorrelation__lag_1024,x__autocorrelation__lag_128,x__autocorrelation__lag_16384,x__autocorrelation__lag_2048,x__autocorrelation__lag_256,x__autocorrelation__lag_4096,x__autocorrelation__lag_512,x__autocorrelation__lag_8192
A,-0.12654304856463042,-0.2923663117340057,-0.129660897013835,-0.13389831456397056,-0.17835936768305236,-0.13042191883315543,-0.20604621155329664,-0.13506118487960067
