id,x__autocorrelation__lag_1024,x__autocorrelation__lag_128,x__autocorrelation__lag_16384,x__autocorrelation__lag_2048,x__autocorrelation__lag_256,x__autocorrelation__lag_4096,x__autocorrelation__lag_512,x__autocorrelation__lag_8192
A,-0.2203844589329742,-0.09580440955828491,-0.21635924754106217,-0.21779903521054086,-0.2842014464639816,-0.21332568371163427,-0.3115328490142192,-0.21778482926342174
