id,x__autocorrelation__lag_1024,x__autocorrelation__lag_128,x__autocorrelation__lag_16384,x__autocorrelation__lag_2048,x__autocorrelation__lag_256,x__autocorrelation__lag_4096,x__autocorrelation__lag_512,x__autocorrelation__lag_8192
A,-0.22651569776738123,-0.21671625668232594,-0.21390432119808747,-0.21491447234960542,-0.276569633263712,-0.21135787220572594,-0.29244991253002117,-0.21362447776379237
