id,x__autocorrelation__lag_1024,x__autocorrelation__lag_128,x__autocorrelation__lag_16384,x__autocorrelation__lag_2048,x__autocorrelation__lag_256,x__autocorrelation__lag_4096,x__autocorrelation__lag_512,x__autocorrelation__lag_8192
A,-0.10513691694659917,-0.27073995335545553,-0.13125669681733643,-0.1393485190625339,-0.15838178602998906,-0.1358354269936787,-0.2420365494672483,-0.12964621011518068
