id,x__autocorrelation__lag_1024,x__autocorrelation__lag_128,x__autocorrelation__lag_16384,x__autocorrelation__lag_2048,x__autocorrelation__lag_256,x__autocorrelation__lag_4096,x__autocorrelation__lag_512,x__autocorrelation__lag_8192
A,0.5629101098087667,-0.6847504688756989,0.5490295977669969,0.5514207210298796,0.5768857036296081,0.5507514973939076,0.5716339739781238,0.5523587519084845
