id,x__autocorrelation__lag_1024,x__autocorrelation__lag_128,x__autocorrelation__lag_16384,x__autocorrelation__lag_2048,x__autocorrelation__lag_256,x__autocorrelation__lag_4096,x__autocorrelation__lag_512,x__autocorrelation__lag_8192
A,0.5777042756807799,-0.7415735206664376,0.5697863498487462,0.5723079029855171,0.5890427463964846,0.5720273083239475,0.5930003146930009,0.573546385023408
