id,x__autocorrelation__lag_1024,x__autocorrelation__lag_128,x__autocorrelation__lag_16384,x__autocorrelation__lag_2048,x__autocorrelation__lag_256,x__autocorrelation__lag_4096,x__autocorrelation__lag_512,x__autocorrelation__lag_8192
A,-0.11775710453991065,-0.2892829375029374,-0.12100226899593337,-0.12544659692316598,-0.17194082380413325,-0.12191610143079235,-0.20019753014771147,-0.12741314671652273
