id,x__autocorrelation__lag_1024,x__autocorrelation__lag_128,x__autocorrelation__lag_16384,x__autocorrelation__lag_2048,x__autocorrelation__lag_256,x__autocorrelation__lag_4096,x__autocorrelation__lag_512,x__autocorrelation__lag_8192
A,-0.06164286955556159,-0.0166796087532758,-0.17065938129074582,-0.22285162870490233,-0.24669830914750565,-0.20845454310211292,-0.31097830132162757,-0.22868193007682894
