id,x__autocorrelation__lag_1024,x__autocorrelation__lag_128,x__autocorrelation__lag_16384,x__autocorrelation__lag_2048,x__autocorrelation__lag_256,x__autocorrelation__lag_4096,x__autocorrelation__lag_512,x__autocorrelation__lag_8192
A,-0.18671449143285798,-0.20749552099547502,-0.17748302202854327,-0.18124667176723783,-0.23971352284191566,-0.17723144779197655,-0.26545854007285474,-0.18203080908951927
