id,x__autocorrelation__lag_1024,x__autocorrelation__lag_128,x__autocorrelation__lag_16384,x__autocorrelation__lag_2048,x__autocorrelation__lag_256,x__autocorrelation__lag_4096,x__autocorrelation__lag_512,x__autocorrelation__lag_8192
A,-0.0989775085373354,-0.32921793554943984,-0.09802258217294711,-0.10511115970394576,-0.14799468048872633,-0.10079207924240112,-0.16880262987291758,-0.10673598969367656
