id,x__autocorrelation__lag_1024,x__autocorrelation__lag_128,x__autocorrelation__lag_16384,x__autocorrelation__lag_2048,x__autocorrelation__lag_256,x__autocorrelation__lag_4096,x__autocorrelation__lag_512,x__autocorrelation__lag_8192
A,-0.3282511436215341,-0.34982680403416155,-0.3231296480833894,-0.34163626282424525,-0.35227868317064154,-0.32838641750953257,-0.36710187531344884,-0.32930892977617887
