id,x__autocorrelation__lag_1024,x__autocorrelation__lag_128,x__autocorrelation__lag_16384,x__autocorrelation__lag_2048,x__autocorrelation__lag_256,x__autocorrelation__lag_4096,x__autocorrelation__lag_512,x__autocorrelation__lag_8192
A,-0.2027668081279934,-0.12939578252893394,-0.2017666973380805,-0.20230118509277073,-0.26482445522341347,-0.19839717556966485,-0.29422827673687846,-0.20268761940068203
