id,x__autocorrelation__lag_1024,x__autocorrelation__lag_128,x__autocorrelation__lag_16384,x__autocorrelation__lag_2048,x__autocorrelation__lag_256,x__autocorrelation__lag_4096,x__autocorrelation__lag_512,x__autocorrelation__lag_8192
A,-0.19721353714072476,-0.1614804217924259,-0.19540627211972036,-0.19637033426195857,-0.2545908698206226,-0.1927891475703548,-0.28692297741409706,-0.19726295886161196
