id,x__autocorrelation__lag_1024,x__autocorrelation__lag_128,x__autocorrelation__lag_16384,x__autocorrelation__lag_2048,x__autocorrelation__lag_256,x__autocorrelation__lag_4096,x__autocorrelation__lag_512,x__autocorrelation__lag_8192
A,-0.19053856852175827,-0.13221331719369747,-0.18718074320665834,-0.1876413668204382,-0.2544066975038807,-0.18354640007062673,-0.29024466259893195,-0.1884828996897829
