id,x__autocorrelation__lag_1024,x__autocorrelation__lag_128,x__autocorrelation__lag_16384,x__autocorrelation__lag_2048,x__autocorrelation__lag_256,x__autocorrelation__lag_4096,x__autocorrelation__lag_512,x__autocorrelation__lag_8192
A,-0.21895261986623335,-0.05012993812722745,-0.2191483501075274,-0.23971645218947837,-0.2931499728445722,-0.22927884516654098,-0.32601803031215293,-0.2444330089254768
