id,x__autocorrelation__lag_1024,x__autocorrelation__lag_128,x__autocorrelation__lag_16384,x__autocorrelation__lag_2048,x__autocorrelation__lag_256,x__autocorrelation__lag_4096,x__autocorrelation__lag_512,x__autocorrelation__lag_8192
A,-0.12574788606730714,-0.3024869019185818,-0.13816308085732304,-0.15085379571225416,-0.15782317895224218,-0.14465767699042617,-0.188469277167358,-0.13700566214210125
