id,x__autocorrelation__lag_1024,x__autocorrelation__lag_128,x__autocorrelation__lag_16384,x__autocorrelation__lag_2048,x__autocorrelation__lag_256,x__autocorrelation__lag_4096,x__autocorrelation__lag_512,x__autocorrelation__lag_8192
A,-0.12996887338083973,-0.28587926586506485,-0.13320620779484893,-0.136707687478191,-0.18656698511051123,-0.1332526037765387,-0.22022766642588387,-0.13818428049137976
