id,x__autocorrelation__lag_1024,x__autocorrelation__lag_128,x__autocorrelation__lag_16384,x__autocorrelation__lag_2048,x__autocorrelation__lag_256,x__autocorrelation__lag_4096,x__autocorrelation__lag_512,x__autocorrelation__lag_8192
A,-0.1362787970171655,-0.2639490792048693,-0.1439468832662221,-0.14570712040123002,-0.19882365575181152,-0.14244945057803396,-0.23362494845591447,-0.14618001437650258
