id,x__autocorrelation__lag_1024,x__autocorrelation__lag_128,x__autocorrelation__lag_16384,x__autocorrelation__lag_2048,x__autocorrelation__lag_256,x__autocorrelation__lag_4096,x__autocorrelation__lag_512,x__autocorrelation__lag_8192
A,-0.19158129208697702,-0.22361749596517036,-0.18176991325705855,-0.18462372338313848,-0.24352840577895027,-0.18059957787566067,-0.2659959378951788,-0.18534275996071425
