id,x__autocorrelation__lag_1024,x__autocorrelation__lag_128,x__autocorrelation__lag_16384,x__autocorrelation__lag_2048,x__autocorrelation__lag_256,x__autocorrelation__lag_4096,x__autocorrelation__lag_512,x__autocorrelation__lag_8192
A,-0.2161724439360312,-0.023155055189551084,-0.22254162170064268,-0.22157052278039452,-0.28707112022031317,-0.21759342392614556,-0.32141153026261904,-0.22170517298571865
