id,x__autocorrelation__lag_1024,x__autocorrelation__lag_128,x__autocorrelation__lag_16384,x__autocorrelation__lag_2048,x__autocorrelation__lag_256,x__autocorrelation__lag_4096,x__autocorrelation__lag_512,x__autocorrelation__lag_8192
A,0.5447835370412376,-0.6815888069973918,0.5339663167770604,0.535564816351646,0.5568218467863904,0.5349576284161635,0.5528177796948894,0.5365553997759972
