id,x__autocorrelation__lag_1024,x__autocorrelation__lag_128,x__autocorrelation__lag_16384,x__autocorrelation__lag_2048,x__autocorrelation__lag_256,x__autocorrelation__lag_4096,x__autocorrelation__lag_512,x__autocorrelation__lag_8192
A,0.552876969269579,-0.6887975106008893,0.5403283688260138,0.5430727873083268,0.568774735352111,0.5423019508694175,0.5685097552531587,0.543835437844819
