id,x__autocorrelation__lag_1024,x__autocorrelation__lag_128,x__autocorrelation__lag_16384,x__autocorrelation__lag_2048,x__autocorrelation__lag_256,x__autocorrelation__lag_4096,x__autocorrelation__lag_512,x__autocorrelation__lag_8192
A,-0.13040358927066753,-0.21102182564465127,-0.12228364850506188,-0.12727316894916457,-0.16616763459800787,-0.12414030572182604,-0.17689709944159707,-0.12895588683613218
