id,x__autocorrelation__lag_1024,x__autocorrelation__lag_128,x__autocorrelation__lag_16384,x__autocorrelation__lag_2048,x__autocorrelation__lag_256,x__autocorrelation__lag_4096,x__autocorrelation__lag_512,x__autocorrelation__lag_8192
A,-0.21230613605585327,-0.06974558229821934,-0.21219502893045372,-0.2119486214220694,-0.28055352668659606,-0.20731758854368432,-0.3170701790819931,-0.21234270049971735
