id,x__autocorrelation__lag_1024,x__autocorrelation__lag_128,x__autocorrelation__lag_16384,x__autocorrelation__lag_2048,x__autocorrelation__lag_256,x__autocorrelation__lag_4096,x__autocorrelation__lag_512,x__autocorrelation__lag_8192
A,-0.16071649779019687,-0.28841050027415255,-0.14872158669718621,-0.15755168471483774,-0.2033350772170255,-0.15315670712672932,-0.21164604434635303,-0.16013795136196815
