id,x__autocorrelation__lag_1024,x__autocorrelation__lag_128,x__autocorrelation__lag_16384,x__autocorrelation__lag_2048,x__autocorrelation__lag_256,x__autocorrelation__lag_4096,x__autocorrelation__lag_512,x__autocorrelation__lag_8192
A,-0.0818173722746806,-0.08203834071746086,-0.16120503133776742,-0.19328028232246372,-0.2369373465382347,-0.18604961119764146,-0.3098772334211171,-0.2044747127897203
