id,x__autocorrelation__lag_1024,x__autocorrelation__lag_128,x__autocorrelation__lag_16384,x__autocorrelation__lag_2048,x__autocorrelation__lag_256,x__autocorrelation__lag_4096,x__autocorrelation__lag_512,x__autocorrelation__lag_8192
A,-0.2282814401378079,-0.03751245942104943,-0.2304548886880067,-0.23076210476395262,-0.29420924762021056,-0.22681995680010103,-0.32625703847306015,-0.23147802555303304
