id,x__autocorrelation__lag_1024,x__autocorrelation__lag_128,x__autocorrelation__lag_16384,x__autocorrelation__lag_2048,x__autocorrelation__lag_256,x__autocorrelation__lag_4096,x__autocorrelation__lag_512,x__autocorrelation__lag_8192
A,-0.22744875537164103,-0.07086842434561745,-0.2254877995240421,-0.22734163316747527,-0.29443623028753374,-0.2219811449290249,-0.32609513949385394,-0.2270336061831888
