id,x__autocorrelation__lag_1024,x__autocorrelation__lag_128,x__autocorrelation__lag_16384,x__autocorrelation__lag_2048,x__autocorrelation__lag_256,x__autocorrelation__lag_4096,x__autocorrelation__lag_512,x__autocorrelation__lag_8192
A,-0.18422481691216278,-0.19154068937536708,-0.18972953637265774,-0.18717016657922536,-0.24862573649257547,-0.18466006605327234,-0.2764970187471752,-0.18617704518488595
