id,x__autocorrelation__lag_1024,x__autocorrelation__lag_128,x__autocorrelation__lag_16384,x__autocorrelation__lag_2048,x__autocorrelation__lag_256,x__autocorrelation__lag_4096,x__autocorrelation__lag_512,x__autocorrelation__lag_8192
A,0.5378625309384577,-0.6826156285837199,0.525752250961656,0.526742788337372,0.5567847543584744,0.5261983623073362,0.5559854123868956,0.5275528974548735
