id,x__autocorrelation__lag_1024,x__autocorrelation__lag_128,x__autocorrelation__lag_16384,x__autocorrelation__lag_2048,x__autocorrelation__lag_256,x__autocorrelation__lag_4096,x__autocorrelation__lag_512,x__autocorrelation__lag_8192
A,-0.08869042833403512,-0.2538009517876455,-0.10231404131712198,-0.12069205715932096,-0.14944703265898376,-0.10328876357288956,-0.21074699364320892,-0.10230484654499179
