id,x__autocorrelation__lag_1024,x__autocorrelation__lag_128,x__autocorrelation__lag_16384,x__autocorrelation__lag_2048,x__autocorrelation__lag_256,x__autocorrelation__lag_4096,x__autocorrelation__lag_512,x__autocorrelation__lag_8192
A,0.5699208006810828,-0.7296511219630462,0.5544900147280911,0.559667092103433,0.5758276362055542,0.5580500998289336,0.5787164367391684,0.561657740357119
