id,x__autocorrelation__lag_1024,x__autocorrelation__lag_128,x__autocorrelation__lag_16384,x__autocorrelation__lag_2048,x__autocorrelation__lag_256,x__autocorrelation__lag_4096,x__autocorrelation__lag_512,x__autocorrelation__lag_8192
A,0.5409129623386584,-0.6786471059379507,0.529119317354146,0.532015620468571,0.5536368204807993,0.5308882216903755,0.5525528541054056,0.5331326988602672
