id,x__autocorrelation__lag_1024,x__autocorrelation__lag_128,x__autocorrelation__lag_16384,x__autocorrelation__lag_2048,x__autocorrelation__lag_256,x__autocorrelation__lag_4096,x__autocorrelation__lag_512,x__autocorrelation__lag_8192
A,-0.10003351264807356,-0.30315681553260615,-0.10181391529943916,-0.10810022491040146,-0.1508925309518949,-0.10376602981811359,-0.1790795333506654,-0.10926855301827254
