id,x__autocorrelation__lag_1024,x__autocorrelation__lag_128,x__autocorrelation__lag_16384,x__autocorrelation__lag_2048,x__autocorrelation__lag_256,x__autocorrelation__lag_4096,x__autocorrelation__lag_512,x__autocorrelation__lag_8192
A,0.3986563119539283,-0.6023801686552807,0.39240176372133695,0.4000269688841246,0.3963278531350565,0.40002965066048385,0.40181315640333276,0.40182301055194874
