id,x__autocorrelation__lag_1024,x__autocorrelation__lag_128,x__autocorrelation__lag_16384,x__autocorrelation__lag_2048,x__autocorrelation__lag_256,x__autocorrelation__lag_4096,x__autocorrelation__lag_512,x__autocorrelation__lag_8192
A,-0.1525858449240417,-0.330957860317881,-0.1493414642735787,-0.15343338872609055,-0.19622300404443233,-0.15047560286749465,-0.21232199228029688,-0.1536917373746498
