id,x__autocorrelation__lag_1024,x__autocorrelation__lag_128,x__autocorrelation__lag_16384,x__autocorrelation__lag_2048,x__autocorrelation__lag_256,x__autocorrelation__lag_4096,x__autocorrelation__lag_512,x__autocorrelation__lag_8192
A,0.5445726689350181,-0.6834655670743914,0.5332380116509408,0.53687654452076,0.5571925482879648,0.5353094813756146,0.5565180657155077,0.5387890760616493
