id,x__autocorrelation__lag_1024,x__autocorrelation__lag_128,x__autocorrelation__lag_16384,x__autocorrelation__lag_2048,x__autocorrelation__lag_256,x__autocorrelation__lag_4096,x__autocorrelation__lag_512,x__autocorrelation__lag_8192
A,-0.23362263015505033,-0.05392225952078432,-0.235296566908268,-0.23735018712165357,-0.29992400069059644,-0.23177904369994215,-0.3291481722953748,-0.23731085818944955
