id,x__autocorrelation__lag_1024,x__autocorrelation__lag_128,x__autocorrelation__lag_16384,x__autocorrelation__lag_2048,x__autocorrelation__lag_256,x__autocorrelation__lag_4096,x__autocorrelation__lag_512,x__autocorrelation__lag_8192
A,-0.18177931390714216,-0.22743977505256913,-0.17890434686146495,-0.1801954376320888,-0.2416576151568579,-0.17665358999070913,-0.28259466598372235,-0.18175752530338074
