id,x__autocorrelation__lag_1024,x__autocorrelation__lag_128,x__autocorrelation__lag_16384,x__autocorrelation__lag_2048,x__autocorrelation__lag_256,x__autocorrelation__lag_4096,x__autocorrelation__lag_512,x__autocorrelation__lag_8192
A,-0.23858354658040362,-0.041413601270579414,-0.23508693981564904,-0.25215396356579267,-0.301658370036331,-0.24221492390771923,-0.3334792451739802,-0.25536056561290776
