id,x__autocorrelation__lag_1024,x__autocorrelation__lag_128,x__autocorrelation__lag_16384,x__autocorrelation__lag_2048,x__autocorrelation__lag_256,x__autocorrelation__lag_4096,x__autocorrelation__lag_512,x__autocorrelation__lag_8192
A,-0.08893001609256754,-0.32062059585197855,-0.08979908973711605,-0.09333801924665816,-0.14106979682145132,-0.09105232181758606,-0.17236021456643993,-0.09524737246509715
