id,x__autocorrelation__lag_1024,x__autocorrelation__lag_128,x__autocorrelation__lag_16384,x__autocorrelation__lag_2048,x__autocorrelation__lag_256,x__autocorrelation__lag_4096,x__autocorrelation__lag_512,x__autocorrelation__lag_8192
A,-0.21773317915799334,-0.041504938716133324,-0.21828812097422381,-0.21755078826087107,-0.28676350762615327,-0.2124993173140135,-0.32234399049393114,-0.21786304307007623
