id,x__autocorrelation__lag_1024,x__autocorrelation__lag_128,x__autocorrelation__lag_16384,x__autocorrelation__lag_2048,x__autocorrelation__lag_256,x__autocorrelation__lag_4096,x__autocorrelation__lag_512,x__autocorrelation__lag_8192
A,-0.1970308138029496,-0.05582562671676571,-0.22393100465030982,-0.24948124369659908,-0.28933355918783077,-0.23966999927658758,-0.3236684583431137,-0.25547603567440014
