id,x__autocorrelation__lag_1024,x__autocorrelation__lag_128,x__autocorrelation__lag_16384,x__autocorrelation__lag_2048,x__autocorrelation__lag_256,x__autocorrelation__lag_4096,x__autocorrelation__lag_512,x__autocorrelation__lag_8192
A,0.536094709048678,-0.7226191662460455,0.533706131345807,0.533701794913571,0.558468061051552,0.5345942125046286,0.5598119987967974,0.5339652207144427
