id,x__autocorrelation__lag_1024,x__autocorrelation__lag_128,x__autocorrelation__lag_16384,x__autocorrelation__lag_2048,x__autocorrelation__lag_256,x__autocorrelation__lag_4096,x__autocorrelation__lag_512,x__autocorrelation__lag_8192
A,-0.15055259829399514,-0.2502879885696665,-0.15232587225809952,-0.1546352103030422,-0.20466770418407587,-0.1512391246385177,-0.23566325649608164,-0.15574252387260692
