id,x__autocorrelation__lag_1024,x__autocorrelation__lag_128,x__autocorrelation__lag_16384,x__autocorrelation__lag_2048,x__autocorrelation__lag_256,x__autocorrelation__lag_4096,x__autocorrelation__lag_512,x__autocorrelation__lag_8192
A,-0.1262864884586727,-0.29831779692387683,-0.12470757689142592,-0.12878263438136817,-0.1744822938948306,-0.1262134718408777,-0.20127702692980623,-0.13151691437773666
