id,x__autocorrelation__lag_1024,x__autocorrelation__lag_128,x__autocorrelation__lag_16384,x__autocorrelation__lag_2048,x__autocorrelation__lag_256,x__autocorrelation__lag_4096,x__autocorrelation__lag_512,x__autocorrelation__lag_8192
A,-0.24611266300456772,-0.04559369852289305,-0.24386856714519164,-0.24472787845186353,-0.30405347705210334,-0.2412491364851422,-0.33149332382056573,-0.2452138315653589
