id,x__autocorrelation__lag_1024,x__autocorrelation__lag_128,x__autocorrelation__lag_16384,x__autocorrelation__lag_2048,x__autocorrelation__lag_256,x__autocorrelation__lag_4096,x__autocorrelation__lag_512,x__autocorrelation__lag_8192
A,-0.12125139392703889,-0.31237451447775466,-0.11675675142421109,-0.12136352896954573,-0.16592951285421328,-0.11789555396382925,-0.1915097018125956,-0.12308759246735684
