id,x__autocorrelation__lag_1024,x__autocorrelation__lag_128,x__autocorrelation__lag_16384,x__autocorrelation__lag_2048,x__autocorrelation__lag_256,x__autocorrelation__lag_4096,x__autocorrelation__lag_512,x__autocorrelation__lag_8192
A,0.5310333398953456,-0.6498126055444823,0.516952946190073,0.5183242999665039,0.5378256567446538,0.5175106051113176,0.5339078352241536,0.5197960156955913
