id,x__autocorrelation__lag_1024,x__autocorrelation__lag_128,x__autocorrelation__lag_16384,x__autocorrelation__lag_2048,x__autocorrelation__lag_256,x__autocorrelation__lag_4096,x__autocorrelation__lag_512,x__autocorrelation__lag_8192
A,-0.15680192396326467,-0.029130433015771194,-0.2239144165048546,-0.25002320481756934,-0.29538923249259114,-0.24441782566179637,-0.3386009494899559,-0.26022632893984615
