id,x__autocorrelation__lag_1024,x__autocorrelation__lag_128,x__autocorrelation__lag_16384,x__autocorrelation__lag_2048,x__autocorrelation__lag_256,x__autocorrelation__lag_4096,x__autocorrelation__lag_512,x__autocorrelation__lag_8192
A,0.5402040062276021,-0.6650041945365991,0.5260421773047833,0.5290577816429598,0.5521773309364846,0.5279883560087347,0.5489301337911034,0.5308993228490201
