id,x__autocorrelation__lag_1024,x__autocorrelation__lag_128,x__autocorrelation__lag_16384,x__autocorrelation__lag_2048,x__autocorrelation__lag_256,x__autocorrelation__lag_4096,x__autocorrelation__lag_512,x__autocorrelation__lag_8192
A,-0.1791950367810794,-0.27550841469461484,-0.17644716072196986,-0.17485823732057704,-0.23047051138101074,-0.17286188504808492,-0.250620577318299,-0.1741919975282652
