id,x__autocorrelation__lag_1024,x__autocorrelation__lag_128,x__autocorrelation__lag_16384,x__autocorrelation__lag_2048,x__autocorrelation__lag_256,x__autocorrelation__lag_4096,x__autocorrelation__lag_512,x__autocorrelation__lag_8192
A,-0.19474852632371134,-0.09295610429107223,-0.19283501839984318,-0.1912262068212474,-0.2617126808510286,-0.1868502850698212,-0.2940546033318936,-0.19096040198953992
