id,x__autocorrelation__lag_1024,x__autocorrelation__lag_128,x__autocorrelation__lag_16384,x__autocorrelation__lag_2048,x__autocorrelation__lag_256,x__autocorrelation__lag_4096,x__autocorrelation__lag_512,x__autocorrelation__lag_8192
A,-0.11411940528376951,-0.27976998127949393,-0.11168245334569063,-0.12074708201095356,-0.15847243566487962,-0.11623337293689959,-0.17421066550830017,-0.1234750091469652
