id,x__autocorrelation__lag_1024,x__autocorrelation__lag_128,x__autocorrelation__lag_16384,x__autocorrelation__lag_2048,x__autocorrelation__lag_256,x__autocorrelation__lag_4096,x__autocorrelation__lag_512,x__autocorrelation__lag_8192
A,-0.1673757801045427,-0.2324679206937359,-0.16530431100813117,-0.16687311873375513,-0.22144748192419456,-0.16352968055095693,-0.2479021347402898,-0.16742126223118076
