id,x__autocorrelation__lag_1024,x__autocorrelation__lag_128,x__autocorrelation__lag_16384,x__autocorrelation__lag_2048,x__autocorrelation__lag_256,x__autocorrelation__lag_4096,x__autocorrelation__lag_512,x__autocorrelation__lag_8192
A,-0.09856935175958488,-0.29819790701083804,-0.10251610629535444,-0.10604097801632562,-0.15790800480900924,-0.10261700448131839,-0.19025776262301897,-0.10750566485664462
