id,x__autocorrelation__lag_1024,x__autocorrelation__lag_128,x__autocorrelation__lag_16384,x__autocorrelation__lag_2048,x__autocorrelation__lag_256,x__autocorrelation__lag_4096,x__autocorrelation__lag_512,x__autocorrelation__lag_8192
A,-0.14290305506408515,-0.311599702992137,-0.14141236260884912,-0.14659445957606956,-0.1931425032386068,-0.14347585627015302,-0.2143295593755015,-0.14740002288728943
