id,x__autocorrelation__lag_1024,x__autocorrelation__lag_128,x__autocorrelation__lag_16384,x__autocorrelation__lag_2048,x__autocorrelation__lag_256,x__autocorrelation__lag_4096,x__autocorrelation__lag_512,x__autocorrelation__lag_8192
A,-0.1889804924541318,-0.2760382143989892,-0.17853075696966053,-0.17944780727949244,-0.23990411378244514,-0.17494105484643102,-0.2598584709316185,-0.17867884002415427
