id,x__autocorrelation__lag_1024,x__autocorrelation__lag_128,x__autocorrelation__lag_16384,x__autocorrelation__lag_2048,x__autocorrelation__lag_256,x__autocorrelation__lag_4096,x__autocorrelation__lag_512,x__autocorrelation__lag_8192
A,-0.14082931624989736,-0.3022580526380501,-0.12471175498070045,-0.13292835414284204,-0.17459034547235974,-0.1279678574569156,-0.17178357675335443,-0.13519478127499734
