id,x__autocorrelation__lag_1024,x__autocorrelation__lag_128,x__autocorrelation__lag_16384,x__autocorrelation__lag_2048,x__autocorrelation__lag_256,x__autocorrelation__lag_4096,x__autocorrelation__lag_512,x__autocorrelation__lag_8192
A,0.3215117629806844,-0.5936662182908091,0.3265999788718784,0.32430135020025,0.32935782919787315,0.3286766017220505,0.33927158647587974,0.326172757085108
