id,x__autocorrelation__lag_1024,x__autocorrelation__lag_128,x__autocorrelation__lag_16384,x__autocorrelation__lag_2048,x__autocorrelation__lag_256,x__autocorrelation__lag_4096,x__autocorrelation__lag_512,x__autocorrelation__lag_8192
A,-0.09089705862562081,-0.2564201491960523,-0.10691507864199458,-0.1317210793308027,-0.14761814152033015,-0.11074825380773004,-0.21582570727341946,-0.11276477771980296
