id,x__autocorrelation__lag_1024,x__autocorrelation__lag_128,x__autocorrelation__lag_16384,x__autocorrelation__lag_2048,x__autocorrelation__lag_256,x__autocorrelation__lag_4096,x__autocorrelation__lag_512,x__autocorrelation__lag_8192
A,-0.09714043661709539,-0.29664415484612566,-0.14178750267301318,-0.15311344857557593,-0.16268233729156656,-0.1558764718994533,-0.27517680711011,-0.1475718821875256
