id,x__autocorrelation__lag_1024,x__autocorrelation__lag_128,x__autocorrelation__lag_16384,x__autocorrelation__lag_2048,x__autocorrelation__lag_256,x__autocorrelation__lag_4096,x__autocorrelation__lag_512,x__autocorrelation__lag_8192
A,-0.2203875903085725,-0.06489421850293636,-0.21616257387132687,-0.2303397790824828,-0.2850873665798516,-0.2220572040426785,-0.3145202918207083,-0.23333106011685545
