id,x__autocorrelation__lag_1024,x__autocorrelation__lag_128,x__autocorrelation__lag_16384,x__autocorrelation__lag_2048,x__autocorrelation__lag_256,x__autocorrelation__lag_4096,x__autocorrelation__lag_512,x__autocorrelation__lag_8192
A,-0.20200497222398428,-0.20780968059432492,-0.1948589962160989,-0.19795432592189666,-0.2611541079433485,-0.19423495843207902,-0.28602430832405834,-0.19905588252810844
