id,x__autocorrelation__lag_1024,x__autocorrelation__lag_128,x__autocorrelation__lag_16384,x__autocorrelation__lag_2048,x__autocorrelation__lag_256,x__autocorrelation__lag_4096,x__autocorrelation__lag_512,x__autocorrelation__lag_8192
A,0.5354122449475942,-0.6749114894982818,0.5264388032941585,0.5278192068611383,0.5527090917847481,0.5271174243451743,0.5480975249108585,0.52885475447878
