id,x__autocorrelation__lag_1024,x__autocorrelation__lag_128,x__autocorrelation__lag_16384,x__autocorrelation__lag_2048,x__autocorrelation__lag_256,x__autocorrelation__lag_4096,x__autocorrelation__lag_512,x__autocorrelation__lag_8192
A,0.5465962709294104,-0.665343996079294,0.5285197180161606,0.5331403797330976,0.5624250459422085,0.5315573340761494,0.5556194631595013,0.534665009871318
