id,x__autocorrelation__lag_1024,x__autocorrelation__lag_128,x__autocorrelation__lag_16384,x__autocorrelation__lag_2048,x__autocorrelation__lag_256,x__autocorrelation__lag_4096,x__autocorrelation__lag_512,x__autocorrelation__lag_8192
A,-0.13303330844725986,-0.03401404387910094,-0.1854155776144893,-0.19271847483698937,-0.10225800263194214,-0.15075197328540324,-0.2652470095359763,-0.1680487429388431
