id,x__autocorrelation__lag_1024,x__autocorrelation__lag_128,x__autocorrelation__lag_16384,x__autocorrelation__lag_2048,x__autocorrelation__lag_256,x__autocorrelation__lag_4096,x__autocorrelation__lag_512,x__autocorrelation__lag_8192
A,-0.20954814218785345,-0.05991302188060688,-0.207468369383338,-0.21101354359055452,-0.2800170487424376,-0.20537040677899582,-0.3147318808479383,-0.2124298798622176
