id,x__autocorrelation__lag_1024,x__autocorrelation__lag_128,x__autocorrelation__lag_16384,x__autocorrelation__lag_2048,x__autocorrelation__lag_256,x__autocorrelation__lag_4096,x__autocorrelation__lag_512,x__autocorrelation__lag_8192
A,-0.1025957066872785,-0.30822937951626767,-0.10353673805376615,-0.11314996924299839,-0.15553678143293112,-0.10761490441531314,-0.18770936651503412,-0.11573045435050947
