id,x__autocorrelation__lag_1024,x__autocorrelation__lag_128,x__autocorrelation__lag_16384,x__autocorrelation__lag_2048,x__autocorrelation__lag_256,x__autocorrelation__lag_4096,x__autocorrelation__lag_512,x__autocorrelation__lag_8192
A,-0.1866370336186175,-0.3556231414791087,-0.18282459376401974,-0.18542209863786524,-0.20874492731459532,-0.18581961318585974,-0.22449205305979994,-0.18456208446164474
