id,x__autocorrelation__lag_1024,x__autocorrelation__lag_128,x__autocorrelation__lag_16384,x__autocorrelation__lag_2048,x__autocorrelation__lag_256,x__autocorrelation__lag_4096,x__autocorrelation__lag_512,x__autocorrelation__lag_8192
A,-0.10948383982605352,-0.2926870324420191,-0.11105814267085333,-0.11880537413734073,-0.1603214190353221,-0.11429580042150611,-0.18621651308844323,-0.12136515267687388
