id,x__autocorrelation__lag_1024,x__autocorrelation__lag_128,x__autocorrelation__lag_16384,x__autocorrelation__lag_2048,x__autocorrelation__lag_256,x__autocorrelation__lag_4096,x__autocorrelation__lag_512,x__autocorrelation__lag_8192
A,-0.04892347322323268,-0.029232132232391753,-0.15972662313984706,-0.2226906838985076,-0.23760864710053947,-0.2006902766540207,-0.3564384215345557,-0.24220719249845904
