id,x__autocorrelation__lag_1024,x__autocorrelation__lag_128,x__autocorrelation__lag_16384,x__autocorrelation__lag_2048,x__autocorrelation__lag_256,x__autocorrelation__lag_4096,x__autocorrelation__lag_512,x__autocorrelation__lag_8192
A,-0.20663850247345836,-0.062403934670962065,-0.20667305180335388,-0.20675760770991894,-0.2737768974046773,-0.20217695481832715,-0.3118947218697031,-0.20726960062161792
