id,x__autocorrelation__lag_1024,x__autocorrelation__lag_128,x__autocorrelation__lag_16384,x__autocorrelation__lag_2048,x__autocorrelation__lag_256,x__autocorrelation__lag_4096,x__autocorrelation__lag_512,x__autocorrelation__lag_8192
A,-0.16914359465800502,-0.17614520946237125,-0.16844108810242847,-0.17084243118628425,-0.2337264742733928,-0.16688518286779502,-0.2674429640760469,-0.1718028247273398
