id,x__autocorrelation__lag_1024,x__autocorrelation__lag_128,x__autocorrelation__lag_16384,x__autocorrelation__lag_2048,x__autocorrelation__lag_256,x__autocorrelation__lag_4096,x__autocorrelation__lag_512,x__autocorrelation__lag_8192
A,0.2645312708605443,-0.5840756818967106,0.27170083709608195,0.27555901227498136,0.252608877924635,0.27776745392267543,0.2603062167916458,0.2788033538621088
