id,x__autocorrelation__lag_1024,x__autocorrelation__lag_128,x__autocorrelation__lag_16384,x__autocorrelation__lag_2048,x__autocorrelation__lag_256,x__autocorrelation__lag_4096,x__autocorrelation__lag_512,x__autocorrelation__lag_8192
A,-0.18032709925154625,-0.30412390994293886,-0.17769646836912648,-0.22660704049945338,-0.2052068381378007,-0.19983977070896228,-0.2833300448954281,-0.18687941508351635
