id,x__autocorrelation__lag_1024,x__autocorrelation__lag_128,x__autocorrelation__lag_16384,x__autocorrelation__lag_2048,x__autocorrelation__lag_256,x__autocorrelation__lag_4096,x__autocorrelation__lag_512,x__autocorrelation__lag_8192
A,-0.09149938146986225,-0.1290828189464606,-0.1560967327367772,-0.15105129550452664,-0.21775205337619852,-0.14938724056566108,-0.2676573230272159,-0.14824869872941185
