id,x__autocorrelation__lag_1024,x__autocorrelation__lag_128,x__autocorrelation__lag_16384,x__autocorrelation__lag_2048,x__autocorrelation__lag_256,x__autocorrelation__lag_4096,x__autocorrelation__lag_512,x__autocorrelation__lag_8192
A,-0.21224950949308224,-0.023961929254653215,-0.21843900518291054,-0.2251577648689543,-0.2738996087788227,-0.21849180399784024,-0.3160571253628071,-0.22700193306941974
