id,x__autocorrelation__lag_1024,x__autocorrelation__lag_128,x__autocorrelation__lag_16384,x__autocorrelation__lag_2048,x__autocorrelation__lag_256,x__autocorrelation__lag_4096,x__autocorrelation__lag_512,x__autocorrelation__lag_8192
A,-0.21466552944354747,-0.11570816006031545,-0.2113627949234296,-0.21221633381408514,-0.27303250977908994,-0.2089362926115943,-0.3024273844242887,-0.21328531570353565
