id,x__autocorrelation__lag_1024,x__autocorrelation__lag_128,x__autocorrelation__lag_16384,x__autocorrelation__lag_2048,x__autocorrelation__lag_256,x__autocorrelation__lag_4096,x__autocorrelation__lag_512,x__autocorrelation__lag_8192
A,-0.1148065040191668,-0.29923086595604714,-0.11245446270730389,-0.12029684429708731,-0.16421922960635565,-0.11597953474924402,-0.17901861107440253,-0.12294446111853306
