id,x__autocorrelation__lag_1024,x__autocorrelation__lag_128,x__autocorrelation__lag_16384,x__autocorrelation__lag_2048,x__autocorrelation__lag_256,x__autocorrelation__lag_4096,x__autocorrelation__lag_512,x__autocorrelation__lag_8192
A,-0.2124464629134287,-0.050367054616511614,-0.2093885990310588,-0.22741884299499115,-0.2809533002076958,-0.21728667134500307,-0.3171128534651703,-0.23122385526245562
