id,x__autocorrelation__lag_1024,x__autocorrelation__lag_128,x__autocorrelation__lag_16384,x__autocorrelation__lag_2048,x__autocorrelation__lag_256,x__autocorrelation__lag_4096,x__autocorrelation__lag_512,x__autocorrelation__lag_8192
A,0.5496571794767616,-0.6682883893646061,0.540737528854627,0.5412323572573402,0.5561474713802292,0.5409734327118626,0.554283460297843,0.5421276739089692
