id,x__autocorrelation__lag_1024,x__autocorrelation__lag_128,x__autocorrelation__lag_16384,x__autocorrelation__lag_2048,x__autocorrelation__lag_256,x__autocorrelation__lag_4096,x__autocorrelation__lag_512,x__autocorrelation__lag_8192
A,-0.1857972714360143,-0.07889363640563705,-0.22262247923114406,-0.2333737203281176,-0.18452646556830926,-0.22882872766554305,-0.3536076428853822,-0.23958798804820652
