id,x__autocorrelation__lag_1024,x__autocorrelation__lag_128,x__autocorrelation__lag_16384,x__autocorrelation__lag_2048,x__autocorrelation__lag_256,x__autocorrelation__lag_4096,x__autocorrelation__lag_512,x__autocorrelation__lag_8192
A,-0.4144691013649727,-0.3915921264136003,-0.42348861618440564,-0.4285636177905181,-0.4266968134158553,-0.41636700660591297,-0.4479657981886216,-0.42023690248688894
