id,x__autocorrelation__lag_1024,x__autocorrelation__lag_128,x__autocorrelation__lag_16384,x__autocorrelation__lag_2048,x__autocorrelation__lag_256,x__autocorrelation__lag_4096,x__autocorrelation__lag_512,x__autocorrelation__lag_8192
A,-0.23827827315160907,-0.0362567146036444,-0.23713984113506886,-0.2365818481940742,-0.3022115373039966,-0.2320769080704837,-0.33202118110195145,-0.2363442067123521
