id,x__autocorrelation__lag_1024,x__autocorrelation__lag_128,x__autocorrelation__lag_16384,x__autocorrelation__lag_2048,x__autocorrelation__lag_256,x__autocorrelation__lag_4096,x__autocorrelation__lag_512,x__autocorrelation__lag_8192
A,0.11093265534025575,-0.5734110207316989,0.12163765125723136,0.12112577631998013,0.10895665741077983,0.12321814205185715,0.12159777782508342,0.12354131279819021
