id,x__autocorrelation__lag_1024,x__autocorrelation__lag_128,x__autocorrelation__lag_16384,x__autocorrelation__lag_2048,x__autocorrelation__lag_256,x__autocorrelation__lag_4096,x__autocorrelation__lag_512,x__autocorrelation__lag_8192
A,0.5600081370633729,-0.6720618165658816,0.5471348766909004,0.5481929195327786,0.5688375073996288,0.5478999357817189,0.5613435708540186,0.5494581187257903
