id,x__autocorrelation__lag_1024,x__autocorrelation__lag_128,x__autocorrelation__lag_16384,x__autocorrelation__lag_2048,x__autocorrelation__lag_256,x__autocorrelation__lag_4096,x__autocorrelation__lag_512,x__autocorrelation__lag_8192
A,-0.14478046361316602,-0.26541493186234655,-0.13572085846525775,-0.14197819310769752,-0.1865101972316813,-0.1380618063092599,-0.19449836066261486,-0.14359502619668477
