id,x__autocorrelation__lag_1024,x__autocorrelation__lag_128,x__autocorrelation__lag_16384,x__autocorrelation__lag_2048,x__autocorrelation__lag_256,x__autocorrelation__lag_4096,x__autocorrelation__lag_512,x__autocorrelation__lag_8192
A,0.5623009370090275,-0.6920445451473292,0.5475932861266672,0.5513543752938304,0.5768385738943033,0.5501334869143805,0.5759999474983701,0.5521275062215641
