id,x__autocorrelation__lag_1024,x__autocorrelation__lag_128,x__autocorrelation__lag_16384,x__autocorrelation__lag_2048,x__autocorrelation__lag_256,x__autocorrelation__lag_4096,x__autocorrelation__lag_512,x__autocorrelation__lag_8192
A,0.5502793665186568,-0.6887648688522382,0.5374858385504266,0.5387238886856769,0.5637905688080838,0.5384654742468394,0.5620436622178885,0.5403142798565023
