id,x__autocorrelation__lag_1024,x__autocorrelation__lag_128,x__autocorrelation__lag_16384,x__autocorrelation__lag_2048,x__autocorrelation__lag_256,x__autocorrelation__lag_4096,x__autocorrelation__lag_512,x__autocorrelation__lag_8192
A,-0.1571719978155245,-0.2757460474867856,-0.15025823698364135,-0.1565098693621905,-0.200554476392464,-0.15345635872703584,-0.2051127816134807,-0.1585219718736858
