id,x__autocorrelation__lag_1024,x__autocorrelation__lag_128,x__autocorrelation__lag_16384,x__autocorrelation__lag_2048,x__autocorrelation__lag_256,x__autocorrelation__lag_4096,x__autocorrelation__lag_512,x__autocorrelation__lag_8192
A,-0.0944293779037941,-0.298100024539587,-0.1002759161775425,-0.10758262787379068,-0.15057927434481147,-0.10334431290284334,-0.17973822143790663,-0.10953834126555331
