id,x__autocorrelation__lag_1024,x__autocorrelation__lag_128,x__autocorrelation__lag_16384,x__autocorrelation__lag_2048,x__autocorrelation__lag_256,x__autocorrelation__lag_4096,x__autocorrelation__lag_512,x__autocorrelation__lag_8192
A,-0.15390044046339585,-0.029187977408175737,-0.21715833512962454,-0.24600569366752575,-0.28362636669613406,-0.23832787840433955,-0.3263198277451441,-0.2572118811700313
