id,x__autocorrelation__lag_1024,x__autocorrelation__lag_128,x__autocorrelation__lag_16384,x__autocorrelation__lag_2048,x__autocorrelation__lag_256,x__autocorrelation__lag_4096,x__autocorrelation__lag_512,x__autocorrelation__lag_8192
A,0.5652227920194856,-0.7379657542817468,0.5595039908199159,0.5605112583359035,0.5846483920392577,0.5604282114739668,0.5898909028761697,0.5616243987003481
