id,x__autocorrelation__lag_1024,x__autocorrelation__lag_128,x__autocorrelation__lag_16384,x__autocorrelation__lag_2048,x__autocorrelation__lag_256,x__autocorrelation__lag_4096,x__autocorrelation__lag_512,x__autocorrelation__lag_8192
A,0.3221134942430796,-0.5844402472596715,0.32365109624843685,0.3254577797312882,0.318679610330169,0.3284371253467335,0.3180805366479111,0.3281637267390272
