id,x__autocorrelation__lag_1024,x__autocorrelation__lag_128,x__autocorrelation__lag_16384,x__autocorrelation__lag_2048,x__autocorrelation__lag_256,x__autocorrelation__lag_4096,x__autocorrelation__lag_512,x__autocorrelation__lag_8192
A,0.5512702173747436,-0.6711974073054142,0.5375995782791563,0.5402923691496807,0.5642579380911257,0.539543459932366,0.5595346307177762,0.5416101923226008
