id,x__autocorrelation__lag_1024,x__autocorrelation__lag_128,x__autocorrelation__lag_16384,x__autocorrelation__lag_2048,x__autocorrelation__lag_256,x__autocorrelation__lag_4096,x__autocorrelation__lag_512,x__autocorrelation__lag_8192
A,-0.13358286770976247,-0.31320786911549575,-0.13873362551340782,-0.1445176366129606,-0.19503463421511447,-0.1403414366326702,-0.21935246792010898,-0.14552252761164375
