id,x__autocorrelation__lag_1024,x__autocorrelation__lag_128,x__autocorrelation__lag_16384,x__autocorrelation__lag_2048,x__autocorrelation__lag_256,x__autocorrelation__lag_4096,x__autocorrelation__lag_512,x__autocorrelation__lag_8192
A,0.5409212219870814,-0.6849263488991939,0.5282627364673226,0.5312973194861529,0.5568524652498636,0.5303450338981033,0.5538972696484792,0.5325041279328939
