id,x__autocorrelation__lag_1024,x__autocorrelation__lag_128,x__autocorrelation__lag_16384,x__autocorrelation__lag_2048,x__autocorrelation__lag_256,x__autocorrelation__lag_4096,x__autocorrelation__lag_512,x__autocorrelation__lag_8192
A,-0.12406409612177424,-0.27696107458860164,-0.11790436672604014,-0.12440077444656883,-0.17105231139129914,-0.12109215810315957,-0.17556118869895188,-0.12564684014779148
