id,x__autocorrelation__lag_1024,x__autocorrelation__lag_128,x__autocorrelation__lag_16384,x__autocorrelation__lag_2048,x__autocorrelation__lag_256,x__autocorrelation__lag_4096,x__autocorrelation__lag_512,x__autocorrelation__lag_8192
A,0.5832703303896449,-0.6945744141594958,0.5662649942021188,0.5691454460024252,0.5934659695404189,0.5682692926749111,0.589523385417613,0.5700105596141399
