id,x__autocorrelation__lag_1024,x__autocorrelation__lag_128,x__autocorrelation__lag_16384,x__autocorrelation__lag_2048,x__autocorrelation__lag_256,x__autocorrelation__lag_4096,x__autocorrelation__lag_512,x__autocorrelation__lag_8192
A,-0.15617886195703495,-0.27556006856153564,-0.1426903282673025,-0.14918512510320073,-0.19350359442366594,-0.1454138136826502,-0.1961259409681827,-0.15084180143942072
