id,x__autocorrelation__lag_1024,x__autocorrelation__lag_128,x__autocorrelation__lag_16384,x__autocorrelation__lag_2048,x__autocorrelation__lag_256,x__autocorrelation__lag_4096,x__autocorrelation__lag_512,x__autocorrelation__lag_8192
A,-0.14222491330014642,-0.28746869592296337,-0.1424048700753003,-0.14879028932471353,-0.19227722378269682,-0.14509775643753603,-0.2170301237325185,-0.1507514896214732
