id,x__autocorrelation__lag_1024,x__autocorrelation__lag_128,x__autocorrelation__lag_16384,x__autocorrelation__lag_2048,x__autocorrelation__lag_256,x__autocorrelation__lag_4096,x__autocorrelation__lag_512,x__autocorrelation__lag_8192
A,-0.13392548000493504,-0.2863915653479124,-0.12427490698500289,-0.13131449025798758,-0.17517095741563635,-0.12720766003141623,-0.17866245900992686,-0.13340397472219495
