id,x__autocorrelation__lag_1024,x__autocorrelation__lag_128,x__autocorrelation__lag_16384,x__autocorrelation__lag_2048,x__autocorrelation__lag_256,x__autocorrelation__lag_4096,x__autocorrelation__lag_512,x__autocorrelation__lag_8192
A,-0.15659381584980783,-0.21492034382870362,-0.15583410120449023,-0.15741841154112726,-0.22098667098776684,-0.15418564345772412,-0.25172506333822703,-0.15879358899504462
