id,x__autocorrelation__lag_1024,x__autocorrelation__lag_128,x__autocorrelation__lag_16384,x__autocorrelation__lag_2048,x__autocorrelation__lag_256,x__autocorrelation__lag_4096,x__autocorrelation__lag_512,x__autocorrelation__lag_8192
A,-0.22107056513934273,-0.04982680549989313,-0.21712984326637422,-0.2311193873876622,-0.2830178394132783,-0.22218125304952108,-0.31511646790119535,-0.23425422425365275
