id,x__autocorrelation__lag_1024,x__autocorrelation__lag_128,x__autocorrelation__lag_16384,x__autocorrelation__lag_2048,x__autocorrelation__lag_256,x__autocorrelation__lag_4096,x__autocorrelation__lag_512,x__autocorrelation__lag_8192
A,-0.20564971957263262,-0.039011438888764585,-0.20945243427510785,-0.21648260232180322,-0.2756660895386792,-0.21042881231945715,-0.31290604679274286,-0.21870026142391225
