id,x__autocorrelation__lag_1024,x__autocorrelation__lag_128,x__autocorrelation__lag_16384,x__autocorrelation__lag_2048,x__autocorrelation__lag_256,x__autocorrelation__lag_4096,x__autocorrelation__lag_512,x__autocorrelation__lag_8192
A,-0.1666063656537561,-0.21899414302658646,-0.16953506334144525,-0.17181376902932657,-0.22498548077031377,-0.1685073775162582,-0.25968998557153167,-0.1732288934936611
