id,x__autocorrelation__lag_1024,x__autocorrelation__lag_128,x__autocorrelation__lag_16384,x__autocorrelation__lag_2048,x__autocorrelation__lag_256,x__autocorrelation__lag_4096,x__autocorrelation__lag_512,x__autocorrelation__lag_8192
A,-0.10707797649988642,-0.07135195456975016,-0.1855568121234885,-0.22202966081280698,-0.25462076317137017,-0.21167069085729123,-0.3397937114692108,-0.23195145516533763
