id,x__autocorrelation__lag_1024,x__autocorrelation__lag_128,x__autocorrelation__lag_16384,x__autocorrelation__lag_2048,x__autocorrelation__lag_256,x__autocorrelation__lag_4096,x__autocorrelation__lag_512,x__autocorrelation__lag_8192
A,0.5638663435182546,-0.6818584699486767,0.5533311681061098,0.5548025291242294,0.5745711712497787,0.5540047786934353,0.5711409315004603,0.5558341619945265
