id,x__autocorrelation__lag_1024,x__autocorrelation__lag_128,x__autocorrelation__lag_16384,x__autocorrelation__lag_2048,x__autocorrelation__lag_256,x__autocorrelation__lag_4096,x__autocorrelation__lag_512,x__autocorrelation__lag_8192
A,-0.13286465897451782,-0.29237209578146994,-0.13416635840692606,-0.1392772619110536,-0.18759396982844162,-0.13495728210916202,-0.2161261093826312,-0.14131361565638212
