id,x__autocorrelation__lag_1024,x__autocorrelation__lag_128,x__autocorrelation__lag_16384,x__autocorrelation__lag_2048,x__autocorrelation__lag_256,x__autocorrelation__lag_4096,x__autocorrelation__lag_512,x__autocorrelation__lag_8192
A,-0.22396903980881716,-0.1134145234601775,-0.214706432114739,-0.21364955146196943,-0.2833921807890794,-0.21007606511003524,-0.31025028590252446,-0.21357865392615125
