id,x__autocorrelation__lag_1024,x__autocorrelation__lag_128,x__autocorrelation__lag_16384,x__autocorrelation__lag_2048,x__autocorrelation__lag_256,x__autocorrelation__lag_4096,x__autocorrelation__lag_512,x__autocorrelation__lag_8192
A,-0.1566497595902545,-0.29658561550428036,-0.14140325223203692,-0.14709617791231977,-0.195309238512406,-0.14388584648864874,-0.1878590246389494,-0.14912511409493093
