id,x__autocorrelation__lag_1024,x__autocorrelation__lag_128,x__autocorrelation__lag_16384,x__autocorrelation__lag_2048,x__autocorrelation__lag_256,x__autocorrelation__lag_4096,x__autocorrelation__lag_512,x__autocorrelation__lag_8192
A,-0.16968917806388542,-0.2992091240166996,-0.17133102546222795,-0.1739780479548484,-0.22439546841221514,-0.17115461372707486,-0.25179878232958974,-0.1748772652909497
