id,x__autocorrelation__lag_1024,x__autocorrelation__lag_128,x__autocorrelation__lag_16384,x__autocorrelation__lag_2048,x__autocorrelation__lag_256,x__autocorrelation__lag_4096,x__autocorrelation__lag_512,x__autocorrelation__lag_8192
A,-0.13612243537299853,-0.2534241109648101,-0.12769225746456708,-0.13433678134921948,-0.1787630471734782,-0.13057480382113265,-0.1848889008296355,-0.1368061545170752
