id,x__autocorrelation__lag_1024,x__autocorrelation__lag_128,x__autocorrelation__lag_16384,x__autocorrelation__lag_2048,x__autocorrelation__lag_256,x__autocorrelation__lag_4096,x__autocorrelation__lag_512,x__autocorrelation__lag_8192
A,-0.11699223289045377,-0.2858575277181283,-0.15462759048587174,-0.1637609908606521,-0.16604509693922434,-0.16100195284010807,-0.2742785245730501,-0.15205372067246428
