id,x__autocorrelation__lag_1024,x__autocorrelation__lag_128,x__autocorrelation__lag_16384,x__autocorrelation__lag_2048,x__autocorrelation__lag_256,x__autocorrelation__lag_4096,x__autocorrelation__lag_512,x__autocorrelation__lag_8192
A,-0.20098837625170568,-0.3473671963819058,-0.19683788086028248,-0.20063899701440532,-0.21349184434557916,-0.20295811984331855,-0.25532738075587896,-0.1993743435658437
