id,x__autocorrelation__lag_1024,x__autocorrelation__lag_128,x__autocorrelation__lag_16384,x__autocorrelation__lag_2048,x__autocorrelation__lag_256,x__autocorrelation__lag_4096,x__autocorrelation__lag_512,x__autocorrelation__lag_8192
A,0.5663784706658541,-0.6683391134900896,0.5553925570500632,0.5572539644143955,0.5777266355020608,0.5565816978218253,0.5705800738289621,0.5580940526803471
