id,x__autocorrelation__lag_1024,x__autocorrelation__lag_128,x__autocorrelation__lag_16384,x__autocorrelation__lag_2048,x__autocorrelation__lag_256,x__autocorrelation__lag_4096,x__autocorrelation__lag_512,x__autocorrelation__lag_8192
A,0.5993360004995362,-0.7328620044125121,0.5851321267021519,0.58825494167546,0.6141153916103701,0.5875411149172463,0.6111478044079224,0.5890322054501195
