id,x__autocorrelation__lag_1024,x__autocorrelation__lag_128,x__autocorrelation__lag_16384,x__autocorrelation__lag_2048,x__autocorrelation__lag_256,x__autocorrelation__lag_4096,x__autocorrelation__lag_512,x__autocorrelation__lag_8192
A,-0.11109561139632411,-0.30670508258833684,-0.12523136492198103,-0.12972528642811804,-0.15184886440523726,-0.12674544949418978,-0.18430203576505877,-0.129472961326043
