id,x__autocorrelation__lag_1024,x__autocorrelation__lag_128,x__autocorrelation__lag_16384,x__autocorrelation__lag_2048,x__autocorrelation__lag_256,x__autocorrelation__lag_4096,x__autocorrelation__lag_512,x__autocorrelation__lag_8192
A,-0.11226195377670585,-0.29363444729621313,-0.11959984802287205,-0.12174074620334005,-0.17616841004193104,-0.11875213000093987,-0.20801682886598158,-0.1228453754397616
