id,x__autocorrelation__lag_1024,x__autocorrelation__lag_128,x__autocorrelation__lag_16384,x__autocorrelation__lag_2048,x__autocorrelation__lag_256,x__autocorrelation__lag_4096,x__autocorrelation__lag_512,x__autocorrelation__lag_8192
A,-0.13485905215731983,-0.30560379582036695,-0.156411813074382,-0.1693216995170243,-0.21618668838341226,-0.16237825532646727,-0.2545680638495647,-0.1667790814988122
