id,x__autocorrelation__lag_1024,x__autocorrelation__lag_128,x__autocorrelation__lag_16384,x__autocorrelation__lag_2048,x__autocorrelation__lag_256,x__autocorrelation__lag_4096,x__autocorrelation__lag_512,x__autocorrelation__lag_8192
A,-0.15154557557728207,-0.31268845393920125,-0.13021254944266544,-0.1472749311376514,-0.20583755389125652,-0.14101245523175052,-0.26579669801850747,-0.1366460596249018
