id,x__autocorrelation__lag_1024,x__autocorrelation__lag_128,x__autocorrelation__lag_16384,x__autocorrelation__lag_2048,x__autocorrelation__lag_256,x__autocorrelation__lag_4096,x__autocorrelation__lag_512,x__autocorrelation__lag_8192
A,-0.23995362849652482,-0.03995211735886867,-0.23926443272058392,-0.23963160575193196,-0.3038934826031701,-0.23607083136181323,-0.33497873498785385,-0.24047635231570122
