id,x__autocorrelation__lag_1024,x__autocorrelation__lag_128,x__autocorrelation__lag_16384,x__autocorrelation__lag_2048,x__autocorrelation__lag_256,x__autocorrelation__lag_4096,x__autocorrelation__lag_512,x__autocorrelation__lag_8192
A,0.30313113303652656,-0.585730466964315,0.30872247627650234,0.31083267995400754,0.295607928894643,0.31515402906272266,0.29934724328128043,0.314174261412813
