id,x__autocorrelation__lag_1024,x__autocorrelation__lag_128,x__autocorrelation__lag_16384,x__autocorrelation__lag_2048,x__autocorrelation__lag_256,x__autocorrelation__lag_4096,x__autocorrelation__lag_512,x__autocorrelation__lag_8192
A,-0.0964975182579081,-0.3202914082563446,-0.14154286831864674,-0.16235533323863044,-0.15915878186986218,-0.1577352101726948,-0.2971472479924664,-0.15562082139824396
