id,x__autocorrelation__lag_1024,x__autocorrelation__lag_128,x__autocorrelation__lag_16384,x__autocorrelation__lag_2048,x__autocorrelation__lag_256,x__autocorrelation__lag_4096,x__autocorrelation__lag_512,x__autocorrelation__lag_8192
A,-0.15950029929502169,-0.24103595561507776,-0.15684497400407543,-0.1577160144953793,-0.21781270108132086,-0.15399648650971007,-0.2453504404186396,-0.15781456671509084
