id,x__autocorrelation__lag_1024,x__autocorrelation__lag_128,x__autocorrelation__lag_16384,x__autocorrelation__lag_2048,x__autocorrelation__lag_256,x__autocorrelation__lag_4096,x__autocorrelation__lag_512,x__autocorrelation__lag_8192
A,-0.17833147830389368,-0.054026850328031444,-0.22133167183360392,-0.24410331073122182,-0.29432616190062794,-0.23886760909257243,-0.326371609400937,-0.2529398288047748
