id,x__autocorrelation__lag_1024,x__autocorrelation__lag_128,x__autocorrelation__lag_16384,x__autocorrelation__lag_2048,x__autocorrelation__lag_256,x__autocorrelation__lag_4096,x__autocorrelation__lag_512,x__autocorrelation__lag_8192
A,-0.10924150380606801,-0.25456106086568747,-0.12818417012812808,-0.13658139295637492,-0.15658113791418649,-0.13253920821623605,-0.25339846464015486,-0.1315702562281975
