id,x__autocorrelation__lag_1024,x__autocorrelation__lag_128,x__autocorrelation__lag_16384,x__autocorrelation__lag_2048,x__autocorrelation__lag_256,x__autocorrelation__lag_4096,x__autocorrelation__lag_512,x__autocorrelation__lag_8192
A,-0.04974240099037387,-0.017557290873341343,-0.14516413434901393,-0.1991782103789636,-0.2197145375333527,-0.18685648855507997,-0.2942305469716346,-0.20921075765367403
