id,x__autocorrelation__lag_1024,x__autocorrelation__lag_128,x__autocorrelation__lag_16384,x__autocorrelation__lag_2048,x__autocorrelation__lag_256,x__autocorrelation__lag_4096,x__autocorrelation__lag_512,x__autocorrelation__lag_8192
A,-0.14833197349013288,-0.2722300815686511,-0.14114221011512168,-0.14722364667614496,-0.18966117111587405,-0.14413423131464476,-0.19556466226797703,-0.14840619159310484
