id,x__autocorrelation__lag_1024,x__autocorrelation__lag_128,x__autocorrelation__lag_16384,x__autocorrelation__lag_2048,x__autocorrelation__lag_256,x__autocorrelation__lag_4096,x__autocorrelation__lag_512,x__autocorrelation__lag_8192
A,-0.1999256390153658,-0.23486025089954138,-0.19155024117473576,-0.1918893410356632,-0.25506271600160035,-0.18812540286085802,-0.2761348032004828,-0.19194532310806325
