id,x__autocorrelation__lag_1024,x__autocorrelation__lag_128,x__autocorrelation__lag_16384,x__autocorrelation__lag_2048,x__autocorrelation__lag_256,x__autocorrelation__lag_4096,x__autocorrelation__lag_512,x__autocorrelation__lag_8192
A,0.12706208121130685,-0.5693525930102556,0.1377414846611242,0.1366737270414335,0.1226131936481427,0.1391124847080538,0.13796833587573337,0.13864556488772803
