id,x__autocorrelation__lag_1024,x__autocorrelation__lag_128,x__autocorrelation__lag_16384,x__autocorrelation__lag_2048,x__autocorrelation__lag_256,x__autocorrelation__lag_4096,x__autocorrelation__lag_512,x__autocorrelation__lag_8192
A,0.5424193386985878,-0.6622843110927878,0.5303985260058032,0.5320895453742251,0.5501388929343585,0.5315900991080346,0.5481013812479467,0.5335064187395078
