id,x__autocorrelation__lag_1024,x__autocorrelation__lag_128,x__autocorrelation__lag_16384,x__autocorrelation__lag_2048,x__autocorrelation__lag_256,x__autocorrelation__lag_4096,x__autocorrelation__lag_512,x__autocorrelation__lag_8192
A,-0.12228247180435979,-0.29185702637915434,-0.12247071578095332,-0.12771852275260015,-0.17896544280640392,-0.1242805230580261,-0.20943837850633973,-0.12948241613147984
