id,x__autocorrelation__lag_1024,x__autocorrelation__lag_128,x__autocorrelation__lag_16384,x__autocorrelation__lag_2048,x__autocorrelation__lag_256,x__autocorrelation__lag_4096,x__autocorrelation__lag_512,x__autocorrelation__lag_8192
A,0.5604492682088333,-0.6827352349581635,0.5398160815876052,0.544037137836677,0.5744963730586043,0.5425376641848318,0.5678997607070607,0.5454667398141233
