id,x__autocorrelation__lag_1024,x__autocorrelation__lag_128,x__autocorrelation__lag_16384,x__autocorrelation__lag_2048,x__autocorrelation__lag_256,x__autocorrelation__lag_4096,x__autocorrelation__lag_512,x__autocorrelation__lag_8192
A,-0.07201444325073812,-0.11238121296402079,-0.15591555665402593,-0.15291205250749318,-0.22245044055854685,-0.15565003870482988,-0.26486005855219297,-0.14821865936764425
