id,x__autocorrelation__lag_1024,x__autocorrelation__lag_128,x__autocorrelation__lag_16384,x__autocorrelation__lag_2048,x__autocorrelation__lag_256,x__autocorrelation__lag_4096,x__autocorrelation__lag_512,x__autocorrelation__lag_8192
A,-0.15616278327236427,-0.2735591472863123,-0.14866644546721483,-0.1546539927099814,-0.19776688120250138,-0.1513920093735285,-0.20239575153532846,-0.1561934193037385
