id,x__autocorrelation__lag_1024,x__autocorrelation__lag_128,x__autocorrelation__lag_16384,x__autocorrelation__lag_2048,x__autocorrelation__lag_256,x__autocorrelation__lag_4096,x__autocorrelation__lag_512,x__autocorrelation__lag_8192
A,-0.06977772580496826,-0.014557131888482908,-0.1736596193844613,-0.22556648936019832,-0.24018937358159725,-0.20863356428538685,-0.31080069310071146,-0.23592589472470243
