id,x__autocorrelation__lag_1024,x__autocorrelation__lag_128,x__autocorrelation__lag_16384,x__autocorrelation__lag_2048,x__autocorrelation__lag_256,x__autocorrelation__lag_4096,x__autocorrelation__lag_512,x__autocorrelation__lag_8192
A,-0.19385296061598783,-0.0919927844149907,-0.20171181755156062,-0.20210599408211566,-0.26093004486450355,-0.19812162439098524,-0.3027334586660179,-0.20307972021059337
