id,x__autocorrelation__lag_1024,x__autocorrelation__lag_128,x__autocorrelation__lag_16384,x__autocorrelation__lag_2048,x__autocorrelation__lag_256,x__autocorrelation__lag_4096,x__autocorrelation__lag_512,x__autocorrelation__lag_8192
A,-0.09896295845876933,-0.2906675575397901,-0.09372736915055713,-0.10268433425488944,-0.14640514068903515,-0.09747983866072235,-0.16891524480252323,-0.105363655338493
