id,x__autocorrelation__lag_1024,x__autocorrelation__lag_128,x__autocorrelation__lag_16384,x__autocorrelation__lag_2048,x__autocorrelation__lag_256,x__autocorrelation__lag_4096,x__autocorrelation__lag_512,x__autocorrelation__lag_8192
A,0.3498821274404277,-0.5964437302951945,0.3516462701644381,0.355052000344896,0.36235691251808416,0.3560082630327523,0.3677121878520545,0.3569496377401899
