id,x__autocorrelation__lag_1024,x__autocorrelation__lag_128,x__autocorrelation__lag_16384,x__autocorrelation__lag_2048,x__autocorrelation__lag_256,x__autocorrelation__lag_4096,x__autocorrelation__lag_512,x__autocorrelation__lag_8192
A,-0.11440410172155965,-0.2466239299549597,-0.13319463119258315,-0.1332110352651496,-0.17207124932470783,-0.13623652385946827,-0.24182469930180803,-0.12653223763278537
