id,x__autocorrelation__lag_1024,x__autocorrelation__lag_128,x__autocorrelation__lag_16384,x__autocorrelation__lag_2048,x__autocorrelation__lag_256,x__autocorrelation__lag_4096,x__autocorrelation__lag_512,x__autocorrelation__lag_8192
A,-0.13475029116203774,-0.036252989308758005,-0.2117843319019089,-0.24586878428240672,-0.2751562952074657,-0.23065128625399153,-0.3487260462539467,-0.25455513882842723
