id,x__autocorrelation__lag_1024,x__autocorrelation__lag_128,x__autocorrelation__lag_16384,x__autocorrelation__lag_2048,x__autocorrelation__lag_256,x__autocorrelation__lag_4096,x__autocorrelation__lag_512,x__autocorrelation__lag_8192
A,-0.168501113033884,-0.1663073197822689,-0.17556942652755236,-0.17760708621079702,-0.24092916579952803,-0.17335769345639693,-0.2814260805391567,-0.1789816460087317
