id,x__autocorrelation__lag_1024,x__autocorrelation__lag_128,x__autocorrelation__lag_16384,x__autocorrelation__lag_2048,x__autocorrelation__lag_256,x__autocorrelation__lag_4096,x__autocorrelation__lag_512,x__autocorrelation__lag_8192
A,-0.15304282185014942,-0.24992849292327227,-0.1509608007705095,-0.15301221666428008,-0.20656236679517412,-0.14991770884257505,-0.23444724046635174,-0.15400235310500152
