id,x__autocorrelation__lag_1024,x__autocorrelation__lag_128,x__autocorrelation__lag_16384,x__autocorrelation__lag_2048,x__autocorrelation__lag_256,x__autocorrelation__lag_4096,x__autocorrelation__lag_512,x__autocorrelation__lag_8192
A,0.568390617783808,-0.6737550595421162,0.5571225055700793,0.5581559983549977,0.5769859842338729,0.5573615574815659,0.5697390409414729,0.5586785690245478
