id,x__autocorrelation__lag_1024,x__autocorrelation__lag_128,x__autocorrelation__lag_16384,x__autocorrelation__lag_2048,x__autocorrelation__lag_256,x__autocorrelation__lag_4096,x__autocorrelation__lag_512,x__autocorrelation__lag_8192
A,-0.10724032991620658,-0.2877485240772486,-0.11126615781020315,-0.11670015284127712,-0.1590023567859052,-0.11319295016258335,-0.18925156676118535,-0.11873059374922568
