id,x__autocorrelation__lag_1024,x__autocorrelation__lag_128,x__autocorrelation__lag_16384,x__autocorrelation__lag_2048,x__autocorrelation__lag_256,x__autocorrelation__lag_4096,x__autocorrelation__lag_512,x__autocorrelation__lag_8192
A,0.5632315190372674,-0.6693254645463863,0.5524120666233312,0.5538195515449302,0.5741602422986278,0.5534254884516372,0.5660393220543033,0.5546264353123529
