id,x__autocorrelation__lag_1024,x__autocorrelation__lag_128,x__autocorrelation__lag_16384,x__autocorrelation__lag_2048,x__autocorrelation__lag_256,x__autocorrelation__lag_4096,x__autocorrelation__lag_512,x__autocorrelation__lag_8192
A,-0.150140461022773,-0.3024314152114472,-0.13627728762806418,-0.14439671325436432,-0.19153647921917016,-0.13928926573894765,-0.18877888350998553,-0.1456710907686227
