id,x__autocorrelation__lag_1024,x__autocorrelation__lag_128,x__autocorrelation__lag_16384,x__autocorrelation__lag_2048,x__autocorrelation__lag_256,x__autocorrelation__lag_4096,x__autocorrelation__lag_512,x__autocorrelation__lag_8192
A,-0.09440032663148626,-0.29956462462765465,-0.10418919871978946,-0.10805634225399317,-0.1511821807966837,-0.10495018767324506,-0.1835629364362973,-0.1093137227317405
