id,x__autocorrelation__lag_1024,x__autocorrelation__lag_128,x__autocorrelation__lag_16384,x__autocorrelation__lag_2048,x__autocorrelation__lag_256,x__autocorrelation__lag_4096,x__autocorrelation__lag_512,x__autocorrelation__lag_8192
A,0.5651985205986589,-0.6709588845393929,0.5552913954155453,0.5567563071869279,0.5743810277766088,0.5558811231391563,0.5667079059844645,0.5575872724064259
