id,x__autocorrelation__lag_1024,x__autocorrelation__lag_128,x__autocorrelation__lag_16384,x__autocorrelation__lag_2048,x__autocorrelation__lag_256,x__autocorrelation__lag_4096,x__autocorrelation__lag_512,x__autocorrelation__lag_8192
A,-0.18805306032714322,-0.2246325045197562,-0.17939960915114,-0.18142260960788575,-0.2517252442266798,-0.1783766092019179,-0.27453643359189006,-0.18251577511074918
