id,x__autocorrelation__lag_1024,x__autocorrelation__lag_128,x__autocorrelation__lag_16384,x__autocorrelation__lag_2048,x__autocorrelation__lag_256,x__autocorrelation__lag_4096,x__autocorrelation__lag_512,x__autocorrelation__lag_8192
A,-0.11633989369395464,-0.3229963449120662,-0.1152595194687524,-0.11792384428417035,-0.16236352535357046,-0.11540263934707364,-0.1856582740610084,-0.11868186637508693
