id,x__autocorrelation__lag_1024,x__autocorrelation__lag_128,x__autocorrelation__lag_16384,x__autocorrelation__lag_2048,x__autocorrelation__lag_256,x__autocorrelation__lag_4096,x__autocorrelation__lag_512,x__autocorrelation__lag_8192
A,-0.14592938337304703,-0.2240033109931425,-0.1466891255625808,-0.14828866001555155,-0.2044439852089634,-0.14503977575524626,-0.2350022711603757,-0.14921328783673932
