id,x__autocorrelation__lag_1024,x__autocorrelation__lag_128,x__autocorrelation__lag_16384,x__autocorrelation__lag_2048,x__autocorrelation__lag_256,x__autocorrelation__lag_4096,x__autocorrelation__lag_512,x__autocorrelation__lag_8192
A,0.5490756786928453,-0.6916537376756681,0.5335167578081568,0.536150540011666,0.5649322416566149,0.5352422319505467,0.565628332235232,0.5373761310581978
