id,x__autocorrelation__lag_1024,x__autocorrelation__lag_128,x__autocorrelation__lag_16384,x__autocorrelation__lag_2048,x__autocorrelation__lag_256,x__autocorrelation__lag_4096,x__autocorrelation__lag_512,x__autocorrelation__lag_8192
A,-0.12439132784045638,-0.2860162654798057,-0.10981355512290862,-0.1326342216144927,-0.17748037858347263,-0.11841895480223337,-0.23838601673273754,-0.1202419941632828
