id,x__autocorrelation__lag_1024,x__autocorrelation__lag_128,x__autocorrelation__lag_16384,x__autocorrelation__lag_2048,x__autocorrelation__lag_256,x__autocorrelation__lag_4096,x__autocorrelation__lag_512,x__autocorrelation__lag_8192
A,-0.21799564472559396,-0.15517508545593836,-0.2123658769208896,-0.21246153055130046,-0.28042078115690744,-0.20895134076230606,-0.3044393379807986,-0.21205036587087392
