id,x__autocorrelation__lag_1024,x__autocorrelation__lag_128,x__autocorrelation__lag_16384,x__autocorrelation__lag_2048,x__autocorrelation__lag_256,x__autocorrelation__lag_4096,x__autocorrelation__lag_512,x__autocorrelation__lag_8192
A,-0.11397419297159284,-0.30187259649289694,-0.11238090108818118,-0.1198866780444938,-0.16241622300505604,-0.11559860747044534,-0.18396797525602582,-0.1218405661329615
