id,x__autocorrelation__lag_1024,x__autocorrelation__lag_128,x__autocorrelation__lag_16384,x__autocorrelation__lag_2048,x__autocorrelation__lag_256,x__autocorrelation__lag_4096,x__autocorrelation__lag_512,x__autocorrelation__lag_8192
A,0.5764482619449754,-0.7379594867576144,0.5742276208280863,0.574262607307055,0.6019017224738605,0.5748910057133448,0.6007728978473097,0.5748053850257923
