id,x__autocorrelation__lag_1024,x__autocorrelation__lag_128,x__autocorrelation__lag_16384,x__autocorrelation__lag_2048,x__autocorrelation__lag_256,x__autocorrelation__lag_4096,x__autocorrelation__lag_512,x__autocorrelation__lag_8192
A,0.5536279360503096,-0.6755098548757332,0.5371968314861495,0.5412687097767309,0.5661115019649352,0.5397078353941387,0.5607463298659037,0.542553338037767
