id,x__autocorrelation__lag_1024,x__autocorrelation__lag_128,x__autocorrelation__lag_16384,x__autocorrelation__lag_2048,x__autocorrelation__lag_256,x__autocorrelation__lag_4096,x__autocorrelation__lag_512,x__autocorrelation__lag_8192
A,-0.21842887118860574,-0.0565015545463055,-0.2176848992879663,-0.23878329442060214,-0.29549112728025656,-0.22858001075584344,-0.32804836689185013,-0.24353684966010414
