id,x__autocorrelation__lag_1024,x__autocorrelation__lag_128,x__autocorrelation__lag_16384,x__autocorrelation__lag_2048,x__autocorrelation__lag_256,x__autocorrelation__lag_4096,x__autocorrelation__lag_512,x__autocorrelation__lag_8192
A,-0.25605063768936387,-0.3756764377134145,-0.2592289046172324,-0.26409699601688685,-0.2701911340304804,-0.2559924124913427,-0.2990084837848776,-0.25381316429347855
