id,x__autocorrelation__lag_1024,x__autocorrelation__lag_128,x__autocorrelation__lag_16384,x__autocorrelation__lag_2048,x__autocorrelation__lag_256,x__autocorrelation__lag_4096,x__autocorrelation__lag_512,x__autocorrelation__lag_8192
A,-0.13478666775147352,-0.27536323895508996,-0.13781246429741667,-0.14230235799279617,-0.19093527806387506,-0.13851147245268638,-0.22482133564034945,-0.14401323087991486
