id,x__autocorrelation__lag_1024,x__autocorrelation__lag_128,x__autocorrelation__lag_16384,x__autocorrelation__lag_2048,x__autocorrelation__lag_256,x__autocorrelation__lag_4096,x__autocorrelation__lag_512,x__autocorrelation__lag_8192
A,0.08649476558894345,-0.5695070856888611,0.0959409720106956,0.09480796021211782,0.08639946647535393,0.09744948416700923,0.09464629796970582,0.096595983490771
