id,x__autocorrelation__lag_1024,x__autocorrelation__lag_128,x__autocorrelation__lag_16384,x__autocorrelation__lag_2048,x__autocorrelation__lag_256,x__autocorrelation__lag_4096,x__autocorrelation__lag_512,x__autocorrelation__lag_8192
A,-0.16926263161272762,-0.2017136651030563,-0.17216337893850917,-0.17151257216836382,-0.23832713807712247,-0.1676498606953206,-0.2741433554540976,-0.17135233725156832
