id,x__autocorrelation__lag_1024,x__autocorrelation__lag_128,x__autocorrelation__lag_16384,x__autocorrelation__lag_2048,x__autocorrelation__lag_256,x__autocorrelation__lag_4096,x__autocorrelation__lag_512,x__autocorrelation__lag_8192
A,0.4384773033980414,-0.6648415600254213,0.436691014702662,0.44021576903422255,0.45507482483121015,0.4403485137533442,0.45896986195183603,0.44131870132680007
