id,x__autocorrelation__lag_1024,x__autocorrelation__lag_128,x__autocorrelation__lag_16384,x__autocorrelation__lag_2048,x__autocorrelation__lag_256,x__autocorrelation__lag_4096,x__autocorrelation__lag_512,x__autocorrelation__lag_8192
A,-0.08883034754134861,-0.27858617978219985,-0.10454803256795778,-0.10837684969647995,-0.15192574568331388,-0.10495401498561534,-0.19528426689283665,-0.11050057353118882
