id,x__autocorrelation__lag_1024,x__autocorrelation__lag_128,x__autocorrelation__lag_16384,x__autocorrelation__lag_2048,x__autocorrelation__lag_256,x__autocorrelation__lag_4096,x__autocorrelation__lag_512,x__autocorrelation__lag_8192
A,-0.13517971117772476,-0.25162293264398605,-0.138867180290469,-0.1429528316338118,-0.19533875647982654,-0.13939276828259287,-0.231985056986197,-0.14518176874697208
