id,x__autocorrelation__lag_1024,x__autocorrelation__lag_128,x__autocorrelation__lag_16384,x__autocorrelation__lag_2048,x__autocorrelation__lag_256,x__autocorrelation__lag_4096,x__autocorrelation__lag_512,x__autocorrelation__lag_8192
A,-0.24633093897382083,-0.10819403310105817,-0.24185105131577567,-0.24009195322659868,-0.30952725790429536,-0.23658225787000273,-0.32862645643673866,-0.23944500988748574
