id,x__autocorrelation__lag_1024,x__autocorrelation__lag_128,x__autocorrelation__lag_16384,x__autocorrelation__lag_2048,x__autocorrelation__lag_256,x__autocorrelation__lag_4096,x__autocorrelation__lag_512,x__autocorrelation__lag_8192
A,-0.10488297504487515,-0.29727397266534167,-0.11058165574081553,-0.11539128029609344,-0.1619260414514903,-0.11190582432779589,-0.19405337721691185,-0.11738889898245684
