id,x__autocorrelation__lag_1024,x__autocorrelation__lag_128,x__autocorrelation__lag_16384,x__autocorrelation__lag_2048,x__autocorrelation__lag_256,x__autocorrelation__lag_4096,x__autocorrelation__lag_512,x__autocorrelation__lag_8192
A,-0.1656550391439767,-0.2009893857781857,-0.17350802523977207,-0.17317656428152284,-0.23614421451244794,-0.17057587088229006,-0.27317011934336105,-0.1740585154278639
