id,x__autocorrelation__lag_1024,x__autocorrelation__lag_128,x__autocorrelation__lag_16384,x__autocorrelation__lag_2048,x__autocorrelation__lag_256,x__autocorrelation__lag_4096,x__autocorrelation__lag_512,x__autocorrelation__lag_8192
A,-0.11435173375911416,-0.2876765888513709,-0.11120721819446774,-0.12085804019399579,-0.16386825908306113,-0.11608627483099931,-0.18837706280492286,-0.1233407703680099
