id,x__autocorrelation__lag_1024,x__autocorrelation__lag_128,x__autocorrelation__lag_16384,x__autocorrelation__lag_2048,x__autocorrelation__lag_256,x__autocorrelation__lag_4096,x__autocorrelation__lag_512,x__autocorrelation__lag_8192
A,-0.13517195845101196,-0.3180525784475303,-0.1416769427480818,-0.1500919959225659,-0.17351015455889426,-0.14244208474153094,-0.20330860184258037,-0.1489484401758093
