id,x__autocorrelation__lag_1024,x__autocorrelation__lag_128,x__autocorrelation__lag_16384,x__autocorrelation__lag_2048,x__autocorrelation__lag_256,x__autocorrelation__lag_4096,x__autocorrelation__lag_512,x__autocorrelation__lag_8192
A,-0.09469732429260243,-0.29513975749664356,-0.09767995461028912,-0.10151231962847902,-0.1492842720091899,-0.09831467176623702,-0.17969672235623055,-0.10353019581089816
