id,x__autocorrelation__lag_1024,x__autocorrelation__lag_128,x__autocorrelation__lag_16384,x__autocorrelation__lag_2048,x__autocorrelation__lag_256,x__autocorrelation__lag_4096,x__autocorrelation__lag_512,x__autocorrelation__lag_8192
A,-0.17222040815030204,-0.3575596181390817,-0.17414962343211332,-0.18587866042496726,-0.19409099665644938,-0.17701731025172707,-0.22389704426135137,-0.17827447370606098
