id,x__autocorrelation__lag_1024,x__autocorrelation__lag_128,x__autocorrelation__lag_16384,x__autocorrelation__lag_2048,x__autocorrelation__lag_256,x__autocorrelation__lag_4096,x__autocorrelation__lag_512,x__autocorrelation__lag_8192
A,0.26551202551091413,-0.5559361320394562,0.2680902392493298,0.271604079567253,0.26048498642484086,0.2747845339465105,0.26624174585472615,0.27384112275349737
