id,x__autocorrelation__lag_1024,x__autocorrelation__lag_128,x__autocorrelation__lag_16384,x__autocorrelation__lag_2048,x__autocorrelation__lag_256,x__autocorrelation__lag_4096,x__autocorrelation__lag_512,x__autocorrelation__lag_8192
A,-0.09828479440280735,-0.3038358454149359,-0.1420245881814585,-0.15735730258264757,-0.16799727314431886,-0.14803283026142228,-0.27111591151209863,-0.14277526935767393
