id,x__autocorrelation__lag_1024,x__autocorrelation__lag_128,x__autocorrelation__lag_16384,x__autocorrelation__lag_2048,x__autocorrelation__lag_256,x__autocorrelation__lag_4096,x__autocorrelation__lag_512,x__autocorrelation__lag_8192
A,0.5921949945570912,-0.7209717903646462,0.5808827910992774,0.5850073403402364,0.6037208448676644,0.5839506970119255,0.60412673329861,0.586239401172957
