id,x__autocorrelation__lag_1024,x__autocorrelation__lag_128,x__autocorrelation__lag_16384,x__autocorrelation__lag_2048,x__autocorrelation__lag_256,x__autocorrelation__lag_4096,x__autocorrelation__lag_512,x__autocorrelation__lag_8192
A,-0.07616154876793461,-0.3258371828946426,-0.08283197525141883,-0.09065486387380928,-0.1318961522888901,-0.08662174808532759,-0.16133712139528777,-0.09338069611913025
