id,x__autocorrelation__lag_1024,x__autocorrelation__lag_128,x__autocorrelation__lag_16384,x__autocorrelation__lag_2048,x__autocorrelation__lag_256,x__autocorrelation__lag_4096,x__autocorrelation__lag_512,x__autocorrelation__lag_8192
A,0.5640552047055539,-0.6845044062680016,0.5504254383209719,0.5531912241863662,0.5781481951973424,0.5520899533263866,0.5730605488352017,0.5540456371442134
