id,x__autocorrelation__lag_1024,x__autocorrelation__lag_128,x__autocorrelation__lag_16384,x__autocorrelation__lag_2048,x__autocorrelation__lag_256,x__autocorrelation__lag_4096,x__autocorrelation__lag_512,x__autocorrelation__lag_8192
A,-0.17372263699022214,-0.2780920071006503,-0.16499046056663286,-0.16697196461531233,-0.22128391707413483,-0.16383559099000136,-0.24576857536101315,-0.16745763166232763
