id,x__autocorrelation__lag_1024,x__autocorrelation__lag_128,x__autocorrelation__lag_16384,x__autocorrelation__lag_2048,x__autocorrelation__lag_256,x__autocorrelation__lag_4096,x__autocorrelation__lag_512,x__autocorrelation__lag_8192
A,0.5940460096337381,-0.7334835293923752,0.5791955677433326,0.5838997306116456,0.6075221641433415,0.5830602952336149,0.6049510384207502,0.5855277801986569
