id,x__autocorrelation__lag_1024,x__autocorrelation__lag_128,x__autocorrelation__lag_16384,x__autocorrelation__lag_2048,x__autocorrelation__lag_256,x__autocorrelation__lag_4096,x__autocorrelation__lag_512,x__autocorrelation__lag_8192
A,-0.10194454652424632,-0.2738106694775285,-0.12354899665022531,-0.13480028724581808,-0.15069934264338994,-0.1278206427672403,-0.17746568087440612,-0.11795594473835745
