id,x__autocorrelation__lag_1024,x__autocorrelation__lag_128,x__autocorrelation__lag_16384,x__autocorrelation__lag_2048,x__autocorrelation__lag_256,x__autocorrelation__lag_4096,x__autocorrelation__lag_512,x__autocorrelation__lag_8192
A,0.5517274314787337,-0.6686032602167122,0.5399867079601347,0.541694017218042,0.5646730240491588,0.5412146805650764,0.5596984649735547,0.5427791185419962
