id,x__autocorrelation__lag_1024,x__autocorrelation__lag_128,x__autocorrelation__lag_16384,x__autocorrelation__lag_2048,x__autocorrelation__lag_256,x__autocorrelation__lag_4096,x__autocorrelation__lag_512,x__autocorrelation__lag_8192
A,-0.18207451586998427,-0.299832497078292,-0.16434746614714438,-0.17223590577665066,-0.2158287028590721,-0.16819950650699161,-0.21376887522590263,-0.17354456300515672
