id,x__autocorrelation__lag_1024,x__autocorrelation__lag_128,x__autocorrelation__lag_16384,x__autocorrelation__lag_2048,x__autocorrelation__lag_256,x__autocorrelation__lag_4096,x__autocorrelation__lag_512,x__autocorrelation__lag_8192
A,-0.21393814859561563,-0.017513973407881495,-0.21397984091958608,-0.21274102391786584,-0.295727341760484,-0.20961883162813486,-0.3345708218012157,-0.2142832540352625
