id,x__autocorrelation__lag_1024,x__autocorrelation__lag_128,x__autocorrelation__lag_16384,x__autocorrelation__lag_2048,x__autocorrelation__lag_256,x__autocorrelation__lag_4096,x__autocorrelation__lag_512,x__autocorrelation__lag_8192
A,-0.08777811331522728,-0.3028028102227149,-0.09003274786526705,-0.09718471717778442,-0.13911110564668186,-0.09297067864294983,-0.1709010658045988,-0.09920195377745712
