id,x__autocorrelation__lag_1024,x__autocorrelation__lag_128,x__autocorrelation__lag_16384,x__autocorrelation__lag_2048,x__autocorrelation__lag_256,x__autocorrelation__lag_4096,x__autocorrelation__lag_512,x__autocorrelation__lag_8192
A,-0.13690693043585028,-0.29505730257508284,-0.13914491223064782,-0.14288330327671753,-0.19253460843602718,-0.13977974206067617,-0.22220098886491488,-0.14411859940328184
