id,x__autocorrelation__lag_1024,x__autocorrelation__lag_128,x__autocorrelation__lag_16384,x__autocorrelation__lag_2048,x__autocorrelation__lag_256,x__autocorrelation__lag_4096,x__autocorrelation__lag_512,x__autocorrelation__lag_8192
A,-0.18330980868024208,-0.03261052964547985,-0.20009227074002842,-0.22843618799985385,-0.2774468988130467,-0.21657565921275865,-0.3224551685309018,-0.23452637699263787
