id,x__autocorrelation__lag_1024,x__autocorrelation__lag_128,x__autocorrelation__lag_16384,x__autocorrelation__lag_2048,x__autocorrelation__lag_256,x__autocorrelation__lag_4096,x__autocorrelation__lag_512,x__autocorrelation__lag_8192
A,-0.09536509492565895,-0.30378172874019765,-0.10105824308953237,-0.10422605367717176,-0.14956331658329045,-0.10095138823229881,-0.18272244805873294,-0.10563842925889891
