id,x__autocorrelation__lag_1024,x__autocorrelation__lag_128,x__autocorrelation__lag_16384,x__autocorrelation__lag_2048,x__autocorrelation__lag_256,x__autocorrelation__lag_4096,x__autocorrelation__lag_512,x__autocorrelation__lag_8192
A,0.5708710454107021,-0.6772447373773318,0.5586644547432742,0.5613311281064757,0.5810990444156414,0.5605485877557994,0.5743747800044707,0.5623404684117558
