id,x__autocorrelation__lag_1024,x__autocorrelation__lag_128,x__autocorrelation__lag_16384,x__autocorrelation__lag_2048,x__autocorrelation__lag_256,x__autocorrelation__lag_4096,x__autocorrelation__lag_512,x__autocorrelation__lag_8192
A,-0.16978464173585175,-0.18249325249176815,-0.1758802501130821,-0.17766002578311965,-0.24449254129510867,-0.17474895809653812,-0.2839780034320627,-0.17885224309947317
