id,x__autocorrelation__lag_1024,x__autocorrelation__lag_128,x__autocorrelation__lag_16384,x__autocorrelation__lag_2048,x__autocorrelation__lag_256,x__autocorrelation__lag_4096,x__autocorrelation__lag_512,x__autocorrelation__lag_8192
A,-0.2056982137114353,-0.11478599379442844,-0.20064016754914094,-0.20317094821723913,-0.26820336125367666,-0.19724880137710848,-0.29995436125290326,-0.20326080038211466
