id,x__autocorrelation__lag_1024,x__autocorrelation__lag_128,x__autocorrelation__lag_16384,x__autocorrelation__lag_2048,x__autocorrelation__lag_256,x__autocorrelation__lag_4096,x__autocorrelation__lag_512,x__autocorrelation__lag_8192
A,-0.17655643011989955,-0.2256436900441661,-0.16528965653714286,-0.16827944470397205,-0.23413584808175114,-0.16426110803485736,-0.2652827147050653,-0.16939013273214124
