id,x__autocorrelation__lag_1024,x__autocorrelation__lag_128,x__autocorrelation__lag_16384,x__autocorrelation__lag_2048,x__autocorrelation__lag_256,x__autocorrelation__lag_4096,x__autocorrelation__lag_512,x__autocorrelation__lag_8192
A,-0.12739126231067302,-0.31345472548250786,-0.12589803326975968,-0.1452939407971103,-0.18458445852161462,-0.1316330614266604,-0.24441333345190927,-0.13692747749338546
