id,x__autocorrelation__lag_1024,x__autocorrelation__lag_128,x__autocorrelation__lag_16384,x__autocorrelation__lag_2048,x__autocorrelation__lag_256,x__autocorrelation__lag_4096,x__autocorrelation__lag_512,x__autocorrelation__lag_8192
A,-0.11655751520337565,-0.23831016227695773,-0.13481926013353998,-0.13932840554309972,-0.16712663457910892,-0.1365017277102564,-0.2579016716609045,-0.13338649116887727
