id,x__autocorrelation__lag_1024,x__autocorrelation__lag_128,x__autocorrelation__lag_16384,x__autocorrelation__lag_2048,x__autocorrelation__lag_256,x__autocorrelation__lag_4096,x__autocorrelation__lag_512,x__autocorrelation__lag_8192
A,-0.11232580646301173,-0.31224838573861635,-0.11411088956990276,-0.12226051454931129,-0.16345064698128467,-0.11692022875830385,-0.19174749451940365,-0.12414364200879868
