id,x__autocorrelation__lag_1024,x__autocorrelation__lag_128,x__autocorrelation__lag_16384,x__autocorrelation__lag_2048,x__autocorrelation__lag_256,x__autocorrelation__lag_4096,x__autocorrelation__lag_512,x__autocorrelation__lag_8192
A,-0.1484714367054259,-0.299755229887171,-0.15028300161527552,-0.1569366938707789,-0.20110693832101587,-0.1524163306481651,-0.22293706857494355,-0.15818031069978913
