id,x__autocorrelation__lag_1024,x__autocorrelation__lag_128,x__autocorrelation__lag_16384,x__autocorrelation__lag_2048,x__autocorrelation__lag_256,x__autocorrelation__lag_4096,x__autocorrelation__lag_512,x__autocorrelation__lag_8192
A,-0.1980197653040938,-0.20320569773420313,-0.19312511974069982,-0.19722608909545208,-0.2588274498575627,-0.193242369514344,-0.2878780761409869,-0.19829063268549557
