id,x__autocorrelation__lag_1024,x__autocorrelation__lag_128,x__autocorrelation__lag_16384,x__autocorrelation__lag_2048,x__autocorrelation__lag_256,x__autocorrelation__lag_4096,x__autocorrelation__lag_512,x__autocorrelation__lag_8192
A,-0.09268923155880024,-0.03840801337177895,-0.17892535337379464,-0.19747897855629332,-0.21659724503486952,-0.1873579637121765,-0.29117011740728355,-0.19721995409851845
