id,x__autocorrelation__lag_1024,x__autocorrelation__lag_128,x__autocorrelation__lag_16384,x__autocorrelation__lag_2048,x__autocorrelation__lag_256,x__autocorrelation__lag_4096,x__autocorrelation__lag_512,x__autocorrelation__lag_8192
A,-0.09112857589894682,-0.29528064522661435,-0.13227366104146218,-0.14881867049838537,-0.15268681936389988,-0.14451001680103784,-0.2736161707297767,-0.14028004851392348
