id,x__autocorrelation__lag_1024,x__autocorrelation__lag_128,x__autocorrelation__lag_16384,x__autocorrelation__lag_2048,x__autocorrelation__lag_256,x__autocorrelation__lag_4096,x__autocorrelation__lag_512,x__autocorrelation__lag_8192
A,0.5083327904792482,-0.7024695254380151,0.5034162891460844,0.5051842095634309,0.5226062340771762,0.5054075566727537,0.5259371187770612,0.5053257606855164
