id,x__autocorrelation__lag_1024,x__autocorrelation__lag_128,x__autocorrelation__lag_16384,x__autocorrelation__lag_2048,x__autocorrelation__lag_256,x__autocorrelation__lag_4096,x__autocorrelation__lag_512,x__autocorrelation__lag_8192
A,-0.16133829800728702,-0.2534337643864393,-0.1572897218897429,-0.15835890348584022,-0.2147291104139074,-0.15490653943196095,-0.24816486123268977,-0.1586796381989822
