id,x__autocorrelation__lag_1024,x__autocorrelation__lag_128,x__autocorrelation__lag_16384,x__autocorrelation__lag_2048,x__autocorrelation__lag_256,x__autocorrelation__lag_4096,x__autocorrelation__lag_512,x__autocorrelation__lag_8192
A,0.452943419360123,-0.6660085654402411,0.4506861365592504,0.4504656386774111,0.4632849767371555,0.45147761068631387,0.4689117890404428,0.4508105516192011
