id,x__autocorrelation__lag_1024,x__autocorrelation__lag_128,x__autocorrelation__lag_16384,x__autocorrelation__lag_2048,x__autocorrelation__lag_256,x__autocorrelation__lag_4096,x__autocorrelation__lag_512,x__autocorrelation__lag_8192
A,-0.14247174655408262,-0.24933186959405265,-0.14617729596127182,-0.14795509620446715,-0.20440121955034876,-0.1450193915339412,-0.245499663144104,-0.15007385525134767
