id,x__autocorrelation__lag_1024,x__autocorrelation__lag_128,x__autocorrelation__lag_16384,x__autocorrelation__lag_2048,x__autocorrelation__lag_256,x__autocorrelation__lag_4096,x__autocorrelation__lag_512,x__autocorrelation__lag_8192
A,-0.15605785097827637,-0.279484010065627,-0.15622883249906025,-0.16051889898872274,-0.2138810898329873,-0.15695894713898917,-0.24467675798233826,-0.16263670191751184
