id,x__autocorrelation__lag_1024,x__autocorrelation__lag_128,x__autocorrelation__lag_16384,x__autocorrelation__lag_2048,x__autocorrelation__lag_256,x__autocorrelation__lag_4096,x__autocorrelation__lag_512,x__autocorrelation__lag_8192
A,0.5702633620700315,-0.6770227091382339,0.5564896890448727,0.5587369211600792,0.5785018000774341,0.557593301719582,0.5719085751836579,0.5597484638737136
