id,x__autocorrelation__lag_1024,x__autocorrelation__lag_128,x__autocorrelation__lag_16384,x__autocorrelation__lag_2048,x__autocorrelation__lag_256,x__autocorrelation__lag_4096,x__autocorrelation__lag_512,x__autocorrelation__lag_8192
A,0.4355602152051166,-0.6542081839017303,0.4363734132084434,0.4321465393226007,0.446712515186625,0.436460711069299,0.45056260804724024,0.433197304136619
