id,x__autocorrelation__lag_1024,x__autocorrelation__lag_128,x__autocorrelation__lag_16384,x__autocorrelation__lag_2048,x__autocorrelation__lag_256,x__autocorrelation__lag_4096,x__autocorrelation__lag_512,x__autocorrelation__lag_8192
A,-0.09023811190405291,-0.29769293821736104,-0.1380226947850929,-0.1530205101606444,-0.15267692901395422,-0.15333258567052027,-0.27220898023592294,-0.14476851560918913
