id,x__autocorrelation__lag_1024,x__autocorrelation__lag_128,x__autocorrelation__lag_16384,x__autocorrelation__lag_2048,x__autocorrelation__lag_256,x__autocorrelation__lag_4096,x__autocorrelation__lag_512,x__autocorrelation__lag_8192
A,0.5549142356503948,-0.6642238933658132,0.5442010937899626,0.5454649800022663,0.5646993873539831,0.5447376148420234,0.558496256401886,0.5467818412206907
