id,x__autocorrelation__lag_1024,x__autocorrelation__lag_128,x__autocorrelation__lag_16384,x__autocorrelation__lag_2048,x__autocorrelation__lag_256,x__autocorrelation__lag_4096,x__autocorrelation__lag_512,x__autocorrelation__lag_8192
A,-0.054777888350951986,-0.1495920552198808,-0.14026788498683546,-0.12277612373142092,-0.19497361695806995,-0.13166466534531157,-0.24105316691547382,-0.11945113523081269
