id,x__autocorrelation__lag_1024,x__autocorrelation__lag_128,x__autocorrelation__lag_16384,x__autocorrelation__lag_2048,x__autocorrelation__lag_256,x__autocorrelation__lag_4096,x__autocorrelation__lag_512,x__autocorrelation__lag_8192
A,0.5623241643150146,-0.7356612445008168,0.5549661074504029,0.5560407822851097,0.5800935572959123,0.5557820899436517,0.5868769945761672,0.5569322727184999
