id,x__autocorrelation__lag_1024,x__autocorrelation__lag_128,x__autocorrelation__lag_16384,x__autocorrelation__lag_2048,x__autocorrelation__lag_256,x__autocorrelation__lag_4096,x__autocorrelation__lag_512,x__autocorrelation__lag_8192
A,0.5791547705479397,-0.7252496045238719,0.5696263779507924,0.5718218319201445,0.6005236658733694,0.5713394156645096,0.5972857248303748,0.5723484527637416
