id,x__autocorrelation__lag_1024,x__autocorrelation__lag_128,x__autocorrelation__lag_16384,x__autocorrelation__lag_2048,x__autocorrelation__lag_256,x__autocorrelation__lag_4096,x__autocorrelation__lag_512,x__autocorrelation__lag_8192
A,0.5495865906596171,-0.6687861343354582,0.5350125040665167,0.538526504278985,0.5613958917217718,0.53738914195267,0.5574384175260851,0.5399101761350155
