id,x__autocorrelation__lag_1024,x__autocorrelation__lag_128,x__autocorrelation__lag_16384,x__autocorrelation__lag_2048,x__autocorrelation__lag_256,x__autocorrelation__lag_4096,x__autocorrelation__lag_512,x__autocorrelation__lag_8192
A,-0.20513059287616672,-0.265608789597007,-0.19363364446827402,-0.1947616099776587,-0.2543776845597796,-0.19078892596972777,-0.2739517250608951,-0.1941810201440879
