id,x__autocorrelation__lag_1024,x__autocorrelation__lag_128,x__autocorrelation__lag_16384,x__autocorrelation__lag_2048,x__autocorrelation__lag_256,x__autocorrelation__lag_4096,x__autocorrelation__lag_512,x__autocorrelation__lag_8192
A,-0.21031467603074402,-0.03458382328844287,-0.21390827019896197,-0.21497837633961722,-0.29296007924695805,-0.21033383330245467,-0.32896553403419315,-0.21462926964605605
