id,x__autocorrelation__lag_1024,x__autocorrelation__lag_128,x__autocorrelation__lag_16384,x__autocorrelation__lag_2048,x__autocorrelation__lag_256,x__autocorrelation__lag_4096,x__autocorrelation__lag_512,x__autocorrelation__lag_8192
A,0.5599244816150227,-0.670551690734219,0.5466660984761464,0.5489648151583081,0.5695865144772498,0.5482158897181904,0.5611873286721406,0.5498063390769405
