id,x__autocorrelation__lag_1024,x__autocorrelation__lag_128,x__autocorrelation__lag_16384,x__autocorrelation__lag_2048,x__autocorrelation__lag_256,x__autocorrelation__lag_4096,x__autocorrelation__lag_512,x__autocorrelation__lag_8192
A,-0.14328795701555672,-0.2585940911790228,-0.14402846761136656,-0.1471557422568877,-0.20332100750628204,-0.14384388182406185,-0.24140065234378308,-0.14871971092914807
