id,x__autocorrelation__lag_1024,x__autocorrelation__lag_128,x__autocorrelation__lag_16384,x__autocorrelation__lag_2048,x__autocorrelation__lag_256,x__autocorrelation__lag_4096,x__autocorrelation__lag_512,x__autocorrelation__lag_8192
A,-0.17686873554362945,-0.273246180110986,-0.16259794851020623,-0.16517109676488007,-0.2265663617519306,-0.1610212629430955,-0.24654197939384065,-0.1652257891568149
