id,x__autocorrelation__lag_1024,x__autocorrelation__lag_128,x__autocorrelation__lag_16384,x__autocorrelation__lag_2048,x__autocorrelation__lag_256,x__autocorrelation__lag_4096,x__autocorrelation__lag_512,x__autocorrelation__lag_8192
A,-0.21187881935990674,-0.1159873796507556,-0.21458900084271226,-0.2157548628644404,-0.27588653215461423,-0.21139197802831,-0.3095394364137836,-0.21621329317362545
