id,x__autocorrelation__lag_1024,x__autocorrelation__lag_128,x__autocorrelation__lag_16384,x__autocorrelation__lag_2048,x__autocorrelation__lag_256,x__autocorrelation__lag_4096,x__autocorrelation__lag_512,x__autocorrelation__lag_8192
A,-0.11000217027292218,-0.27187137731221783,-0.12450500917636957,-0.12678234528727916,-0.17727617476708277,-0.12382089184890066,-0.21859266517250625,-0.12789025805314833
