id,x__autocorrelation__lag_1024,x__autocorrelation__lag_128,x__autocorrelation__lag_16384,x__autocorrelation__lag_2048,x__autocorrelation__lag_256,x__autocorrelation__lag_4096,x__autocorrelation__lag_512,x__autocorrelation__lag_8192
A,-0.15924968856888402,-0.29345244902196327,-0.14249354738773032,-0.1486721876423335,-0.19499298412386362,-0.14495218333297924,-0.18933594077313537,-0.14980624950388013
