id,x__autocorrelation__lag_1024,x__autocorrelation__lag_128,x__autocorrelation__lag_16384,x__autocorrelation__lag_2048,x__autocorrelation__lag_256,x__autocorrelation__lag_4096,x__autocorrelation__lag_512,x__autocorrelation__lag_8192
A,-0.12315330772279455,-0.24932214584321338,-0.14143997680771017,-0.14477981259083914,-0.1688223456829142,-0.14468735839836838,-0.2573620110554642,-0.1445672341148907
