id,x__autocorrelation__lag_1024,x__autocorrelation__lag_128,x__autocorrelation__lag_16384,x__autocorrelation__lag_2048,x__autocorrelation__lag_256,x__autocorrelation__lag_4096,x__autocorrelation__lag_512,x__autocorrelation__lag_8192
A,-0.1299666920091962,-0.24818716655760498,-0.12616368692640145,-0.13149913096439195,-0.17126076285564923,-0.12819283658894742,-0.1833182805422169,-0.13379446696063488
