id,x__autocorrelation__lag_1024,x__autocorrelation__lag_128,x__autocorrelation__lag_16384,x__autocorrelation__lag_2048,x__autocorrelation__lag_256,x__autocorrelation__lag_4096,x__autocorrelation__lag_512,x__autocorrelation__lag_8192
A,-0.03661792629745289,-0.2394529575313879,-0.12453564925131523,-0.07540960009761503,-0.20301879094536668,-0.0970770454576769,-0.14053648592059861,-0.09210842884345674
