id,x__autocorrelation__lag_1024,x__autocorrelation__lag_128,x__autocorrelation__lag_16384,x__autocorrelation__lag_2048,x__autocorrelation__lag_256,x__autocorrelation__lag_4096,x__autocorrelation__lag_512,x__autocorrelation__lag_8192
A,-0.1899055227538841,-0.22571702186351553,-0.18276952708192243,-0.1838854478662361,-0.24255471064995576,-0.18102467209478143,-0.26775629338492013,-0.18465616811345367
