id,x__autocorrelation__lag_1024,x__autocorrelation__lag_128,x__autocorrelation__lag_16384,x__autocorrelation__lag_2048,x__autocorrelation__lag_256,x__autocorrelation__lag_4096,x__autocorrelation__lag_512,x__autocorrelation__lag_8192
A,-0.1539777380840633,-0.2344552443366064,-0.13765792607091104,-0.1434113805680868,-0.1862543357430073,-0.13980833701368683,-0.18491495297871527,-0.145812522674281
