id,x__autocorrelation__lag_1024,x__autocorrelation__lag_128,x__autocorrelation__lag_16384,x__autocorrelation__lag_2048,x__autocorrelation__lag_256,x__autocorrelation__lag_4096,x__autocorrelation__lag_512,x__autocorrelation__lag_8192
A,-0.12846161949992713,-0.28790297869446557,-0.1327699073787051,-0.13646161637338308,-0.17729607619176505,-0.13283771975313058,-0.208686928643739,-0.1382219728807598
