id,x__autocorrelation__lag_1024,x__autocorrelation__lag_128,x__autocorrelation__lag_16384,x__autocorrelation__lag_2048,x__autocorrelation__lag_256,x__autocorrelation__lag_4096,x__autocorrelation__lag_512,x__autocorrelation__lag_8192
A,-0.17513792200882117,-0.20087466906160736,-0.17313515057087092,-0.17624523429873848,-0.23905181164237427,-0.17234543653141543,-0.26754453115248356,-0.17671618687745527
