id,x__autocorrelation__lag_1024,x__autocorrelation__lag_128,x__autocorrelation__lag_16384,x__autocorrelation__lag_2048,x__autocorrelation__lag_256,x__autocorrelation__lag_4096,x__autocorrelation__lag_512,x__autocorrelation__lag_8192
A,-0.05005372126493931,-0.054462073994095014,-0.15214562481890154,-0.16379369446420283,-0.2180276831049789,-0.15736283377738194,-0.2675940763936596,-0.16278973376724976
