id,x__autocorrelation__lag_1024,x__autocorrelation__lag_128,x__autocorrelation__lag_16384,x__autocorrelation__lag_2048,x__autocorrelation__lag_256,x__autocorrelation__lag_4096,x__autocorrelation__lag_512,x__autocorrelation__lag_8192
A,0.2917010034278484,-0.5586516163347099,0.29106985664863666,0.2955967917215563,0.2758659107292939,0.2984693775192415,0.2786121677392835,0.298265397626037
