id,x__autocorrelation__lag_1024,x__autocorrelation__lag_128,x__autocorrelation__lag_16384,x__autocorrelation__lag_2048,x__autocorrelation__lag_256,x__autocorrelation__lag_4096,x__autocorrelation__lag_512,x__autocorrelation__lag_8192
A,-0.1630422244227368,-0.3064601954037806,-0.13394176293640783,-0.16891734184581053,-0.21386341018934232,-0.14821772194655808,-0.26951251304040114,-0.15018450183488005
