id,x__autocorrelation__lag_1024,x__autocorrelation__lag_128,x__autocorrelation__lag_16384,x__autocorrelation__lag_2048,x__autocorrelation__lag_256,x__autocorrelation__lag_4096,x__autocorrelation__lag_512,x__autocorrelation__lag_8192
A,-0.1682170615642735,-0.19261860089094077,-0.1706654245531026,-0.17322203219278756,-0.2352749434170169,-0.16904414214121552,-0.26963463801177545,-0.1736268024237283
