id,x__autocorrelation__lag_1024,x__autocorrelation__lag_128,x__autocorrelation__lag_16384,x__autocorrelation__lag_2048,x__autocorrelation__lag_256,x__autocorrelation__lag_4096,x__autocorrelation__lag_512,x__autocorrelation__lag_8192
A,-0.10958209889332152,-0.28332341349062984,-0.13898653078504525,-0.14952085200021134,-0.16064896849607158,-0.14907928656384029,-0.2523652608320493,-0.1402249941977987
