id,x__autocorrelation__lag_1024,x__autocorrelation__lag_128,x__autocorrelation__lag_16384,x__autocorrelation__lag_2048,x__autocorrelation__lag_256,x__autocorrelation__lag_4096,x__autocorrelation__lag_512,x__autocorrelation__lag_8192
A,-0.09242421335832315,-0.2930917545841428,-0.10312548037241669,-0.10678086381181277,-0.1509654600104355,-0.10389677187922898,-0.1830409226011219,-0.10776944703080318
