id,x__autocorrelation__lag_1024,x__autocorrelation__lag_128,x__autocorrelation__lag_16384,x__autocorrelation__lag_2048,x__autocorrelation__lag_256,x__autocorrelation__lag_4096,x__autocorrelation__lag_512,x__autocorrelation__lag_8192
A,-0.19398828790338926,-0.29421476410501596,-0.17954179022168068,-0.18867827485319974,-0.23174586128920988,-0.1841669097036627,-0.2346442300043035,-0.19097919957898554
