id,x__autocorrelation__lag_1024,x__autocorrelation__lag_128,x__autocorrelation__lag_16384,x__autocorrelation__lag_2048,x__autocorrelation__lag_256,x__autocorrelation__lag_4096,x__autocorrelation__lag_512,x__autocorrelation__lag_8192
A,-0.14902616230762256,-0.3219625822151746,-0.11069507773117727,-0.1463724715431495,-0.20619642593825652,-0.11920348103852776,-0.27196590741258636,-0.11956853290273513
