id,x__autocorrelation__lag_1024,x__autocorrelation__lag_128,x__autocorrelation__lag_16384,x__autocorrelation__lag_2048,x__autocorrelation__lag_256,x__autocorrelation__lag_4096,x__autocorrelation__lag_512,x__autocorrelation__lag_8192
A,-0.19630233239496767,-0.09803234256008353,-0.20010507198382,-0.20147866205423481,-0.26225785980099736,-0.19702855718725967,-0.2988433750265626,-0.20230602680713472
