id,x__autocorrelation__lag_1024,x__autocorrelation__lag_128,x__autocorrelation__lag_16384,x__autocorrelation__lag_2048,x__autocorrelation__lag_256,x__autocorrelation__lag_4096,x__autocorrelation__lag_512,x__autocorrelation__lag_8192
A,-0.08467403165055762,-0.2490469022053402,-0.10554144964574647,-0.12389439905909021,-0.147749161720465,-0.10835270993636942,-0.21053414858651814,-0.10756377362062054
