id,x__autocorrelation__lag_1024,x__autocorrelation__lag_128,x__autocorrelation__lag_16384,x__autocorrelation__lag_2048,x__autocorrelation__lag_256,x__autocorrelation__lag_4096,x__autocorrelation__lag_512,x__autocorrelation__lag_8192
A,-0.17202732806576004,-0.35703764696072565,-0.18513638561641377,-0.20257238200411992,-0.19411387357858226,-0.19164357408885976,-0.24069000947151392,-0.1797338317617653
