id,x__autocorrelation__lag_1024,x__autocorrelation__lag_128,x__autocorrelation__lag_16384,x__autocorrelation__lag_2048,x__autocorrelation__lag_256,x__autocorrelation__lag_4096,x__autocorrelation__lag_512,x__autocorrelation__lag_8192
A,-0.16539657368754007,-0.3544145731062993,-0.18314496226275925,-0.19964744056410644,-0.1896930879709775,-0.1883073696848768,-0.2412300432840453,-0.17962776541911352
