id,x__autocorrelation__lag_1024,x__autocorrelation__lag_128,x__autocorrelation__lag_16384,x__autocorrelation__lag_2048,x__autocorrelation__lag_256,x__autocorrelation__lag_4096,x__autocorrelation__lag_512,x__autocorrelation__lag_8192
A,-0.2072635966740578,-0.12242610515463097,-0.20635136973843557,-0.20744043171862497,-0.26735131757750397,-0.20383056745614864,-0.29995221538993183,-0.20789858549486007
