id,x__autocorrelation__lag_1024,x__autocorrelation__lag_128,x__autocorrelation__lag_16384,x__autocorrelation__lag_2048,x__autocorrelation__lag_256,x__autocorrelation__lag_4096,x__autocorrelation__lag_512,x__autocorrelation__lag_8192
A,-0.11254833476678072,-0.2520198574980238,-0.13406404048615506,-0.13342728463652723,-0.16316181919647768,-0.1353548714434025,-0.2571022486029006,-0.12707572353317395
