id,x__autocorrelation__lag_1024,x__autocorrelation__lag_128,x__autocorrelation__lag_16384,x__autocorrelation__lag_2048,x__autocorrelation__lag_256,x__autocorrelation__lag_4096,x__autocorrelation__lag_512,x__autocorrelation__lag_8192
A,-0.14121620880337676,-0.23150076501725952,-0.14195181748389932,-0.14415240402879748,-0.20226238356827864,-0.13995204083826115,-0.240313147990698,-0.14511418595195566
