id,x__autocorrelation__lag_1024,x__autocorrelation__lag_128,x__autocorrelation__lag_16384,x__autocorrelation__lag_2048,x__autocorrelation__lag_256,x__autocorrelation__lag_4096,x__autocorrelation__lag_512,x__autocorrelation__lag_8192
A,-0.17855179515883915,-0.23600495788597287,-0.16757604810841853,-0.17089405503873742,-0.23564374204949604,-0.16685996123994193,-0.26839435245706905,-0.17215270368821786
