id,x__autocorrelation__lag_1024,x__autocorrelation__lag_128,x__autocorrelation__lag_16384,x__autocorrelation__lag_2048,x__autocorrelation__lag_256,x__autocorrelation__lag_4096,x__autocorrelation__lag_512,x__autocorrelation__lag_8192
A,-0.18424588365226055,-0.22673208496508188,-0.1815514706919309,-0.18392423706948674,-0.2447810877168461,-0.1804108666036986,-0.2759896906565877,-0.185294429189739
