id,x__autocorrelation__lag_1024,x__autocorrelation__lag_128,x__autocorrelation__lag_16384,x__autocorrelation__lag_2048,x__autocorrelation__lag_256,x__autocorrelation__lag_4096,x__autocorrelation__lag_512,x__autocorrelation__lag_8192
A,0.5608087775566268,-0.6693367381020155,0.5496342495969574,0.5509664253345294,0.5706845153220982,0.5502252990420554,0.5612768417845309,0.5517051417566007
