id,x__autocorrelation__lag_1024,x__autocorrelation__lag_128,x__autocorrelation__lag_16384,x__autocorrelation__lag_2048,x__autocorrelation__lag_256,x__autocorrelation__lag_4096,x__autocorrelation__lag_512,x__autocorrelation__lag_8192
A,0.15872626749725977,-0.5117325637160699,0.18037628129100516,0.18357449171493667,0.15428262919609984,0.18524780004128216,0.16321026027738328,0.18435243053340353
