id,x__autocorrelation__lag_1024,x__autocorrelation__lag_128,x__autocorrelation__lag_16384,x__autocorrelation__lag_2048,x__autocorrelation__lag_256,x__autocorrelation__lag_4096,x__autocorrelation__lag_512,x__autocorrelation__lag_8192
A,-0.14619003459355018,-0.3023571709366553,-0.12847253836021882,-0.1611007404682121,-0.20134112969036827,-0.13745297436500897,-0.2620168824719282,-0.1389026205493126
