id,x__autocorrelation__lag_1024,x__autocorrelation__lag_128,x__autocorrelation__lag_16384,x__autocorrelation__lag_2048,x__autocorrelation__lag_256,x__autocorrelation__lag_4096,x__autocorrelation__lag_512,x__autocorrelation__lag_8192
A,-0.21488953181033557,-0.049887310469552866,-0.21642083916514848,-0.2407254088982419,-0.2938916009292341,-0.22931704996833288,-0.32804297980599784,-0.2448176852963784
