id,x__autocorrelation__lag_1024,x__autocorrelation__lag_128,x__autocorrelation__lag_16384,x__autocorrelation__lag_2048,x__autocorrelation__lag_256,x__autocorrelation__lag_4096,x__autocorrelation__lag_512,x__autocorrelation__lag_8192
A,-0.18771317260578527,-0.23000075650829346,-0.1817812476994059,-0.18330765325481121,-0.24526208773642974,-0.17934649909587908,-0.27008205752982806,-0.18307983822114327
