id,x__autocorrelation__lag_1024,x__autocorrelation__lag_128,x__autocorrelation__lag_16384,x__autocorrelation__lag_2048,x__autocorrelation__lag_256,x__autocorrelation__lag_4096,x__autocorrelation__lag_512,x__autocorrelation__lag_8192
A,-0.28423185240634286,-0.350508698087087,-0.2755935358238827,-0.30908606485093354,-0.2990303670626582,-0.2863602452350572,-0.34071626626226675,-0.2878897073092216
