id,x__autocorrelation__lag_1024,x__autocorrelation__lag_128,x__autocorrelation__lag_16384,x__autocorrelation__lag_2048,x__autocorrelation__lag_256,x__autocorrelation__lag_4096,x__autocorrelation__lag_512,x__autocorrelation__lag_8192
A,-0.15672052936853778,-0.2435060354282112,-0.1620578354605933,-0.1618213285047536,-0.2185953584755096,-0.15902319666166703,-0.2432178268846526,-0.16199982469052018
