id,x__autocorrelation__lag_1024,x__autocorrelation__lag_128,x__autocorrelation__lag_16384,x__autocorrelation__lag_2048,x__autocorrelation__lag_256,x__autocorrelation__lag_4096,x__autocorrelation__lag_512,x__autocorrelation__lag_8192
A,0.18987763345494138,-0.5502410596336522,0.19913114787810735,0.20128203233995398,0.18425520937005888,0.20405975379600563,0.18970954843799911,0.20335984345704297
