id,x__autocorrelation__lag_1024,x__autocorrelation__lag_128,x__autocorrelation__lag_16384,x__autocorrelation__lag_2048,x__autocorrelation__lag_256,x__autocorrelation__lag_4096,x__autocorrelation__lag_512,x__autocorrelation__lag_8192
A,0.5644693751334805,-0.6821795435885266,0.5542839988623937,0.5566845703420333,0.5737514798886449,0.5557021013426332,0.5726444187263023,0.5578357156612573
