id,x__autocorrelation__lag_1024,x__autocorrelation__lag_128,x__autocorrelation__lag_16384,x__autocorrelation__lag_2048,x__autocorrelation__lag_256,x__autocorrelation__lag_4096,x__autocorrelation__lag_512,x__autocorrelation__lag_8192
A,-0.21998272442771646,-0.3590251264942118,-0.22601789698183952,-0.22834145167432054,-0.23619775206736987,-0.2240771920827328,-0.26509274423955853,-0.2171097888922772
