id,x__autocorrelation__lag_1024,x__autocorrelation__lag_128,x__autocorrelation__lag_16384,x__autocorrelation__lag_2048,x__autocorrelation__lag_256,x__autocorrelation__lag_4096,x__autocorrelation__lag_512,x__autocorrelation__lag_8192
A,-0.14287152649741106,-0.3137178238426299,-0.10702634164013852,-0.14590244879872907,-0.20461593416925966,-0.1187641891369479,-0.2828899943595641,-0.12041560056211918
