id,x__autocorrelation__lag_1024,x__autocorrelation__lag_128,x__autocorrelation__lag_16384,x__autocorrelation__lag_2048,x__autocorrelation__lag_256,x__autocorrelation__lag_4096,x__autocorrelation__lag_512,x__autocorrelation__lag_8192
A,-0.17409997751722264,-0.20735520893666798,-0.16861155074785328,-0.17264324500544526,-0.22226583438523223,-0.16866757908660082,-0.250188329086894,-0.17403269761560317
