id,x__autocorrelation__lag_1024,x__autocorrelation__lag_128,x__autocorrelation__lag_16384,x__autocorrelation__lag_2048,x__autocorrelation__lag_256,x__autocorrelation__lag_4096,x__autocorrelation__lag_512,x__autocorrelation__lag_8192
A,0.2768769890141978,-0.5775018509839505,0.282186846067571,0.28560675106749933,0.2723651010022506,0.28879071574948734,0.2775768392349365,0.2878744173557593
