id,x__autocorrelation__lag_1024,x__autocorrelation__lag_128,x__autocorrelation__lag_16384,x__autocorrelation__lag_2048,x__autocorrelation__lag_256,x__autocorrelation__lag_4096,x__autocorrelation__lag_512,x__autocorrelation__lag_8192
A,-0.13336587715518675,-0.30580267522140697,-0.1304370712945404,-0.13680618308532821,-0.18331180858401502,-0.133114298160704,-0.19952044934802465,-0.13785523787208356
