id,x__autocorrelation__lag_1024,x__autocorrelation__lag_128,x__autocorrelation__lag_16384,x__autocorrelation__lag_2048,x__autocorrelation__lag_256,x__autocorrelation__lag_4096,x__autocorrelation__lag_512,x__autocorrelation__lag_8192
A,-0.19306187105906453,-0.11814696318707914,-0.19182995493813745,-0.19247864956067023,-0.25748843774990043,-0.18826270956163368,-0.29097374407040205,-0.19245270708358123
