id,x__autocorrelation__lag_1024,x__autocorrelation__lag_128,x__autocorrelation__lag_16384,x__autocorrelation__lag_2048,x__autocorrelation__lag_256,x__autocorrelation__lag_4096,x__autocorrelation__lag_512,x__autocorrelation__lag_8192
A,0.5618497928008968,-0.6844311168498669,0.5442975692638877,0.5483704142939694,0.5758718219140355,0.5469530505919626,0.5704699025970082,0.5492015665596983
