id,x__autocorrelation__lag_1024,x__autocorrelation__lag_128,x__autocorrelation__lag_16384,x__autocorrelation__lag_2048,x__autocorrelation__lag_256,x__autocorrelation__lag_4096,x__autocorrelation__lag_512,x__autocorrelation__lag_8192
A,-0.14164068338868602,-0.30072883426433406,-0.11974580318415885,-0.14720066826329242,-0.2001412356735965,-0.12864753991366787,-0.27108312056516454,-0.12657786646760025
