id,x__autocorrelation__lag_1024,x__autocorrelation__lag_128,x__autocorrelation__lag_16384,x__autocorrelation__lag_2048,x__autocorrelation__lag_256,x__autocorrelation__lag_4096,x__autocorrelation__lag_512,x__autocorrelation__lag_8192
A,-0.11142476312154563,-0.2313129283496397,-0.105770578455085,-0.1117910161762313,-0.15042940753996978,-0.10801997073069562,-0.16342037408512333,-0.1142994947912379
