id,x__autocorrelation__lag_1024,x__autocorrelation__lag_128,x__autocorrelation__lag_16384,x__autocorrelation__lag_2048,x__autocorrelation__lag_256,x__autocorrelation__lag_4096,x__autocorrelation__lag_512,x__autocorrelation__lag_8192
A,-0.11137360252108254,-0.2812356233858805,-0.11115809220451342,-0.12118124031880856,-0.1649290593000146,-0.11554819056003482,-0.18596772977727374,-0.12377295970858887
