id,x__autocorrelation__lag_1024,x__autocorrelation__lag_128,x__autocorrelation__lag_16384,x__autocorrelation__lag_2048,x__autocorrelation__lag_256,x__autocorrelation__lag_4096,x__autocorrelation__lag_512,x__autocorrelation__lag_8192
A,-0.13999753258695916,-0.2805543779839476,-0.12992662786597908,-0.13485660132527222,-0.1813700829041716,-0.1319682113125786,-0.18423205470998538,-0.13607110884852558
