id,x__autocorrelation__lag_1024,x__autocorrelation__lag_128,x__autocorrelation__lag_16384,x__autocorrelation__lag_2048,x__autocorrelation__lag_256,x__autocorrelation__lag_4096,x__autocorrelation__lag_512,x__autocorrelation__lag_8192
A,0.5667967866428701,-0.7165268250690978,0.5551984933943364,0.5563733692728917,0.5854778104723172,0.5559730412473467,0.5867563240443913,0.5576260235995184
