id,x__autocorrelation__lag_1024,x__autocorrelation__lag_128,x__autocorrelation__lag_16384,x__autocorrelation__lag_2048,x__autocorrelation__lag_256,x__autocorrelation__lag_4096,x__autocorrelation__lag_512,x__autocorrelation__lag_8192
A,-0.17975671594921536,-0.18539853129232373,-0.18129117225597807,-0.18320716846284393,-0.2490532673670461,-0.17932955417271665,-0.2860951159913007,-0.18417261080352648
