id,x__autocorrelation__lag_1024,x__autocorrelation__lag_128,x__autocorrelation__lag_16384,x__autocorrelation__lag_2048,x__autocorrelation__lag_256,x__autocorrelation__lag_4096,x__autocorrelation__lag_512,x__autocorrelation__lag_8192
A,-0.1896137571092835,-0.27442446320201513,-0.1811368757357589,-0.18177178642833086,-0.2350873218901379,-0.17946540742186265,-0.25137593211600934,-0.18187109162489856
