id,x__autocorrelation__lag_1024,x__autocorrelation__lag_128,x__autocorrelation__lag_16384,x__autocorrelation__lag_2048,x__autocorrelation__lag_256,x__autocorrelation__lag_4096,x__autocorrelation__lag_512,x__autocorrelation__lag_8192
A,-0.14712995850376526,-0.2933347105457186,-0.14735914729446384,-0.14987491177071122,-0.20216677160930674,-0.14720417713292983,-0.22927878136075247,-0.15105407623942638
