id,x__autocorrelation__lag_1024,x__autocorrelation__lag_128,x__autocorrelation__lag_16384,x__autocorrelation__lag_2048,x__autocorrelation__lag_256,x__autocorrelation__lag_4096,x__autocorrelation__lag_512,x__autocorrelation__lag_8192
A,-0.15683456357169454,-0.32409116611499283,-0.13571294734189965,-0.1650025796456732,-0.21489255407385113,-0.15072413490891962,-0.27266382365876723,-0.15068244298594702
