id,x__autocorrelation__lag_1024,x__autocorrelation__lag_128,x__autocorrelation__lag_16384,x__autocorrelation__lag_2048,x__autocorrelation__lag_256,x__autocorrelation__lag_4096,x__autocorrelation__lag_512,x__autocorrelation__lag_8192
A,-0.15642838859015043,-0.25833350395683236,-0.1590222706264917,-0.16177281129695323,-0.21071352246030342,-0.15866931296516237,-0.24771346911748973,-0.16372296879524492
