id,x__autocorrelation__lag_1024,x__autocorrelation__lag_128,x__autocorrelation__lag_16384,x__autocorrelation__lag_2048,x__autocorrelation__lag_256,x__autocorrelation__lag_4096,x__autocorrelation__lag_512,x__autocorrelation__lag_8192
A,-0.33960172147018003,-0.31673110766403,-0.3807236930977522,-0.38573565564653445,-0.36015343234662567,-0.3746438631072103,-0.45615323437691363,-0.38297485786901103
