id,x__autocorrelation__lag_1024,x__autocorrelation__lag_128,x__autocorrelation__lag_16384,x__autocorrelation__lag_2048,x__autocorrelation__lag_256,x__autocorrelation__lag_4096,x__autocorrelation__lag_512,x__autocorrelation__lag_8192
A,-0.22305956901491458,-0.04858571582102074,-0.2660233057438919,-0.2831554155785354,-0.2753384156510251,-0.2754394552017233,-0.42329342740395015,-0.2897175432676356
