id,x__autocorrelation__lag_1024,x__autocorrelation__lag_128,x__autocorrelation__lag_16384,x__autocorrelation__lag_2048,x__autocorrelation__lag_256,x__autocorrelation__lag_4096,x__autocorrelation__lag_512,x__autocorrelation__lag_8192
A,0.5497566145589723,-0.6747079807001112,0.5378976834940604,0.5416074952801763,0.5609733075844684,0.5401068349602706,0.5574689477754016,0.5431860938562538
