id,x__autocorrelation__lag_1024,x__autocorrelation__lag_128,x__autocorrelation__lag_16384,x__autocorrelation__lag_2048,x__autocorrelation__lag_256,x__autocorrelation__lag_4096,x__autocorrelation__lag_512,x__autocorrelation__lag_8192
A,-0.1035077490395843,-0.020786235781456178,-0.20775828667628063,-0.2238344290382421,-0.2538902852907925,-0.21920077235642493,-0.2904734909083152,-0.21830554909182032
