id,x__autocorrelation__lag_1024,x__autocorrelation__lag_128,x__autocorrelation__lag_16384,x__autocorrelation__lag_2048,x__autocorrelation__lag_256,x__autocorrelation__lag_4096,x__autocorrelation__lag_512,x__autocorrelation__lag_8192
A,-0.10858169623157225,-0.3111020803638843,-0.10793423653481496,-0.1125785065089681,-0.1584920455867204,-0.10900519049982567,-0.1886526086367491,-0.11430916395066411
