id,x__autocorrelation__lag_1024,x__autocorrelation__lag_128,x__autocorrelation__lag_16384,x__autocorrelation__lag_2048,x__autocorrelation__lag_256,x__autocorrelation__lag_4096,x__autocorrelation__lag_512,x__autocorrelation__lag_8192
A,0.32112214279662,-0.5651122764331459,0.318816750857829,0.3295190831543831,0.3070681607025498,0.3299905761002982,0.3083438708535537,0.332178243405715
