id,x__autocorrelation__lag_1024,x__autocorrelation__lag_128,x__autocorrelation__lag_16384,x__autocorrelation__lag_2048,x__autocorrelation__lag_256,x__autocorrelation__lag_4096,x__autocorrelation__lag_512,x__autocorrelation__lag_8192
A,-0.08421113531646054,-0.2623586099441971,-0.10501202024494723,-0.12276499056363065,-0.14957033681457438,-0.10821169427387842,-0.2135381742686688,-0.10427741552270532
