id,x__autocorrelation__lag_1024,x__autocorrelation__lag_128,x__autocorrelation__lag_16384,x__autocorrelation__lag_2048,x__autocorrelation__lag_256,x__autocorrelation__lag_4096,x__autocorrelation__lag_512,x__autocorrelation__lag_8192
A,-0.23218515816739868,-0.05907338671782545,-0.23368686038571343,-0.23479092711238408,-0.3016980380494141,-0.22937775744645222,-0.3317836043861501,-0.23454091735556726
