id,x__autocorrelation__lag_1024,x__autocorrelation__lag_128,x__autocorrelation__lag_16384,x__autocorrelation__lag_2048,x__autocorrelation__lag_256,x__autocorrelation__lag_4096,x__autocorrelation__lag_512,x__autocorrelation__lag_8192
A,-0.17877019782502918,-0.05253310290918569,-0.19162280842788354,-0.22107023417056917,-0.27000800608988895,-0.20804579414079477,-0.3152716956371499,-0.22861314752522127
