id,x__autocorrelation__lag_1024,x__autocorrelation__lag_128,x__autocorrelation__lag_16384,x__autocorrelation__lag_2048,x__autocorrelation__lag_256,x__autocorrelation__lag_4096,x__autocorrelation__lag_512,x__autocorrelation__lag_8192
A,-0.15423438857792587,-0.28066100251133713,-0.15277969304200703,-0.15518778899003954,-0.21180663361545293,-0.15207291064476902,-0.2379022195802614,-0.15563999016062735
