id,x__autocorrelation__lag_1024,x__autocorrelation__lag_128,x__autocorrelation__lag_16384,x__autocorrelation__lag_2048,x__autocorrelation__lag_256,x__autocorrelation__lag_4096,x__autocorrelation__lag_512,x__autocorrelation__lag_8192
A,-0.11352726786597185,-0.0641405865799042,-0.203200642381506,-0.23287087655153973,-0.2733572399610477,-0.22980886555817137,-0.33427285280390734,-0.25200278314768265
