id,x__autocorrelation__lag_1024,x__autocorrelation__lag_128,x__autocorrelation__lag_16384,x__autocorrelation__lag_2048,x__autocorrelation__lag_256,x__autocorrelation__lag_4096,x__autocorrelation__lag_512,x__autocorrelation__lag_8192
A,-0.1439836468897974,-0.2278734434449923,-0.1452529813143392,-0.14939157238051187,-0.20000946807178932,-0.1454266774373841,-0.23608520818358802,-0.15076948846559804
