id,x__autocorrelation__lag_1024,x__autocorrelation__lag_128,x__autocorrelation__lag_16384,x__autocorrelation__lag_2048,x__autocorrelation__lag_256,x__autocorrelation__lag_4096,x__autocorrelation__lag_512,x__autocorrelation__lag_8192
A,-0.20900733672488436,-0.018095517848403887,-0.21193740740483222,-0.21739550195370094,-0.27221696448803173,-0.211261867644644,-0.31228851402622104,-0.2196927820921417
