id,x__autocorrelation__lag_1024,x__autocorrelation__lag_128,x__autocorrelation__lag_16384,x__autocorrelation__lag_2048,x__autocorrelation__lag_256,x__autocorrelation__lag_4096,x__autocorrelation__lag_512,x__autocorrelation__lag_8192
A,0.5662807103499569,-0.680896829771934,0.5491207634223769,0.5532846664337449,0.5784550603933702,0.5518924669230435,0.5732294022875741,0.5547465914291402
