id,x__autocorrelation__lag_1024,x__autocorrelation__lag_128,x__autocorrelation__lag_16384,x__autocorrelation__lag_2048,x__autocorrelation__lag_256,x__autocorrelation__lag_4096,x__autocorrelation__lag_512,x__autocorrelation__lag_8192
A,-0.10997993206018811,-0.2807507889278972,-0.1373566535632797,-0.15072012025100912,-0.16374588210819288,-0.14518578675902402,-0.2650850461962553,-0.1399419106134765
