id,x__autocorrelation__lag_1024,x__autocorrelation__lag_128,x__autocorrelation__lag_16384,x__autocorrelation__lag_2048,x__autocorrelation__lag_256,x__autocorrelation__lag_4096,x__autocorrelation__lag_512,x__autocorrelation__lag_8192
A,-0.09223078232448999,-0.28037698568886177,-0.13245807688286723,-0.13988413738128438,-0.1785676783768708,-0.13835619673542202,-0.24951515462791563,-0.13548905229510647
