id,x__autocorrelation__lag_1024,x__autocorrelation__lag_128,x__autocorrelation__lag_16384,x__autocorrelation__lag_2048,x__autocorrelation__lag_256,x__autocorrelation__lag_4096,x__autocorrelation__lag_512,x__autocorrelation__lag_8192
A,-0.21604599261661203,-0.05702347789059341,-0.2174955122160622,-0.2383325326889691,-0.28801334447268595,-0.2278413937624364,-0.31886010352650995,-0.24327417802143955
