id,x__autocorrelation__lag_1024,x__autocorrelation__lag_128,x__autocorrelation__lag_16384,x__autocorrelation__lag_2048,x__autocorrelation__lag_256,x__autocorrelation__lag_4096,x__autocorrelation__lag_512,x__autocorrelation__lag_8192
A,-0.10798917426064039,-0.28042955279495546,-0.10419610901998717,-0.11357800762710506,-0.14893889323869555,-0.10833078728876849,-0.16766560445047662,-0.11701162045389239
