id,x__autocorrelation__lag_1024,x__autocorrelation__lag_128,x__autocorrelation__lag_16384,x__autocorrelation__lag_2048,x__autocorrelation__lag_256,x__autocorrelation__lag_4096,x__autocorrelation__lag_512,x__autocorrelation__lag_8192
A,0.5452349103684228,-0.6730302387071583,0.5286663795202142,0.5315665780121704,0.5570156056085651,0.5307097470116633,0.5534787487574379,0.5329502921981057
