id,x__autocorrelation__lag_1024,x__autocorrelation__lag_128,x__autocorrelation__lag_16384,x__autocorrelation__lag_2048,x__autocorrelation__lag_256,x__autocorrelation__lag_4096,x__autocorrelation__lag_512,x__autocorrelation__lag_8192
A,-0.17974592745159468,-0.1963845603832168,-0.1817657639966398,-0.18447244558320972,-0.24815656014811627,-0.1810497278505094,-0.28012535701144564,-0.18499953261815547
