id,x__autocorrelation__lag_1024,x__autocorrelation__lag_128,x__autocorrelation__lag_16384,x__autocorrelation__lag_2048,x__autocorrelation__lag_256,x__autocorrelation__lag_4096,x__autocorrelation__lag_512,x__autocorrelation__lag_8192
A,-0.13587967086818017,-0.2664375608622604,-0.13150368155326783,-0.13806682087773967,-0.17637892139444905,-0.13407398085135086,-0.18469426595135116,-0.14031566155846653
