id,x__autocorrelation__lag_1024,x__autocorrelation__lag_128,x__autocorrelation__lag_16384,x__autocorrelation__lag_2048,x__autocorrelation__lag_256,x__autocorrelation__lag_4096,x__autocorrelation__lag_512,x__autocorrelation__lag_8192
A,0.5684059697370977,-0.6925778694557274,0.5556299552166095,0.558270739620633,0.5819422965535715,0.5572354882022489,0.5784176910489629,0.559586851242922
