id,x__autocorrelation__lag_1024,x__autocorrelation__lag_128,x__autocorrelation__lag_16384,x__autocorrelation__lag_2048,x__autocorrelation__lag_256,x__autocorrelation__lag_4096,x__autocorrelation__lag_512,x__autocorrelation__lag_8192
A,0.5600476407520868,-0.6761716943470788,0.5378985396288805,0.5419688372523953,0.5690232176801487,0.5402658528579327,0.5652167513715958,0.5437900142557315
