id,x__autocorrelation__lag_1024,x__autocorrelation__lag_128,x__autocorrelation__lag_16384,x__autocorrelation__lag_2048,x__autocorrelation__lag_256,x__autocorrelation__lag_4096,x__autocorrelation__lag_512,x__autocorrelation__lag_8192
A,-0.1898495355863683,-0.19985783175686322,-0.1825584098436333,-0.18487498847334372,-0.2439361778580157,-0.1808418884606923,-0.27395186630256174,-0.18564034075806543
