id,x__autocorrelation__lag_1024,x__autocorrelation__lag_128,x__autocorrelation__lag_16384,x__autocorrelation__lag_2048,x__autocorrelation__lag_256,x__autocorrelation__lag_4096,x__autocorrelation__lag_512,x__autocorrelation__lag_8192
A,-0.12609155326521634,-0.22855740415487635,-0.13774889597529308,-0.14207943079757515,-0.1610068731043474,-0.13991580693602793,-0.24437880486135133,-0.13431922825402082
