id,x__autocorrelation__lag_1024,x__autocorrelation__lag_128,x__autocorrelation__lag_16384,x__autocorrelation__lag_2048,x__autocorrelation__lag_256,x__autocorrelation__lag_4096,x__autocorrelation__lag_512,x__autocorrelation__lag_8192
A,-0.1844722952921911,-0.239305343717323,-0.17461672424305022,-0.174422321221736,-0.23851121107558806,-0.17094935413739185,-0.2583729692638876,-0.17351289845286708
