id,x__autocorrelation__lag_1024,x__autocorrelation__lag_128,x__autocorrelation__lag_16384,x__autocorrelation__lag_2048,x__autocorrelation__lag_256,x__autocorrelation__lag_4096,x__autocorrelation__lag_512,x__autocorrelation__lag_8192
A,0.5791422811133116,-0.678084463146071,0.5670231797482208,0.5682324470321478,0.586437909207551,0.5679747182894506,0.5775548046378113,0.5686338549843041
