id,x__autocorrelation__lag_1024,x__autocorrelation__lag_128,x__autocorrelation__lag_16384,x__autocorrelation__lag_2048,x__autocorrelation__lag_256,x__autocorrelation__lag_4096,x__autocorrelation__lag_512,x__autocorrelation__lag_8192
A,-0.13215629792765587,-0.2536423601029309,-0.13368190864675833,-0.1389598480644291,-0.1986761637576349,-0.13441346272104132,-0.23266086197475497,-0.14002504213788905
