id,x__autocorrelation__lag_1024,x__autocorrelation__lag_128,x__autocorrelation__lag_16384,x__autocorrelation__lag_2048,x__autocorrelation__lag_256,x__autocorrelation__lag_4096,x__autocorrelation__lag_512,x__autocorrelation__lag_8192
A,-0.11134209252230327,-0.279883051643329,-0.12210075229870371,-0.1336802036645774,-0.1743477129710999,-0.12733807438968728,-0.22593950896259538,-0.1270634039354453
