id,x__autocorrelation__lag_1024,x__autocorrelation__lag_128,x__autocorrelation__lag_16384,x__autocorrelation__lag_2048,x__autocorrelation__lag_256,x__autocorrelation__lag_4096,x__autocorrelation__lag_512,x__autocorrelation__lag_8192
A,0.5506501285638152,-0.6733064504468828,0.5390993403828357,0.5420069761463477,0.5602006768292421,0.5412021113608179,0.5572195499363767,0.5431404592744342
