id,x__autocorrelation__lag_1024,x__autocorrelation__lag_128,x__autocorrelation__lag_16384,x__autocorrelation__lag_2048,x__autocorrelation__lag_256,x__autocorrelation__lag_4096,x__autocorrelation__lag_512,x__autocorrelation__lag_8192
A,-0.1169320016985294,-0.316117702382653,-0.11913719515676477,-0.12169448130553913,-0.1692215702349675,-0.11879768198058688,-0.19538155341937444,-0.12227365068231776
