id,x__autocorrelation__lag_1024,x__autocorrelation__lag_128,x__autocorrelation__lag_16384,x__autocorrelation__lag_2048,x__autocorrelation__lag_256,x__autocorrelation__lag_4096,x__autocorrelation__lag_512,x__autocorrelation__lag_8192
A,-0.11112071680439435,-0.283879176024675,-0.15245331121926245,-0.15426067582729322,-0.165406342313672,-0.1530554238556864,-0.2679937729627398,-0.14621885258585593
