id,x__autocorrelation__lag_1024,x__autocorrelation__lag_128,x__autocorrelation__lag_16384,x__autocorrelation__lag_2048,x__autocorrelation__lag_256,x__autocorrelation__lag_4096,x__autocorrelation__lag_512,x__autocorrelation__lag_8192
A,-0.08816932481835874,-0.3145448369325055,-0.09229948047953726,-0.09471411928978822,-0.14342955012971748,-0.09182119261232395,-0.17163856788798834,-0.09564875353239342
