id,x__autocorrelation__lag_1024,x__autocorrelation__lag_128,x__autocorrelation__lag_16384,x__autocorrelation__lag_2048,x__autocorrelation__lag_256,x__autocorrelation__lag_4096,x__autocorrelation__lag_512,x__autocorrelation__lag_8192
A,-0.19666934591301646,-0.08905902262014982,-0.19775949433325704,-0.19706660342987642,-0.262898772480475,-0.19344992606028225,-0.2994961235135855,-0.198209493270577
