id,x__autocorrelation__lag_1024,x__autocorrelation__lag_128,x__autocorrelation__lag_16384,x__autocorrelation__lag_2048,x__autocorrelation__lag_256,x__autocorrelation__lag_4096,x__autocorrelation__lag_512,x__autocorrelation__lag_8192
A,-0.14719161322439234,-0.32077531085984934,-0.128498882444299,-0.16423264376833902,-0.2046867327233065,-0.14441578340549827,-0.2675702859776075,-0.14626920294364598
