id,x__autocorrelation__lag_1024,x__autocorrelation__lag_128,x__autocorrelation__lag_16384,x__autocorrelation__lag_2048,x__autocorrelation__lag_256,x__autocorrelation__lag_4096,x__autocorrelation__lag_512,x__autocorrelation__lag_8192
A,-0.230604576495778,-0.050837833673297465,-0.23085753786865937,-0.24667247754065744,-0.2953513539483523,-0.23758095940113236,-0.32850422370513865,-0.2505146127784267
