id,x__autocorrelation__lag_1024,x__autocorrelation__lag_128,x__autocorrelation__lag_16384,x__autocorrelation__lag_2048,x__autocorrelation__lag_256,x__autocorrelation__lag_4096,x__autocorrelation__lag_512,x__autocorrelation__lag_8192
A,-0.22762230529760744,-0.2501904392557455,-0.20819096243254787,-0.20977341304291608,-0.27450280746071476,-0.20536350324738933,-0.28907694127897066,-0.20824349351363566
