id,x__autocorrelation__lag_1024,x__autocorrelation__lag_128,x__autocorrelation__lag_16384,x__autocorrelation__lag_2048,x__autocorrelation__lag_256,x__autocorrelation__lag_4096,x__autocorrelation__lag_512,x__autocorrelation__lag_8192
A,-0.20383882801188843,-0.19975592502471645,-0.20110492969139035,-0.20163801226882827,-0.26161675460699607,-0.19823309627090038,-0.28614524366398064,-0.2006441992016715
