id,x__autocorrelation__lag_1024,x__autocorrelation__lag_128,x__autocorrelation__lag_16384,x__autocorrelation__lag_2048,x__autocorrelation__lag_256,x__autocorrelation__lag_4096,x__autocorrelation__lag_512,x__autocorrelation__lag_8192
A,0.5529297909126126,-0.6692610080669904,0.5387011714801477,0.5437437405066904,0.5621498624764458,0.5421311282996306,0.5560784998348548,0.5449816290077659
