id,x__autocorrelation__lag_1024,x__autocorrelation__lag_128,x__autocorrelation__lag_16384,x__autocorrelation__lag_2048,x__autocorrelation__lag_256,x__autocorrelation__lag_4096,x__autocorrelation__lag_512,x__autocorrelation__lag_8192
A,-0.23651145666786172,-0.3767490169794006,-0.23464939910848714,-0.2534509083450796,-0.24528493365562598,-0.23691984208229006,-0.28572248967028296,-0.2346767844976171
