id,x__autocorrelation__lag_1024,x__autocorrelation__lag_128,x__autocorrelation__lag_16384,x__autocorrelation__lag_2048,x__autocorrelation__lag_256,x__autocorrelation__lag_4096,x__autocorrelation__lag_512,x__autocorrelation__lag_8192
A,-0.2219812202889427,0.020683547256086208,-0.22270105106741833,-0.22831452436110888,-0.2972905659528235,-0.22248034337773176,-0.33214176177681604,-0.2305856660738196
