id,x__autocorrelation__lag_1024,x__autocorrelation__lag_128,x__autocorrelation__lag_16384,x__autocorrelation__lag_2048,x__autocorrelation__lag_256,x__autocorrelation__lag_4096,x__autocorrelation__lag_512,x__autocorrelation__lag_8192
A,-0.16548537641637542,-0.2237107995757949,-0.16500555477082496,-0.16570562121154306,-0.22808992923893504,-0.1628882852809301,-0.2539840596125971,-0.16622968312798062
