id,x__autocorrelation__lag_1024,x__autocorrelation__lag_128,x__autocorrelation__lag_16384,x__autocorrelation__lag_2048,x__autocorrelation__lag_256,x__autocorrelation__lag_4096,x__autocorrelation__lag_512,x__autocorrelation__lag_8192
A,0.5716528515576553,-0.6922012727321989,0.5561935527082802,0.5601561917957224,0.5805064102155226,0.5589060031268551,0.5807854075498879,0.5622242585488625
