id,x__autocorrelation__lag_1024,x__autocorrelation__lag_128,x__autocorrelation__lag_16384,x__autocorrelation__lag_2048,x__autocorrelation__lag_256,x__autocorrelation__lag_4096,x__autocorrelation__lag_512,x__autocorrelation__lag_8192
A,-0.13442442812550723,-0.2643429633293084,-0.12090736180684405,-0.12772106484107787,-0.17285700926352282,-0.12343925296460868,-0.17494164681705235,-0.12897376307681366
