id,x__autocorrelation__lag_1024,x__autocorrelation__lag_128,x__autocorrelation__lag_16384,x__autocorrelation__lag_2048,x__autocorrelation__lag_256,x__autocorrelation__lag_4096,x__autocorrelation__lag_512,x__autocorrelation__lag_8192
A,-0.09755879769585583,-0.05996951419934937,-0.18060570788755453,-0.21959730548308515,-0.2591714797804251,-0.2083195364616914,-0.34030059377786087,-0.23423340909976842
