id,x__autocorrelation__lag_1024,x__autocorrelation__lag_128,x__autocorrelation__lag_16384,x__autocorrelation__lag_2048,x__autocorrelation__lag_256,x__autocorrelation__lag_4096,x__autocorrelation__lag_512,x__autocorrelation__lag_8192
A,-0.16927731101743274,-0.269580345909953,-0.16233811966449962,-0.16558702482304155,-0.21532358542571756,-0.1621069897221006,-0.24367141730719788,-0.16619101368812864
