id,x__autocorrelation__lag_1024,x__autocorrelation__lag_128,x__autocorrelation__lag_16384,x__autocorrelation__lag_2048,x__autocorrelation__lag_256,x__autocorrelation__lag_4096,x__autocorrelation__lag_512,x__autocorrelation__lag_8192
A,-0.137361819393457,-0.25830202043804024,-0.13194417236587327,-0.13739707956662792,-0.1810095291849624,-0.13429113562696895,-0.1903172366995688,-0.13993660382348735
