id,x__autocorrelation__lag_1024,x__autocorrelation__lag_128,x__autocorrelation__lag_16384,x__autocorrelation__lag_2048,x__autocorrelation__lag_256,x__autocorrelation__lag_4096,x__autocorrelation__lag_512,x__autocorrelation__lag_8192
A,-0.09694179131089205,-0.27701259195033756,-0.14749995564481402,-0.1513606870358662,-0.15425858431703274,-0.15026697378547182,-0.27501739398718483,-0.14264759908232605
