id,x__autocorrelation__lag_1024,x__autocorrelation__lag_128,x__autocorrelation__lag_16384,x__autocorrelation__lag_2048,x__autocorrelation__lag_256,x__autocorrelation__lag_4096,x__autocorrelation__lag_512,x__autocorrelation__lag_8192
A,-0.18521750940328913,-0.1441111789026972,-0.1846781133218028,-0.18595325931531273,-0.2506973933393476,-0.1808639013322829,-0.2811582561149179,-0.1857724227314994
