id,x__autocorrelation__lag_1024,x__autocorrelation__lag_128,x__autocorrelation__lag_16384,x__autocorrelation__lag_2048,x__autocorrelation__lag_256,x__autocorrelation__lag_4096,x__autocorrelation__lag_512,x__autocorrelation__lag_8192
A,0.24328442892188967,-0.5329017440894065,0.25672233737193767,0.25914822957527467,0.23771145618718384,0.26109920126338515,0.24634444304948544,0.2606122017413029
