id,x__autocorrelation__lag_1024,x__autocorrelation__lag_128,x__autocorrelation__lag_16384,x__autocorrelation__lag_2048,x__autocorrelation__lag_256,x__autocorrelation__lag_4096,x__autocorrelation__lag_512,x__autocorrelation__lag_8192
A,0.5815414201037904,-0.7342114693198817,0.5729722852764174,0.5744513436776936,0.5982086178937832,0.5743225422636091,0.599249409260933,0.5750968039400582
