id,x__autocorrelation__lag_1024,x__autocorrelation__lag_128,x__autocorrelation__lag_16384,x__autocorrelation__lag_2048,x__autocorrelation__lag_256,x__autocorrelation__lag_4096,x__autocorrelation__lag_512,x__autocorrelation__lag_8192
A,-0.12346452262030831,-0.2526750613486463,-0.1360223356447575,-0.13762207143047087,-0.1637695272329546,-0.14260820811228297,-0.24938347817804174,-0.13401249379812902
