id,x__autocorrelation__lag_1024,x__autocorrelation__lag_128,x__autocorrelation__lag_16384,x__autocorrelation__lag_2048,x__autocorrelation__lag_256,x__autocorrelation__lag_4096,x__autocorrelation__lag_512,x__autocorrelation__lag_8192
A,-0.09310746412597404,-0.30410405837804877,-0.09474556321061325,-0.10259147104300133,-0.14504828590822022,-0.09825863031255512,-0.16806319453942875,-0.10467304627930497
