id,x__autocorrelation__lag_1024,x__autocorrelation__lag_128,x__autocorrelation__lag_16384,x__autocorrelation__lag_2048,x__autocorrelation__lag_256,x__autocorrelation__lag_4096,x__autocorrelation__lag_512,x__autocorrelation__lag_8192
A,-0.13784516899514923,-0.22226950930192194,-0.13244218859857734,-0.13773272817300206,-0.17554779223756356,-0.13468571378640168,-0.18081921995829822,-0.13985708698624857
