id,x__autocorrelation__lag_1024,x__autocorrelation__lag_128,x__autocorrelation__lag_16384,x__autocorrelation__lag_2048,x__autocorrelation__lag_256,x__autocorrelation__lag_4096,x__autocorrelation__lag_512,x__autocorrelation__lag_8192
A,-0.2306160437833189,-0.10637488748080352,-0.22645497285050128,-0.2246317396198257,-0.2970770078731763,-0.22010065239174043,-0.3179137782526737,-0.2231771776692204
