id,x__autocorrelation__lag_1024,x__autocorrelation__lag_128,x__autocorrelation__lag_16384,x__autocorrelation__lag_2048,x__autocorrelation__lag_256,x__autocorrelation__lag_4096,x__autocorrelation__lag_512,x__autocorrelation__lag_8192
A,-0.16652418105784467,-0.23109035289560087,-0.16314086308990466,-0.166354800902236,-0.22121317844667332,-0.16313199928281077,-0.251743020819599,-0.16763191950778394
