id,x__autocorrelation__lag_1024,x__autocorrelation__lag_128,x__autocorrelation__lag_16384,x__autocorrelation__lag_2048,x__autocorrelation__lag_256,x__autocorrelation__lag_4096,x__autocorrelation__lag_512,x__autocorrelation__lag_8192
A,0.5737629793849489,-0.6707846442823601,0.5618458288538418,0.5642200861251601,0.5828717042057149,0.5632300391617173,0.5744168975360715,0.5647692013660027
