id,x__autocorrelation__lag_1024,x__autocorrelation__lag_128,x__autocorrelation__lag_16384,x__autocorrelation__lag_2048,x__autocorrelation__lag_256,x__autocorrelation__lag_4096,x__autocorrelation__lag_512,x__autocorrelation__lag_8192
A,-0.1928173005605134,-0.21918492182749352,-0.18541161422910363,-0.1862942707946817,-0.24910721179819625,-0.18278789592473502,-0.27366007562816913,-0.18666574649349416
