id,x__autocorrelation__lag_1024,x__autocorrelation__lag_128,x__autocorrelation__lag_16384,x__autocorrelation__lag_2048,x__autocorrelation__lag_256,x__autocorrelation__lag_4096,x__autocorrelation__lag_512,x__autocorrelation__lag_8192
A,-0.14110106666810826,-0.23490937887966365,-0.1471592449436895,-0.1480456039237543,-0.2033914744460203,-0.1450082022613948,-0.2414040154106958,-0.14901441951933
