id,x__autocorrelation__lag_1024,x__autocorrelation__lag_128,x__autocorrelation__lag_16384,x__autocorrelation__lag_2048,x__autocorrelation__lag_256,x__autocorrelation__lag_4096,x__autocorrelation__lag_512,x__autocorrelation__lag_8192
A,-0.12617659035957213,-0.25894221524858096,-0.12018928638530174,-0.12682937303900965,-0.17165721156589903,-0.12285709321386544,-0.1842595382611406,-0.12872125572996138
