id,x__autocorrelation__lag_1024,x__autocorrelation__lag_128,x__autocorrelation__lag_16384,x__autocorrelation__lag_2048,x__autocorrelation__lag_256,x__autocorrelation__lag_4096,x__autocorrelation__lag_512,x__autocorrelation__lag_8192
A,-0.20646563017425315,-0.12312792330089112,-0.20150724700806727,-0.20286647013358505,-0.26468811686137045,-0.1987073860159336,-0.2924902059482724,-0.20313514299471794
