id,x__autocorrelation__lag_1024,x__autocorrelation__lag_128,x__autocorrelation__lag_16384,x__autocorrelation__lag_2048,x__autocorrelation__lag_256,x__autocorrelation__lag_4096,x__autocorrelation__lag_512,x__autocorrelation__lag_8192
A,0.1186687969647439,-0.570810517307294,0.1257020482748962,0.12310099276774586,0.10959048050526772,0.12643842221720977,0.12396310332180208,0.12464181003340849
