id,x__autocorrelation__lag_1024,x__autocorrelation__lag_128,x__autocorrelation__lag_16384,x__autocorrelation__lag_2048,x__autocorrelation__lag_256,x__autocorrelation__lag_4096,x__autocorrelation__lag_512,x__autocorrelation__lag_8192
A,-0.18811274582169518,-0.03503299633907216,-0.20657559126984792,-0.23199179991205296,-0.27890369803689957,-0.22188995694701585,-0.3223785107490766,-0.23844959007209668
