id,x__autocorrelation__lag_1024,x__autocorrelation__lag_128,x__autocorrelation__lag_16384,x__autocorrelation__lag_2048,x__autocorrelation__lag_256,x__autocorrelation__lag_4096,x__autocorrelation__lag_512,x__autocorrelation__lag_8192
A,-0.23210075492366342,-0.07157406362036445,-0.22627626078844984,-0.2271910190669054,-0.2912726489536903,-0.22314921660488646,-0.3184069753678021,-0.22741697940212552
