id,x__autocorrelation__lag_1024,x__autocorrelation__lag_128,x__autocorrelation__lag_16384,x__autocorrelation__lag_2048,x__autocorrelation__lag_256,x__autocorrelation__lag_4096,x__autocorrelation__lag_512,x__autocorrelation__lag_8192
A,-0.11527515134978615,-0.296090907565363,-0.1201510574511389,-0.12340594129670839,-0.1665161784925995,-0.12045188327582612,-0.1960871077352929,-0.12505784928713243
