id,x__autocorrelation__lag_1024,x__autocorrelation__lag_128,x__autocorrelation__lag_16384,x__autocorrelation__lag_2048,x__autocorrelation__lag_256,x__autocorrelation__lag_4096,x__autocorrelation__lag_512,x__autocorrelation__lag_8192
A,-0.13928779719636353,-0.31948069624203806,-0.14360163299662215,-0.14428249571664062,-0.19855987560847066,-0.1421215352849049,-0.22033786989218687,-0.14446068166813703
