id,x__autocorrelation__lag_1024,x__autocorrelation__lag_128,x__autocorrelation__lag_16384,x__autocorrelation__lag_2048,x__autocorrelation__lag_256,x__autocorrelation__lag_4096,x__autocorrelation__lag_512,x__autocorrelation__lag_8192
A,-0.12042249570033571,-0.25157047537263744,-0.10265883358057297,-0.10711608930617958,-0.15311429906536494,-0.10395700316650636,-0.15185484385043974,-0.10948928683433241
