id,x__autocorrelation__lag_1024,x__autocorrelation__lag_128,x__autocorrelation__lag_16384,x__autocorrelation__lag_2048,x__autocorrelation__lag_256,x__autocorrelation__lag_4096,x__autocorrelation__lag_512,x__autocorrelation__lag_8192
A,-0.1302358278395189,-0.28885266708604423,-0.13196013152150274,-0.13512410855212553,-0.18127238825574524,-0.13258851601500699,-0.2058908017724315,-0.1365089760687864
