id,x__autocorrelation__lag_1024,x__autocorrelation__lag_128,x__autocorrelation__lag_16384,x__autocorrelation__lag_2048,x__autocorrelation__lag_256,x__autocorrelation__lag_4096,x__autocorrelation__lag_512,x__autocorrelation__lag_8192
A,-0.16097926436732565,-0.3176606541460982,-0.15901091692466598,-0.1602033558320269,-0.20555818080755228,-0.15779841300030562,-0.22239153319746147,-0.15951983857518734
