id,x__autocorrelation__lag_1024,x__autocorrelation__lag_128,x__autocorrelation__lag_16384,x__autocorrelation__lag_2048,x__autocorrelation__lag_256,x__autocorrelation__lag_4096,x__autocorrelation__lag_512,x__autocorrelation__lag_8192
A,-0.3372169713902269,-0.3198966187972587,-0.3271252088428952,-0.35736866117364857,-0.35119131923337865,-0.33965220777746336,-0.3861696838471518,-0.33881618270481956
