id,x__autocorrelation__lag_1024,x__autocorrelation__lag_128,x__autocorrelation__lag_16384,x__autocorrelation__lag_2048,x__autocorrelation__lag_256,x__autocorrelation__lag_4096,x__autocorrelation__lag_512,x__autocorrelation__lag_8192
A,-0.23635061260334633,-0.028622849411843485,-0.2748240331254459,-0.28818311101422117,-0.2749863340844982,-0.2821542703958499,-0.4174744477276209,-0.28650090488972096
