id,x__autocorrelation__lag_1024,x__autocorrelation__lag_128,x__autocorrelation__lag_16384,x__autocorrelation__lag_2048,x__autocorrelation__lag_256,x__autocorrelation__lag_4096,x__autocorrelation__lag_512,x__autocorrelation__lag_8192
A,-0.17018289164704994,-0.18968809902663775,-0.17400837805225672,-0.17358462008755113,-0.2315344914741574,-0.17090591739967229,-0.26614894181918025,-0.17367212461557352
