id,x__autocorrelation__lag_1024,x__autocorrelation__lag_128,x__autocorrelation__lag_16384,x__autocorrelation__lag_2048,x__autocorrelation__lag_256,x__autocorrelation__lag_4096,x__autocorrelation__lag_512,x__autocorrelation__lag_8192
A,-0.12965230065277483,-0.2994579527998544,-0.12764425871208748,-0.13339360889378063,-0.17761356099091366,-0.1293738582461535,-0.20117853337384023,-0.13441497507094166
