id,x__autocorrelation__lag_1024,x__autocorrelation__lag_128,x__autocorrelation__lag_16384,x__autocorrelation__lag_2048,x__autocorrelation__lag_256,x__autocorrelation__lag_4096,x__autocorrelation__lag_512,x__autocorrelation__lag_8192
A,-0.18576468141915597,-0.3514981492962374,-0.18302858554171866,-0.19726492954851946,-0.20630512373528995,-0.18880226790782245,-0.2346463424871268,-0.18675853213666993
