id,x__autocorrelation__lag_1024,x__autocorrelation__lag_128,x__autocorrelation__lag_16384,x__autocorrelation__lag_2048,x__autocorrelation__lag_256,x__autocorrelation__lag_4096,x__autocorrelation__lag_512,x__autocorrelation__lag_8192
A,-0.08064284589562495,-0.3230604041523898,-0.08363848352110995,-0.09205823895388032,-0.13479062622724183,-0.08725607097897231,-0.16116607321786894,-0.09457912332757062
