id,x__autocorrelation__lag_1024,x__autocorrelation__lag_128,x__autocorrelation__lag_16384,x__autocorrelation__lag_2048,x__autocorrelation__lag_256,x__autocorrelation__lag_4096,x__autocorrelation__lag_512,x__autocorrelation__lag_8192
A,-0.12539889046876243,-0.23347429370880043,-0.1285923312354207,-0.13703682492011215,-0.165614966898081,-0.13565634917641925,-0.23945092800526596,-0.13125752986159528
