id,x__autocorrelation__lag_1024,x__autocorrelation__lag_128,x__autocorrelation__lag_16384,x__autocorrelation__lag_2048,x__autocorrelation__lag_256,x__autocorrelation__lag_4096,x__autocorrelation__lag_512,x__autocorrelation__lag_8192
A,-0.1546687975571035,-0.2026582631245271,-0.15979134036558715,-0.16039663256896938,-0.21412833370468345,-0.15804561109685006,-0.24815785997555492,-0.16126590708102884
