id,x__autocorrelation__lag_1024,x__autocorrelation__lag_128,x__autocorrelation__lag_16384,x__autocorrelation__lag_2048,x__autocorrelation__lag_256,x__autocorrelation__lag_4096,x__autocorrelation__lag_512,x__autocorrelation__lag_8192
A,-0.19327175867796412,-0.11435784369926512,-0.19604556780542948,-0.19697374828646932,-0.25962937515984125,-0.19275830926277018,-0.2959520043291783,-0.196913677673469
