id,x__autocorrelation__lag_1024,x__autocorrelation__lag_128,x__autocorrelation__lag_16384,x__autocorrelation__lag_2048,x__autocorrelation__lag_256,x__autocorrelation__lag_4096,x__autocorrelation__lag_512,x__autocorrelation__lag_8192
A,0.22098295205721286,-0.577864976676447,0.23090723315554007,0.2327244753320347,0.20214631178970424,0.23542503632407022,0.20887621322536715,0.23464933947224037
