id,x__autocorrelation__lag_1024,x__autocorrelation__lag_128,x__autocorrelation__lag_16384,x__autocorrelation__lag_2048,x__autocorrelation__lag_256,x__autocorrelation__lag_4096,x__autocorrelation__lag_512,x__autocorrelation__lag_8192
A,-0.11633816146299275,-0.30981295344507415,-0.12232158863366017,-0.13154263388406096,-0.17405976135681445,-0.1264318398835604,-0.20159435403176482,-0.13435311740914263
