id,x__autocorrelation__lag_1024,x__autocorrelation__lag_128,x__autocorrelation__lag_16384,x__autocorrelation__lag_2048,x__autocorrelation__lag_256,x__autocorrelation__lag_4096,x__autocorrelation__lag_512,x__autocorrelation__lag_8192
A,-0.13155621469886433,-0.2895205429783666,-0.11771297863730576,-0.148432150998515,-0.19349254445307953,-0.13570484770013289,-0.22891704990262465,-0.13267723798028386
