id,x__autocorrelation__lag_1024,x__autocorrelation__lag_128,x__autocorrelation__lag_16384,x__autocorrelation__lag_2048,x__autocorrelation__lag_256,x__autocorrelation__lag_4096,x__autocorrelation__lag_512,x__autocorrelation__lag_8192
A,-0.07229589772687275,-0.02797081702483451,-0.17595626019505695,-0.23486818106905424,-0.255592972197938,-0.21029588727816223,-0.33928116599926955,-0.24653749619103857
