id,x__autocorrelation__lag_1024,x__autocorrelation__lag_128,x__autocorrelation__lag_16384,x__autocorrelation__lag_2048,x__autocorrelation__lag_256,x__autocorrelation__lag_4096,x__autocorrelation__lag_512,x__autocorrelation__lag_8192
A,-0.08612800876647869,-0.280157466008679,-0.10327711117076316,-0.106735993689945,-0.1494625172084697,-0.10385120366733472,-0.19291305390406313,-0.1096610517150433
