id,x__autocorrelation__lag_1024,x__autocorrelation__lag_128,x__autocorrelation__lag_16384,x__autocorrelation__lag_2048,x__autocorrelation__lag_256,x__autocorrelation__lag_4096,x__autocorrelation__lag_512,x__autocorrelation__lag_8192
A,-0.22028617416356525,-0.05495863319795314,-0.21883261864556278,-0.2190258620014645,-0.2832843727550469,-0.21477682299803008,-0.3161638557004762,-0.21895344094545843
