id,x__autocorrelation__lag_1024,x__autocorrelation__lag_128,x__autocorrelation__lag_16384,x__autocorrelation__lag_2048,x__autocorrelation__lag_256,x__autocorrelation__lag_4096,x__autocorrelation__lag_512,x__autocorrelation__lag_8192
A,-0.100080645298502,-0.2969872577129296,-0.11938304329446298,-0.12282265140421686,-0.1513490042176573,-0.11958261508934637,-0.17721935572365136,-0.11863664353207475
