id,x__autocorrelation__lag_1024,x__autocorrelation__lag_128,x__autocorrelation__lag_16384,x__autocorrelation__lag_2048,x__autocorrelation__lag_256,x__autocorrelation__lag_4096,x__autocorrelation__lag_512,x__autocorrelation__lag_8192
A,-0.1940365146841536,-0.06930976402033667,-0.2029471758275519,-0.22646712252587714,-0.27503400202810785,-0.21617118975305977,-0.3085923315097535,-0.22949731329980003
