id,x__autocorrelation__lag_1024,x__autocorrelation__lag_128,x__autocorrelation__lag_16384,x__autocorrelation__lag_2048,x__autocorrelation__lag_256,x__autocorrelation__lag_4096,x__autocorrelation__lag_512,x__autocorrelation__lag_8192
A,0.5681798237405121,-0.6693617563489864,0.555693297930272,0.5577242596641702,0.5766268123020596,0.5573361908025558,0.5689098266318942,0.558329698239851
