id,x__autocorrelation__lag_1024,x__autocorrelation__lag_128,x__autocorrelation__lag_16384,x__autocorrelation__lag_2048,x__autocorrelation__lag_256,x__autocorrelation__lag_4096,x__autocorrelation__lag_512,x__autocorrelation__lag_8192
A,-0.11902023699243261,-0.2555952769683477,-0.09792008314997444,-0.10300544675297532,-0.14868336668694818,-0.09945779212446401,-0.14907266293943247,-0.10532210436984876
