id,x__autocorrelation__lag_1024,x__autocorrelation__lag_128,x__autocorrelation__lag_16384,x__autocorrelation__lag_2048,x__autocorrelation__lag_256,x__autocorrelation__lag_4096,x__autocorrelation__lag_512,x__autocorrelation__lag_8192
A,-0.18045762219977357,-0.20433421987918426,-0.173987074924514,-0.17704441303637974,-0.2295553236735462,-0.17318917397642478,-0.2588477386568667,-0.17881105179534343
