id,x__autocorrelation__lag_1024,x__autocorrelation__lag_128,x__autocorrelation__lag_16384,x__autocorrelation__lag_2048,x__autocorrelation__lag_256,x__autocorrelation__lag_4096,x__autocorrelation__lag_512,x__autocorrelation__lag_8192
A,-0.11294272355183751,-0.2983540461078706,-0.14146738390518931,-0.15287627509991897,-0.1627663738121882,-0.15380344848585906,-0.2598120526471671,-0.1408109348825629
