id,x__autocorrelation__lag_1024,x__autocorrelation__lag_128,x__autocorrelation__lag_16384,x__autocorrelation__lag_2048,x__autocorrelation__lag_256,x__autocorrelation__lag_4096,x__autocorrelation__lag_512,x__autocorrelation__lag_8192
A,-0.145075083907554,-0.27183945197316894,-0.1292642265909616,-0.13740715133224815,-0.1766766938033213,-0.13303859360061437,-0.1756132754111665,-0.13915288561043246
