id,x__autocorrelation__lag_1024,x__autocorrelation__lag_128,x__autocorrelation__lag_16384,x__autocorrelation__lag_2048,x__autocorrelation__lag_256,x__autocorrelation__lag_4096,x__autocorrelation__lag_512,x__autocorrelation__lag_8192
A,0.5982021580379923,-0.7471396491993638,0.5887461337115788,0.5929488656796762,0.6143814885385616,0.5925595778295596,0.6151413807268958,0.594783151642082
