id,x__autocorrelation__lag_1024,x__autocorrelation__lag_128,x__autocorrelation__lag_16384,x__autocorrelation__lag_2048,x__autocorrelation__lag_256,x__autocorrelation__lag_4096,x__autocorrelation__lag_512,x__autocorrelation__lag_8192
A,0.17741459467169782,-0.5364424658087545,0.1935848787067653,0.19418230976782858,0.19790142058303553,0.19690117016070605,0.2048682288344571,0.1958586564955425
