id,x__autocorrelation__lag_1024,x__autocorrelation__lag_128,x__autocorrelation__lag_16384,x__autocorrelation__lag_2048,x__autocorrelation__lag_256,x__autocorrelation__lag_4096,x__autocorrelation__lag_512,x__autocorrelation__lag_8192
A,-0.10567703683134996,-0.27239024483647023,-0.14256315111116638,-0.14688621475554847,-0.15465717927710365,-0.14856779724035823,-0.2692708536503487,-0.13779904036282453
