id,x__autocorrelation__lag_1024,x__autocorrelation__lag_128,x__autocorrelation__lag_16384,x__autocorrelation__lag_2048,x__autocorrelation__lag_256,x__autocorrelation__lag_4096,x__autocorrelation__lag_512,x__autocorrelation__lag_8192
A,-0.13363648353612018,-0.2485422203976292,-0.1296898126250601,-0.13662544189851122,-0.1746402692505924,-0.13279016753496864,-0.1860733071744792,-0.13924305810274382
