id,x__autocorrelation__lag_1024,x__autocorrelation__lag_128,x__autocorrelation__lag_16384,x__autocorrelation__lag_2048,x__autocorrelation__lag_256,x__autocorrelation__lag_4096,x__autocorrelation__lag_512,x__autocorrelation__lag_8192
A,-0.10608502209852541,-0.27301066184670836,-0.14538073543779645,-0.15298860338976825,-0.15555416514862933,-0.1490095339155376,-0.2660148136101787,-0.14105707941937867
