id,x__autocorrelation__lag_1024,x__autocorrelation__lag_128,x__autocorrelation__lag_16384,x__autocorrelation__lag_2048,x__autocorrelation__lag_256,x__autocorrelation__lag_4096,x__autocorrelation__lag_512,x__autocorrelation__lag_8192
A,-0.16664219613540684,-0.14540235641057836,-0.17492769750957748,-0.17519950271501372,-0.2285577899443721,-0.17205059260180772,-0.2702111783179479,-0.17571160409653272
