id,x__autocorrelation__lag_1024,x__autocorrelation__lag_128,x__autocorrelation__lag_16384,x__autocorrelation__lag_2048,x__autocorrelation__lag_256,x__autocorrelation__lag_4096,x__autocorrelation__lag_512,x__autocorrelation__lag_8192
A,-0.10300400007937577,-0.2692343105310863,-0.10661202864470812,-0.10874043466310455,-0.17472614897427136,-0.10543287932487533,-0.21641386918402886,-0.11002866234724025
