id,x__autocorrelation__lag_1024,x__autocorrelation__lag_128,x__autocorrelation__lag_16384,x__autocorrelation__lag_2048,x__autocorrelation__lag_256,x__autocorrelation__lag_4096,x__autocorrelation__lag_512,x__autocorrelation__lag_8192
A,-0.11963104496893226,-0.26522887711886867,-0.10257911992759136,-0.10916432617050015,-0.15430465379997615,-0.10542731201235901,-0.153773716747982,-0.11208476707308065
