id,x__autocorrelation__lag_1024,x__autocorrelation__lag_128,x__autocorrelation__lag_16384,x__autocorrelation__lag_2048,x__autocorrelation__lag_256,x__autocorrelation__lag_4096,x__autocorrelation__lag_512,x__autocorrelation__lag_8192
A,0.5710807389851716,-0.6833731907339076,0.5594336314348257,0.561401078787328,0.5813545484730414,0.5607120331880476,0.5743438383295381,0.5618424088997925
