id,x__autocorrelation__lag_1024,x__autocorrelation__lag_128,x__autocorrelation__lag_16384,x__autocorrelation__lag_2048,x__autocorrelation__lag_256,x__autocorrelation__lag_4096,x__autocorrelation__lag_512,x__autocorrelation__lag_8192
A,-0.21530831637331652,-0.0002710414924509061,-0.21139192165204318,-0.22298190928976902,-0.29202898450583126,-0.2154600932437878,-0.3298835713859443,-0.2273246128291544
