id,x__autocorrelation__lag_1024,x__autocorrelation__lag_128,x__autocorrelation__lag_16384,x__autocorrelation__lag_2048,x__autocorrelation__lag_256,x__autocorrelation__lag_4096,x__autocorrelation__lag_512,x__autocorrelation__lag_8192
A,-0.17462166787476824,-0.2148347985337763,-0.17495253912278266,-0.17709832927235333,-0.2331037574689207,-0.17303741769373643,-0.26616280195763253,-0.17770803766831647
