id,x__autocorrelation__lag_1024,x__autocorrelation__lag_128,x__autocorrelation__lag_16384,x__autocorrelation__lag_2048,x__autocorrelation__lag_256,x__autocorrelation__lag_4096,x__autocorrelation__lag_512,x__autocorrelation__lag_8192
A,-0.1897192334570028,-0.1557656267528627,-0.18977171169612933,-0.19177378230529316,-0.25330448057545674,-0.1867263412356602,-0.2892849866877549,-0.19221058031531857
