id,x__autocorrelation__lag_1024,x__autocorrelation__lag_128,x__autocorrelation__lag_16384,x__autocorrelation__lag_2048,x__autocorrelation__lag_256,x__autocorrelation__lag_4096,x__autocorrelation__lag_512,x__autocorrelation__lag_8192
A,-0.10440833482865036,-0.3070731725034504,-0.10780082675853453,-0.11593945696130627,-0.15720530391384757,-0.11146473687231864,-0.18028096337552646,-0.11812378600402616
