id,x__autocorrelation__lag_1024,x__autocorrelation__lag_128,x__autocorrelation__lag_16384,x__autocorrelation__lag_2048,x__autocorrelation__lag_256,x__autocorrelation__lag_4096,x__autocorrelation__lag_512,x__autocorrelation__lag_8192
A,-0.13922510017665324,-0.3635529694084751,-0.14974165574810666,-0.20847569165486288,-0.14307896896948208,-0.16138102594556228,-0.26057829946934513,-0.1564970182335583
