id,x__autocorrelation__lag_1024,x__autocorrelation__lag_128,x__autocorrelation__lag_16384,x__autocorrelation__lag_2048,x__autocorrelation__lag_256,x__autocorrelation__lag_4096,x__autocorrelation__lag_512,x__autocorrelation__lag_8192
A,-0.12600931122337997,-0.26414622331135634,-0.10789998128465497,-0.11539494225078163,-0.156054173443214,-0.11064465145243865,-0.15761171983581035,-0.11770008136766487
