id,x__autocorrelation__lag_1024,x__autocorrelation__lag_128,x__autocorrelation__lag_16384,x__autocorrelation__lag_2048,x__autocorrelation__lag_256,x__autocorrelation__lag_4096,x__autocorrelation__lag_512,x__autocorrelation__lag_8192
A,0.5624623022757202,-0.6687199817530574,0.5508720330178668,0.5513876756275371,0.570883974603664,0.5510711422251015,0.5632746846358349,0.5523348566019115
