id,x__autocorrelation__lag_1024,x__autocorrelation__lag_128,x__autocorrelation__lag_16384,x__autocorrelation__lag_2048,x__autocorrelation__lag_256,x__autocorrelation__lag_4096,x__autocorrelation__lag_512,x__autocorrelation__lag_8192
A,-0.18506153470385014,-0.18115640632206387,-0.1840742694231194,-0.18645056684654507,-0.23390381181381442,-0.1822850284138184,-0.26752227978981613,-0.18717786197907432
