id,x__autocorrelation__lag_1024,x__autocorrelation__lag_128,x__autocorrelation__lag_16384,x__autocorrelation__lag_2048,x__autocorrelation__lag_256,x__autocorrelation__lag_4096,x__autocorrelation__lag_512,x__autocorrelation__lag_8192
A,-0.16437605273321915,-0.1987299703736685,-0.16549380453527476,-0.167415820660515,-0.22486009867105763,-0.1639819017969521,-0.2586568459548517,-0.16784004288430787
