id,x__autocorrelation__lag_1024,x__autocorrelation__lag_128,x__autocorrelation__lag_16384,x__autocorrelation__lag_2048,x__autocorrelation__lag_256,x__autocorrelation__lag_4096,x__autocorrelation__lag_512,x__autocorrelation__lag_8192
A,-0.09787308757690516,-0.30953370570254446,-0.09780494174000816,-0.10130568766629632,-0.1502900214207178,-0.0979358691011386,-0.17881077285274322,-0.10299939758069332
