id,x__autocorrelation__lag_1024,x__autocorrelation__lag_128,x__autocorrelation__lag_16384,x__autocorrelation__lag_2048,x__autocorrelation__lag_256,x__autocorrelation__lag_4096,x__autocorrelation__lag_512,x__autocorrelation__lag_8192
A,0.5744984472279653,-0.7328752805897351,0.5679134668969678,0.569966913044346,0.5941576583903995,0.5697389623965591,0.5939643877800889,0.5709671563035491
