id,x__autocorrelation__lag_1024,x__autocorrelation__lag_128,x__autocorrelation__lag_16384,x__autocorrelation__lag_2048,x__autocorrelation__lag_256,x__autocorrelation__lag_4096,x__autocorrelation__lag_512,x__autocorrelation__lag_8192
A,-0.11299156293795164,-0.3015499898878724,-0.10923101184247148,-0.11873091767052202,-0.15991119901283746,-0.1133556273549042,-0.17871348036932544,-0.12081505562145804
