id,x__autocorrelation__lag_1024,x__autocorrelation__lag_128,x__autocorrelation__lag_16384,x__autocorrelation__lag_2048,x__autocorrelation__lag_256,x__autocorrelation__lag_4096,x__autocorrelation__lag_512,x__autocorrelation__lag_8192
A,-0.3715149496732716,-0.35768029471480123,-0.3630387579206552,-0.3730827013968266,-0.3890439798194424,-0.36296566873019187,-0.39050663173860595,-0.36529145871866653
