id,x__autocorrelation__lag_1024,x__autocorrelation__lag_128,x__autocorrelation__lag_16384,x__autocorrelation__lag_2048,x__autocorrelation__lag_256,x__autocorrelation__lag_4096,x__autocorrelation__lag_512,x__autocorrelation__lag_8192
A,-0.22497714246824602,-0.0852382341363036,-0.2222240200798796,-0.22399829168693808,-0.28508751431604606,-0.21888912548443945,-0.31883622388632865,-0.22437310167358043
