id,x__autocorrelation__lag_1024,x__autocorrelation__lag_128,x__autocorrelation__lag_16384,x__autocorrelation__lag_2048,x__autocorrelation__lag_256,x__autocorrelation__lag_4096,x__autocorrelation__lag_512,x__autocorrelation__lag_8192
A,-0.10237192121091368,-0.26806407877289223,-0.11632605383038863,-0.12027454920965433,-0.16930575484755486,-0.11614030008358207,-0.2115724212724901,-0.12119205561007669
