id,x__autocorrelation__lag_1024,x__autocorrelation__lag_128,x__autocorrelation__lag_16384,x__autocorrelation__lag_2048,x__autocorrelation__lag_256,x__autocorrelation__lag_4096,x__autocorrelation__lag_512,x__autocorrelation__lag_8192
A,-0.18815240984732662,-0.056372251553174095,-0.25407955618306105,-0.2733589771334637,-0.2479811825049182,-0.2654991680276152,-0.4181942686124777,-0.2743944629363167
