id,x__autocorrelation__lag_1024,x__autocorrelation__lag_128,x__autocorrelation__lag_16384,x__autocorrelation__lag_2048,x__autocorrelation__lag_256,x__autocorrelation__lag_4096,x__autocorrelation__lag_512,x__autocorrelation__lag_8192
A,0.560966605295932,-0.6754964446396301,0.5438462054307172,0.5487859481739427,0.572572398807188,0.5472944422431505,0.5669521591120599,0.550615195087286
