id,x__autocorrelation__lag_1024,x__autocorrelation__lag_128,x__autocorrelation__lag_16384,x__autocorrelation__lag_2048,x__autocorrelation__lag_256,x__autocorrelation__lag_4096,x__autocorrelation__lag_512,x__autocorrelation__lag_8192
A,0.49956210316453536,-0.7002500053048978,0.4997838660703593,0.4981939224255161,0.5160326677296446,0.49993118412468995,0.5220216740368223,0.4988093541000191
