id,x__autocorrelation__lag_1024,x__autocorrelation__lag_128,x__autocorrelation__lag_16384,x__autocorrelation__lag_2048,x__autocorrelation__lag_256,x__autocorrelation__lag_4096,x__autocorrelation__lag_512,x__autocorrelation__lag_8192
A,0.56927783761064,-0.6728391483492207,0.557340662516887,0.5584157729347615,0.5789610600019987,0.558217627200496,0.5702012533494583,0.558701258877677
