id,x__autocorrelation__lag_1024,x__autocorrelation__lag_128,x__autocorrelation__lag_16384,x__autocorrelation__lag_2048,x__autocorrelation__lag_256,x__autocorrelation__lag_4096,x__autocorrelation__lag_512,x__autocorrelation__lag_8192
A,-0.14420713626545306,-0.30244936544197126,-0.120472854486655,-0.14280519320862534,-0.21573888746612097,-0.12071906909504625,-0.27229493527046666,-0.11715848664221362
