id,x__autocorrelation__lag_1024,x__autocorrelation__lag_128,x__autocorrelation__lag_16384,x__autocorrelation__lag_2048,x__autocorrelation__lag_256,x__autocorrelation__lag_4096,x__autocorrelation__lag_512,x__autocorrelation__lag_8192
A,-0.1808306631328882,-0.18916478936873274,-0.1758698872795886,-0.17630238703088724,-0.23985407478929743,-0.17304911895014727,-0.27310157947075187,-0.17680121735214865
