id,x__autocorrelation__lag_1024,x__autocorrelation__lag_128,x__autocorrelation__lag_16384,x__autocorrelation__lag_2048,x__autocorrelation__lag_256,x__autocorrelation__lag_4096,x__autocorrelation__lag_512,x__autocorrelation__lag_8192
A,-0.08428271086880715,-0.10033036629718398,-0.16161723592052307,-0.16057735059579556,-0.2207078832425609,-0.16094781347681916,-0.269096654599101,-0.15452728142788594
