id,x__autocorrelation__lag_1024,x__autocorrelation__lag_128,x__autocorrelation__lag_16384,x__autocorrelation__lag_2048,x__autocorrelation__lag_256,x__autocorrelation__lag_4096,x__autocorrelation__lag_512,x__autocorrelation__lag_8192
A,-0.09472890797838333,-0.24967926112536404,-0.08864608201662394,-0.09503949789398636,-0.1294131284721041,-0.09122049856679554,-0.1435238484770472,-0.09753734869511761
