id,x__autocorrelation__lag_1024,x__autocorrelation__lag_128,x__autocorrelation__lag_16384,x__autocorrelation__lag_2048,x__autocorrelation__lag_256,x__autocorrelation__lag_4096,x__autocorrelation__lag_512,x__autocorrelation__lag_8192
A,0.5592038162135234,-0.6673027350461136,0.5450821485681249,0.5490557439338056,0.5709790813392369,0.5480500770483895,0.5620523875777227,0.5495740688057739
