id,x__autocorrelation__lag_1024,x__autocorrelation__lag_128,x__autocorrelation__lag_16384,x__autocorrelation__lag_2048,x__autocorrelation__lag_256,x__autocorrelation__lag_4096,x__autocorrelation__lag_512,x__autocorrelation__lag_8192
A,0.5650037479118464,-0.681225384548051,0.5523237032706786,0.554665652729313,0.5774813367683442,0.5539439735951317,0.5733652418124454,0.5560562640667923
