id,x__autocorrelation__lag_1024,x__autocorrelation__lag_128,x__autocorrelation__lag_16384,x__autocorrelation__lag_2048,x__autocorrelation__lag_256,x__autocorrelation__lag_4096,x__autocorrelation__lag_512,x__autocorrelation__lag_8192
A,-0.09615986793345213,-0.22138599701904496,-0.07164703763166991,-0.14085521785051294,-0.15525298986825134,-0.11998611949160273,-0.1993164048458233,-0.11155766089017202
