id,x__autocorrelation__lag_1024,x__autocorrelation__lag_128,x__autocorrelation__lag_16384,x__autocorrelation__lag_2048,x__autocorrelation__lag_256,x__autocorrelation__lag_4096,x__autocorrelation__lag_512,x__autocorrelation__lag_8192
A,-0.2802540171643183,-0.33626855272893236,-0.2757604762286706,-0.3037331319905156,-0.3012511984615417,-0.28538556412253235,-0.33420843496367747,-0.2876639616168476
