id,x__autocorrelation__lag_1024,x__autocorrelation__lag_128,x__autocorrelation__lag_16384,x__autocorrelation__lag_2048,x__autocorrelation__lag_256,x__autocorrelation__lag_4096,x__autocorrelation__lag_512,x__autocorrelation__lag_8192
A,-0.11356904338565331,-0.32976367714219673,-0.11389985504147462,-0.11615841219338588,-0.1637159530785887,-0.11379540641912661,-0.1890861341014543,-0.11685911884789393
