id,x__autocorrelation__lag_1024,x__autocorrelation__lag_128,x__autocorrelation__lag_16384,x__autocorrelation__lag_2048,x__autocorrelation__lag_256,x__autocorrelation__lag_4096,x__autocorrelation__lag_512,x__autocorrelation__lag_8192
A,-0.2040512231605759,-0.11088315591692555,-0.1954275636102282,-0.1970203843812854,-0.2734419601650402,-0.1924198202185339,-0.30264105274926967,-0.1970125094589301
