id,x__autocorrelation__lag_1024,x__autocorrelation__lag_128,x__autocorrelation__lag_16384,x__autocorrelation__lag_2048,x__autocorrelation__lag_256,x__autocorrelation__lag_4096,x__autocorrelation__lag_512,x__autocorrelation__lag_8192
A,-0.17995578968645967,-0.3050790939082961,-0.1745513665242228,-0.1776988073373679,-0.22963366915044364,-0.17434128531370122,-0.24759320277893287,-0.17756342469417935
