id,x__autocorrelation__lag_1024,x__autocorrelation__lag_128,x__autocorrelation__lag_16384,x__autocorrelation__lag_2048,x__autocorrelation__lag_256,x__autocorrelation__lag_4096,x__autocorrelation__lag_512,x__autocorrelation__lag_8192
A,-0.06285576534212262,-0.013242020421571458,-0.1632885745177695,-0.21834182440879774,-0.23472211102530938,-0.20162925254513667,-0.30577382958262544,-0.23048347500021607
