id,x__autocorrelation__lag_1024,x__autocorrelation__lag_128,x__autocorrelation__lag_16384,x__autocorrelation__lag_2048,x__autocorrelation__lag_256,x__autocorrelation__lag_4096,x__autocorrelation__lag_512,x__autocorrelation__lag_8192
A,-0.16124911349510784,-0.22072863447617994,-0.157107316396028,-0.15904268277426656,-0.2148014539950056,-0.15574949111924327,-0.24658748566006575,-0.1595656649473635
