id,x__autocorrelation__lag_1024,x__autocorrelation__lag_128,x__autocorrelation__lag_16384,x__autocorrelation__lag_2048,x__autocorrelation__lag_256,x__autocorrelation__lag_4096,x__autocorrelation__lag_512,x__autocorrelation__lag_8192
A,-0.17555297302739234,-0.20764108967473688,-0.16452145345573213,-0.16651677168577486,-0.23018718684500034,-0.1624934749078345,-0.25519526237353446,-0.1672733811564774
