id,x__autocorrelation__lag_1024,x__autocorrelation__lag_128,x__autocorrelation__lag_16384,x__autocorrelation__lag_2048,x__autocorrelation__lag_256,x__autocorrelation__lag_4096,x__autocorrelation__lag_512,x__autocorrelation__lag_8192
A,-0.23937075346738812,-0.3542546670638989,-0.2424200997574467,-0.24447194094634928,-0.25664287458741913,-0.2407312146990314,-0.28313868336106096,-0.23377803835456024
