id,x__autocorrelation__lag_1024,x__autocorrelation__lag_128,x__autocorrelation__lag_16384,x__autocorrelation__lag_2048,x__autocorrelation__lag_256,x__autocorrelation__lag_4096,x__autocorrelation__lag_512,x__autocorrelation__lag_8192
A,0.5883055729865289,-0.7352753813363082,0.579704112531324,0.5822414896031134,0.6084321067802645,0.5816380575275056,0.6072971584965466,0.5836291177450783
