id,x__autocorrelation__lag_1024,x__autocorrelation__lag_128,x__autocorrelation__lag_16384,x__autocorrelation__lag_2048,x__autocorrelation__lag_256,x__autocorrelation__lag_4096,x__autocorrelation__lag_512,x__autocorrelation__lag_8192
A,-0.09306221530279418,-0.24756932481711563,-0.1164447739254568,-0.12051921979266335,-0.1657458375706868,-0.11698882198868245,-0.2183035445316029,-0.12359713022861134
