id,x__autocorrelation__lag_1024,x__autocorrelation__lag_128,x__autocorrelation__lag_16384,x__autocorrelation__lag_2048,x__autocorrelation__lag_256,x__autocorrelation__lag_4096,x__autocorrelation__lag_512,x__autocorrelation__lag_8192
A,0.5774955255537013,-0.7142037622151951,0.5622291897770767,0.5649889953513489,0.5877354437432277,0.5642065236611894,0.5862902795630734,0.5656869519200565
