id,x__autocorrelation__lag_1024,x__autocorrelation__lag_128,x__autocorrelation__lag_16384,x__autocorrelation__lag_2048,x__autocorrelation__lag_256,x__autocorrelation__lag_4096,x__autocorrelation__lag_512,x__autocorrelation__lag_8192
A,-0.22117011206400602,-0.2477425444371041,-0.21119074912714794,-0.21263058429528534,-0.27096743539435475,-0.20999941339649814,-0.28511563059722866,-0.21268269674502335
