id,x__autocorrelation__lag_1024,x__autocorrelation__lag_128,x__autocorrelation__lag_16384,x__autocorrelation__lag_2048,x__autocorrelation__lag_256,x__autocorrelation__lag_4096,x__autocorrelation__lag_512,x__autocorrelation__lag_8192
A,-0.18859904405107633,-0.1700869449969485,-0.1816260034044762,-0.18304455556072136,-0.2404071120289091,-0.17995575780990322,-0.27241506553487377,-0.1849608054703272
