id,x__autocorrelation__lag_1024,x__autocorrelation__lag_128,x__autocorrelation__lag_16384,x__autocorrelation__lag_2048,x__autocorrelation__lag_256,x__autocorrelation__lag_4096,x__autocorrelation__lag_512,x__autocorrelation__lag_8192
A,0.5596949002781522,-0.6837476215215955,0.5490961899317248,0.5509228501204125,0.5697925383709327,0.5499341319577642,0.5678127272101606,0.5518629772595877
