id,x__autocorrelation__lag_1024,x__autocorrelation__lag_128,x__autocorrelation__lag_16384,x__autocorrelation__lag_2048,x__autocorrelation__lag_256,x__autocorrelation__lag_4096,x__autocorrelation__lag_512,x__autocorrelation__lag_8192
A,-0.10574488003509856,-0.2593273283227186,-0.13076627285803089,-0.13503315344551503,-0.150599824332968,-0.13850663379287576,-0.24575535498459494,-0.13357935569487467
