id,x__autocorrelation__lag_1024,x__autocorrelation__lag_128,x__autocorrelation__lag_16384,x__autocorrelation__lag_2048,x__autocorrelation__lag_256,x__autocorrelation__lag_4096,x__autocorrelation__lag_512,x__autocorrelation__lag_8192
A,-0.37185323658674246,-0.36805990768430186,-0.36580481571693363,-0.37603953945623564,-0.3915698106850656,-0.3668401454387564,-0.39243425666383946,-0.36653921600484407
