id,x__autocorrelation__lag_1024,x__autocorrelation__lag_128,x__autocorrelation__lag_16384,x__autocorrelation__lag_2048,x__autocorrelation__lag_256,x__autocorrelation__lag_4096,x__autocorrelation__lag_512,x__autocorrelation__lag_8192
A,-0.21000228700132786,-0.0509190290741893,-0.20569720848910508,-0.20865058788135504,-0.28617962955305143,-0.2030755605044453,-0.31922961799674754,-0.21048423857638437
