id,x__autocorrelation__lag_1024,x__autocorrelation__lag_128,x__autocorrelation__lag_16384,x__autocorrelation__lag_2048,x__autocorrelation__lag_256,x__autocorrelation__lag_4096,x__autocorrelation__lag_512,x__autocorrelation__lag_8192
A,0.35412942544645243,-0.6081627084055006,0.3552322771394364,0.351551211647212,0.3524712926446378,0.3551878542394456,0.3626940114994137,0.3527883448721178
