id,x__autocorrelation__lag_1024,x__autocorrelation__lag_128,x__autocorrelation__lag_16384,x__autocorrelation__lag_2048,x__autocorrelation__lag_256,x__autocorrelation__lag_4096,x__autocorrelation__lag_512,x__autocorrelation__lag_8192
A,-0.25602924309148906,-0.3314400301529855,-0.26398773889339644,-0.29331945962347467,-0.27596065757748856,-0.26964492487326286,-0.32848570270751304,-0.2700052222903533
