id,x__autocorrelation__lag_1024,x__autocorrelation__lag_128,x__autocorrelation__lag_16384,x__autocorrelation__lag_2048,x__autocorrelation__lag_256,x__autocorrelation__lag_4096,x__autocorrelation__lag_512,x__autocorrelation__lag_8192
A,-0.16040554349323666,-0.30210301649101295,-0.1414313318655155,-0.14876783327613782,-0.1952887739149729,-0.14417531227590272,-0.19019820154807768,-0.15044906474669462
