id,x__autocorrelation__lag_1024,x__autocorrelation__lag_128,x__autocorrelation__lag_16384,x__autocorrelation__lag_2048,x__autocorrelation__lag_256,x__autocorrelation__lag_4096,x__autocorrelation__lag_512,x__autocorrelation__lag_8192
A,-0.22707851002075408,-0.058676271329927344,-0.228391177592518,-0.24409156744418675,-0.2950747075896891,-0.23539176762275474,-0.32578857394371696,-0.2478682903993031
