id,x__autocorrelation__lag_1024,x__autocorrelation__lag_128,x__autocorrelation__lag_16384,x__autocorrelation__lag_2048,x__autocorrelation__lag_256,x__autocorrelation__lag_4096,x__autocorrelation__lag_512,x__autocorrelation__lag_8192
A,-0.1492327291461196,-0.30791994144309637,-0.12562172961366688,-0.15104207316914686,-0.20564743914284903,-0.140550818306866,-0.2647382462897388,-0.14158945157249966
