id,x__autocorrelation__lag_1024,x__autocorrelation__lag_128,x__autocorrelation__lag_16384,x__autocorrelation__lag_2048,x__autocorrelation__lag_256,x__autocorrelation__lag_4096,x__autocorrelation__lag_512,x__autocorrelation__lag_8192
A,-0.08696252116078536,-0.2872086459245494,-0.08517665183884007,-0.09220011140682552,-0.13839381007690071,-0.08785747669737151,-0.1639478262489774,-0.09477925801613811
