id,x__autocorrelation__lag_1024,x__autocorrelation__lag_128,x__autocorrelation__lag_16384,x__autocorrelation__lag_2048,x__autocorrelation__lag_256,x__autocorrelation__lag_4096,x__autocorrelation__lag_512,x__autocorrelation__lag_8192
A,-0.1631754324073715,-0.31201479044290187,-0.13683816175441404,-0.15128506064365302,-0.20989747599387334,-0.14689146594683777,-0.276824859833958,-0.14295042436939118
