id,x__autocorrelation__lag_1024,x__autocorrelation__lag_128,x__autocorrelation__lag_16384,x__autocorrelation__lag_2048,x__autocorrelation__lag_256,x__autocorrelation__lag_4096,x__autocorrelation__lag_512,x__autocorrelation__lag_8192
A,0.5460695079855501,-0.6449251111415144,0.533269756602078,0.5355097633777888,0.5506835621819817,0.5345889993036936,0.5404755465272646,0.5361367584593945
