id,x__autocorrelation__lag_1024,x__autocorrelation__lag_128,x__autocorrelation__lag_16384,x__autocorrelation__lag_2048,x__autocorrelation__lag_256,x__autocorrelation__lag_4096,x__autocorrelation__lag_512,x__autocorrelation__lag_8192
A,-0.10072935741181507,-0.2324840040749739,-0.09880164847984073,-0.10649567002969842,-0.13956251495742644,-0.10215351709448352,-0.1522104009613674,-0.10981478493553742
