id,x__autocorrelation__lag_1024,x__autocorrelation__lag_128,x__autocorrelation__lag_16384,x__autocorrelation__lag_2048,x__autocorrelation__lag_256,x__autocorrelation__lag_4096,x__autocorrelation__lag_512,x__autocorrelation__lag_8192
A,0.5708168898852047,-0.7021565784647121,0.5576872540671136,0.5607271066818446,0.5844569025595729,0.56001141915487,0.5846405273234406,0.5614641302076856
