id,x__autocorrelation__lag_1024,x__autocorrelation__lag_128,x__autocorrelation__lag_16384,x__autocorrelation__lag_2048,x__autocorrelation__lag_256,x__autocorrelation__lag_4096,x__autocorrelation__lag_512,x__autocorrelation__lag_8192
A,0.5847488444647247,-0.6774807189392705,0.5718249799301621,0.5737426370798937,0.592727620812205,0.5732570694680903,0.583555274986936,0.5744360156860642
