id,x__autocorrelation__lag_1024,x__autocorrelation__lag_128,x__autocorrelation__lag_16384,x__autocorrelation__lag_2048,x__autocorrelation__lag_256,x__autocorrelation__lag_4096,x__autocorrelation__lag_512,x__autocorrelation__lag_8192
A,-0.15559627682053503,-0.3131127041950246,-0.15528398038584537,-0.16203238969122327,-0.201742898031545,-0.15856012591590274,-0.22263829188212056,-0.16427025702907364
