id,x__autocorrelation__lag_1024,x__autocorrelation__lag_128,x__autocorrelation__lag_16384,x__autocorrelation__lag_2048,x__autocorrelation__lag_256,x__autocorrelation__lag_4096,x__autocorrelation__lag_512,x__autocorrelation__lag_8192
A,-0.0908558024540789,-0.27417171789383776,-0.10619811720262379,-0.11045881556345366,-0.1547037460305249,-0.10694048990912655,-0.19751777446646712,-0.11267532182734832
