id,x__autocorrelation__lag_1024,x__autocorrelation__lag_128,x__autocorrelation__lag_16384,x__autocorrelation__lag_2048,x__autocorrelation__lag_256,x__autocorrelation__lag_4096,x__autocorrelation__lag_512,x__autocorrelation__lag_8192
A,-0.2376374530065046,-0.07077698842704154,-0.23655578418853423,-0.23583307302413378,-0.3063958296208064,-0.23180582881255385,-0.32868056724027594,-0.2347547097587404
