id,x__autocorrelation__lag_1024,x__autocorrelation__lag_128,x__autocorrelation__lag_16384,x__autocorrelation__lag_2048,x__autocorrelation__lag_256,x__autocorrelation__lag_4096,x__autocorrelation__lag_512,x__autocorrelation__lag_8192
A,-0.3324224755876288,-0.2838844612565634,-0.37938756825496334,-0.38079393222007396,-0.3316565011977269,-0.36743619529545635,-0.4396989444397633,-0.36873404711312263
