id,x__autocorrelation__lag_1024,x__autocorrelation__lag_128,x__autocorrelation__lag_16384,x__autocorrelation__lag_2048,x__autocorrelation__lag_256,x__autocorrelation__lag_4096,x__autocorrelation__lag_512,x__autocorrelation__lag_8192
A,-0.14239643746777134,-0.23152477300940402,-0.1318026729663065,-0.13717095113318042,-0.17582212959239113,-0.1339370607599984,-0.1777158428150397,-0.13880484289634232
