id,x__autocorrelation__lag_1024,x__autocorrelation__lag_128,x__autocorrelation__lag_16384,x__autocorrelation__lag_2048,x__autocorrelation__lag_256,x__autocorrelation__lag_4096,x__autocorrelation__lag_512,x__autocorrelation__lag_8192
A,0.5261420354291202,-0.7105957438400643,0.5138922955166899,0.5230270893624728,0.5340843909990872,0.5213697150396913,0.5392817647970717,0.5264351573415482
