id,x__autocorrelation__lag_1024,x__autocorrelation__lag_128,x__autocorrelation__lag_16384,x__autocorrelation__lag_2048,x__autocorrelation__lag_256,x__autocorrelation__lag_4096,x__autocorrelation__lag_512,x__autocorrelation__lag_8192
A,-0.1569979236929208,-0.32669583847256445,-0.11657759296142853,-0.15029824228174998,-0.20903061156352473,-0.11979799896254753,-0.2850929049190109,-0.1199226613648033
