id,x__autocorrelation__lag_1024,x__autocorrelation__lag_128,x__autocorrelation__lag_16384,x__autocorrelation__lag_2048,x__autocorrelation__lag_256,x__autocorrelation__lag_4096,x__autocorrelation__lag_512,x__autocorrelation__lag_8192
A,0.5659470903410425,-0.7419097510493669,0.5601376515139802,0.5616924219266938,0.5941845215522431,0.5618295124981086,0.5930825239966959,0.562318018795613
