id,x__autocorrelation__lag_1024,x__autocorrelation__lag_128,x__autocorrelation__lag_16384,x__autocorrelation__lag_2048,x__autocorrelation__lag_256,x__autocorrelation__lag_4096,x__autocorrelation__lag_512,x__autocorrelation__lag_8192
A,0.5806202979446679,-0.7325485765912532,0.57268485924516,0.5763738186954572,0.599561592330539,0.5757788543658527,0.5964335659499834,0.5773094079293251
