id,x__autocorrelation__lag_1024,x__autocorrelation__lag_128,x__autocorrelation__lag_16384,x__autocorrelation__lag_2048,x__autocorrelation__lag_256,x__autocorrelation__lag_4096,x__autocorrelation__lag_512,x__autocorrelation__lag_8192
A,-0.10966308426231167,-0.22571772254082795,-0.10776086645565852,-0.11461246093945063,-0.14936159553068903,-0.11095068155635046,-0.16443156973166256,-0.1176111889813122
