id,x__autocorrelation__lag_1024,x__autocorrelation__lag_128,x__autocorrelation__lag_16384,x__autocorrelation__lag_2048,x__autocorrelation__lag_256,x__autocorrelation__lag_4096,x__autocorrelation__lag_512,x__autocorrelation__lag_8192
A,-0.1095168125118978,-0.029691452344563364,-0.20504066254144326,-0.21699570990823872,-0.23484527728445917,-0.21305898299975543,-0.3000005794879844,-0.2136936480324683
