id,x__autocorrelation__lag_1024,x__autocorrelation__lag_128,x__autocorrelation__lag_16384,x__autocorrelation__lag_2048,x__autocorrelation__lag_256,x__autocorrelation__lag_4096,x__autocorrelation__lag_512,x__autocorrelation__lag_8192
A,-0.0625910818545673,-0.0625671312120812,-0.1613003142361586,-0.20187004125775854,-0.24593142636642526,-0.1961817781961624,-0.3326568738659104,-0.22372139518599646
