id,x__autocorrelation__lag_1024,x__autocorrelation__lag_128,x__autocorrelation__lag_16384,x__autocorrelation__lag_2048,x__autocorrelation__lag_256,x__autocorrelation__lag_4096,x__autocorrelation__lag_512,x__autocorrelation__lag_8192
A,0.0545349698804761,-0.47243804072303774,0.06739988908574596,0.06425307779247431,0.05357102917284843,0.0682356676764141,0.05807108098810156,0.06658179683931559
