id,x__autocorrelation__lag_1024,x__autocorrelation__lag_128,x__autocorrelation__lag_16384,x__autocorrelation__lag_2048,x__autocorrelation__lag_256,x__autocorrelation__lag_4096,x__autocorrelation__lag_512,x__autocorrelation__lag_8192
A,-0.1360660364028986,-0.29604549857864587,-0.12943241979641895,-0.13952722396483394,-0.17838800637013738,-0.1349647705870288,-0.18978277840917876,-0.14230335697234064
