id,x__autocorrelation__lag_1024,x__autocorrelation__lag_128,x__autocorrelation__lag_16384,x__autocorrelation__lag_2048,x__autocorrelation__lag_256,x__autocorrelation__lag_4096,x__autocorrelation__lag_512,x__autocorrelation__lag_8192
A,-0.12383834265623268,-0.31875108019472653,-0.12607551852777518,-0.13366616510242743,-0.17560298763478888,-0.12983655240698364,-0.20135243661406677,-0.1361344000447341
