id,x__autocorrelation__lag_1024,x__autocorrelation__lag_128,x__autocorrelation__lag_16384,x__autocorrelation__lag_2048,x__autocorrelation__lag_256,x__autocorrelation__lag_4096,x__autocorrelation__lag_512,x__autocorrelation__lag_8192
A,-0.10644889565904075,-0.27435927217173434,-0.12514623138625616,-0.14404422537995892,-0.1622609704800192,-0.12550939577930517,-0.2337409850990176,-0.12982591571115037
