id,x__autocorrelation__lag_1024,x__autocorrelation__lag_128,x__autocorrelation__lag_16384,x__autocorrelation__lag_2048,x__autocorrelation__lag_256,x__autocorrelation__lag_4096,x__autocorrelation__lag_512,x__autocorrelation__lag_8192
A,0.5388725248666926,-0.6563804461011852,0.5231070338482708,0.5270052066461863,0.5498128707937173,0.5258169174304896,0.5453221339962299,0.5287196033719145
