id,x__autocorrelation__lag_1024,x__autocorrelation__lag_128,x__autocorrelation__lag_16384,x__autocorrelation__lag_2048,x__autocorrelation__lag_256,x__autocorrelation__lag_4096,x__autocorrelation__lag_512,x__autocorrelation__lag_8192
A,-0.1344279447774565,-0.3047675214298248,-0.131377095892926,-0.13628473597982343,-0.1777015627320701,-0.1330104651208065,-0.20166817119283767,-0.13813962952694805
