id,x__autocorrelation__lag_1024,x__autocorrelation__lag_128,x__autocorrelation__lag_16384,x__autocorrelation__lag_2048,x__autocorrelation__lag_256,x__autocorrelation__lag_4096,x__autocorrelation__lag_512,x__autocorrelation__lag_8192
A,0.5870391898705418,-0.7154502260738882,0.576268360856019,0.5788498792369146,0.5999852996698274,0.5785468052288606,0.6000165650879539,0.5794352870049085
