id,x__autocorrelation__lag_1024,x__autocorrelation__lag_128,x__autocorrelation__lag_16384,x__autocorrelation__lag_2048,x__autocorrelation__lag_256,x__autocorrelation__lag_4096,x__autocorrelation__lag_512,x__autocorrelation__lag_8192
A,-0.10888085182480113,-0.25234026757418077,-0.13605428751521303,-0.14279320276768978,-0.1685667218235649,-0.1381866726760905,-0.2714171121655018,-0.13580413667720576
