id,x__autocorrelation__lag_1024,x__autocorrelation__lag_128,x__autocorrelation__lag_16384,x__autocorrelation__lag_2048,x__autocorrelation__lag_256,x__autocorrelation__lag_4096,x__autocorrelation__lag_512,x__autocorrelation__lag_8192
A,-0.23401105374377584,-0.2670995178048436,-0.22944529496697338,-0.23355623352451083,-0.26601020657146546,-0.23058342218433273,-0.28210163868387533,-0.2344827389611209
