id,x__autocorrelation__lag_1024,x__autocorrelation__lag_128,x__autocorrelation__lag_16384,x__autocorrelation__lag_2048,x__autocorrelation__lag_256,x__autocorrelation__lag_4096,x__autocorrelation__lag_512,x__autocorrelation__lag_8192
A,-0.17221599997670034,-0.205800226601258,-0.1686000021520299,-0.17071003193675321,-0.23091705731299064,-0.16655500782035065,-0.2647222371542761,-0.17157306441410025
