id,x__autocorrelation__lag_1024,x__autocorrelation__lag_128,x__autocorrelation__lag_16384,x__autocorrelation__lag_2048,x__autocorrelation__lag_256,x__autocorrelation__lag_4096,x__autocorrelation__lag_512,x__autocorrelation__lag_8192
A,0.544636355677569,-0.7280053568250453,0.5409626716491338,0.5406529517546895,0.5722575050938857,0.5411177793932096,0.5741500412461726,0.5415798044052547
