id,x__autocorrelation__lag_1024,x__autocorrelation__lag_128,x__autocorrelation__lag_16384,x__autocorrelation__lag_2048,x__autocorrelation__lag_256,x__autocorrelation__lag_4096,x__autocorrelation__lag_512,x__autocorrelation__lag_8192
A,-0.15132492408887027,-0.30071685011624366,-0.1329938677810617,-0.1408039408858393,-0.1821330878378817,-0.13628094114150782,-0.17967060531879875,-0.14293680572574805
