id,x__autocorrelation__lag_1024,x__autocorrelation__lag_128,x__autocorrelation__lag_16384,x__autocorrelation__lag_2048,x__autocorrelation__lag_256,x__autocorrelation__lag_4096,x__autocorrelation__lag_512,x__autocorrelation__lag_8192
A,-0.14712062134733422,-0.27292193180457086,-0.14182163683511972,-0.14747004518191964,-0.18934806117160635,-0.14428665292848145,-0.19691224571600804,-0.14951642220066824
