id,x__autocorrelation__lag_1024,x__autocorrelation__lag_128,x__autocorrelation__lag_16384,x__autocorrelation__lag_2048,x__autocorrelation__lag_256,x__autocorrelation__lag_4096,x__autocorrelation__lag_512,x__autocorrelation__lag_8192
A,-0.20581608972225102,-0.3390607861817718,-0.21476761348000464,-0.243640916860879,-0.2355344190130305,-0.22718659312536046,-0.30190407485590814,-0.21359159375059597
