id,x__autocorrelation__lag_1024,x__autocorrelation__lag_128,x__autocorrelation__lag_16384,x__autocorrelation__lag_2048,x__autocorrelation__lag_256,x__autocorrelation__lag_4096,x__autocorrelation__lag_512,x__autocorrelation__lag_8192
A,-0.2619166745883509,-0.3873511969313595,-0.264810835753894,-0.26461047269956334,-0.27244174335642285,-0.26128780934664175,-0.30024547715355854,-0.2558675827679665
