id,x__autocorrelation__lag_1024,x__autocorrelation__lag_128,x__autocorrelation__lag_16384,x__autocorrelation__lag_2048,x__autocorrelation__lag_256,x__autocorrelation__lag_4096,x__autocorrelation__lag_512,x__autocorrelation__lag_8192
A,-0.20753647608633113,-0.13294376602469044,-0.20487427523933854,-0.2062330818440722,-0.2673501451375877,-0.2023934123045573,-0.30291781408718843,-0.2070014088355185
