id,x__autocorrelation__lag_1024,x__autocorrelation__lag_128,x__autocorrelation__lag_16384,x__autocorrelation__lag_2048,x__autocorrelation__lag_256,x__autocorrelation__lag_4096,x__autocorrelation__lag_512,x__autocorrelation__lag_8192
A,-0.07709369352178029,-0.3217102067128527,-0.08354830572763522,-0.09055086959805281,-0.13571451824086833,-0.08624191618536652,-0.16866509099146812,-0.09294876915485227
