id,x__autocorrelation__lag_1024,x__autocorrelation__lag_128,x__autocorrelation__lag_16384,x__autocorrelation__lag_2048,x__autocorrelation__lag_256,x__autocorrelation__lag_4096,x__autocorrelation__lag_512,x__autocorrelation__lag_8192
A,-0.21704009621952705,-0.049428354268460276,-0.21660672299431075,-0.22319809355363723,-0.2779247710147239,-0.2176304894475255,-0.31453220613579025,-0.22605350761764298
