id,x__autocorrelation__lag_1024,x__autocorrelation__lag_128,x__autocorrelation__lag_16384,x__autocorrelation__lag_2048,x__autocorrelation__lag_256,x__autocorrelation__lag_4096,x__autocorrelation__lag_512,x__autocorrelation__lag_8192
A,0.5994768606211872,-0.7310710280638524,0.5853699611901996,0.5924412381442067,0.6121024102124051,0.590765535843062,0.6106484850287627,0.594464770784005
