id,x__autocorrelation__lag_1024,x__autocorrelation__lag_128,x__autocorrelation__lag_16384,x__autocorrelation__lag_2048,x__autocorrelation__lag_256,x__autocorrelation__lag_4096,x__autocorrelation__lag_512,x__autocorrelation__lag_8192
A,-0.37054255585664947,-0.349423950433402,-0.3618167734698243,-0.377891525757196,-0.38560208436117716,-0.3645240502717058,-0.40234319775215077,-0.3652887670463454
