id,x__autocorrelation__lag_1024,x__autocorrelation__lag_128,x__autocorrelation__lag_16384,x__autocorrelation__lag_2048,x__autocorrelation__lag_256,x__autocorrelation__lag_4096,x__autocorrelation__lag_512,x__autocorrelation__lag_8192
A,0.32121746794643075,-0.5544159600072721,0.3189556879794292,0.3247798063612728,0.30390860456974483,0.3272511854001516,0.30922924911249133,0.3273204085249256
