id,x__autocorrelation__lag_1024,x__autocorrelation__lag_128,x__autocorrelation__lag_16384,x__autocorrelation__lag_2048,x__autocorrelation__lag_256,x__autocorrelation__lag_4096,x__autocorrelation__lag_512,x__autocorrelation__lag_8192
A,-0.10594773775643614,-0.3295283497414863,-0.15235696828669545,-0.17175594598484525,-0.16521329600021287,-0.1673763852462082,-0.30299694354368084,-0.1669632287663103
