id,x__autocorrelation__lag_1024,x__autocorrelation__lag_128,x__autocorrelation__lag_16384,x__autocorrelation__lag_2048,x__autocorrelation__lag_256,x__autocorrelation__lag_4096,x__autocorrelation__lag_512,x__autocorrelation__lag_8192
A,-0.22002256205484036,-0.3532965709810842,-0.216408258621173,-0.23660766326617771,-0.23217483437873712,-0.22273836650760406,-0.279380366894327,-0.2204483039371257
