id,x__autocorrelation__lag_1024,x__autocorrelation__lag_128,x__autocorrelation__lag_16384,x__autocorrelation__lag_2048,x__autocorrelation__lag_256,x__autocorrelation__lag_4096,x__autocorrelation__lag_512,x__autocorrelation__lag_8192
A,-0.1361048771652205,-0.27843941438657055,-0.12732033204836402,-0.13416494584522606,-0.18231655258833568,-0.13096763331051425,-0.18537717557879935,-0.1357095517401774
