id,x__autocorrelation__lag_1024,x__autocorrelation__lag_128,x__autocorrelation__lag_16384,x__autocorrelation__lag_2048,x__autocorrelation__lag_256,x__autocorrelation__lag_4096,x__autocorrelation__lag_512,x__autocorrelation__lag_8192
A,0.5580793153703859,-0.6876538176522947,0.5448829750722977,0.5470089370353401,0.5729725197585811,0.5462931889110886,0.5676081581208846,0.5480144959053497
