id,x__autocorrelation__lag_1024,x__autocorrelation__lag_128,x__autocorrelation__lag_16384,x__autocorrelation__lag_2048,x__autocorrelation__lag_256,x__autocorrelation__lag_4096,x__autocorrelation__lag_512,x__autocorrelation__lag_8192
A,-0.12152864680729766,-0.29113645824534623,-0.1308115255547353,-0.13311687383929044,-0.18737541912623418,-0.1296600340576634,-0.21463679610645428,-0.13305223860675902
