id,x__autocorrelation__lag_1024,x__autocorrelation__lag_128,x__autocorrelation__lag_16384,x__autocorrelation__lag_2048,x__autocorrelation__lag_256,x__autocorrelation__lag_4096,x__autocorrelation__lag_512,x__autocorrelation__lag_8192
A,-0.2214498927671285,-0.10316030656847953,-0.2086312605091369,-0.21222143554817455,-0.28568862384139954,-0.20562106307758868,-0.313876455789389,-0.2123381492048132
