id,x__autocorrelation__lag_1024,x__autocorrelation__lag_128,x__autocorrelation__lag_16384,x__autocorrelation__lag_2048,x__autocorrelation__lag_256,x__autocorrelation__lag_4096,x__autocorrelation__lag_512,x__autocorrelation__lag_8192
A,-0.2049876987037771,-0.0380925968952823,-0.2076586457016488,-0.21735082115997253,-0.2731353445601316,-0.20938326558954282,-0.3130645225504,-0.2193197141896086
