id,x__autocorrelation__lag_1024,x__autocorrelation__lag_128,x__autocorrelation__lag_16384,x__autocorrelation__lag_2048,x__autocorrelation__lag_256,x__autocorrelation__lag_4096,x__autocorrelation__lag_512,x__autocorrelation__lag_8192
A,0.5874089406745288,-0.7472693982798378,0.5806067656585169,0.5828301354021262,0.6096405559894345,0.5823190365047787,0.6090540631291678,0.5837267570466534
