id,x__autocorrelation__lag_1024,x__autocorrelation__lag_128,x__autocorrelation__lag_16384,x__autocorrelation__lag_2048,x__autocorrelation__lag_256,x__autocorrelation__lag_4096,x__autocorrelation__lag_512,x__autocorrelation__lag_8192
A,-0.11799150406541498,-0.29402656188970916,-0.12266018279433122,-0.1276094063093564,-0.17027774687453098,-0.12367924820676848,-0.2017193018022596,-0.12931121602493906
