id,x__autocorrelation__lag_1024,x__autocorrelation__lag_128,x__autocorrelation__lag_16384,x__autocorrelation__lag_2048,x__autocorrelation__lag_256,x__autocorrelation__lag_4096,x__autocorrelation__lag_512,x__autocorrelation__lag_8192
A,-0.17389512800880969,-0.21317709214302824,-0.16748486048224825,-0.17079335524388403,-0.226924363209697,-0.1666849231837589,-0.2530630327959341,-0.1714835031651925
