id,x__autocorrelation__lag_1024,x__autocorrelation__lag_128,x__autocorrelation__lag_16384,x__autocorrelation__lag_2048,x__autocorrelation__lag_256,x__autocorrelation__lag_4096,x__autocorrelation__lag_512,x__autocorrelation__lag_8192
A,-0.10270211772514952,-0.2623022988962688,-0.08929785925122352,-0.10061235193085064,-0.1381146640053898,-0.09513866094736641,-0.15201471396734573,-0.10432217905933935
