id,x__autocorrelation__lag_1024,x__autocorrelation__lag_128,x__autocorrelation__lag_16384,x__autocorrelation__lag_2048,x__autocorrelation__lag_256,x__autocorrelation__lag_4096,x__autocorrelation__lag_512,x__autocorrelation__lag_8192
A,-0.1094971599872241,-0.29116067876488705,-0.10746707718483473,-0.11194674970262221,-0.15812542514858455,-0.10835822148202896,-0.18870443985431262,-0.11433712061013403
