id,x__autocorrelation__lag_1024,x__autocorrelation__lag_128,x__autocorrelation__lag_16384,x__autocorrelation__lag_2048,x__autocorrelation__lag_256,x__autocorrelation__lag_4096,x__autocorrelation__lag_512,x__autocorrelation__lag_8192
A,-0.11867847485538206,-0.28534897428269185,-0.1272442049861969,-0.13249670961531063,-0.18044522398508972,-0.12855492555830986,-0.21893328666937392,-0.1341218015461397
