id,x__autocorrelation__lag_1024,x__autocorrelation__lag_128,x__autocorrelation__lag_16384,x__autocorrelation__lag_2048,x__autocorrelation__lag_256,x__autocorrelation__lag_4096,x__autocorrelation__lag_512,x__autocorrelation__lag_8192
A,-0.14384825511984736,-0.30388477014731724,-0.1077893122161434,-0.14052323688465526,-0.20860583805712737,-0.11304335686318644,-0.27301000178810486,-0.11424726577329389
