id,x__autocorrelation__lag_1024,x__autocorrelation__lag_128,x__autocorrelation__lag_16384,x__autocorrelation__lag_2048,x__autocorrelation__lag_256,x__autocorrelation__lag_4096,x__autocorrelation__lag_512,x__autocorrelation__lag_8192
A,-0.24916902779844513,-0.37066268528521906,-0.24969106242069922,-0.25488472306536014,-0.26264345787304394,-0.24892535270784769,-0.28944974493033515,-0.24713278473710232
