id,x__autocorrelation__lag_1024,x__autocorrelation__lag_128,x__autocorrelation__lag_16384,x__autocorrelation__lag_2048,x__autocorrelation__lag_256,x__autocorrelation__lag_4096,x__autocorrelation__lag_512,x__autocorrelation__lag_8192
A,-0.19110275858538317,-0.17684293889245156,-0.18812062786575298,-0.1904278591029053,-0.2431382211590766,-0.18615786468159243,-0.2780964868246181,-0.19094698203290456
