id,x__autocorrelation__lag_1024,x__autocorrelation__lag_128,x__autocorrelation__lag_16384,x__autocorrelation__lag_2048,x__autocorrelation__lag_256,x__autocorrelation__lag_4096,x__autocorrelation__lag_512,x__autocorrelation__lag_8192
A,-0.1469692927477245,-0.2599355133462662,-0.15045043511245842,-0.15180741907128945,-0.20359832392528587,-0.14925817284546022,-0.23636897514766586,-0.15266808410822288
