id,x__autocorrelation__lag_1024,x__autocorrelation__lag_128,x__autocorrelation__lag_16384,x__autocorrelation__lag_2048,x__autocorrelation__lag_256,x__autocorrelation__lag_4096,x__autocorrelation__lag_512,x__autocorrelation__lag_8192
A,0.5337309192513889,-0.7238822181833081,0.5305033009644178,0.5333983549458724,0.5507049736292471,0.5331167807528562,0.5570591535754861,0.5338687596257065
