id,x__autocorrelation__lag_1024,x__autocorrelation__lag_128,x__autocorrelation__lag_16384,x__autocorrelation__lag_2048,x__autocorrelation__lag_256,x__autocorrelation__lag_4096,x__autocorrelation__lag_512,x__autocorrelation__lag_8192
A,-0.1565008370507985,-0.3197597874706777,-0.14896316281189265,-0.15403495216766913,-0.19971763339078719,-0.15042193115932803,-0.2182319446154624,-0.15431021225670477
