id,x__autocorrelation__lag_1024,x__autocorrelation__lag_128,x__autocorrelation__lag_16384,x__autocorrelation__lag_2048,x__autocorrelation__lag_256,x__autocorrelation__lag_4096,x__autocorrelation__lag_512,x__autocorrelation__lag_8192
A,-0.2057695395383417,-0.2622324713845733,-0.19634872026943034,-0.19751261800106443,-0.25452544563892654,-0.19450426218489666,-0.2750872241477254,-0.19749844810469522
