id,x__autocorrelation__lag_1024,x__autocorrelation__lag_128,x__autocorrelation__lag_16384,x__autocorrelation__lag_2048,x__autocorrelation__lag_256,x__autocorrelation__lag_4096,x__autocorrelation__lag_512,x__autocorrelation__lag_8192
A,-0.170998183987614,-0.24193480567726136,-0.1721213869383577,-0.17453058601492308,-0.22448634382670735,-0.1713401875557672,-0.26030742717231253,-0.17602497704999517
