id,x__autocorrelation__lag_1024,x__autocorrelation__lag_128,x__autocorrelation__lag_16384,x__autocorrelation__lag_2048,x__autocorrelation__lag_256,x__autocorrelation__lag_4096,x__autocorrelation__lag_512,x__autocorrelation__lag_8192
A,0.45308859123970746,-0.671319540396901,0.45408983933842473,0.45324259781130083,0.46614724787518447,0.4543836746384814,0.47073029191471577,0.4532581909163308
