id,x__autocorrelation__lag_1024,x__autocorrelation__lag_128,x__autocorrelation__lag_16384,x__autocorrelation__lag_2048,x__autocorrelation__lag_256,x__autocorrelation__lag_4096,x__autocorrelation__lag_512,x__autocorrelation__lag_8192
A,-0.21739169443509276,-0.0860245932752915,-0.22019552639105988,-0.222079926227479,-0.28221593388599897,-0.21725906189021593,-0.3149488217251269,-0.22262735406374157
