id,x__autocorrelation__lag_1024,x__autocorrelation__lag_128,x__autocorrelation__lag_16384,x__autocorrelation__lag_2048,x__autocorrelation__lag_256,x__autocorrelation__lag_4096,x__autocorrelation__lag_512,x__autocorrelation__lag_8192
A,-0.1077844697307251,-0.3093601280017242,-0.11539369027862831,-0.11990026579735179,-0.1661247463046036,-0.11662689083587911,-0.1953428029621892,-0.12123845948558389
