id,x__autocorrelation__lag_1024,x__autocorrelation__lag_128,x__autocorrelation__lag_16384,x__autocorrelation__lag_2048,x__autocorrelation__lag_256,x__autocorrelation__lag_4096,x__autocorrelation__lag_512,x__autocorrelation__lag_8192
A,0.5730597985277425,-0.6748862859242146,0.5610114255800874,0.5627166117011925,0.5820868113589702,0.5621800269859628,0.5741272149399104,0.56380700630957
