id,x__autocorrelation__lag_1024,x__autocorrelation__lag_128,x__autocorrelation__lag_16384,x__autocorrelation__lag_2048,x__autocorrelation__lag_256,x__autocorrelation__lag_4096,x__autocorrelation__lag_512,x__autocorrelation__lag_8192
A,-0.21864279273208737,-0.11945492739776321,-0.21389972747985664,-0.21541588239538756,-0.27932107176428783,-0.21122860570598087,-0.31263656928450684,-0.21616711818680642
