id,x__autocorrelation__lag_1024,x__autocorrelation__lag_128,x__autocorrelation__lag_16384,x__autocorrelation__lag_2048,x__autocorrelation__lag_256,x__autocorrelation__lag_4096,x__autocorrelation__lag_512,x__autocorrelation__lag_8192
A,-0.19867237348072975,-0.11010462594074302,-0.20010477048030972,-0.19944191204686426,-0.26051126113072826,-0.19637578093367947,-0.29341683220813225,-0.20038650991374685
