id,x__autocorrelation__lag_1024,x__autocorrelation__lag_128,x__autocorrelation__lag_16384,x__autocorrelation__lag_2048,x__autocorrelation__lag_256,x__autocorrelation__lag_4096,x__autocorrelation__lag_512,x__autocorrelation__lag_8192
A,0.5789753089383417,-0.6808745558006298,0.566536593446441,0.5686468859313014,0.5877002547988209,0.5679823137243162,0.5804227364731995,0.5690685200119717
