id,x__autocorrelation__lag_1024,x__autocorrelation__lag_128,x__autocorrelation__lag_16384,x__autocorrelation__lag_2048,x__autocorrelation__lag_256,x__autocorrelation__lag_4096,x__autocorrelation__lag_512,x__autocorrelation__lag_8192
A,-0.24144424911849555,-0.057717870930840756,-0.23625481227826395,-0.2384798085271297,-0.3007639882509017,-0.23362400263736344,-0.32607291884338235,-0.2385440288908762
