id,x__autocorrelation__lag_1024,x__autocorrelation__lag_128,x__autocorrelation__lag_16384,x__autocorrelation__lag_2048,x__autocorrelation__lag_256,x__autocorrelation__lag_4096,x__autocorrelation__lag_512,x__autocorrelation__lag_8192
A,-0.1146651389065898,-0.26649173060816617,-0.1309794824627646,-0.13330037670865094,-0.1832081598801739,-0.1302006718277137,-0.22359039602858913,-0.13518059196601281
