id,x__autocorrelation__lag_1024,x__autocorrelation__lag_128,x__autocorrelation__lag_16384,x__autocorrelation__lag_2048,x__autocorrelation__lag_256,x__autocorrelation__lag_4096,x__autocorrelation__lag_512,x__autocorrelation__lag_8192
A,-0.10407724290613456,-0.24990131928166948,-0.09109137862897951,-0.09718742750539984,-0.1394203132698303,-0.09359431938761846,-0.1435445328209546,-0.09971739497780645
