id,x__autocorrelation__lag_1024,x__autocorrelation__lag_128,x__autocorrelation__lag_16384,x__autocorrelation__lag_2048,x__autocorrelation__lag_256,x__autocorrelation__lag_4096,x__autocorrelation__lag_512,x__autocorrelation__lag_8192
A,-0.0901956750272832,-0.27678085751669,-0.08834429112572886,-0.09630096208556319,-0.1439663717164629,-0.0915547966207576,-0.17105401589439495,-0.09900411990140272
