id,x__autocorrelation__lag_1024,x__autocorrelation__lag_128,x__autocorrelation__lag_16384,x__autocorrelation__lag_2048,x__autocorrelation__lag_256,x__autocorrelation__lag_4096,x__autocorrelation__lag_512,x__autocorrelation__lag_8192
A,-0.10306365998137836,-0.26868190360131633,-0.12003921718802577,-0.1301581804733081,-0.15074167610146658,-0.12126199373845616,-0.21927806837214006,-0.1245534347454688
