id,x__autocorrelation__lag_1024,x__autocorrelation__lag_128,x__autocorrelation__lag_16384,x__autocorrelation__lag_2048,x__autocorrelation__lag_256,x__autocorrelation__lag_4096,x__autocorrelation__lag_512,x__autocorrelation__lag_8192
A,-0.18869563720117205,-0.17161074160289638,-0.1886424086006248,-0.19082090290247128,-0.2543412241942185,-0.1857419327465904,-0.2918218716049245,-0.1911282993984469
