id,x__autocorrelation__lag_1024,x__autocorrelation__lag_128,x__autocorrelation__lag_16384,x__autocorrelation__lag_2048,x__autocorrelation__lag_256,x__autocorrelation__lag_4096,x__autocorrelation__lag_512,x__autocorrelation__lag_8192
A,-0.20782561991142706,-0.15242045197697607,-0.2039388214180649,-0.204193753652393,-0.2672759994191587,-0.20021800775902063,-0.2933977074031433,-0.2050559150076773
