id,x__autocorrelation__lag_1024,x__autocorrelation__lag_128,x__autocorrelation__lag_16384,x__autocorrelation__lag_2048,x__autocorrelation__lag_256,x__autocorrelation__lag_4096,x__autocorrelation__lag_512,x__autocorrelation__lag_8192
A,0.5487843541052102,-0.6669609322710605,0.5297701803402601,0.5352976173960484,0.562417238417118,0.5334343623954886,0.5564836778738836,0.5370832563467449
