id,x__autocorrelation__lag_1024,x__autocorrelation__lag_128,x__autocorrelation__lag_16384,x__autocorrelation__lag_2048,x__autocorrelation__lag_256,x__autocorrelation__lag_4096,x__autocorrelation__lag_512,x__autocorrelation__lag_8192
A,-0.13933655122154698,-0.324702511896449,-0.10604989007437157,-0.1301490565428203,-0.20620544625847018,-0.1052002619171118,-0.27328465870204227,-0.1048862219590762
