id,x__autocorrelation__lag_1024,x__autocorrelation__lag_128,x__autocorrelation__lag_16384,x__autocorrelation__lag_2048,x__autocorrelation__lag_256,x__autocorrelation__lag_4096,x__autocorrelation__lag_512,x__autocorrelation__lag_8192
A,-0.13914838051619555,-0.262457975406128,-0.14511693877114926,-0.14710257185708442,-0.19939099360100268,-0.14415627703731315,-0.2333154724089933,-0.14750066579687715
