id,x__autocorrelation__lag_1024,x__autocorrelation__lag_128,x__autocorrelation__lag_16384,x__autocorrelation__lag_2048,x__autocorrelation__lag_256,x__autocorrelation__lag_4096,x__autocorrelation__lag_512,x__autocorrelation__lag_8192
A,-0.19273962182448368,-0.09702472936421414,-0.19927940244231157,-0.19901426950793202,-0.25972279776838,-0.19509570555126968,-0.29796297877059397,-0.20027396647092977
