id,x__autocorrelation__lag_1024,x__autocorrelation__lag_128,x__autocorrelation__lag_16384,x__autocorrelation__lag_2048,x__autocorrelation__lag_256,x__autocorrelation__lag_4096,x__autocorrelation__lag_512,x__autocorrelation__lag_8192
A,-0.09376358168837422,-0.23251879891590901,-0.10928549159355624,-0.10361879592696265,-0.18050302805608448,-0.11870747952845542,-0.21928800209552263,-0.1113915370588321
