id,x__autocorrelation__lag_1024,x__autocorrelation__lag_128,x__autocorrelation__lag_16384,x__autocorrelation__lag_2048,x__autocorrelation__lag_256,x__autocorrelation__lag_4096,x__autocorrelation__lag_512,x__autocorrelation__lag_8192
A,-0.12587886844742505,-0.3223200322037069,-0.1342807200377523,-0.1349660647243309,-0.18788839689933054,-0.13216816926909744,-0.21159309952631258,-0.1341811820652241
