id,x__autocorrelation__lag_1024,x__autocorrelation__lag_128,x__autocorrelation__lag_16384,x__autocorrelation__lag_2048,x__autocorrelation__lag_256,x__autocorrelation__lag_4096,x__autocorrelation__lag_512,x__autocorrelation__lag_8192
A,0.3688659434923026,-0.598681038202557,0.36543040843555435,0.37501028911082396,0.3656250179778962,0.3754461616511232,0.37380639024968376,0.37898954131825974
