id,x__autocorrelation__lag_1024,x__autocorrelation__lag_128,x__autocorrelation__lag_16384,x__autocorrelation__lag_2048,x__autocorrelation__lag_256,x__autocorrelation__lag_4096,x__autocorrelation__lag_512,x__autocorrelation__lag_8192
A,0.5726048635092382,-0.7385012627240062,0.5678618165781397,0.5688976685327586,0.5951385763133464,0.569199270463396,0.5960223920194669,0.5694644036983773
