id,x__autocorrelation__lag_1024,x__autocorrelation__lag_128,x__autocorrelation__lag_16384,x__autocorrelation__lag_2048,x__autocorrelation__lag_256,x__autocorrelation__lag_4096,x__autocorrelation__lag_512,x__autocorrelation__lag_8192
A,-0.22870829770996348,-0.06787722489974958,-0.2287822598710463,-0.22695657314930892,-0.2936951585794692,-0.2235636882185315,-0.3237709405277728,-0.22682462324559488
