id,x__autocorrelation__lag_1024,x__autocorrelation__lag_128,x__autocorrelation__lag_16384,x__autocorrelation__lag_2048,x__autocorrelation__lag_256,x__autocorrelation__lag_4096,x__autocorrelation__lag_512,x__autocorrelation__lag_8192
A,-0.10128843922027458,-0.32549003038352925,-0.10478735838850971,-0.11249502915093688,-0.1540713964333108,-0.10847338132757556,-0.18687032913854862,-0.11465156672765744
