id,x__autocorrelation__lag_1024,x__autocorrelation__lag_128,x__autocorrelation__lag_16384,x__autocorrelation__lag_2048,x__autocorrelation__lag_256,x__autocorrelation__lag_4096,x__autocorrelation__lag_512,x__autocorrelation__lag_8192
A,-0.18005175657692835,-0.17405379148215383,-0.1749087919149688,-0.17727021970180987,-0.2428880749010521,-0.17335888245693665,-0.27731184458735225,-0.1781757318385232
