id,x__autocorrelation__lag_1024,x__autocorrelation__lag_128,x__autocorrelation__lag_16384,x__autocorrelation__lag_2048,x__autocorrelation__lag_256,x__autocorrelation__lag_4096,x__autocorrelation__lag_512,x__autocorrelation__lag_8192
A,-0.11321465878600621,-0.2279300983493947,-0.12423914438482486,-0.12797668625265865,-0.18290801316547653,-0.12453928500713354,-0.22751149229254114,-0.1294249597722366
