id,x__autocorrelation__lag_1024,x__autocorrelation__lag_128,x__autocorrelation__lag_16384,x__autocorrelation__lag_2048,x__autocorrelation__lag_256,x__autocorrelation__lag_4096,x__autocorrelation__lag_512,x__autocorrelation__lag_8192
A,-0.181622434515336,-0.3054181473455787,-0.18250763795000657,-0.1829003028929906,-0.22994337191644726,-0.18021719655402063,-0.24995441257185694,-0.1820549051817123
