id,x__autocorrelation__lag_1024,x__autocorrelation__lag_128,x__autocorrelation__lag_16384,x__autocorrelation__lag_2048,x__autocorrelation__lag_256,x__autocorrelation__lag_4096,x__autocorrelation__lag_512,x__autocorrelation__lag_8192
A,-0.10894442290993453,-0.27447172125587654,-0.10735720945277721,-0.11579305732063458,-0.15947718894044124,-0.11171379827824307,-0.1680296866122319,-0.11692929897056838
