id,x__autocorrelation__lag_1024,x__autocorrelation__lag_128,x__autocorrelation__lag_16384,x__autocorrelation__lag_2048,x__autocorrelation__lag_256,x__autocorrelation__lag_4096,x__autocorrelation__lag_512,x__autocorrelation__lag_8192
A,-0.21493133942965917,-0.041851414186885066,-0.23738245268740873,-0.26059759924276127,-0.3009414152480277,-0.25065321124884804,-0.33779629929019694,-0.2657793259446088
