id,x__autocorrelation__lag_1024,x__autocorrelation__lag_128,x__autocorrelation__lag_16384,x__autocorrelation__lag_2048,x__autocorrelation__lag_256,x__autocorrelation__lag_4096,x__autocorrelation__lag_512,x__autocorrelation__lag_8192
A,-0.21222801438851505,-0.12208845397987865,-0.20815684165101844,-0.20969567819106402,-0.2731088972644605,-0.20538138449815527,-0.3060217898059374,-0.20999783294779578
