id,x__autocorrelation__lag_1024,x__autocorrelation__lag_128,x__autocorrelation__lag_16384,x__autocorrelation__lag_2048,x__autocorrelation__lag_256,x__autocorrelation__lag_4096,x__autocorrelation__lag_512,x__autocorrelation__lag_8192
A,-0.20727943984714486,-0.050224434411973294,-0.20555429709159057,-0.20981519099714052,-0.2797735121644007,-0.2042748018321308,-0.3133949629240472,-0.21190352010255592
