id,x__autocorrelation__lag_1024,x__autocorrelation__lag_128,x__autocorrelation__lag_16384,x__autocorrelation__lag_2048,x__autocorrelation__lag_256,x__autocorrelation__lag_4096,x__autocorrelation__lag_512,x__autocorrelation__lag_8192
A,-0.09359176995119924,-0.28434506940224774,-0.10338866976942983,-0.10778922374059104,-0.16267670938639558,-0.10395693340976031,-0.20518340275692884,-0.10980320430614317
