id,x__autocorrelation__lag_1024,x__autocorrelation__lag_128,x__autocorrelation__lag_16384,x__autocorrelation__lag_2048,x__autocorrelation__lag_256,x__autocorrelation__lag_4096,x__autocorrelation__lag_512,x__autocorrelation__lag_8192
A,0.08542032967255765,-0.554055651159706,0.09728511097119395,0.09579213240990209,0.08408140791241647,0.09936559247747015,0.09491672575846263,0.09846477114050833
