id,x__autocorrelation__lag_1024,x__autocorrelation__lag_128,x__autocorrelation__lag_16384,x__autocorrelation__lag_2048,x__autocorrelation__lag_256,x__autocorrelation__lag_4096,x__autocorrelation__lag_512,x__autocorrelation__lag_8192
A,-0.08895017256504499,-0.2822258708489183,-0.12411268492285937,-0.13033773418611866,-0.15336932021641467,-0.12308713467506516,-0.2194709858940308,-0.12659775210734017
