id,x__autocorrelation__lag_1024,x__autocorrelation__lag_128,x__autocorrelation__lag_16384,x__autocorrelation__lag_2048,x__autocorrelation__lag_256,x__autocorrelation__lag_4096,x__autocorrelation__lag_512,x__autocorrelation__lag_8192
A,-0.1685640581739693,-0.2023113733336403,-0.16511018886090054,-0.16827784488383396,-0.21952165285744266,-0.16411518072806,-0.24787082134775823,-0.16907492545121364
