id,x__autocorrelation__lag_1024,x__autocorrelation__lag_128,x__autocorrelation__lag_16384,x__autocorrelation__lag_2048,x__autocorrelation__lag_256,x__autocorrelation__lag_4096,x__autocorrelation__lag_512,x__autocorrelation__lag_8192
A,-0.10993059146831849,-0.22937607299242213,-0.10157521791856759,-0.10686166030640241,-0.14762896674143852,-0.10311962291112914,-0.15962785195169812,-0.10928197872259851
