id,x__autocorrelation__lag_1024,x__autocorrelation__lag_128,x__autocorrelation__lag_16384,x__autocorrelation__lag_2048,x__autocorrelation__lag_256,x__autocorrelation__lag_4096,x__autocorrelation__lag_512,x__autocorrelation__lag_8192
A,-0.18171717247240976,-0.3533002117665838,-0.1780596292360948,-0.19931922626488818,-0.1826710658969061,-0.1832081596983799,-0.24894652584103955,-0.17693676292592164
