id,x__autocorrelation__lag_1024,x__autocorrelation__lag_128,x__autocorrelation__lag_16384,x__autocorrelation__lag_2048,x__autocorrelation__lag_256,x__autocorrelation__lag_4096,x__autocorrelation__lag_512,x__autocorrelation__lag_8192
A,-0.1057586072154303,-0.28597510156939365,-0.1186087012491803,-0.12604158455693903,-0.16285199646743237,-0.1216707978913601,-0.19728130207515238,-0.1284807565151148
