id,x__autocorrelation__lag_1024,x__autocorrelation__lag_128,x__autocorrelation__lag_16384,x__autocorrelation__lag_2048,x__autocorrelation__lag_256,x__autocorrelation__lag_4096,x__autocorrelation__lag_512,x__autocorrelation__lag_8192
A,-0.3259458216739215,-0.3581057079515915,-0.32423313638231693,-0.3417067702291491,-0.34338193583957244,-0.32639175836431494,-0.36506784784207424,-0.32739508672034384
