id,x__autocorrelation__lag_1024,x__autocorrelation__lag_128,x__autocorrelation__lag_16384,x__autocorrelation__lag_2048,x__autocorrelation__lag_256,x__autocorrelation__lag_4096,x__autocorrelation__lag_512,x__autocorrelation__lag_8192
A,0.5645100806847907,-0.6783408931292793,0.5527524809920065,0.5558691681441409,0.5749929220955787,0.5547089489807275,0.5695177258778649,0.5571110532639605
