id,x__autocorrelation__lag_1024,x__autocorrelation__lag_128,x__autocorrelation__lag_16384,x__autocorrelation__lag_2048,x__autocorrelation__lag_256,x__autocorrelation__lag_4096,x__autocorrelation__lag_512,x__autocorrelation__lag_8192
A,-0.09904466499127193,-0.28200225126728673,-0.11031895148748684,-0.11251050892732758,-0.16412675304654062,-0.10963244079744132,-0.1966081102425657,-0.11375579483854781
