id,x__autocorrelation__lag_1024,x__autocorrelation__lag_128,x__autocorrelation__lag_16384,x__autocorrelation__lag_2048,x__autocorrelation__lag_256,x__autocorrelation__lag_4096,x__autocorrelation__lag_512,x__autocorrelation__lag_8192
A,-0.22095129636413355,-0.09339300911375581,-0.22053791122903865,-0.21869560730830964,-0.2900539998382118,-0.21517647173287152,-0.32224609623733796,-0.218856816232895
