id,x__autocorrelation__lag_1024,x__autocorrelation__lag_128,x__autocorrelation__lag_16384,x__autocorrelation__lag_2048,x__autocorrelation__lag_256,x__autocorrelation__lag_4096,x__autocorrelation__lag_512,x__autocorrelation__lag_8192
A,-0.08695779591326523,-0.2751377850173228,-0.08906728112654842,-0.09947513789346772,-0.14215312441491118,-0.09402291755240441,-0.16965914379158442,-0.10221260201848135
