id,x__autocorrelation__lag_1024,x__autocorrelation__lag_128,x__autocorrelation__lag_16384,x__autocorrelation__lag_2048,x__autocorrelation__lag_256,x__autocorrelation__lag_4096,x__autocorrelation__lag_512,x__autocorrelation__lag_8192
A,0.5701971199250034,-0.6863129222957839,0.5486726554859076,0.5536743799494305,0.5781832778053558,0.5525082974106633,0.5739869970201299,0.5555005950856282
