id,x__autocorrelation__lag_1024,x__autocorrelation__lag_128,x__autocorrelation__lag_16384,x__autocorrelation__lag_2048,x__autocorrelation__lag_256,x__autocorrelation__lag_4096,x__autocorrelation__lag_512,x__autocorrelation__lag_8192
A,-0.08016671850170554,-0.04008265424042246,-0.19428005293103778,-0.22442884010614206,-0.23917646277250493,-0.21408445675214205,-0.3024945642072209,-0.23414725790526975
