id,x__autocorrelation__lag_1024,x__autocorrelation__lag_128,x__autocorrelation__lag_16384,x__autocorrelation__lag_2048,x__autocorrelation__lag_256,x__autocorrelation__lag_4096,x__autocorrelation__lag_512,x__autocorrelation__lag_8192
A,-0.21764643080152704,-0.01535440337220601,-0.21808137877192832,-0.22598855858293174,-0.2801831970795214,-0.2183517113976395,-0.31782326230839986,-0.2284445718102262
