id,x__autocorrelation__lag_1024,x__autocorrelation__lag_128,x__autocorrelation__lag_16384,x__autocorrelation__lag_2048,x__autocorrelation__lag_256,x__autocorrelation__lag_4096,x__autocorrelation__lag_512,x__autocorrelation__lag_8192
A,-0.1885824935718249,-0.2508802799157174,-0.17674475765956962,-0.17879117313588308,-0.23785302974857486,-0.1755128602565576,-0.25806792120519073,-0.17957390279286706
