id,x__autocorrelation__lag_1024,x__autocorrelation__lag_128,x__autocorrelation__lag_16384,x__autocorrelation__lag_2048,x__autocorrelation__lag_256,x__autocorrelation__lag_4096,x__autocorrelation__lag_512,x__autocorrelation__lag_8192
A,0.5862098239465399,-0.721775642646027,0.5757019871531075,0.5797363975894713,0.6017149210343872,0.5788370216101698,0.6000295977039095,0.5804829952644659
