id,x__autocorrelation__lag_1024,x__autocorrelation__lag_128,x__autocorrelation__lag_16384,x__autocorrelation__lag_2048,x__autocorrelation__lag_256,x__autocorrelation__lag_4096,x__autocorrelation__lag_512,x__autocorrelation__lag_8192
A,-0.14160427288514002,-0.29247661628354266,-0.1404968579948034,-0.14152285545002408,-0.19564699013095738,-0.13847191855776897,-0.23019012805643502,-0.14251753452643226
