id,x__autocorrelation__lag_1024,x__autocorrelation__lag_128,x__autocorrelation__lag_16384,x__autocorrelation__lag_2048,x__autocorrelation__lag_256,x__autocorrelation__lag_4096,x__autocorrelation__lag_512,x__autocorrelation__lag_8192
A,-0.21798719319431864,-0.03739513854363006,-0.21642447325644362,-0.21585914954211127,-0.28214493569610855,-0.21141961199525403,-0.3153033976475939,-0.21632367564240298
