id,x__autocorrelation__lag_1024,x__autocorrelation__lag_128,x__autocorrelation__lag_16384,x__autocorrelation__lag_2048,x__autocorrelation__lag_256,x__autocorrelation__lag_4096,x__autocorrelation__lag_512,x__autocorrelation__lag_8192
A,-0.2444254374265592,-0.33551973565819626,-0.2347362884510398,-0.2649580252189972,-0.265664657607729,-0.2482411577653481,-0.2947926392499241,-0.2453278545863474
