id,x__autocorrelation__lag_1024,x__autocorrelation__lag_128,x__autocorrelation__lag_16384,x__autocorrelation__lag_2048,x__autocorrelation__lag_256,x__autocorrelation__lag_4096,x__autocorrelation__lag_512,x__autocorrelation__lag_8192
A,-0.22034758104989158,-0.025450082838915467,-0.22110742842506861,-0.23006595909404,-0.2818038635036799,-0.22259205490006162,-0.31942170680408555,-0.23224864367669423
