id,x__autocorrelation__lag_1024,x__autocorrelation__lag_128,x__autocorrelation__lag_16384,x__autocorrelation__lag_2048,x__autocorrelation__lag_256,x__autocorrelation__lag_4096,x__autocorrelation__lag_512,x__autocorrelation__lag_8192
A,-0.11503143591427144,-0.238213057966454,-0.10747965677941637,-0.1148867282521563,-0.1533405745093449,-0.11116135803734378,-0.1602832800075685,-0.11793541936338306
