id,x__autocorrelation__lag_1024,x__autocorrelation__lag_128,x__autocorrelation__lag_16384,x__autocorrelation__lag_2048,x__autocorrelation__lag_256,x__autocorrelation__lag_4096,x__autocorrelation__lag_512,x__autocorrelation__lag_8192
A,-0.20031173979127984,-0.24747814106349253,-0.18550834388811085,-0.18746236091955762,-0.2539818079040069,-0.18356417624055463,-0.28267136186426717,-0.18871476922474317
