id,x__autocorrelation__lag_1024,x__autocorrelation__lag_128,x__autocorrelation__lag_16384,x__autocorrelation__lag_2048,x__autocorrelation__lag_256,x__autocorrelation__lag_4096,x__autocorrelation__lag_512,x__autocorrelation__lag_8192
A,0.13047075381391096,-0.5799977804215856,0.14814450815967978,0.14590384310654964,0.13018286116113453,0.1492083457120361,0.14838432533227403,0.14773095884845902
