id,x__autocorrelation__lag_1024,x__autocorrelation__lag_128,x__autocorrelation__lag_16384,x__autocorrelation__lag_2048,x__autocorrelation__lag_256,x__autocorrelation__lag_4096,x__autocorrelation__lag_512,x__autocorrelation__lag_8192
A,-0.05844644156477986,-0.07554174632596325,-0.15163916985831555,-0.15721752664429064,-0.22107583062761083,-0.154130176599699,-0.26209291010929714,-0.1553117846852469
