id,x__autocorrelation__lag_1024,x__autocorrelation__lag_128,x__autocorrelation__lag_16384,x__autocorrelation__lag_2048,x__autocorrelation__lag_256,x__autocorrelation__lag_4096,x__autocorrelation__lag_512,x__autocorrelation__lag_8192
A,-0.30160539913732776,-0.22600293014253894,-0.36089479475684033,-0.3552026229260665,-0.30788637855941076,-0.35515819086002404,-0.43557239919785956,-0.3433929283858188
