id,x__autocorrelation__lag_1024,x__autocorrelation__lag_128,x__autocorrelation__lag_16384,x__autocorrelation__lag_2048,x__autocorrelation__lag_256,x__autocorrelation__lag_4096,x__autocorrelation__lag_512,x__autocorrelation__lag_8192
A,-0.09615549689852378,-0.2400702825234187,-0.11766295746468637,-0.12763375254186116,-0.14925962070389465,-0.12425546112676737,-0.24048864842145642,-0.11969961260726932
