id,x__autocorrelation__lag_1024,x__autocorrelation__lag_128,x__autocorrelation__lag_16384,x__autocorrelation__lag_2048,x__autocorrelation__lag_256,x__autocorrelation__lag_4096,x__autocorrelation__lag_512,x__autocorrelation__lag_8192
A,-0.11974730958840794,-0.2519012624503207,-0.10247600514639356,-0.1078634922291026,-0.15608377547992672,-0.10462946661883538,-0.15641490455910498,-0.1103692142557831
