id,x__autocorrelation__lag_1024,x__autocorrelation__lag_128,x__autocorrelation__lag_16384,x__autocorrelation__lag_2048,x__autocorrelation__lag_256,x__autocorrelation__lag_4096,x__autocorrelation__lag_512,x__autocorrelation__lag_8192
A,-0.2102837813860942,-0.04330806159824536,-0.20287196232520127,-0.21196654798105793,-0.27658588060802974,-0.20455853651490333,-0.3050959186996358,-0.21446127540912194
