id,x__autocorrelation__lag_1024,x__autocorrelation__lag_128,x__autocorrelation__lag_16384,x__autocorrelation__lag_2048,x__autocorrelation__lag_256,x__autocorrelation__lag_4096,x__autocorrelation__lag_512,x__autocorrelation__lag_8192
A,-0.1619277153708793,-0.24901012704978376,-0.16248563305839506,-0.16469988278536615,-0.2185264224373012,-0.16159249161260902,-0.25091740934309054,-0.16603790277978955
