id,x__autocorrelation__lag_1024,x__autocorrelation__lag_128,x__autocorrelation__lag_16384,x__autocorrelation__lag_2048,x__autocorrelation__lag_256,x__autocorrelation__lag_4096,x__autocorrelation__lag_512,x__autocorrelation__lag_8192
A,-0.0819412752207715,-0.3021532177099974,-0.08881342843580224,-0.09415329134381092,-0.13868692615405542,-0.09029848617106781,-0.17085831943232271,-0.09643836749635115
