id,x__autocorrelation__lag_1024,x__autocorrelation__lag_128,x__autocorrelation__lag_16384,x__autocorrelation__lag_2048,x__autocorrelation__lag_256,x__autocorrelation__lag_4096,x__autocorrelation__lag_512,x__autocorrelation__lag_8192
A,-0.11797712139216489,-0.2483890382752048,-0.10521457169324408,-0.11090800031976013,-0.15275421525452373,-0.10766817737415532,-0.15938838818097187,-0.11354648661579227
