id,x__autocorrelation__lag_1024,x__autocorrelation__lag_128,x__autocorrelation__lag_16384,x__autocorrelation__lag_2048,x__autocorrelation__lag_256,x__autocorrelation__lag_4096,x__autocorrelation__lag_512,x__autocorrelation__lag_8192
A,-0.406063845976256,-0.39841553188139944,-0.42225289941051286,-0.4300943408084835,-0.42503435333525735,-0.41717727677385735,-0.454422114475678,-0.4239404076985523
