id,x__autocorrelation__lag_1024,x__autocorrelation__lag_128,x__autocorrelation__lag_16384,x__autocorrelation__lag_2048,x__autocorrelation__lag_256,x__autocorrelation__lag_4096,x__autocorrelation__lag_512,x__autocorrelation__lag_8192
A,-0.10317690245714968,-0.30869748248421675,-0.10789977207393663,-0.11550268831413966,-0.15559536001089566,-0.11153718778098887,-0.182511666305823,-0.11779211262857162
