id,x__autocorrelation__lag_1024,x__autocorrelation__lag_128,x__autocorrelation__lag_16384,x__autocorrelation__lag_2048,x__autocorrelation__lag_256,x__autocorrelation__lag_4096,x__autocorrelation__lag_512,x__autocorrelation__lag_8192
A,-0.23960223600476319,-0.021702913436763015,-0.23647709357678676,-0.23565520376296067,-0.30188954503418597,-0.23173434068410328,-0.3311297928351398,-0.23612531350532395
