id,x__autocorrelation__lag_1024,x__autocorrelation__lag_128,x__autocorrelation__lag_16384,x__autocorrelation__lag_2048,x__autocorrelation__lag_256,x__autocorrelation__lag_4096,x__autocorrelation__lag_512,x__autocorrelation__lag_8192
A,0.5786247637991893,-0.6799616660678393,0.5664686935702773,0.5684566790944016,0.5883432177681145,0.5680008743445327,0.5795550250432392,0.5690139665840052
