id,x__autocorrelation__lag_1024,x__autocorrelation__lag_128,x__autocorrelation__lag_16384,x__autocorrelation__lag_2048,x__autocorrelation__lag_256,x__autocorrelation__lag_4096,x__autocorrelation__lag_512,x__autocorrelation__lag_8192
A,0.5755116982029537,-0.6778389072817821,0.5633915860607965,0.5652642426553114,0.5847923801138661,0.5644790296910569,0.5765749506925083,0.565816874835085
