id,x__autocorrelation__lag_1024,x__autocorrelation__lag_128,x__autocorrelation__lag_16384,x__autocorrelation__lag_2048,x__autocorrelation__lag_256,x__autocorrelation__lag_4096,x__autocorrelation__lag_512,x__autocorrelation__lag_8192
A,-0.21509943938143333,-0.2584238383022448,-0.20505161540579492,-0.20515992565137858,-0.266746438838146,-0.2024276043617454,-0.27896577159612646,-0.2046253857183271
