id,x__autocorrelation__lag_1024,x__autocorrelation__lag_128,x__autocorrelation__lag_16384,x__autocorrelation__lag_2048,x__autocorrelation__lag_256,x__autocorrelation__lag_4096,x__autocorrelation__lag_512,x__autocorrelation__lag_8192
A,-0.14042076835632275,-0.30012612956474566,-0.13952718635167433,-0.1406477953616263,-0.18844958188579747,-0.13798927930876512,-0.21078309959176697,-0.14113272267913948
