id,x__autocorrelation__lag_1024,x__autocorrelation__lag_128,x__autocorrelation__lag_16384,x__autocorrelation__lag_2048,x__autocorrelation__lag_256,x__autocorrelation__lag_4096,x__autocorrelation__lag_512,x__autocorrelation__lag_8192
A,-0.1487226828770355,-0.20876965400409642,-0.14930312491213027,-0.15215428664403743,-0.21096096703116543,-0.14822237677921493,-0.24281267582606678,-0.15321238580065683
