id,x__autocorrelation__lag_1024,x__autocorrelation__lag_128,x__autocorrelation__lag_16384,x__autocorrelation__lag_2048,x__autocorrelation__lag_256,x__autocorrelation__lag_4096,x__autocorrelation__lag_512,x__autocorrelation__lag_8192
A,-0.10356133746310056,-0.2976144468009843,-0.14434849096743643,-0.1556748960301078,-0.17007678547475932,-0.15352017073048055,-0.27221159168813924,-0.14561924355956354
