id,x__autocorrelation__lag_1024,x__autocorrelation__lag_128,x__autocorrelation__lag_16384,x__autocorrelation__lag_2048,x__autocorrelation__lag_256,x__autocorrelation__lag_4096,x__autocorrelation__lag_512,x__autocorrelation__lag_8192
A,-0.169561757778572,-0.20305359293862,-0.16958822385235245,-0.1716104840372435,-0.23090304514052468,-0.168012041248359,-0.26564364241955185,-0.17289472740514808
