id,x__autocorrelation__lag_1024,x__autocorrelation__lag_128,x__autocorrelation__lag_16384,x__autocorrelation__lag_2048,x__autocorrelation__lag_256,x__autocorrelation__lag_4096,x__autocorrelation__lag_512,x__autocorrelation__lag_8192
A,-0.20784126293015287,-0.04573587001631543,-0.21174002382569554,-0.2300607050713451,-0.2800909026779453,-0.22054253996064455,-0.3102341360988448,-0.23427534588084417
