id,x__autocorrelation__lag_1024,x__autocorrelation__lag_128,x__autocorrelation__lag_16384,x__autocorrelation__lag_2048,x__autocorrelation__lag_256,x__autocorrelation__lag_4096,x__autocorrelation__lag_512,x__autocorrelation__lag_8192
A,-0.2416605567736155,-0.06278728723948618,-0.23519462318284648,-0.2510682785520022,-0.308376767591154,-0.24143664089690903,-0.33477900725010024,-0.2546731977225357
