id,x__autocorrelation__lag_1024,x__autocorrelation__lag_128,x__autocorrelation__lag_16384,x__autocorrelation__lag_2048,x__autocorrelation__lag_256,x__autocorrelation__lag_4096,x__autocorrelation__lag_512,x__autocorrelation__lag_8192
A,0.4968100824921998,-0.6770726699258554,0.48355482866497673,0.4913681777401077,0.5002894414289394,0.4907788536619171,0.5093152734611666,0.4950105490052188
