id,x__autocorrelation__lag_1024,x__autocorrelation__lag_128,x__autocorrelation__lag_16384,x__autocorrelation__lag_2048,x__autocorrelation__lag_256,x__autocorrelation__lag_4096,x__autocorrelation__lag_512,x__autocorrelation__lag_8192
A,-0.15603986164901187,-0.1814676933245436,-0.1725907768934124,-0.17630530367286093,-0.21742193918098185,-0.17163414657020287,-0.2654648307964227,-0.17757409193144885
