id,x__autocorrelation__lag_1024,x__autocorrelation__lag_128,x__autocorrelation__lag_16384,x__autocorrelation__lag_2048,x__autocorrelation__lag_256,x__autocorrelation__lag_4096,x__autocorrelation__lag_512,x__autocorrelation__lag_8192
A,-0.10476866285240795,-0.274734413669527,-0.11765276552344707,-0.12105192943509094,-0.1724592704686834,-0.11731060303051426,-0.21372649785999442,-0.12255469567722554
