id,x__autocorrelation__lag_1024,x__autocorrelation__lag_128,x__autocorrelation__lag_16384,x__autocorrelation__lag_2048,x__autocorrelation__lag_256,x__autocorrelation__lag_4096,x__autocorrelation__lag_512,x__autocorrelation__lag_8192
A,0.5548545158557425,-0.6737470324024608,0.5400800534885847,0.5428540106017148,0.5690445956075395,0.5420911247831406,0.5629732525801427,0.5446315134337083
