id,x__autocorrelation__lag_1024,x__autocorrelation__lag_128,x__autocorrelation__lag_16384,x__autocorrelation__lag_2048,x__autocorrelation__lag_256,x__autocorrelation__lag_4096,x__autocorrelation__lag_512,x__autocorrelation__lag_8192
A,-0.17229802009107703,-0.19015373295221275,-0.1696312622266916,-0.17356544564775578,-0.23579561009975786,-0.1689927774579928,-0.2677370628524776,-0.1740931298310552
