id,x__autocorrelation__lag_1024,x__autocorrelation__lag_128,x__autocorrelation__lag_16384,x__autocorrelation__lag_2048,x__autocorrelation__lag_256,x__autocorrelation__lag_4096,x__autocorrelation__lag_512,x__autocorrelation__lag_8192
A,-0.33120458216239557,-0.27828493627323597,-0.3807277478627397,-0.38057506829333465,-0.33219247999265045,-0.36556216888768506,-0.43938829307469535,-0.36853540803480306
