id,x__autocorrelation__lag_1024,x__autocorrelation__lag_128,x__autocorrelation__lag_16384,x__autocorrelation__lag_2048,x__autocorrelation__lag_256,x__autocorrelation__lag_4096,x__autocorrelation__lag_512,x__autocorrelation__lag_8192
A,-0.14554071848381211,-0.23006234576510637,-0.1521758345768345,-0.15583196692040868,-0.21312191204142336,-0.15149878591335045,-0.2556393862321244,-0.1581731852107898
