id,x__autocorrelation__lag_1024,x__autocorrelation__lag_128,x__autocorrelation__lag_16384,x__autocorrelation__lag_2048,x__autocorrelation__lag_256,x__autocorrelation__lag_4096,x__autocorrelation__lag_512,x__autocorrelation__lag_8192
A,0.5770937459941445,-0.7317208907992024,0.5694560938593801,0.571289887369965,0.5970467219917304,0.5711466558316579,0.5969641396957807,0.5718239221711299
