id,x__autocorrelation__lag_1024,x__autocorrelation__lag_128,x__autocorrelation__lag_16384,x__autocorrelation__lag_2048,x__autocorrelation__lag_256,x__autocorrelation__lag_4096,x__autocorrelation__lag_512,x__autocorrelation__lag_8192
A,-0.21939022579537984,-0.0330407657730766,-0.21551993139514428,-0.2225632992327513,-0.28151268869657925,-0.2173080541584329,-0.31863590704535527,-0.2257348053670659
