id,x__autocorrelation__lag_1024,x__autocorrelation__lag_128,x__autocorrelation__lag_16384,x__autocorrelation__lag_2048,x__autocorrelation__lag_256,x__autocorrelation__lag_4096,x__autocorrelation__lag_512,x__autocorrelation__lag_8192
A,-0.1339005047893587,-0.2530987568114596,-0.1388121667181917,-0.13962425642597182,-0.19199153271169875,-0.13601285362078766,-0.22927301324849392,-0.14068709560125017
