id,x__autocorrelation__lag_1024,x__autocorrelation__lag_128,x__autocorrelation__lag_16384,x__autocorrelation__lag_2048,x__autocorrelation__lag_256,x__autocorrelation__lag_4096,x__autocorrelation__lag_512,x__autocorrelation__lag_8192
A,-0.14582993713887368,-0.29560911337287826,-0.14165012387403578,-0.1450860101244919,-0.19574283012612562,-0.1414296316485644,-0.21426648560047276,-0.14600658126444757
