id,x__autocorrelation__lag_1024,x__autocorrelation__lag_128,x__autocorrelation__lag_16384,x__autocorrelation__lag_2048,x__autocorrelation__lag_256,x__autocorrelation__lag_4096,x__autocorrelation__lag_512,x__autocorrelation__lag_8192
A,-0.14952670107071256,-0.23576396618137418,-0.13072346643096472,-0.1382401497423509,-0.18003417810181957,-0.1337276627269603,-0.17687009814051596,-0.14037673341324478
