id,x__autocorrelation__lag_1024,x__autocorrelation__lag_128,x__autocorrelation__lag_16384,x__autocorrelation__lag_2048,x__autocorrelation__lag_256,x__autocorrelation__lag_4096,x__autocorrelation__lag_512,x__autocorrelation__lag_8192
A,-0.168627093344251,-0.22531494400998442,-0.16687551444366494,-0.17360735924127946,-0.208857169149127,-0.1698936311869302,-0.21232433259212732,-0.17579106503235592
