id,x__autocorrelation__lag_1024,x__autocorrelation__lag_128,x__autocorrelation__lag_16384,x__autocorrelation__lag_2048,x__autocorrelation__lag_256,x__autocorrelation__lag_4096,x__autocorrelation__lag_512,x__autocorrelation__lag_8192
A,-0.13512304966476335,-0.27425871747097447,-0.12486396219936258,-0.13183119884489272,-0.17503193907512435,-0.12763457693831415,-0.1771064872863004,-0.13422557991289885
