id,x__autocorrelation__lag_1024,x__autocorrelation__lag_128,x__autocorrelation__lag_16384,x__autocorrelation__lag_2048,x__autocorrelation__lag_256,x__autocorrelation__lag_4096,x__autocorrelation__lag_512,x__autocorrelation__lag_8192
A,-0.15751854742429655,-0.2564518285264818,-0.15987407902583436,-0.16193524267684298,-0.20923955338235123,-0.15856390344271631,-0.24427363562299695,-0.16236178843383522
