id,x__autocorrelation__lag_1024,x__autocorrelation__lag_128,x__autocorrelation__lag_16384,x__autocorrelation__lag_2048,x__autocorrelation__lag_256,x__autocorrelation__lag_4096,x__autocorrelation__lag_512,x__autocorrelation__lag_8192
A,-0.21694284713773196,-0.07109298191140583,-0.2090692934140272,-0.2346103407551509,-0.2910293401037176,-0.2233906807636045,-0.3173707346404922,-0.2405291044580258
