id,x__autocorrelation__lag_1024,x__autocorrelation__lag_128,x__autocorrelation__lag_16384,x__autocorrelation__lag_2048,x__autocorrelation__lag_256,x__autocorrelation__lag_4096,x__autocorrelation__lag_512,x__autocorrelation__lag_8192
A,0.3038052164622892,-0.5997837474400772,0.3008437241072107,0.2971409175582115,0.3138352874392882,0.29996230157038833,0.3185471786704584,0.2979913543952937
