id,x__autocorrelation__lag_1024,x__autocorrelation__lag_128,x__autocorrelation__lag_16384,x__autocorrelation__lag_2048,x__autocorrelation__lag_256,x__autocorrelation__lag_4096,x__autocorrelation__lag_512,x__autocorrelation__lag_8192
A,-0.10235161163506927,-0.2723410936629055,-0.12522247892298718,-0.13992274704993415,-0.1591876883998962,-0.12465392268760254,-0.2231465714435521,-0.129921290610413
