id,x__autocorrelation__lag_1024,x__autocorrelation__lag_128,x__autocorrelation__lag_16384,x__autocorrelation__lag_2048,x__autocorrelation__lag_256,x__autocorrelation__lag_4096,x__autocorrelation__lag_512,x__autocorrelation__lag_8192
A,0.5457883079495569,-0.6654933689543279,0.5282447038700854,0.5328488771102414,0.5590566122660775,0.5316549311817643,0.5549182418790773,0.5340867023220951
