id,x__autocorrelation__lag_1024,x__autocorrelation__lag_128,x__autocorrelation__lag_16384,x__autocorrelation__lag_2048,x__autocorrelation__lag_256,x__autocorrelation__lag_4096,x__autocorrelation__lag_512,x__autocorrelation__lag_8192
A,-0.18327299995988955,-0.19394760110883885,-0.18012894426847476,-0.18311049121885578,-0.2434040071609576,-0.17909883758468406,-0.27606845103109723,-0.18460425457215213
