id,x__autocorrelation__lag_1024,x__autocorrelation__lag_128,x__autocorrelation__lag_16384,x__autocorrelation__lag_2048,x__autocorrelation__lag_256,x__autocorrelation__lag_4096,x__autocorrelation__lag_512,x__autocorrelation__lag_8192
A,-0.24682698914859208,-0.23965204603655868,-0.238281380572603,-0.24427285555314224,-0.2804277312759286,-0.24075053003082741,-0.28574840390603773,-0.24581289082127605
