id,x__autocorrelation__lag_1024,x__autocorrelation__lag_128,x__autocorrelation__lag_16384,x__autocorrelation__lag_2048,x__autocorrelation__lag_256,x__autocorrelation__lag_4096,x__autocorrelation__lag_512,x__autocorrelation__lag_8192
A,-0.15579243959960326,-0.31578650149289933,-0.1238970646304951,-0.14779839135930686,-0.21038376402526732,-0.13233622711713505,-0.27754321317795566,-0.13519372839495025
