id,x__autocorrelation__lag_1024,x__autocorrelation__lag_128,x__autocorrelation__lag_16384,x__autocorrelation__lag_2048,x__autocorrelation__lag_256,x__autocorrelation__lag_4096,x__autocorrelation__lag_512,x__autocorrelation__lag_8192
A,-0.11968023770493783,-0.2659635638517859,-0.11592487175961602,-0.12287126154357987,-0.16756201585769998,-0.11930832685632209,-0.17878378307980886,-0.12496391432937343
