id,x__autocorrelation__lag_1024,x__autocorrelation__lag_128,x__autocorrelation__lag_16384,x__autocorrelation__lag_2048,x__autocorrelation__lag_256,x__autocorrelation__lag_4096,x__autocorrelation__lag_512,x__autocorrelation__lag_8192
A,-0.13499694281545438,-0.2809320540036327,-0.12448248450536809,-0.1317260030592489,-0.17548893029633897,-0.1278448617488811,-0.1772790058011604,-0.13424865582549012
