id,x__autocorrelation__lag_1024,x__autocorrelation__lag_128,x__autocorrelation__lag_16384,x__autocorrelation__lag_2048,x__autocorrelation__lag_256,x__autocorrelation__lag_4096,x__autocorrelation__lag_512,x__autocorrelation__lag_8192
A,0.13262426362121985,-0.587256229607504,0.14844648644734348,0.14689615842781664,0.12911584834933484,0.14955395936010824,0.14441641453213735,0.14904743561023917
