id,x__autocorrelation__lag_1024,x__autocorrelation__lag_128,x__autocorrelation__lag_16384,x__autocorrelation__lag_2048,x__autocorrelation__lag_256,x__autocorrelation__lag_4096,x__autocorrelation__lag_512,x__autocorrelation__lag_8192
A,-0.19049225569836922,-0.20992133695973225,-0.18953657763242635,-0.1989094539175635,-0.230788227222655,-0.19436846554862106,-0.2423604789753047,-0.2016639911395935
