id,x__autocorrelation__lag_1024,x__autocorrelation__lag_128,x__autocorrelation__lag_16384,x__autocorrelation__lag_2048,x__autocorrelation__lag_256,x__autocorrelation__lag_4096,x__autocorrelation__lag_512,x__autocorrelation__lag_8192
A,-0.23482354230684535,-0.04994108444027182,-0.2317397828017771,-0.24396837476983937,-0.29944874999928583,-0.23640384252426058,-0.3257620247949614,-0.24751902686075386
