id,x__autocorrelation__lag_1024,x__autocorrelation__lag_128,x__autocorrelation__lag_16384,x__autocorrelation__lag_2048,x__autocorrelation__lag_256,x__autocorrelation__lag_4096,x__autocorrelation__lag_512,x__autocorrelation__lag_8192
A,-0.17463366840998187,-0.21441804890764618,-0.16851412058460982,-0.1710280765515342,-0.22711566388389726,-0.1678801047228062,-0.25344307203018085,-0.17195371549468222
