id,x__autocorrelation__lag_1024,x__autocorrelation__lag_128,x__autocorrelation__lag_16384,x__autocorrelation__lag_2048,x__autocorrelation__lag_256,x__autocorrelation__lag_4096,x__autocorrelation__lag_512,x__autocorrelation__lag_8192
A,0.5457851705464765,-0.6786193427382006,0.5268759945074141,0.5295977789544901,0.5563430008980131,0.5284240345008822,0.5532535666278233,0.5305458762185341
