id,x__autocorrelation__lag_1024,x__autocorrelation__lag_128,x__autocorrelation__lag_16384,x__autocorrelation__lag_2048,x__autocorrelation__lag_256,x__autocorrelation__lag_4096,x__autocorrelation__lag_512,x__autocorrelation__lag_8192
A,0.5438997987765091,-0.6665893908093508,0.5343768207673877,0.5350330174914706,0.5520503306998187,0.5346277890118677,0.5504441488696159,0.5362900584583972
