id,x__autocorrelation__lag_1024,x__autocorrelation__lag_128,x__autocorrelation__lag_16384,x__autocorrelation__lag_2048,x__autocorrelation__lag_256,x__autocorrelation__lag_4096,x__autocorrelation__lag_512,x__autocorrelation__lag_8192
A,0.5652238053948877,-0.676294436341374,0.5516833824094031,0.5543661740730169,0.57409901338796,0.5536008942460177,0.568619618016914,0.5554363570900392
