id,x__autocorrelation__lag_1024,x__autocorrelation__lag_128,x__autocorrelation__lag_16384,x__autocorrelation__lag_2048,x__autocorrelation__lag_256,x__autocorrelation__lag_4096,x__autocorrelation__lag_512,x__autocorrelation__lag_8192
A,0.5501451001728983,-0.6672940488306588,0.5388049205106761,0.5403747693075767,0.5573276127358415,0.5396008504693498,0.5549542086493784,0.5413315298037309
