id,x__autocorrelation__lag_1024,x__autocorrelation__lag_128,x__autocorrelation__lag_16384,x__autocorrelation__lag_2048,x__autocorrelation__lag_256,x__autocorrelation__lag_4096,x__autocorrelation__lag_512,x__autocorrelation__lag_8192
A,-0.18160964713287855,-0.24919565790860415,-0.17233995457713497,-0.17427047611538907,-0.23488654184699934,-0.17110904993521542,-0.26073662204667275,-0.17500277467564793
