id,x__autocorrelation__lag_1024,x__autocorrelation__lag_128,x__autocorrelation__lag_16384,x__autocorrelation__lag_2048,x__autocorrelation__lag_256,x__autocorrelation__lag_4096,x__autocorrelation__lag_512,x__autocorrelation__lag_8192
A,0.44657449740249483,-0.6560716468208352,0.43978059486443105,0.4347341389585461,0.4573249666901936,0.43906395148245414,0.4540407872400473,0.43518752842782904
