id,x__autocorrelation__lag_1024,x__autocorrelation__lag_128,x__autocorrelation__lag_16384,x__autocorrelation__lag_2048,x__autocorrelation__lag_256,x__autocorrelation__lag_4096,x__autocorrelation__lag_512,x__autocorrelation__lag_8192
A,-0.21248812507432904,-0.07451023206456715,-0.2097404674038518,-0.20942369584137824,-0.277359697408284,-0.20537558643526319,-0.3096365518688208,-0.20889968921109897
