id,x__autocorrelation__lag_1024,x__autocorrelation__lag_128,x__autocorrelation__lag_16384,x__autocorrelation__lag_2048,x__autocorrelation__lag_256,x__autocorrelation__lag_4096,x__autocorrelation__lag_512,x__autocorrelation__lag_8192
A,-0.2148315886510432,-0.24906521311605126,-0.2080513517944387,-0.21066680123127052,-0.26542788385823174,-0.20717396368363258,-0.2829332525246299,-0.21092561177486321
