id,x__autocorrelation__lag_1024,x__autocorrelation__lag_128,x__autocorrelation__lag_16384,x__autocorrelation__lag_2048,x__autocorrelation__lag_256,x__autocorrelation__lag_4096,x__autocorrelation__lag_512,x__autocorrelation__lag_8192
A,-0.09256302768635181,-0.26856725448616336,-0.10220056898108439,-0.13361776952604854,-0.14511872196415274,-0.11693184211142545,-0.16200052572935353,-0.11325470556409792
