id,x__autocorrelation__lag_1024,x__autocorrelation__lag_128,x__autocorrelation__lag_16384,x__autocorrelation__lag_2048,x__autocorrelation__lag_256,x__autocorrelation__lag_4096,x__autocorrelation__lag_512,x__autocorrelation__lag_8192
A,-0.1188923596469475,-0.26386278094348153,-0.13094177970207513,-0.13387615521194376,-0.18215918022176003,-0.13013263524554688,-0.22565643751952083,-0.13506458625523413
