id,x__autocorrelation__lag_1024,x__autocorrelation__lag_128,x__autocorrelation__lag_16384,x__autocorrelation__lag_2048,x__autocorrelation__lag_256,x__autocorrelation__lag_4096,x__autocorrelation__lag_512,x__autocorrelation__lag_8192
A,-0.1293524872168759,-0.3055357557305286,-0.12601978801109862,-0.13040061492806865,-0.18306442289743613,-0.12667408158160956,-0.21476011761163108,-0.13186146339303825
