id,x__autocorrelation__lag_1024,x__autocorrelation__lag_128,x__autocorrelation__lag_16384,x__autocorrelation__lag_2048,x__autocorrelation__lag_256,x__autocorrelation__lag_4096,x__autocorrelation__lag_512,x__autocorrelation__lag_8192
A,-0.10043968617260954,-0.3238469791493237,-0.15231418062861324,-0.1732336805083446,-0.1681788233436724,-0.16946998997819004,-0.3025520739242279,-0.1666047237944399
