id,x__autocorrelation__lag_1024,x__autocorrelation__lag_128,x__autocorrelation__lag_16384,x__autocorrelation__lag_2048,x__autocorrelation__lag_256,x__autocorrelation__lag_4096,x__autocorrelation__lag_512,x__autocorrelation__lag_8192
A,-0.3643887630963988,-0.3377837018142341,-0.35232729907671784,-0.36791851559761524,-0.3759381415502569,-0.3538004455021703,-0.39364767205133083,-0.3546299123890839
