id,x__autocorrelation__lag_1024,x__autocorrelation__lag_128,x__autocorrelation__lag_16384,x__autocorrelation__lag_2048,x__autocorrelation__lag_256,x__autocorrelation__lag_4096,x__autocorrelation__lag_512,x__autocorrelation__lag_8192
A,-0.1250512591283226,-0.25839522190048436,-0.1324636932464528,-0.13531965071303503,-0.18516070097332069,-0.1312049244691456,-0.22467328721568,-0.13574933038555592
