id,x__autocorrelation__lag_1024,x__autocorrelation__lag_128,x__autocorrelation__lag_16384,x__autocorrelation__lag_2048,x__autocorrelation__lag_256,x__autocorrelation__lag_4096,x__autocorrelation__lag_512,x__autocorrelation__lag_8192
A,-0.17679119291178447,-0.22902255404772046,-0.16884824685329788,-0.17148544354382503,-0.22755680900736586,-0.16779371179279914,-0.25267677441902303,-0.17243428042756392
