id,x__autocorrelation__lag_1024,x__autocorrelation__lag_128,x__autocorrelation__lag_16384,x__autocorrelation__lag_2048,x__autocorrelation__lag_256,x__autocorrelation__lag_4096,x__autocorrelation__lag_512,x__autocorrelation__lag_8192
A,-0.11126275236402192,-0.29399234049128337,-0.11556180470198206,-0.11925129418306203,-0.17249499381218839,-0.11622291576698159,-0.20661718203708107,-0.12138910905294777
