id,x__autocorrelation__lag_1024,x__autocorrelation__lag_128,x__autocorrelation__lag_16384,x__autocorrelation__lag_2048,x__autocorrelation__lag_256,x__autocorrelation__lag_4096,x__autocorrelation__lag_512,x__autocorrelation__lag_8192
A,0.5330154181534155,-0.6650049168474316,0.5234838871814873,0.524021796534632,0.5419663579174792,0.5236500027781997,0.5397036220619442,0.5251285596414264
