id,x__autocorrelation__lag_1024,x__autocorrelation__lag_128,x__autocorrelation__lag_16384,x__autocorrelation__lag_2048,x__autocorrelation__lag_256,x__autocorrelation__lag_4096,x__autocorrelation__lag_512,x__autocorrelation__lag_8192
A,-0.13887674844531048,-0.3132529135747248,-0.1370366878071833,-0.14239727952722173,-0.18687500752609615,-0.1389488686903185,-0.20523718260844082,-0.14399110445083438
