id,x__autocorrelation__lag_1024,x__autocorrelation__lag_128,x__autocorrelation__lag_16384,x__autocorrelation__lag_2048,x__autocorrelation__lag_256,x__autocorrelation__lag_4096,x__autocorrelation__lag_512,x__autocorrelation__lag_8192
A,-0.18777865663366478,-0.24004424536472402,-0.18546152434721255,-0.19383883322393036,-0.22344000768772232,-0.18954036597119714,-0.23751619354154813,-0.19627270607006309
