id,x__autocorrelation__lag_1024,x__autocorrelation__lag_128,x__autocorrelation__lag_16384,x__autocorrelation__lag_2048,x__autocorrelation__lag_256,x__autocorrelation__lag_4096,x__autocorrelation__lag_512,x__autocorrelation__lag_8192
A,0.5511713820581536,-0.6686394327211201,0.5396384368699649,0.5434992685581956,0.5647298879119081,0.5420310312882558,0.560201729475534,0.5447351997281724
