id,x__autocorrelation__lag_1024,x__autocorrelation__lag_128,x__autocorrelation__lag_16384,x__autocorrelation__lag_2048,x__autocorrelation__lag_256,x__autocorrelation__lag_4096,x__autocorrelation__lag_512,x__autocorrelation__lag_8192
A,0.5460450437230485,-0.6705595741019573,0.5289003968273359,0.5311498292690509,0.5612182244798437,0.5302295586596012,0.5561777396878518,0.5321684406979794
