id,x__autocorrelation__lag_1024,x__autocorrelation__lag_128,x__autocorrelation__lag_16384,x__autocorrelation__lag_2048,x__autocorrelation__lag_256,x__autocorrelation__lag_4096,x__autocorrelation__lag_512,x__autocorrelation__lag_8192
A,0.5607739188119811,-0.7401265841729084,0.5577630151158284,0.5576085419741357,0.5893700239486126,0.5585277394433549,0.5888257985149213,0.5579107328478096
