id,x__autocorrelation__lag_1024,x__autocorrelation__lag_128,x__autocorrelation__lag_16384,x__autocorrelation__lag_2048,x__autocorrelation__lag_256,x__autocorrelation__lag_4096,x__autocorrelation__lag_512,x__autocorrelation__lag_8192
A,-0.1232142814534635,-0.2773102211210849,-0.0981124689512399,-0.10618348786859406,-0.15191243121122602,-0.10183951619975462,-0.14528933272335545,-0.10838021070112636
