id,x__autocorrelation__lag_1024,x__autocorrelation__lag_128,x__autocorrelation__lag_16384,x__autocorrelation__lag_2048,x__autocorrelation__lag_256,x__autocorrelation__lag_4096,x__autocorrelation__lag_512,x__autocorrelation__lag_8192
A,0.5779197054598056,-0.6819702743196202,0.5665316831723263,0.5680315523345365,0.583248853849469,0.5671702173657924,0.5775577486733008,0.5688833162292269
