id,x__autocorrelation__lag_1024,x__autocorrelation__lag_128,x__autocorrelation__lag_16384,x__autocorrelation__lag_2048,x__autocorrelation__lag_256,x__autocorrelation__lag_4096,x__autocorrelation__lag_512,x__autocorrelation__lag_8192
A,-0.21138594070235525,-0.031329621610504635,-0.2106329184080718,-0.22121768294335978,-0.28001242673341203,-0.21400403897707523,-0.31492005016554203,-0.22402311853574555
