id,x__autocorrelation__lag_1024,x__autocorrelation__lag_128,x__autocorrelation__lag_16384,x__autocorrelation__lag_2048,x__autocorrelation__lag_256,x__autocorrelation__lag_4096,x__autocorrelation__lag_512,x__autocorrelation__lag_8192
A,0.5495938858057102,-0.7298100911476604,0.5462603218561002,0.547467514916865,0.5657572586723619,0.547798181490955,0.5711968184992812,0.5480406102979866
