id,x__autocorrelation__lag_1024,x__autocorrelation__lag_128,x__autocorrelation__lag_16384,x__autocorrelation__lag_2048,x__autocorrelation__lag_256,x__autocorrelation__lag_4096,x__autocorrelation__lag_512,x__autocorrelation__lag_8192
A,-0.15752074745942365,-0.2917906365916621,-0.1415570941884493,-0.14998048363210453,-0.19624500446600635,-0.14556235709328633,-0.19177680598146765,-0.15168225374578453
