id,x__autocorrelation__lag_1024,x__autocorrelation__lag_128,x__autocorrelation__lag_16384,x__autocorrelation__lag_2048,x__autocorrelation__lag_256,x__autocorrelation__lag_4096,x__autocorrelation__lag_512,x__autocorrelation__lag_8192
A,-0.09234684641474364,-0.3056368795107081,-0.1030465513276891,-0.10760522507073286,-0.15185735572245956,-0.10403442909670962,-0.18469556184418318,-0.10887788655443187
