id,x__autocorrelation__lag_1024,x__autocorrelation__lag_128,x__autocorrelation__lag_16384,x__autocorrelation__lag_2048,x__autocorrelation__lag_256,x__autocorrelation__lag_4096,x__autocorrelation__lag_512,x__autocorrelation__lag_8192
A,-0.04640748085461304,-0.2635600070665453,-0.08454924236635357,-0.114603231893899,-0.11641082631217209,-0.09225748164997698,-0.20803983681167773,-0.08482035352627405
