id,x__autocorrelation__lag_1024,x__autocorrelation__lag_128,x__autocorrelation__lag_16384,x__autocorrelation__lag_2048,x__autocorrelation__lag_256,x__autocorrelation__lag_4096,x__autocorrelation__lag_512,x__autocorrelation__lag_8192
A,-0.10808710910757348,-0.27289539372406824,-0.11099562736762794,-0.12329493377668295,-0.14564345534884315,-0.12204439471140931,-0.1722794947033464,-0.11379830816817489
