id,x__autocorrelation__lag_1024,x__autocorrelation__lag_128,x__autocorrelation__lag_16384,x__autocorrelation__lag_2048,x__autocorrelation__lag_256,x__autocorrelation__lag_4096,x__autocorrelation__lag_512,x__autocorrelation__lag_8192
A,-0.18352571209432167,-0.1944707437419741,-0.18132874889653922,-0.1832654517144857,-0.24872307578490943,-0.17989365274652958,-0.2802557612771467,-0.18430560896625453
