id,x__autocorrelation__lag_1024,x__autocorrelation__lag_128,x__autocorrelation__lag_16384,x__autocorrelation__lag_2048,x__autocorrelation__lag_256,x__autocorrelation__lag_4096,x__autocorrelation__lag_512,x__autocorrelation__lag_8192
A,-0.08836790467783749,-0.3171065528776168,-0.14051317324547802,-0.15591045814486046,-0.1528489807433234,-0.1523496438302379,-0.29114120053568016,-0.14511544515503688
