id,x__autocorrelation__lag_1024,x__autocorrelation__lag_128,x__autocorrelation__lag_16384,x__autocorrelation__lag_2048,x__autocorrelation__lag_256,x__autocorrelation__lag_4096,x__autocorrelation__lag_512,x__autocorrelation__lag_8192
A,-0.11908408928972555,-0.32634058307362257,-0.11280010639052825,-0.12067621771079362,-0.16677763993854883,-0.11631208928355397,-0.19032793839262083,-0.12271267193737441
