id,x__autocorrelation__lag_1024,x__autocorrelation__lag_128,x__autocorrelation__lag_16384,x__autocorrelation__lag_2048,x__autocorrelation__lag_256,x__autocorrelation__lag_4096,x__autocorrelation__lag_512,x__autocorrelation__lag_8192
A,-0.10398579676185814,-0.2627025437514719,-0.13538210213826776,-0.14052024855768355,-0.15304358550575442,-0.14366011726599334,-0.26633039881872705,-0.12856599887525197
