id,x__autocorrelation__lag_1024,x__autocorrelation__lag_128,x__autocorrelation__lag_16384,x__autocorrelation__lag_2048,x__autocorrelation__lag_256,x__autocorrelation__lag_4096,x__autocorrelation__lag_512,x__autocorrelation__lag_8192
A,-0.21574858828597987,-0.09874033269624954,-0.21215088340389013,-0.21269071853519758,-0.28366935863969295,-0.20834037647841802,-0.3155400018484317,-0.21341541753214105
