id,x__autocorrelation__lag_1024,x__autocorrelation__lag_128,x__autocorrelation__lag_16384,x__autocorrelation__lag_2048,x__autocorrelation__lag_256,x__autocorrelation__lag_4096,x__autocorrelation__lag_512,x__autocorrelation__lag_8192
A,-0.1884116957485493,-0.2122466182864541,-0.17812167966707196,-0.18095475416522314,-0.2414781539384227,-0.17658600084832346,-0.2720221756690602,-0.18142288129989853
