id,x__autocorrelation__lag_1024,x__autocorrelation__lag_128,x__autocorrelation__lag_16384,x__autocorrelation__lag_2048,x__autocorrelation__lag_256,x__autocorrelation__lag_4096,x__autocorrelation__lag_512,x__autocorrelation__lag_8192
A,-0.3525964272619353,-0.2965903160902401,-0.38535964422067615,-0.3836935155992533,-0.3677919341345158,-0.3800071203934516,-0.4528002378745541,-0.38299317552942214
