id,x__autocorrelation__lag_1024,x__autocorrelation__lag_128,x__autocorrelation__lag_16384,x__autocorrelation__lag_2048,x__autocorrelation__lag_256,x__autocorrelation__lag_4096,x__autocorrelation__lag_512,x__autocorrelation__lag_8192
A,0.576830875251615,-0.6817620044935315,0.5644966143151912,0.5655725453185799,0.5856013097086578,0.5653356219997443,0.5784332498470326,0.5656007930216367
