id,x__autocorrelation__lag_1024,x__autocorrelation__lag_128,x__autocorrelation__lag_16384,x__autocorrelation__lag_2048,x__autocorrelation__lag_256,x__autocorrelation__lag_4096,x__autocorrelation__lag_512,x__autocorrelation__lag_8192
A,-0.19326322133629958,-0.2970246761063189,-0.179765262961206,-0.18837042382719357,-0.23002074950682844,-0.1837347074091255,-0.23038308348980474,-0.1904550481931143
