id,x__autocorrelation__lag_1024,x__autocorrelation__lag_128,x__autocorrelation__lag_16384,x__autocorrelation__lag_2048,x__autocorrelation__lag_256,x__autocorrelation__lag_4096,x__autocorrelation__lag_512,x__autocorrelation__lag_8192
A,-0.09911816761116089,-0.27980083817073914,-0.13092565569414127,-0.14020239044885804,-0.16061235950177605,-0.130169886979961,-0.22963376179911804,-0.13316880666996475
