id,x__autocorrelation__lag_1024,x__autocorrelation__lag_128,x__autocorrelation__lag_16384,x__autocorrelation__lag_2048,x__autocorrelation__lag_256,x__autocorrelation__lag_4096,x__autocorrelation__lag_512,x__autocorrelation__lag_8192
A,-0.11743604440409738,-0.2910357070703598,-0.1250551705670033,-0.1306600139858113,-0.1724651367986469,-0.1257434523370639,-0.2104771322349114,-0.1325610481564378
