id,x__autocorrelation__lag_1024,x__autocorrelation__lag_128,x__autocorrelation__lag_16384,x__autocorrelation__lag_2048,x__autocorrelation__lag_256,x__autocorrelation__lag_4096,x__autocorrelation__lag_512,x__autocorrelation__lag_8192
A,-0.175644375016445,-0.1895591680795,-0.18051859160797926,-0.1821666690179489,-0.24371179609782864,-0.1787124881184844,-0.27928139236531224,-0.18306472588876113
