id,x__autocorrelation__lag_1024,x__autocorrelation__lag_128,x__autocorrelation__lag_16384,x__autocorrelation__lag_2048,x__autocorrelation__lag_256,x__autocorrelation__lag_4096,x__autocorrelation__lag_512,x__autocorrelation__lag_8192
A,-0.106100126443605,-0.2467790945324004,-0.12052922307916382,-0.11470933182279344,-0.1875054891236471,-0.11953177828929976,-0.2342739432788371,-0.1172713448732063
