id,x__autocorrelation__lag_1024,x__autocorrelation__lag_128,x__autocorrelation__lag_16384,x__autocorrelation__lag_2048,x__autocorrelation__lag_256,x__autocorrelation__lag_4096,x__autocorrelation__lag_512,x__autocorrelation__lag_8192
A,-0.12183160964780587,-0.29835949142859375,-0.1247368418917717,-0.12796810679116585,-0.17710831516989012,-0.1241538443773881,-0.20901826455543293,-0.1291669435844928
