id,x__autocorrelation__lag_1024,x__autocorrelation__lag_128,x__autocorrelation__lag_16384,x__autocorrelation__lag_2048,x__autocorrelation__lag_256,x__autocorrelation__lag_4096,x__autocorrelation__lag_512,x__autocorrelation__lag_8192
A,-0.2003252872409594,-0.014353544252299122,-0.20094669757599498,-0.2060632142437991,-0.2744612440790936,-0.20072069042663906,-0.3111866270630649,-0.209413016842965
