id,x__autocorrelation__lag_1024,x__autocorrelation__lag_128,x__autocorrelation__lag_16384,x__autocorrelation__lag_2048,x__autocorrelation__lag_256,x__autocorrelation__lag_4096,x__autocorrelation__lag_512,x__autocorrelation__lag_8192
A,-0.12024342232288167,-0.0437182862704262,-0.20596009798894885,-0.21522197221759523,-0.2346487560299328,-0.21208361220857727,-0.29963084881090146,-0.2107791518170966
