id,x__autocorrelation__lag_1024,x__autocorrelation__lag_128,x__autocorrelation__lag_16384,x__autocorrelation__lag_2048,x__autocorrelation__lag_256,x__autocorrelation__lag_4096,x__autocorrelation__lag_512,x__autocorrelation__lag_8192
A,-0.16084854300976092,-0.25079486119595934,-0.16747320049560788,-0.16922234431410027,-0.22025261884479885,-0.1655849759650089,-0.255664384952429,-0.17009721360623642
