id,x__autocorrelation__lag_1024,x__autocorrelation__lag_128,x__autocorrelation__lag_16384,x__autocorrelation__lag_2048,x__autocorrelation__lag_256,x__autocorrelation__lag_4096,x__autocorrelation__lag_512,x__autocorrelation__lag_8192
A,-0.17405248653081545,-0.200463585641173,-0.16772544921538507,-0.16874883504395477,-0.2341707179525006,-0.16519975857140018,-0.26470165436101634,-0.16924256316319447
