id,x__autocorrelation__lag_1024,x__autocorrelation__lag_128,x__autocorrelation__lag_16384,x__autocorrelation__lag_2048,x__autocorrelation__lag_256,x__autocorrelation__lag_4096,x__autocorrelation__lag_512,x__autocorrelation__lag_8192
A,-0.12540201830177933,-0.30067873786565685,-0.12779683991721735,-0.13539288301628521,-0.1814740887562937,-0.13091809393050907,-0.22138909623848294,-0.13095130705712169
