id,x__autocorrelation__lag_1024,x__autocorrelation__lag_128,x__autocorrelation__lag_16384,x__autocorrelation__lag_2048,x__autocorrelation__lag_256,x__autocorrelation__lag_4096,x__autocorrelation__lag_512,x__autocorrelation__lag_8192
A,-0.10782701111922728,-0.2729497919418246,-0.13342321486163172,-0.13917123309516677,-0.16037464655958952,-0.13917183974260564,-0.24146003650560108,-0.13144851066200816
