id,x__autocorrelation__lag_1024,x__autocorrelation__lag_128,x__autocorrelation__lag_16384,x__autocorrelation__lag_2048,x__autocorrelation__lag_256,x__autocorrelation__lag_4096,x__autocorrelation__lag_512,x__autocorrelation__lag_8192
A,-0.10076461125211965,-0.3147002436947991,-0.10684943463089308,-0.10833505822387866,-0.1583405108142289,-0.10587646928963243,-0.18797747868894812,-0.10944005768613108
