id,x__autocorrelation__lag_1024,x__autocorrelation__lag_128,x__autocorrelation__lag_16384,x__autocorrelation__lag_2048,x__autocorrelation__lag_256,x__autocorrelation__lag_4096,x__autocorrelation__lag_512,x__autocorrelation__lag_8192
A,-0.15648612240924326,-0.2989700895553331,-0.13615927302542039,-0.15871436974549616,-0.2046324257927915,-0.1487633223415003,-0.26876740132493837,-0.14616543198121262
