id,x__autocorrelation__lag_1024,x__autocorrelation__lag_128,x__autocorrelation__lag_16384,x__autocorrelation__lag_2048,x__autocorrelation__lag_256,x__autocorrelation__lag_4096,x__autocorrelation__lag_512,x__autocorrelation__lag_8192
A,-0.2140314777724785,-0.022471782575381453,-0.20982721449376937,-0.2184898497187453,-0.2844304076397624,-0.2119487010073214,-0.31834812327183176,-0.2211387442850041
