id,x__autocorrelation__lag_1024,x__autocorrelation__lag_128,x__autocorrelation__lag_16384,x__autocorrelation__lag_2048,x__autocorrelation__lag_256,x__autocorrelation__lag_4096,x__autocorrelation__lag_512,x__autocorrelation__lag_8192
A,0.4960270426471561,-0.7038588205867553,0.4945884936349069,0.4957628978489717,0.5166906191123345,0.4956530576741746,0.5177916187206788,0.49551062530848633
