id,x__autocorrelation__lag_1024,x__autocorrelation__lag_128,x__autocorrelation__lag_16384,x__autocorrelation__lag_2048,x__autocorrelation__lag_256,x__autocorrelation__lag_4096,x__autocorrelation__lag_512,x__autocorrelation__lag_8192
A,-0.3750650629787333,-0.3802560701259286,-0.40873758395484117,-0.4148544441009795,-0.399377017690459,-0.39952290652250416,-0.4436939735475819,-0.40710703281804206
