id,x__autocorrelation__lag_1024,x__autocorrelation__lag_128,x__autocorrelation__lag_16384,x__autocorrelation__lag_2048,x__autocorrelation__lag_256,x__autocorrelation__lag_4096,x__autocorrelation__lag_512,x__autocorrelation__lag_8192
A,0.5677700417935456,-0.6730378523179897,0.5562923766625715,0.5582580283210465,0.5779894175180689,0.5568869792645823,0.5696115431188035,0.5590186192218969
