id,x__autocorrelation__lag_1024,x__autocorrelation__lag_128,x__autocorrelation__lag_16384,x__autocorrelation__lag_2048,x__autocorrelation__lag_256,x__autocorrelation__lag_4096,x__autocorrelation__lag_512,x__autocorrelation__lag_8192
A,-0.04100849884127226,-0.06874779840249953,-0.1381063591165239,-0.1451149194661643,-0.21201924931412328,-0.13932115062948353,-0.25652761987946027,-0.1408229774490625
