id,x__autocorrelation__lag_1024,x__autocorrelation__lag_128,x__autocorrelation__lag_16384,x__autocorrelation__lag_2048,x__autocorrelation__lag_256,x__autocorrelation__lag_4096,x__autocorrelation__lag_512,x__autocorrelation__lag_8192
A,-0.10614806427706003,-0.27867947696047857,-0.11628177706482763,-0.13070742366763402,-0.1619464617629093,-0.11898598614089267,-0.22022008065316612,-0.12246335692312017
