id,x__autocorrelation__lag_1024,x__autocorrelation__lag_128,x__autocorrelation__lag_16384,x__autocorrelation__lag_2048,x__autocorrelation__lag_256,x__autocorrelation__lag_4096,x__autocorrelation__lag_512,x__autocorrelation__lag_8192
A,-0.3214496682764881,-0.3439747904731529,-0.3240705311411072,-0.3383725771941793,-0.34290778374766784,-0.3246356323068912,-0.366998816261567,-0.3230067779274268
