id,x__autocorrelation__lag_1024,x__autocorrelation__lag_128,x__autocorrelation__lag_16384,x__autocorrelation__lag_2048,x__autocorrelation__lag_256,x__autocorrelation__lag_4096,x__autocorrelation__lag_512,x__autocorrelation__lag_8192
A,-0.12096186747982295,-0.2905721264550308,-0.12949104273967074,-0.13254439727179515,-0.18224562717971732,-0.12915448005627916,-0.21858025502690717,-0.13354843208690742
