id,x__autocorrelation__lag_1024,x__autocorrelation__lag_128,x__autocorrelation__lag_16384,x__autocorrelation__lag_2048,x__autocorrelation__lag_256,x__autocorrelation__lag_4096,x__autocorrelation__lag_512,x__autocorrelation__lag_8192
A,-0.1733787947939962,-0.20576510412013269,-0.1590432510185477,-0.1610752891803823,-0.22844037688714539,-0.1568910490278508,-0.2585490901622943,-0.16193542287524632
