id,x__autocorrelation__lag_1024,x__autocorrelation__lag_128,x__autocorrelation__lag_16384,x__autocorrelation__lag_2048,x__autocorrelation__lag_256,x__autocorrelation__lag_4096,x__autocorrelation__lag_512,x__autocorrelation__lag_8192
A,-0.11037983890518159,-0.2666250463356845,-0.10416330925874664,-0.11376370295963104,-0.14882851007521197,-0.10856074529232097,-0.15949326362290492,-0.1170289747346662
