id,x__autocorrelation__lag_1024,x__autocorrelation__lag_128,x__autocorrelation__lag_16384,x__autocorrelation__lag_2048,x__autocorrelation__lag_256,x__autocorrelation__lag_4096,x__autocorrelation__lag_512,x__autocorrelation__lag_8192
A,-0.2129681448531877,-0.07684459413292144,-0.21131379295777764,-0.21340795000846768,-0.2893332721519179,-0.2070631171845813,-0.3213317914274676,-0.21240479954774372
