id,x__autocorrelation__lag_1024,x__autocorrelation__lag_128,x__autocorrelation__lag_16384,x__autocorrelation__lag_2048,x__autocorrelation__lag_256,x__autocorrelation__lag_4096,x__autocorrelation__lag_512,x__autocorrelation__lag_8192
A,0.5991724302245451,-0.6908163424253962,0.5851444529040452,0.5870183818233125,0.6056929057501717,0.5864030985003326,0.5988316523700542,0.5880100787135794
