id,x__autocorrelation__lag_1024,x__autocorrelation__lag_128,x__autocorrelation__lag_16384,x__autocorrelation__lag_2048,x__autocorrelation__lag_256,x__autocorrelation__lag_4096,x__autocorrelation__lag_512,x__autocorrelation__lag_8192
A,-0.2031870983971406,-0.08477330867898837,-0.20358183329379326,-0.2030774793908285,-0.2720434729911521,-0.197963129601858,-0.3096845705834013,-0.20265610029876116
