id,x__autocorrelation__lag_1024,x__autocorrelation__lag_128,x__autocorrelation__lag_16384,x__autocorrelation__lag_2048,x__autocorrelation__lag_256,x__autocorrelation__lag_4096,x__autocorrelation__lag_512,x__autocorrelation__lag_8192
A,-0.14860415624607692,-0.3015724017063042,-0.13338289949082016,-0.1399777060685831,-0.18012763664651918,-0.13582025001611472,-0.17709082443994886,-0.14132945609816422
