id,x__autocorrelation__lag_1024,x__autocorrelation__lag_128,x__autocorrelation__lag_16384,x__autocorrelation__lag_2048,x__autocorrelation__lag_256,x__autocorrelation__lag_4096,x__autocorrelation__lag_512,x__autocorrelation__lag_8192
A,-0.13458989544554578,-0.3123758233018554,-0.13550828156193384,-0.138195168562672,-0.18013664105352284,-0.1353100176107296,-0.20684414972670856,-0.13914311477304714
