id,x__autocorrelation__lag_1024,x__autocorrelation__lag_128,x__autocorrelation__lag_16384,x__autocorrelation__lag_2048,x__autocorrelation__lag_256,x__autocorrelation__lag_4096,x__autocorrelation__lag_512,x__autocorrelation__lag_8192
A,-0.4008596234261473,-0.36355068699285,-0.4088125000937037,-0.4133336927017443,-0.41847884320437156,-0.40706617601356915,-0.4290485508734934,-0.4085150261583254
