id,x__autocorrelation__lag_1024,x__autocorrelation__lag_128,x__autocorrelation__lag_16384,x__autocorrelation__lag_2048,x__autocorrelation__lag_256,x__autocorrelation__lag_4096,x__autocorrelation__lag_512,x__autocorrelation__lag_8192
A,-0.1882239710561688,-0.17242510123557983,-0.18617063067253373,-0.18936510198181497,-0.24789271214121694,-0.18520896391909106,-0.28169436618731697,-0.1901287250538591
