id,x__autocorrelation__lag_1024,x__autocorrelation__lag_128,x__autocorrelation__lag_16384,x__autocorrelation__lag_2048,x__autocorrelation__lag_256,x__autocorrelation__lag_4096,x__autocorrelation__lag_512,x__autocorrelation__lag_8192
A,-0.14746363470554166,-0.28052250946043167,-0.14955417947768662,-0.15344626245859247,-0.205131654650843,-0.149650250931588,-0.23527965432481399,-0.15407014208632472
