id,x__autocorrelation__lag_1024,x__autocorrelation__lag_128,x__autocorrelation__lag_16384,x__autocorrelation__lag_2048,x__autocorrelation__lag_256,x__autocorrelation__lag_4096,x__autocorrelation__lag_512,x__autocorrelation__lag_8192
A,-0.16471291288627024,-0.1823706995676738,-0.16655991636858056,-0.1695606261095268,-0.2247585562133903,-0.1647711960512039,-0.2651837420718908,-0.17023260762221434
