id,x__autocorrelation__lag_1024,x__autocorrelation__lag_128,x__autocorrelation__lag_16384,x__autocorrelation__lag_2048,x__autocorrelation__lag_256,x__autocorrelation__lag_4096,x__autocorrelation__lag_512,x__autocorrelation__lag_8192
A,-0.12454237853046216,-0.30963302658995556,-0.12485606284477746,-0.13064499998311047,-0.17571143700375422,-0.12711188285624458,-0.20033690386382766,-0.13264763909713817
