id,x__autocorrelation__lag_1024,x__autocorrelation__lag_128,x__autocorrelation__lag_16384,x__autocorrelation__lag_2048,x__autocorrelation__lag_256,x__autocorrelation__lag_4096,x__autocorrelation__lag_512,x__autocorrelation__lag_8192
A,0.5603089329300237,-0.6669742690056154,0.5488608228607628,0.5503083205910743,0.5688384833473054,0.5496587164973783,0.560258039579838,0.55073462015762
