id,x__autocorrelation__lag_1024,x__autocorrelation__lag_128,x__autocorrelation__lag_16384,x__autocorrelation__lag_2048,x__autocorrelation__lag_256,x__autocorrelation__lag_4096,x__autocorrelation__lag_512,x__autocorrelation__lag_8192
A,-0.18441844079860836,-0.23109836804486528,-0.18142682180368433,-0.181798239377745,-0.2425832979196047,-0.17834197014339645,-0.2751374363656273,-0.18225896701353891
