id,x__autocorrelation__lag_1024,x__autocorrelation__lag_128,x__autocorrelation__lag_16384,x__autocorrelation__lag_2048,x__autocorrelation__lag_256,x__autocorrelation__lag_4096,x__autocorrelation__lag_512,x__autocorrelation__lag_8192
A,-0.14422520300244107,-0.2750252741442301,-0.13385772254016862,-0.140217049423059,-0.1871757092126483,-0.13645750095752504,-0.19096755086649592,-0.14189974000823763
