id,x__autocorrelation__lag_1024,x__autocorrelation__lag_128,x__autocorrelation__lag_16384,x__autocorrelation__lag_2048,x__autocorrelation__lag_256,x__autocorrelation__lag_4096,x__autocorrelation__lag_512,x__autocorrelation__lag_8192
A,0.17610051067667545,-0.5905349749169385,0.18522636827913228,0.18159291416923912,0.18344188314013507,0.18593982383889612,0.18724508104499926,0.18395751374428812
