id,x__autocorrelation__lag_1024,x__autocorrelation__lag_128,x__autocorrelation__lag_16384,x__autocorrelation__lag_2048,x__autocorrelation__lag_256,x__autocorrelation__lag_4096,x__autocorrelation__lag_512,x__autocorrelation__lag_8192
A,-0.232037642321717,-0.04276736601969047,-0.23731507428577175,-0.23694185625724906,-0.2979565516013207,-0.23350741638910344,-0.3303675465777908,-0.23751305629110328
