id,x__autocorrelation__lag_1024,x__autocorrelation__lag_128,x__autocorrelation__lag_16384,x__autocorrelation__lag_2048,x__autocorrelation__lag_256,x__autocorrelation__lag_4096,x__autocorrelation__lag_512,x__autocorrelation__lag_8192
A,-0.05194600923588135,-0.16956751661707695,-0.11915523467612629,-0.10537581568847575,-0.1829744194513935,-0.11317427338277201,-0.24008383740260922,-0.10356727976398689
