id,x__autocorrelation__lag_1024,x__autocorrelation__lag_128,x__autocorrelation__lag_16384,x__autocorrelation__lag_2048,x__autocorrelation__lag_256,x__autocorrelation__lag_4096,x__autocorrelation__lag_512,x__autocorrelation__lag_8192
A,-0.18643560871906845,-0.19870728162233772,-0.18514240587768743,-0.18705803941262952,-0.24627048820687078,-0.18303556740061028,-0.281119883603567,-0.18843138344645524
