id,x__autocorrelation__lag_1024,x__autocorrelation__lag_128,x__autocorrelation__lag_16384,x__autocorrelation__lag_2048,x__autocorrelation__lag_256,x__autocorrelation__lag_4096,x__autocorrelation__lag_512,x__autocorrelation__lag_8192
A,-0.13997816951264794,-0.28895480113489364,-0.14075583097396158,-0.14594412580590516,-0.19046498782167465,-0.14227778165076746,-0.2183507094837065,-0.14806928256511123
