id,x__autocorrelation__lag_1024,x__autocorrelation__lag_128,x__autocorrelation__lag_16384,x__autocorrelation__lag_2048,x__autocorrelation__lag_256,x__autocorrelation__lag_4096,x__autocorrelation__lag_512,x__autocorrelation__lag_8192
A,-0.13070748788883604,-0.28071499444139264,-0.13129348614617722,-0.13635508760112175,-0.1846145804888429,-0.13269650632899857,-0.20952800429535678,-0.13747372085141743
