id,x__autocorrelation__lag_1024,x__autocorrelation__lag_128,x__autocorrelation__lag_16384,x__autocorrelation__lag_2048,x__autocorrelation__lag_256,x__autocorrelation__lag_4096,x__autocorrelation__lag_512,x__autocorrelation__lag_8192
A,-0.10269559596798235,-0.2278825114977013,-0.09648642124959814,-0.10304489934283828,-0.14180993332794026,-0.09871737246092177,-0.15441153667267152,-0.10565088716557773
