id,x__autocorrelation__lag_1024,x__autocorrelation__lag_128,x__autocorrelation__lag_16384,x__autocorrelation__lag_2048,x__autocorrelation__lag_256,x__autocorrelation__lag_4096,x__autocorrelation__lag_512,x__autocorrelation__lag_8192
A,0.5923096449151806,-0.7326755744583451,0.5801053743061185,0.5824231097133584,0.6082490151078137,0.5819320018049344,0.6083608704861908,0.5832960042582717
