id,x__autocorrelation__lag_1024,x__autocorrelation__lag_128,x__autocorrelation__lag_16384,x__autocorrelation__lag_2048,x__autocorrelation__lag_256,x__autocorrelation__lag_4096,x__autocorrelation__lag_512,x__autocorrelation__lag_8192
A,-0.17486170651332394,-0.26907999414314576,-0.16960005670598563,-0.17186614357887534,-0.22342553292822184,-0.16754089033862285,-0.250628225735199,-0.17221419469256222
