id,x__autocorrelation__lag_1024,x__autocorrelation__lag_128,x__autocorrelation__lag_16384,x__autocorrelation__lag_2048,x__autocorrelation__lag_256,x__autocorrelation__lag_4096,x__autocorrelation__lag_512,x__autocorrelation__lag_8192
A,0.5573390789237321,-0.7237534962747131,0.5476768432390624,0.5482235528842678,0.5761152705877967,0.5484582489359187,0.5759752131220858,0.5481039592115439
