id,x__autocorrelation__lag_1024,x__autocorrelation__lag_128,x__autocorrelation__lag_16384,x__autocorrelation__lag_2048,x__autocorrelation__lag_256,x__autocorrelation__lag_4096,x__autocorrelation__lag_512,x__autocorrelation__lag_8192
A,-0.1452029602198031,-0.3194232386082758,-0.14063208856894144,-0.14319512643142454,-0.19207833274963773,-0.1404159005283201,-0.20120819775106005,-0.14173604122800854
