id,x__autocorrelation__lag_1024,x__autocorrelation__lag_128,x__autocorrelation__lag_16384,x__autocorrelation__lag_2048,x__autocorrelation__lag_256,x__autocorrelation__lag_4096,x__autocorrelation__lag_512,x__autocorrelation__lag_8192
A,-0.20707530674287256,-0.30981651496410795,-0.20010189790072552,-0.20001044406197668,-0.2503151625805415,-0.19730607942877515,-0.2686825572049149,-0.19855749138904144
