id,x__autocorrelation__lag_1024,x__autocorrelation__lag_128,x__autocorrelation__lag_16384,x__autocorrelation__lag_2048,x__autocorrelation__lag_256,x__autocorrelation__lag_4096,x__autocorrelation__lag_512,x__autocorrelation__lag_8192
A,-0.20805961736782597,-0.10997091048523983,-0.20654426536186887,-0.207160710380532,-0.26914425825771154,-0.2029657927347538,-0.3012076800288778,-0.2074638471894509
