id,x__autocorrelation__lag_1024,x__autocorrelation__lag_128,x__autocorrelation__lag_16384,x__autocorrelation__lag_2048,x__autocorrelation__lag_256,x__autocorrelation__lag_4096,x__autocorrelation__lag_512,x__autocorrelation__lag_8192
A,-0.11520881751730849,-0.3093824797368432,-0.11429107054165295,-0.11832564602119586,-0.1678488988253986,-0.11474073325602965,-0.19771553343657097,-0.12014083563206873
