id,x__autocorrelation__lag_1024,x__autocorrelation__lag_128,x__autocorrelation__lag_16384,x__autocorrelation__lag_2048,x__autocorrelation__lag_256,x__autocorrelation__lag_4096,x__autocorrelation__lag_512,x__autocorrelation__lag_8192
A,-0.0919264042394754,-0.2750956338249843,-0.10488499180071507,-0.12166834165604168,-0.1489806281312548,-0.11248855519174251,-0.21045862458896733,-0.10661360298374077
