id,x__autocorrelation__lag_1024,x__autocorrelation__lag_128,x__autocorrelation__lag_16384,x__autocorrelation__lag_2048,x__autocorrelation__lag_256,x__autocorrelation__lag_4096,x__autocorrelation__lag_512,x__autocorrelation__lag_8192
A,-0.11181516453324629,-0.30760930943594605,-0.156245986280205,-0.1780974569348363,-0.17519260721132562,-0.16852616770368822,-0.2850096860185619,-0.1629836638020789
