id,x__autocorrelation__lag_1024,x__autocorrelation__lag_128,x__autocorrelation__lag_16384,x__autocorrelation__lag_2048,x__autocorrelation__lag_256,x__autocorrelation__lag_4096,x__autocorrelation__lag_512,x__autocorrelation__lag_8192
A,-0.19866908489127802,-0.04011797925922243,-0.2007705892248401,-0.208171895990574,-0.2649255185132257,-0.20119016998070835,-0.3092621134671186,-0.21035625061932806
