id,x__autocorrelation__lag_1024,x__autocorrelation__lag_128,x__autocorrelation__lag_16384,x__autocorrelation__lag_2048,x__autocorrelation__lag_256,x__autocorrelation__lag_4096,x__autocorrelation__lag_512,x__autocorrelation__lag_8192
A,0.44416195252165397,-0.6620284600438869,0.4463227325477405,0.44482443421742923,0.4484425270714855,0.4472733525353722,0.4567271364570153,0.4450453889804782
