id,x__autocorrelation__lag_1024,x__autocorrelation__lag_128,x__autocorrelation__lag_16384,x__autocorrelation__lag_2048,x__autocorrelation__lag_256,x__autocorrelation__lag_4096,x__autocorrelation__lag_512,x__autocorrelation__lag_8192
A,-0.06635560392323332,-0.3160817873758565,-0.07299657394393771,-0.07856122170495335,-0.12059979850628652,-0.07420198523390005,-0.15414790538902795,-0.08036025742031148
