id,x__autocorrelation__lag_1024,x__autocorrelation__lag_128,x__autocorrelation__lag_16384,x__autocorrelation__lag_2048,x__autocorrelation__lag_256,x__autocorrelation__lag_4096,x__autocorrelation__lag_512,x__autocorrelation__lag_8192
A,0.16634280136126897,-0.57866207006502,0.1844802974064149,0.18174413807035836,0.16411986091612243,0.1857918399307835,0.1793560298999971,0.1831190056660194
