id,x__autocorrelation__lag_1024,x__autocorrelation__lag_128,x__autocorrelation__lag_16384,x__autocorrelation__lag_2048,x__autocorrelation__lag_256,x__autocorrelation__lag_4096,x__autocorrelation__lag_512,x__autocorrelation__lag_8192
A,-0.13837105461332624,-0.2743904070508432,-0.1427112082681924,-0.1454338450763391,-0.19761771658229801,-0.1419592509843308,-0.22931682803355313,-0.14669836743800801
