id,x__autocorrelation__lag_1024,x__autocorrelation__lag_128,x__autocorrelation__lag_16384,x__autocorrelation__lag_2048,x__autocorrelation__lag_256,x__autocorrelation__lag_4096,x__autocorrelation__lag_512,x__autocorrelation__lag_8192
A,-0.16959834718097855,-0.17233943511907238,-0.17577092763020008,-0.17839330153513544,-0.23769967468816044,-0.17475413794030575,-0.27586298989213925,-0.1795121674092336
