id,x__autocorrelation__lag_1024,x__autocorrelation__lag_128,x__autocorrelation__lag_16384,x__autocorrelation__lag_2048,x__autocorrelation__lag_256,x__autocorrelation__lag_4096,x__autocorrelation__lag_512,x__autocorrelation__lag_8192
A,0.5652869427829609,-0.6696101939234356,0.5518890465071226,0.5542672470499276,0.5745405282102583,0.5534249147708318,0.5669645958148709,0.5553902851853194
