id,x__autocorrelation__lag_1024,x__autocorrelation__lag_128,x__autocorrelation__lag_16384,x__autocorrelation__lag_2048,x__autocorrelation__lag_256,x__autocorrelation__lag_4096,x__autocorrelation__lag_512,x__autocorrelation__lag_8192
A,-0.15928371803251493,-0.1886969352235464,-0.15278653011387944,-0.15528053929067864,-0.21985889134329098,-0.1504822363437976,-0.252003520117619,-0.15600022447649878
