id,x__autocorrelation__lag_1024,x__autocorrelation__lag_128,x__autocorrelation__lag_16384,x__autocorrelation__lag_2048,x__autocorrelation__lag_256,x__autocorrelation__lag_4096,x__autocorrelation__lag_512,x__autocorrelation__lag_8192
A,-0.19921139499671653,-0.11857201952074013,-0.19425162716173586,-0.19535483530804193,-0.2605944696566874,-0.1907499441043218,-0.28984140012321763,-0.1950736882350623
