id,x__autocorrelation__lag_1024,x__autocorrelation__lag_128,x__autocorrelation__lag_16384,x__autocorrelation__lag_2048,x__autocorrelation__lag_256,x__autocorrelation__lag_4096,x__autocorrelation__lag_512,x__autocorrelation__lag_8192
A,-0.10830798527908585,-0.283657519698583,-0.1260788928674969,-0.1312750981101401,-0.15375100734887362,-0.12839458931669973,-0.1852179651536511,-0.12344329673075576
