id,x__autocorrelation__lag_1024,x__autocorrelation__lag_128,x__autocorrelation__lag_16384,x__autocorrelation__lag_2048,x__autocorrelation__lag_256,x__autocorrelation__lag_4096,x__autocorrelation__lag_512,x__autocorrelation__lag_8192
A,-0.2170548643924632,-0.07894813461361336,-0.21842044174595715,-0.21917187159081564,-0.27921415358477614,-0.21479257556572273,-0.31514476729798446,-0.22036692354983756
