id,x__autocorrelation__lag_1024,x__autocorrelation__lag_128,x__autocorrelation__lag_16384,x__autocorrelation__lag_2048,x__autocorrelation__lag_256,x__autocorrelation__lag_4096,x__autocorrelation__lag_512,x__autocorrelation__lag_8192
A,-0.08189024381567979,-0.2803164077175984,-0.09876084386732926,-0.10743832934818544,-0.14599103106075126,-0.10216728430598646,-0.18313380011195843,-0.1102580512948088
