id,x__autocorrelation__lag_1024,x__autocorrelation__lag_128,x__autocorrelation__lag_16384,x__autocorrelation__lag_2048,x__autocorrelation__lag_256,x__autocorrelation__lag_4096,x__autocorrelation__lag_512,x__autocorrelation__lag_8192
A,-0.13742523248832916,-0.022448858297255646,-0.20745998270995086,-0.24120635731631923,-0.2743288184791484,-0.22581239177862372,-0.3388106254825136,-0.24994656934588055
