id,x__autocorrelation__lag_1024,x__autocorrelation__lag_128,x__autocorrelation__lag_16384,x__autocorrelation__lag_2048,x__autocorrelation__lag_256,x__autocorrelation__lag_4096,x__autocorrelation__lag_512,x__autocorrelation__lag_8192
A,-0.10280794668445944,-0.27207727434107437,-0.14108597139873247,-0.14506747399211978,-0.15598924859271504,-0.14347903468071208,-0.2602778288215679,-0.1318426360856783
