id,x__autocorrelation__lag_1024,x__autocorrelation__lag_128,x__autocorrelation__lag_16384,x__autocorrelation__lag_2048,x__autocorrelation__lag_256,x__autocorrelation__lag_4096,x__autocorrelation__lag_512,x__autocorrelation__lag_8192
A,0.545242386013376,-0.6711818397845837,0.5339132395047556,0.5360622205958998,0.5558309300189784,0.5349762650688008,0.5532609984019177,0.5376586116789138
