id,x__autocorrelation__lag_1024,x__autocorrelation__lag_128,x__autocorrelation__lag_16384,x__autocorrelation__lag_2048,x__autocorrelation__lag_256,x__autocorrelation__lag_4096,x__autocorrelation__lag_512,x__autocorrelation__lag_8192
A,-0.1919611781249884,-0.1721384771923582,-0.18441816006735726,-0.18720860773994996,-0.24581243772217978,-0.18238353311896918,-0.27617274882758797,-0.1874047138742756
