id,x__autocorrelation__lag_1024,x__autocorrelation__lag_128,x__autocorrelation__lag_16384,x__autocorrelation__lag_2048,x__autocorrelation__lag_256,x__autocorrelation__lag_4096,x__autocorrelation__lag_512,x__autocorrelation__lag_8192
A,-0.14522717630396054,-0.24735876293149428,-0.1441632855026737,-0.15059229130874,-0.1889272776553265,-0.14658785311255096,-0.20649857074236788,-0.1519680866481905
