id,x__autocorrelation__lag_1024,x__autocorrelation__lag_128,x__autocorrelation__lag_16384,x__autocorrelation__lag_2048,x__autocorrelation__lag_256,x__autocorrelation__lag_4096,x__autocorrelation__lag_512,x__autocorrelation__lag_8192
A,0.27976254859749866,-0.5734648974455341,0.2794681172521194,0.2797353919983732,0.27096333924010657,0.2842233718429249,0.2722867795421837,0.2813543472603832
