id,x__autocorrelation__lag_1024,x__autocorrelation__lag_128,x__autocorrelation__lag_16384,x__autocorrelation__lag_2048,x__autocorrelation__lag_256,x__autocorrelation__lag_4096,x__autocorrelation__lag_512,x__autocorrelation__lag_8192
A,0.11203729325908665,-0.5614017427765661,0.11987847576212604,0.11852981112339452,0.09868511226403018,0.12141566733458956,0.11173696419463934,0.12205761650815966
