id,x__autocorrelation__lag_1024,x__autocorrelation__lag_128,x__autocorrelation__lag_16384,x__autocorrelation__lag_2048,x__autocorrelation__lag_256,x__autocorrelation__lag_4096,x__autocorrelation__lag_512,x__autocorrelation__lag_8192
A,-0.14379680936259764,-0.30552916912983996,-0.13463750297159027,-0.13878487896148886,-0.1866408426447009,-0.13547348364401793,-0.20431580773596353,-0.13942219046210594
