id,x__autocorrelation__lag_1024,x__autocorrelation__lag_128,x__autocorrelation__lag_16384,x__autocorrelation__lag_2048,x__autocorrelation__lag_256,x__autocorrelation__lag_4096,x__autocorrelation__lag_512,x__autocorrelation__lag_8192
A,-0.16486960659195096,-0.24253560143781205,-0.14577620289632404,-0.15201892802594655,-0.1953431571356496,-0.1480939090918841,-0.19214063144284355,-0.1540287551777989
