id,x__autocorrelation__lag_1024,x__autocorrelation__lag_128,x__autocorrelation__lag_16384,x__autocorrelation__lag_2048,x__autocorrelation__lag_256,x__autocorrelation__lag_4096,x__autocorrelation__lag_512,x__autocorrelation__lag_8192
A,-0.17274180593694805,-0.22105327914398074,-0.1722570189431617,-0.18014394711713314,-0.21623818019802066,-0.1757432859684075,-0.2353315250368236,-0.18318214076581665
