id,x__autocorrelation__lag_1024,x__autocorrelation__lag_128,x__autocorrelation__lag_16384,x__autocorrelation__lag_2048,x__autocorrelation__lag_256,x__autocorrelation__lag_4096,x__autocorrelation__lag_512,x__autocorrelation__lag_8192
A,-0.17854645059548516,-0.1994245879776448,-0.1732096251807958,-0.17572914062037046,-0.2413825898595129,-0.17219817870969908,-0.2717170478329238,-0.17728031380972262
