id,x__autocorrelation__lag_1024,x__autocorrelation__lag_128,x__autocorrelation__lag_16384,x__autocorrelation__lag_2048,x__autocorrelation__lag_256,x__autocorrelation__lag_4096,x__autocorrelation__lag_512,x__autocorrelation__lag_8192
A,-0.13312060236923878,-0.3254981497561356,-0.13258762501664367,-0.13819689592198622,-0.17808623946025706,-0.13442413962409064,-0.20033894287453563,-0.1388112968069568
