id,x__autocorrelation__lag_1024,x__autocorrelation__lag_128,x__autocorrelation__lag_16384,x__autocorrelation__lag_2048,x__autocorrelation__lag_256,x__autocorrelation__lag_4096,x__autocorrelation__lag_512,x__autocorrelation__lag_8192
A,-0.22940990709851347,-0.0702120491561194,-0.22242951710627176,-0.22375725319875112,-0.29061822500705975,-0.2185208723795378,-0.3172681674263823,-0.22410017084553915
