id,x__autocorrelation__lag_1024,x__autocorrelation__lag_128,x__autocorrelation__lag_16384,x__autocorrelation__lag_2048,x__autocorrelation__lag_256,x__autocorrelation__lag_4096,x__autocorrelation__lag_512,x__autocorrelation__lag_8192
A,-0.18282954785296188,-0.25417082068757185,-0.18633674651413001,-0.1852798544858936,-0.2378481519809921,-0.18234499420864214,-0.2559945647611039,-0.18324499141599482
