id,x__autocorrelation__lag_1024,x__autocorrelation__lag_128,x__autocorrelation__lag_16384,x__autocorrelation__lag_2048,x__autocorrelation__lag_256,x__autocorrelation__lag_4096,x__autocorrelation__lag_512,x__autocorrelation__lag_8192
A,0.5647190527518502,-0.6689411735127693,0.5525466989343633,0.5544835399936249,0.5728852916681114,0.5539847831250492,0.5644161334743858,0.5545772661343504
