id,x__autocorrelation__lag_1024,x__autocorrelation__lag_128,x__autocorrelation__lag_16384,x__autocorrelation__lag_2048,x__autocorrelation__lag_256,x__autocorrelation__lag_4096,x__autocorrelation__lag_512,x__autocorrelation__lag_8192
A,-0.1022114602589693,-0.28515196968159734,-0.1402436083553197,-0.14713893747656065,-0.15812995394645954,-0.1460633542471587,-0.2631231616942432,-0.13692273744441275
