id,x__autocorrelation__lag_1024,x__autocorrelation__lag_128,x__autocorrelation__lag_16384,x__autocorrelation__lag_2048,x__autocorrelation__lag_256,x__autocorrelation__lag_4096,x__autocorrelation__lag_512,x__autocorrelation__lag_8192
A,0.5791955125871168,-0.7401751965075276,0.5710544969295547,0.5742907979730162,0.6007370081518263,0.5735507875959958,0.6010522458820138,0.5756997739373719
