id,x__autocorrelation__lag_1024,x__autocorrelation__lag_128,x__autocorrelation__lag_16384,x__autocorrelation__lag_2048,x__autocorrelation__lag_256,x__autocorrelation__lag_4096,x__autocorrelation__lag_512,x__autocorrelation__lag_8192
A,0.5496715981060447,-0.6713533764636109,0.5370539776269706,0.5403138386282559,0.5641875897556005,0.5394235775332091,0.5593578059559015,0.5419344927917469
