id,x__autocorrelation__lag_1024,x__autocorrelation__lag_128,x__autocorrelation__lag_16384,x__autocorrelation__lag_2048,x__autocorrelation__lag_256,x__autocorrelation__lag_4096,x__autocorrelation__lag_512,x__autocorrelation__lag_8192
A,-0.1761770043665703,-0.2057755038163787,-0.1787371906999495,-0.18190109195388265,-0.23646248085069366,-0.17870081065935844,-0.27157631722273784,-0.18352283292143706
