id,x__autocorrelation__lag_1024,x__autocorrelation__lag_128,x__autocorrelation__lag_16384,x__autocorrelation__lag_2048,x__autocorrelation__lag_256,x__autocorrelation__lag_4096,x__autocorrelation__lag_512,x__autocorrelation__lag_8192
A,0.2547443384827922,-0.5547987950381927,0.2523360048945416,0.2558135073919998,0.24987401175046084,0.25922331305198354,0.25186223456447165,0.25827503839425414
