id,x__autocorrelation__lag_1024,x__autocorrelation__lag_128,x__autocorrelation__lag_16384,x__autocorrelation__lag_2048,x__autocorrelation__lag_256,x__autocorrelation__lag_4096,x__autocorrelation__lag_512,x__autocorrelation__lag_8192
A,-0.14540852495261622,-0.30898939625736416,-0.15402576161515708,-0.15385997133671994,-0.20860166258750684,-0.15149405443870734,-0.23665547659991248,-0.1516157227430951
