id,x__autocorrelation__lag_1024,x__autocorrelation__lag_128,x__autocorrelation__lag_16384,x__autocorrelation__lag_2048,x__autocorrelation__lag_256,x__autocorrelation__lag_4096,x__autocorrelation__lag_512,x__autocorrelation__lag_8192
A,0.538352923485277,-0.6562913065433178,0.5213576459613508,0.5248879590155815,0.5453587905334826,0.5234682304803863,0.5421314387589887,0.5268345375620154
