id,x__autocorrelation__lag_1024,x__autocorrelation__lag_128,x__autocorrelation__lag_16384,x__autocorrelation__lag_2048,x__autocorrelation__lag_256,x__autocorrelation__lag_4096,x__autocorrelation__lag_512,x__autocorrelation__lag_8192
A,-0.17567781411454134,-0.2018685837200768,-0.17339270423237588,-0.17402086096588956,-0.24090947865238488,-0.17108671649086463,-0.2718870701137281,-0.17441355009465165
