id,x__autocorrelation__lag_1024,x__autocorrelation__lag_128,x__autocorrelation__lag_16384,x__autocorrelation__lag_2048,x__autocorrelation__lag_256,x__autocorrelation__lag_4096,x__autocorrelation__lag_512,x__autocorrelation__lag_8192
A,-0.2105251494967448,-0.028176045233850887,-0.20456127053262183,-0.21515485937325798,-0.27833600823680055,-0.20777791538624973,-0.3141929175650133,-0.21889419392196258
