id,x__autocorrelation__lag_1024,x__autocorrelation__lag_128,x__autocorrelation__lag_16384,x__autocorrelation__lag_2048,x__autocorrelation__lag_256,x__autocorrelation__lag_4096,x__autocorrelation__lag_512,x__autocorrelation__lag_8192
A,0.09630015833124907,-0.5470455333332733,0.10032159624696702,0.09792105205378214,0.08872498015828835,0.10164683686909165,0.0948404348009783,0.10079920782864438
