id,x__autocorrelation__lag_1024,x__autocorrelation__lag_128,x__autocorrelation__lag_16384,x__autocorrelation__lag_2048,x__autocorrelation__lag_256,x__autocorrelation__lag_4096,x__autocorrelation__lag_512,x__autocorrelation__lag_8192
A,-0.23522350174574524,-0.09449492188617786,-0.22743662494905187,-0.2282943011733487,-0.29670493449433755,-0.22336467756809675,-0.31858429129499094,-0.2277666283053793
