id,x__autocorrelation__lag_1024,x__autocorrelation__lag_128,x__autocorrelation__lag_16384,x__autocorrelation__lag_2048,x__autocorrelation__lag_256,x__autocorrelation__lag_4096,x__autocorrelation__lag_512,x__autocorrelation__lag_8192
A,0.5647867181487596,-0.6763945684947541,0.5529626081836898,0.55687642894704,0.5755833692866041,0.5557757846580726,0.5706183758251437,0.5578855416183318
