id,x__autocorrelation__lag_1024,x__autocorrelation__lag_128,x__autocorrelation__lag_16384,x__autocorrelation__lag_2048,x__autocorrelation__lag_256,x__autocorrelation__lag_4096,x__autocorrelation__lag_512,x__autocorrelation__lag_8192
A,-0.15276240705374186,-0.2740250127013556,-0.15750321251817936,-0.1604960955762853,-0.21455420950749945,-0.15703227306423637,-0.23953233607352972,-0.16078025453367376
