id,x__autocorrelation__lag_1024,x__autocorrelation__lag_128,x__autocorrelation__lag_16384,x__autocorrelation__lag_2048,x__autocorrelation__lag_256,x__autocorrelation__lag_4096,x__autocorrelation__lag_512,x__autocorrelation__lag_8192
A,-0.11912966343663225,-0.2843995347734019,-0.12703591617692991,-0.13072379370521303,-0.18736768875456555,-0.12716232030506697,-0.22885757742346508,-0.13295593078829357
