id,x__autocorrelation__lag_1024,x__autocorrelation__lag_128,x__autocorrelation__lag_16384,x__autocorrelation__lag_2048,x__autocorrelation__lag_256,x__autocorrelation__lag_4096,x__autocorrelation__lag_512,x__autocorrelation__lag_8192
A,-0.14120326016517018,-0.30147826705495745,-0.12696450328472256,-0.13512938292030618,-0.18285024212864223,-0.13067288442715486,-0.17863209925702625,-0.1365113467256722
