id,x__autocorrelation__lag_1024,x__autocorrelation__lag_128,x__autocorrelation__lag_16384,x__autocorrelation__lag_2048,x__autocorrelation__lag_256,x__autocorrelation__lag_4096,x__autocorrelation__lag_512,x__autocorrelation__lag_8192
A,-0.11744990558691092,-0.262285735042947,-0.10905484488857059,-0.11835428398596755,-0.15677722507809175,-0.11342233327161284,-0.16873488347426865,-0.1220325273947882
