id,x__autocorrelation__lag_1024,x__autocorrelation__lag_128,x__autocorrelation__lag_16384,x__autocorrelation__lag_2048,x__autocorrelation__lag_256,x__autocorrelation__lag_4096,x__autocorrelation__lag_512,x__autocorrelation__lag_8192
A,-0.1918684313635019,-0.19701961418902292,-0.18536705437544784,-0.18786612098358954,-0.25134672170338757,-0.18407116806736334,-0.2808024673773213,-0.18859203952906278
