id,x__autocorrelation__lag_1024,x__autocorrelation__lag_128,x__autocorrelation__lag_16384,x__autocorrelation__lag_2048,x__autocorrelation__lag_256,x__autocorrelation__lag_4096,x__autocorrelation__lag_512,x__autocorrelation__lag_8192
A,-0.14455133017686322,-0.3142211294006223,-0.1392862534596047,-0.1450866361664364,-0.18940361943332704,-0.14070582099791906,-0.20680492724736732,-0.1462033654400904
