id,x__autocorrelation__lag_1024,x__autocorrelation__lag_128,x__autocorrelation__lag_16384,x__autocorrelation__lag_2048,x__autocorrelation__lag_256,x__autocorrelation__lag_4096,x__autocorrelation__lag_512,x__autocorrelation__lag_8192
A,0.5316339434915933,-0.6550648507258718,0.5177968417829589,0.5202922085827392,0.5439143051778798,0.5192622448660377,0.5391117562896204,0.5217598713169086
