id,x__autocorrelation__lag_1024,x__autocorrelation__lag_128,x__autocorrelation__lag_16384,x__autocorrelation__lag_2048,x__autocorrelation__lag_256,x__autocorrelation__lag_4096,x__autocorrelation__lag_512,x__autocorrelation__lag_8192
A,-0.10852952689988683,-0.30076609018892897,-0.10862944171762039,-0.11197734771384633,-0.15671531712635742,-0.10873529064952357,-0.18616437626411686,-0.1128632330157514
