id,x__autocorrelation__lag_1024,x__autocorrelation__lag_128,x__autocorrelation__lag_16384,x__autocorrelation__lag_2048,x__autocorrelation__lag_256,x__autocorrelation__lag_4096,x__autocorrelation__lag_512,x__autocorrelation__lag_8192
A,-0.1334533243047863,-0.31778986347132976,-0.12940498992402177,-0.1346630018362605,-0.1765096605692846,-0.13157880908755876,-0.19783692270903894,-0.13592589121090545
