id,x__autocorrelation__lag_1024,x__autocorrelation__lag_128,x__autocorrelation__lag_16384,x__autocorrelation__lag_2048,x__autocorrelation__lag_256,x__autocorrelation__lag_4096,x__autocorrelation__lag_512,x__autocorrelation__lag_8192
A,-0.11046665540007698,-0.2862440195617301,-0.12214935658432717,-0.12665965144355915,-0.17360419402727148,-0.121990168395632,-0.21526007273437897,-0.12759673379440414
