id,x__autocorrelation__lag_1024,x__autocorrelation__lag_128,x__autocorrelation__lag_16384,x__autocorrelation__lag_2048,x__autocorrelation__lag_256,x__autocorrelation__lag_4096,x__autocorrelation__lag_512,x__autocorrelation__lag_8192
A,0.5823896697818769,-0.7274374367686234,0.5736671784506315,0.5761491571432283,0.6007968707602125,0.5754605850721349,0.6010458251791444,0.5771765897050581
