id,x__autocorrelation__lag_1024,x__autocorrelation__lag_128,x__autocorrelation__lag_16384,x__autocorrelation__lag_2048,x__autocorrelation__lag_256,x__autocorrelation__lag_4096,x__autocorrelation__lag_512,x__autocorrelation__lag_8192
A,-0.20128096129957238,-0.21308984532360148,-0.19323811782451006,-0.197029532493053,-0.2608117083059145,-0.19320249167936376,-0.2848949326332372,-0.19820575938499163
