id,x__autocorrelation__lag_1024,x__autocorrelation__lag_128,x__autocorrelation__lag_16384,x__autocorrelation__lag_2048,x__autocorrelation__lag_256,x__autocorrelation__lag_4096,x__autocorrelation__lag_512,x__autocorrelation__lag_8192
A,-0.10533379580026957,-0.2553082796723581,-0.11854221679692557,-0.12072142363730992,-0.17388007644864178,-0.11819438082058743,-0.21228532050816937,-0.12219308522908896
