id,x__autocorrelation__lag_1024,x__autocorrelation__lag_128,x__autocorrelation__lag_16384,x__autocorrelation__lag_2048,x__autocorrelation__lag_256,x__autocorrelation__lag_4096,x__autocorrelation__lag_512,x__autocorrelation__lag_8192
A,-0.16881890525626683,-0.20372862076681234,-0.16525816607433882,-0.16674962531728516,-0.22546012933932574,-0.1627434085046581,-0.25708683609975097,-0.16691936375732142
