id,x__autocorrelation__lag_1024,x__autocorrelation__lag_128,x__autocorrelation__lag_16384,x__autocorrelation__lag_2048,x__autocorrelation__lag_256,x__autocorrelation__lag_4096,x__autocorrelation__lag_512,x__autocorrelation__lag_8192
A,-0.22524690342724082,-0.23596353812929086,-0.21311025706613415,-0.21517234589432332,-0.27256927559789645,-0.21128320984845145,-0.2905757020328087,-0.21514114099651444
