id,x__autocorrelation__lag_1024,x__autocorrelation__lag_128,x__autocorrelation__lag_16384,x__autocorrelation__lag_2048,x__autocorrelation__lag_256,x__autocorrelation__lag_4096,x__autocorrelation__lag_512,x__autocorrelation__lag_8192
A,-0.203721758804145,-0.07635576064643024,-0.20230135897643656,-0.20472611665531076,-0.2772652697735535,-0.19924862602290372,-0.3127172368768005,-0.20621612561308586
