id,x__autocorrelation__lag_1024,x__autocorrelation__lag_128,x__autocorrelation__lag_16384,x__autocorrelation__lag_2048,x__autocorrelation__lag_256,x__autocorrelation__lag_4096,x__autocorrelation__lag_512,x__autocorrelation__lag_8192
A,-0.2150719207905638,-0.24569157995796564,-0.20712398812519314,-0.2078894872630332,-0.26760623529271577,-0.2047925086827273,-0.2857556856193518,-0.20722406958652415
