id,x__autocorrelation__lag_1024,x__autocorrelation__lag_128,x__autocorrelation__lag_16384,x__autocorrelation__lag_2048,x__autocorrelation__lag_256,x__autocorrelation__lag_4096,x__autocorrelation__lag_512,x__autocorrelation__lag_8192
A,-0.1684170621667891,-0.1930707203188752,-0.17772387655101593,-0.18264310659471764,-0.23948193437786278,-0.17751912771608763,-0.27930728542481736,-0.18446454008744115
