id,x__autocorrelation__lag_1024,x__autocorrelation__lag_128,x__autocorrelation__lag_16384,x__autocorrelation__lag_2048,x__autocorrelation__lag_256,x__autocorrelation__lag_4096,x__autocorrelation__lag_512,x__autocorrelation__lag_8192
A,-0.10424179470052299,-0.2028542714093166,-0.12270646303174214,-0.12737625960387847,-0.18573124472013325,-0.12317234039435289,-0.23923778917472174,-0.13025708276543913
