id,x__autocorrelation__lag_1024,x__autocorrelation__lag_128,x__autocorrelation__lag_16384,x__autocorrelation__lag_2048,x__autocorrelation__lag_256,x__autocorrelation__lag_4096,x__autocorrelation__lag_512,x__autocorrelation__lag_8192
A,0.5464008879890517,-0.677900238882886,0.5343796872751911,0.535474054689904,0.5582716694868343,0.5349844611258248,0.5572800800538911,0.53683216155827
