id,x__autocorrelation__lag_1024,x__autocorrelation__lag_128,x__autocorrelation__lag_16384,x__autocorrelation__lag_2048,x__autocorrelation__lag_256,x__autocorrelation__lag_4096,x__autocorrelation__lag_512,x__autocorrelation__lag_8192
A,-0.12594822968732836,-0.31689682491646587,-0.1388688188953805,-0.1504787948364438,-0.17052205483007438,-0.14010841481055306,-0.19801430170926732,-0.1448947494001033
