id,x__autocorrelation__lag_1024,x__autocorrelation__lag_128,x__autocorrelation__lag_16384,x__autocorrelation__lag_2048,x__autocorrelation__lag_256,x__autocorrelation__lag_4096,x__autocorrelation__lag_512,x__autocorrelation__lag_8192
A,-0.19987800396125455,-0.12192577424957646,-0.1986811329667358,-0.1991775094141612,-0.26125621139083927,-0.19530547514125957,-0.29280983790309534,-0.19990009329687722
