id,x__autocorrelation__lag_1024,x__autocorrelation__lag_128,x__autocorrelation__lag_16384,x__autocorrelation__lag_2048,x__autocorrelation__lag_256,x__autocorrelation__lag_4096,x__autocorrelation__lag_512,x__autocorrelation__lag_8192
A,-0.12746951214738816,-0.36409193088230946,-0.1532023327372322,-0.20401450955440387,-0.14331540029487239,-0.15910345509149174,-0.26625361811306436,-0.15013711884238592
