id,x__autocorrelation__lag_1024,x__autocorrelation__lag_128,x__autocorrelation__lag_16384,x__autocorrelation__lag_2048,x__autocorrelation__lag_256,x__autocorrelation__lag_4096,x__autocorrelation__lag_512,x__autocorrelation__lag_8192
A,-0.1467513626368177,-0.2846748477708034,-0.15105176459329686,-0.15371434755231772,-0.20292165175649432,-0.15029405515243396,-0.23311864619806436,-0.1545256309066265
