id,x__autocorrelation__lag_1024,x__autocorrelation__lag_128,x__autocorrelation__lag_16384,x__autocorrelation__lag_2048,x__autocorrelation__lag_256,x__autocorrelation__lag_4096,x__autocorrelation__lag_512,x__autocorrelation__lag_8192
A,-0.1469836310636945,-0.18086255259341388,-0.14440067594678976,-0.14851190020856322,-0.216611912495158,-0.14353584645230405,-0.25345978228180277,-0.14962091882863848
