id,x__autocorrelation__lag_1024,x__autocorrelation__lag_128,x__autocorrelation__lag_16384,x__autocorrelation__lag_2048,x__autocorrelation__lag_256,x__autocorrelation__lag_4096,x__autocorrelation__lag_512,x__autocorrelation__lag_8192
A,-0.07699422293961852,-0.2649046891261214,-0.10218069409809326,-0.10346968854562602,-0.12579146929783844,-0.09932003805443508,-0.15539452763581993,-0.09272751403443434
