id,x__autocorrelation__lag_1024,x__autocorrelation__lag_128,x__autocorrelation__lag_16384,x__autocorrelation__lag_2048,x__autocorrelation__lag_256,x__autocorrelation__lag_4096,x__autocorrelation__lag_512,x__autocorrelation__lag_8192
A,-0.08226463237747178,-0.022907219180831554,-0.17713700852173067,-0.2257903023849194,-0.23931874064052386,-0.21264032193227464,-0.3183794343437082,-0.23361702497634623
