id,x__autocorrelation__lag_1024,x__autocorrelation__lag_128,x__autocorrelation__lag_16384,x__autocorrelation__lag_2048,x__autocorrelation__lag_256,x__autocorrelation__lag_4096,x__autocorrelation__lag_512,x__autocorrelation__lag_8192
A,-0.17139098518638782,-0.3186498802940073,-0.18845407472424308,-0.2237337188073783,-0.21108054883611788,-0.20615971380237097,-0.2837023115063776,-0.1994906153672583
