id,x__autocorrelation__lag_1024,x__autocorrelation__lag_128,x__autocorrelation__lag_16384,x__autocorrelation__lag_2048,x__autocorrelation__lag_256,x__autocorrelation__lag_4096,x__autocorrelation__lag_512,x__autocorrelation__lag_8192
A,-0.10788322305201961,-0.2900759595887372,-0.13646544674226757,-0.1436843073172077,-0.15867599042839461,-0.14687835244477931,-0.25374140868282774,-0.1320644678417596
