id,x__autocorrelation__lag_1024,x__autocorrelation__lag_128,x__autocorrelation__lag_16384,x__autocorrelation__lag_2048,x__autocorrelation__lag_256,x__autocorrelation__lag_4096,x__autocorrelation__lag_512,x__autocorrelation__lag_8192
A,-0.10173327683751676,-0.30398766502827507,-0.1449252482443297,-0.160008575585363,-0.15951711569627455,-0.15898426423624945,-0.2799495477155757,-0.15254299780002806
