id,x__autocorrelation__lag_1024,x__autocorrelation__lag_128,x__autocorrelation__lag_16384,x__autocorrelation__lag_2048,x__autocorrelation__lag_256,x__autocorrelation__lag_4096,x__autocorrelation__lag_512,x__autocorrelation__lag_8192
A,0.5434714030242057,-0.6654937466453898,0.5319976222098068,0.5343325793618533,0.5526533004801674,0.5333202126546156,0.5502305943637379,0.5350966044111468
