id,x__autocorrelation__lag_1024,x__autocorrelation__lag_128,x__autocorrelation__lag_16384,x__autocorrelation__lag_2048,x__autocorrelation__lag_256,x__autocorrelation__lag_4096,x__autocorrelation__lag_512,x__autocorrelation__lag_8192
A,-0.14525867055885386,-0.29179546622302666,-0.1456513925979807,-0.14983785684889428,-0.19725811499453164,-0.14589042565890634,-0.22581446695147364,-0.1503791484303307
