id,x__autocorrelation__lag_1024,x__autocorrelation__lag_128,x__autocorrelation__lag_16384,x__autocorrelation__lag_2048,x__autocorrelation__lag_256,x__autocorrelation__lag_4096,x__autocorrelation__lag_512,x__autocorrelation__lag_8192
A,-0.2057519791108842,-0.11574394636257455,-0.2020246824575764,-0.20484638599201965,-0.2645386011397246,-0.19968878899219492,-0.29584636604630266,-0.20515062582801474
