id,x__autocorrelation__lag_1024,x__autocorrelation__lag_128,x__autocorrelation__lag_16384,x__autocorrelation__lag_2048,x__autocorrelation__lag_256,x__autocorrelation__lag_4096,x__autocorrelation__lag_512,x__autocorrelation__lag_8192
A,-0.19622770757960217,-0.12004494744752872,-0.20049860097398248,-0.20199484620476027,-0.26417499321581545,-0.1974497904082207,-0.30188713534927014,-0.20273457619497443
