id,x__autocorrelation__lag_1024,x__autocorrelation__lag_128,x__autocorrelation__lag_16384,x__autocorrelation__lag_2048,x__autocorrelation__lag_256,x__autocorrelation__lag_4096,x__autocorrelation__lag_512,x__autocorrelation__lag_8192
A,-0.11002914036800535,-0.01519570959990085,-0.20410647652832065,-0.21894151296985762,-0.23942000960413629,-0.21376553266860251,-0.30250704055356503,-0.21518119485159334
