id,x__autocorrelation__lag_1024,x__autocorrelation__lag_128,x__autocorrelation__lag_16384,x__autocorrelation__lag_2048,x__autocorrelation__lag_256,x__autocorrelation__lag_4096,x__autocorrelation__lag_512,x__autocorrelation__lag_8192
A,-0.1274438776624045,-0.2510657860543193,-0.13650339480438112,-0.14273922744954487,-0.16444278950019664,-0.14048137086234855,-0.2489594338376609,-0.13767500354733356
