id,x__autocorrelation__lag_1024,x__autocorrelation__lag_128,x__autocorrelation__lag_16384,x__autocorrelation__lag_2048,x__autocorrelation__lag_256,x__autocorrelation__lag_4096,x__autocorrelation__lag_512,x__autocorrelation__lag_8192
A,-0.12532795588046294,-0.29783241103423713,-0.12481888865312885,-0.12917119066150995,-0.17425322813413519,-0.12567300888586494,-0.19988864286707098,-0.13064039838416402
