id,x__autocorrelation__lag_1024,x__autocorrelation__lag_128,x__autocorrelation__lag_16384,x__autocorrelation__lag_2048,x__autocorrelation__lag_256,x__autocorrelation__lag_4096,x__autocorrelation__lag_512,x__autocorrelation__lag_8192
A,-0.056737377806037256,-0.06219725588475846,-0.16737718715759745,-0.21944897511733635,-0.2413448091523738,-0.19945786807241564,-0.3515826635120932,-0.2448533720483977
