id,x__autocorrelation__lag_1024,x__autocorrelation__lag_128,x__autocorrelation__lag_16384,x__autocorrelation__lag_2048,x__autocorrelation__lag_256,x__autocorrelation__lag_4096,x__autocorrelation__lag_512,x__autocorrelation__lag_8192
A,0.5535946082376411,-0.6614935415384304,0.5418927995031889,0.5433103601476288,0.5622877518551255,0.5427530005506952,0.5542046508306742,0.5438053130811387
