id,x__autocorrelation__lag_1024,x__autocorrelation__lag_128,x__autocorrelation__lag_16384,x__autocorrelation__lag_2048,x__autocorrelation__lag_256,x__autocorrelation__lag_4096,x__autocorrelation__lag_512,x__autocorrelation__lag_8192
A,-0.0866829686460738,-0.31035702218944206,-0.09396119030400017,-0.09846167742168715,-0.1463202817669249,-0.09505745887677552,-0.1773275708359618,-0.09970170121137491
