id,x__autocorrelation__lag_1024,x__autocorrelation__lag_128,x__autocorrelation__lag_16384,x__autocorrelation__lag_2048,x__autocorrelation__lag_256,x__autocorrelation__lag_4096,x__autocorrelation__lag_512,x__autocorrelation__lag_8192
A,0.5561326879309589,-0.6869401910902819,0.5412363667599264,0.5439390876703706,0.5712093626139088,0.542866724518321,0.5671144476238529,0.5457273420539863
