id,x__autocorrelation__lag_1024,x__autocorrelation__lag_128,x__autocorrelation__lag_16384,x__autocorrelation__lag_2048,x__autocorrelation__lag_256,x__autocorrelation__lag_4096,x__autocorrelation__lag_512,x__autocorrelation__lag_8192
A,-0.14838266878381548,-0.31753030946070504,-0.12981093778178104,-0.13754968634849035,-0.18191723248582756,-0.13299658944494827,-0.17850653374456682,-0.1390790547371888
