id,x__autocorrelation__lag_1024,x__autocorrelation__lag_128,x__autocorrelation__lag_16384,x__autocorrelation__lag_2048,x__autocorrelation__lag_256,x__autocorrelation__lag_4096,x__autocorrelation__lag_512,x__autocorrelation__lag_8192
A,-0.18780588897225933,-0.09872406840502124,-0.1975183407061012,-0.19629736509948978,-0.2598914009149163,-0.192697272022388,-0.2996272092628576,-0.19667518851482443
