id,x__autocorrelation__lag_1024,x__autocorrelation__lag_128,x__autocorrelation__lag_16384,x__autocorrelation__lag_2048,x__autocorrelation__lag_256,x__autocorrelation__lag_4096,x__autocorrelation__lag_512,x__autocorrelation__lag_8192
A,0.5412684493166573,-0.6562354955379829,0.5246661566898237,0.5286086978368031,0.5537614615300043,0.5274243607664484,0.548164524259138,0.5302113027675646
