id,x__autocorrelation__lag_1024,x__autocorrelation__lag_128,x__autocorrelation__lag_16384,x__autocorrelation__lag_2048,x__autocorrelation__lag_256,x__autocorrelation__lag_4096,x__autocorrelation__lag_512,x__autocorrelation__lag_8192
A,-0.09071291814793415,-0.23803568042515375,-0.10388826303101936,-0.08537074884105506,-0.17744999447099732,-0.10380732267153012,-0.20192499678555095,-0.10544616853856523
