id,x__autocorrelation__lag_1024,x__autocorrelation__lag_128,x__autocorrelation__lag_16384,x__autocorrelation__lag_2048,x__autocorrelation__lag_256,x__autocorrelation__lag_4096,x__autocorrelation__lag_512,x__autocorrelation__lag_8192
A,0.5484018204293822,-0.6690967516323978,0.5385987959201568,0.5396043330211441,0.5555350274245965,0.5393647341017076,0.5537624426006108,0.5404044752775891
