id,x__autocorrelation__lag_1024,x__autocorrelation__lag_128,x__autocorrelation__lag_16384,x__autocorrelation__lag_2048,x__autocorrelation__lag_256,x__autocorrelation__lag_4096,x__autocorrelation__lag_512,x__autocorrelation__lag_8192
A,-0.16084009247172712,-0.30030535094292526,-0.1612690176502264,-0.1642044193337195,-0.21034666817003964,-0.16111033231158858,-0.22588303002034246,-0.1645609136359262
