id,x__autocorrelation__lag_1024,x__autocorrelation__lag_128,x__autocorrelation__lag_16384,x__autocorrelation__lag_2048,x__autocorrelation__lag_256,x__autocorrelation__lag_4096,x__autocorrelation__lag_512,x__autocorrelation__lag_8192
A,0.5679847908867547,-0.6749107386004942,0.5572550597098596,0.5592933696376401,0.5789569756753363,0.5582601080925841,0.5709344389754781,0.5595189267968617
