id,x__autocorrelation__lag_1024,x__autocorrelation__lag_128,x__autocorrelation__lag_16384,x__autocorrelation__lag_2048,x__autocorrelation__lag_256,x__autocorrelation__lag_4096,x__autocorrelation__lag_512,x__autocorrelation__lag_8192
A,0.5992355319828624,-0.7184603886805633,0.5823314631284473,0.5874913749446883,0.6123671158704898,0.5863129941833631,0.6087201505995933,0.5885385213066855
