id,x__autocorrelation__lag_1024,x__autocorrelation__lag_128,x__autocorrelation__lag_16384,x__autocorrelation__lag_2048,x__autocorrelation__lag_256,x__autocorrelation__lag_4096,x__autocorrelation__lag_512,x__autocorrelation__lag_8192
A,-0.19365522744539138,-0.35920967187036296,-0.19665034199517425,-0.18635749772831683,-0.2061003887871514,-0.19753172274151945,-0.23813476139975237,-0.18645305004289048
