id,x__autocorrelation__lag_1024,x__autocorrelation__lag_128,x__autocorrelation__lag_16384,x__autocorrelation__lag_2048,x__autocorrelation__lag_256,x__autocorrelation__lag_4096,x__autocorrelation__lag_512,x__autocorrelation__lag_8192
A,-0.23849598874074973,-0.06226820185353785,-0.23640546406799282,-0.23673587122209788,-0.30259332845560666,-0.23230661056310392,-0.3320129129025226,-0.23634389523898688
