id,x__autocorrelation__lag_1024,x__autocorrelation__lag_128,x__autocorrelation__lag_16384,x__autocorrelation__lag_2048,x__autocorrelation__lag_256,x__autocorrelation__lag_4096,x__autocorrelation__lag_512,x__autocorrelation__lag_8192
A,-0.23569240168634026,-0.37344400346585627,-0.24247498682027158,-0.25218328517254385,-0.2521689662914802,-0.2411725151827483,-0.27973097453978657,-0.23435152303404763
