id,x__autocorrelation__lag_1024,x__autocorrelation__lag_128,x__autocorrelation__lag_16384,x__autocorrelation__lag_2048,x__autocorrelation__lag_256,x__autocorrelation__lag_4096,x__autocorrelation__lag_512,x__autocorrelation__lag_8192
A,-0.23056730564745023,-0.03548648536319442,-0.22450440537366237,-0.23909494355695024,-0.297690781306988,-0.23040049403186225,-0.3248649673459567,-0.24305107086667668
