id,x__autocorrelation__lag_1024,x__autocorrelation__lag_128,x__autocorrelation__lag_16384,x__autocorrelation__lag_2048,x__autocorrelation__lag_256,x__autocorrelation__lag_4096,x__autocorrelation__lag_512,x__autocorrelation__lag_8192
A,-0.07868712375500532,-0.03936249372803656,-0.18043773073936775,-0.22242288229819154,-0.2520481158509006,-0.20970037762148036,-0.35468442944004647,-0.23624748465756792
