id,x__autocorrelation__lag_1024,x__autocorrelation__lag_128,x__autocorrelation__lag_16384,x__autocorrelation__lag_2048,x__autocorrelation__lag_256,x__autocorrelation__lag_4096,x__autocorrelation__lag_512,x__autocorrelation__lag_8192
A,-0.2257109622836654,-0.04035522241586725,-0.22242823593283637,-0.2377138151206135,-0.2961617671264911,-0.22925881849967342,-0.3287282228189095,-0.24173582923630973
