id,x__autocorrelation__lag_1024,x__autocorrelation__lag_128,x__autocorrelation__lag_16384,x__autocorrelation__lag_2048,x__autocorrelation__lag_256,x__autocorrelation__lag_4096,x__autocorrelation__lag_512,x__autocorrelation__lag_8192
A,-0.16422223887640788,-0.29676142223439017,-0.15507306196351206,-0.1630700367658284,-0.20608323971427586,-0.15900893008878025,-0.2176071178737734,-0.16522839820479404
