id,x__autocorrelation__lag_1024,x__autocorrelation__lag_128,x__autocorrelation__lag_16384,x__autocorrelation__lag_2048,x__autocorrelation__lag_256,x__autocorrelation__lag_4096,x__autocorrelation__lag_512,x__autocorrelation__lag_8192
A,-0.11473042616312241,-0.2722995422624647,-0.14387870065805267,-0.1517677154989073,-0.16370144598329578,-0.14669466224469735,-0.25854074466859495,-0.1446139033442441
