id,x__autocorrelation__lag_1024,x__autocorrelation__lag_128,x__autocorrelation__lag_16384,x__autocorrelation__lag_2048,x__autocorrelation__lag_256,x__autocorrelation__lag_4096,x__autocorrelation__lag_512,x__autocorrelation__lag_8192
A,-0.1355214950400486,-0.25826185193446216,-0.13063999941617457,-0.13602436001248908,-0.1842575585957755,-0.13306307640832246,-0.19119349301408345,-0.13743438516860462
