id,x__autocorrelation__lag_1024,x__autocorrelation__lag_128,x__autocorrelation__lag_16384,x__autocorrelation__lag_2048,x__autocorrelation__lag_256,x__autocorrelation__lag_4096,x__autocorrelation__lag_512,x__autocorrelation__lag_8192
A,-0.12746588802450226,-0.30256292516812666,-0.11628616803713585,-0.12304244775792228,-0.1693912326261789,-0.11973017715137521,-0.16794882240262604,-0.1243068244703069
