id,x__autocorrelation__lag_1024,x__autocorrelation__lag_128,x__autocorrelation__lag_16384,x__autocorrelation__lag_2048,x__autocorrelation__lag_256,x__autocorrelation__lag_4096,x__autocorrelation__lag_512,x__autocorrelation__lag_8192
A,-0.1332931253114209,-0.2557780854312737,-0.132489568154654,-0.13967238673375693,-0.1761357979801329,-0.13546611390670024,-0.18768012209910875,-0.142051837127333
