id,x__autocorrelation__lag_1024,x__autocorrelation__lag_128,x__autocorrelation__lag_16384,x__autocorrelation__lag_2048,x__autocorrelation__lag_256,x__autocorrelation__lag_4096,x__autocorrelation__lag_512,x__autocorrelation__lag_8192
A,-0.12075575775001451,-0.2970653617561375,-0.12301151263333833,-0.12818510624850643,-0.17453358524380114,-0.12415316771958988,-0.20192602834499432,-0.12967465975451972
