id,x__autocorrelation__lag_1024,x__autocorrelation__lag_128,x__autocorrelation__lag_16384,x__autocorrelation__lag_2048,x__autocorrelation__lag_256,x__autocorrelation__lag_4096,x__autocorrelation__lag_512,x__autocorrelation__lag_8192
A,-0.17451927097032727,-0.21447673453127028,-0.17143011161189167,-0.17397308194815356,-0.2299934983895898,-0.1704442583254077,-0.2606297899589803,-0.1750902511207017
