id,x__autocorrelation__lag_1024,x__autocorrelation__lag_128,x__autocorrelation__lag_16384,x__autocorrelation__lag_2048,x__autocorrelation__lag_256,x__autocorrelation__lag_4096,x__autocorrelation__lag_512,x__autocorrelation__lag_8192
A,-0.2036882823699075,-0.12589425746550006,-0.19849635676123986,-0.20002150321660755,-0.25743895044576215,-0.19650041887677405,-0.2914944973935062,-0.2017850544591367
