id,x__autocorrelation__lag_1024,x__autocorrelation__lag_128,x__autocorrelation__lag_16384,x__autocorrelation__lag_2048,x__autocorrelation__lag_256,x__autocorrelation__lag_4096,x__autocorrelation__lag_512,x__autocorrelation__lag_8192
A,-0.1026914912489226,-0.3032100199034565,-0.10614092914966958,-0.10974499830251211,-0.15674445955428196,-0.10576110529377868,-0.19296712210316555,-0.11130397377325923
