id,x__autocorrelation__lag_1024,x__autocorrelation__lag_128,x__autocorrelation__lag_16384,x__autocorrelation__lag_2048,x__autocorrelation__lag_256,x__autocorrelation__lag_4096,x__autocorrelation__lag_512,x__autocorrelation__lag_8192
A,-0.09134803255107456,-0.22770149579597276,-0.10931715953976968,-0.10344425483234734,-0.17297113477450782,-0.1140037123788743,-0.2098795365241928,-0.11102249875238984
