id,x__autocorrelation__lag_1024,x__autocorrelation__lag_128,x__autocorrelation__lag_16384,x__autocorrelation__lag_2048,x__autocorrelation__lag_256,x__autocorrelation__lag_4096,x__autocorrelation__lag_512,x__autocorrelation__lag_8192
A,0.2593195329318926,-0.5352167479740543,0.2734887974201663,0.2762886048757811,0.25288855801045323,0.27773781531795383,0.25752837193985884,0.2766768461555033
