id,x__autocorrelation__lag_1024,x__autocorrelation__lag_128,x__autocorrelation__lag_16384,x__autocorrelation__lag_2048,x__autocorrelation__lag_256,x__autocorrelation__lag_4096,x__autocorrelation__lag_512,x__autocorrelation__lag_8192
A,-0.19828354000164652,-0.12212395463634972,-0.19648005755759324,-0.19825332526682682,-0.2542302445074501,-0.19380546353856734,-0.28845716095843127,-0.19922584050118786
