id,x__autocorrelation__lag_1024,x__autocorrelation__lag_128,x__autocorrelation__lag_16384,x__autocorrelation__lag_2048,x__autocorrelation__lag_256,x__autocorrelation__lag_4096,x__autocorrelation__lag_512,x__autocorrelation__lag_8192
A,-0.21324585364175563,-0.013120522252489577,-0.21607021764726805,-0.2228459585055759,-0.2734032235074041,-0.2158784265373319,-0.31493999982195103,-0.225471401983876
