id,x__autocorrelation__lag_1024,x__autocorrelation__lag_128,x__autocorrelation__lag_16384,x__autocorrelation__lag_2048,x__autocorrelation__lag_256,x__autocorrelation__lag_4096,x__autocorrelation__lag_512,x__autocorrelation__lag_8192
A,-0.22614444032323516,-0.04164806557050255,-0.22750036066149748,-0.22845776629588174,-0.292828585134699,-0.22424566305973792,-0.32423060002325843,-0.22901173659756766
