id,x__autocorrelation__lag_1024,x__autocorrelation__lag_128,x__autocorrelation__lag_16384,x__autocorrelation__lag_2048,x__autocorrelation__lag_256,x__autocorrelation__lag_4096,x__autocorrelation__lag_512,x__autocorrelation__lag_8192
A,-0.21703349127940028,0.001654815436109846,-0.21729601096644824,-0.22606403089705748,-0.2873388097997751,-0.21941810743088688,-0.3225666402168774,-0.22949882463198246
