id,x__autocorrelation__lag_1024,x__autocorrelation__lag_128,x__autocorrelation__lag_16384,x__autocorrelation__lag_2048,x__autocorrelation__lag_256,x__autocorrelation__lag_4096,x__autocorrelation__lag_512,x__autocorrelation__lag_8192
A,-0.19577246882900357,-0.087250486468189,-0.19503632463160606,-0.19294256046253755,-0.26708741479915915,-0.1890458472790633,-0.29917264505472285,-0.19357552295875688
