id,x__autocorrelation__lag_1024,x__autocorrelation__lag_128,x__autocorrelation__lag_16384,x__autocorrelation__lag_2048,x__autocorrelation__lag_256,x__autocorrelation__lag_4096,x__autocorrelation__lag_512,x__autocorrelation__lag_8192
A,0.5782839019497447,-0.675750784651298,0.5657163073000251,0.5669264245262801,0.5843641669182872,0.5662647522031167,0.5762442459840831,0.5676687216416337
