id,x__autocorrelation__lag_1024,x__autocorrelation__lag_128,x__autocorrelation__lag_16384,x__autocorrelation__lag_2048,x__autocorrelation__lag_256,x__autocorrelation__lag_4096,x__autocorrelation__lag_512,x__autocorrelation__lag_8192
A,-0.33398711574795376,-0.3514084546902257,-0.3810542835191823,-0.3864129111329995,-0.367839900614359,-0.3737439459100532,-0.43965108076814385,-0.38180486790977525
