id,x__autocorrelation__lag_1024,x__autocorrelation__lag_128,x__autocorrelation__lag_16384,x__autocorrelation__lag_2048,x__autocorrelation__lag_256,x__autocorrelation__lag_4096,x__autocorrelation__lag_512,x__autocorrelation__lag_8192
A,-0.2491702114380542,-0.37153868016408914,-0.2536965358055289,-0.25867935811692494,-0.263458663719089,-0.2533795232152369,-0.2919720568808695,-0.2475489525581571
