id,x__autocorrelation__lag_1024,x__autocorrelation__lag_128,x__autocorrelation__lag_16384,x__autocorrelation__lag_2048,x__autocorrelation__lag_256,x__autocorrelation__lag_4096,x__autocorrelation__lag_512,x__autocorrelation__lag_8192
A,-0.17024391873063838,-0.3219965256052701,-0.16922148238683812,-0.17189553892293188,-0.212933098124023,-0.16953643476264557,-0.2289484048722726,-0.17198949763087082
