id,x__autocorrelation__lag_1024,x__autocorrelation__lag_128,x__autocorrelation__lag_16384,x__autocorrelation__lag_2048,x__autocorrelation__lag_256,x__autocorrelation__lag_4096,x__autocorrelation__lag_512,x__autocorrelation__lag_8192
A,-0.1709244085022071,-0.17904177876214122,-0.17940520893686787,-0.18152816595356713,-0.23649004486381325,-0.1777996315759097,-0.2759573109137649,-0.18265488045639464
