id,x__autocorrelation__lag_1024,x__autocorrelation__lag_128,x__autocorrelation__lag_16384,x__autocorrelation__lag_2048,x__autocorrelation__lag_256,x__autocorrelation__lag_4096,x__autocorrelation__lag_512,x__autocorrelation__lag_8192
A,-0.33093347610076734,-0.3387644859495475,-0.33105010876953817,-0.34315885127779927,-0.35283850818954254,-0.3301849414376169,-0.36985756057182695,-0.33141885324708004
