id,x__autocorrelation__lag_1024,x__autocorrelation__lag_128,x__autocorrelation__lag_16384,x__autocorrelation__lag_2048,x__autocorrelation__lag_256,x__autocorrelation__lag_4096,x__autocorrelation__lag_512,x__autocorrelation__lag_8192
A,-0.14679748939923948,-0.28720457369331354,-0.13700222937652898,-0.14754355708230069,-0.1952600581143982,-0.1421707323243346,-0.19783647746336014,-0.15052588498905742
