id,x__autocorrelation__lag_1024,x__autocorrelation__lag_128,x__autocorrelation__lag_16384,x__autocorrelation__lag_2048,x__autocorrelation__lag_256,x__autocorrelation__lag_4096,x__autocorrelation__lag_512,x__autocorrelation__lag_8192
A,0.5744830889155867,-0.7337340906977929,0.5639853989731648,0.5648839920947423,0.5907713980990092,0.5647489242728391,0.5902029559433987,0.5652993746613206
