id,x__autocorrelation__lag_1024,x__autocorrelation__lag_128,x__autocorrelation__lag_16384,x__autocorrelation__lag_2048,x__autocorrelation__lag_256,x__autocorrelation__lag_4096,x__autocorrelation__lag_512,x__autocorrelation__lag_8192
A,-0.18851268343738917,-0.36208493581653367,-0.195252348463875,-0.19984561166434883,-0.20688768339024197,-0.19729616841637818,-0.24676083806963783,-0.19485524437645202
