id,x__autocorrelation__lag_1024,x__autocorrelation__lag_128,x__autocorrelation__lag_16384,x__autocorrelation__lag_2048,x__autocorrelation__lag_256,x__autocorrelation__lag_4096,x__autocorrelation__lag_512,x__autocorrelation__lag_8192
A,-0.08654035676753379,-0.29279875132295735,-0.09376748111436117,-0.0969723515195532,-0.14280784162569737,-0.09429507616448086,-0.17561738733770463,-0.09900696938410576
