id,x__autocorrelation__lag_1024,x__autocorrelation__lag_128,x__autocorrelation__lag_16384,x__autocorrelation__lag_2048,x__autocorrelation__lag_256,x__autocorrelation__lag_4096,x__autocorrelation__lag_512,x__autocorrelation__lag_8192
A,0.5732718356861861,-0.6736191221919057,0.560925280074914,0.5620474728201802,0.581440414639749,0.5614253028190133,0.5725904328089101,0.5620293609493002
