id,x__autocorrelation__lag_1024,x__autocorrelation__lag_128,x__autocorrelation__lag_16384,x__autocorrelation__lag_2048,x__autocorrelation__lag_256,x__autocorrelation__lag_4096,x__autocorrelation__lag_512,x__autocorrelation__lag_8192
A,-0.18370504086886838,-0.19791900790509245,-0.17738094998620338,-0.1794503947984342,-0.24049146325825616,-0.1754864262776099,-0.2734342122562182,-0.1805677918483888
