id,x__autocorrelation__lag_1024,x__autocorrelation__lag_128,x__autocorrelation__lag_16384,x__autocorrelation__lag_2048,x__autocorrelation__lag_256,x__autocorrelation__lag_4096,x__autocorrelation__lag_512,x__autocorrelation__lag_8192
A,0.5188244225437615,-0.7150562038067471,0.5171823315979261,0.5158998645158435,0.5345865080828994,0.5171552053250946,0.5393561743710994,0.5163515122483662
