id,x__autocorrelation__lag_1024,x__autocorrelation__lag_128,x__autocorrelation__lag_16384,x__autocorrelation__lag_2048,x__autocorrelation__lag_256,x__autocorrelation__lag_4096,x__autocorrelation__lag_512,x__autocorrelation__lag_8192
A,-0.1764738453108024,-0.2659723297355119,-0.179261005418141,-0.1797922180159883,-0.22985104380453553,-0.1771606123491467,-0.25223647613633776,-0.17949665239403306
