id,x__autocorrelation__lag_1024,x__autocorrelation__lag_128,x__autocorrelation__lag_16384,x__autocorrelation__lag_2048,x__autocorrelation__lag_256,x__autocorrelation__lag_4096,x__autocorrelation__lag_512,x__autocorrelation__lag_8192
A,0.5551533955423493,-0.6722682455934749,0.5394895847487924,0.5435773783421315,0.5677956850875641,0.5424256557544634,0.5610008262680075,0.5447644001816199
