id,x__autocorrelation__lag_1024,x__autocorrelation__lag_128,x__autocorrelation__lag_16384,x__autocorrelation__lag_2048,x__autocorrelation__lag_256,x__autocorrelation__lag_4096,x__autocorrelation__lag_512,x__autocorrelation__lag_8192
A,-0.13440836344010967,-0.26219661510736075,-0.12214454185357798,-0.12796964435183877,-0.1720921236920493,-0.12446570938148978,-0.17382050172654054,-0.12972232656222618
