id,x__autocorrelation__lag_1024,x__autocorrelation__lag_128,x__autocorrelation__lag_16384,x__autocorrelation__lag_2048,x__autocorrelation__lag_256,x__autocorrelation__lag_4096,x__autocorrelation__lag_512,x__autocorrelation__lag_8192
A,-0.16909217865253545,-0.19613723072142455,-0.16484507071031282,-0.16715180148492606,-0.22691148694290778,-0.16316991349550508,-0.2609684690494451,-0.1679075292688718
