id,x__autocorrelation__lag_1024,x__autocorrelation__lag_128,x__autocorrelation__lag_16384,x__autocorrelation__lag_2048,x__autocorrelation__lag_256,x__autocorrelation__lag_4096,x__autocorrelation__lag_512,x__autocorrelation__lag_8192
A,-0.18748020419505002,-0.23034680457118567,-0.178350138126115,-0.181704323417907,-0.24087943247154217,-0.17795503374814883,-0.26764480588853534,-0.18267655759275872
