id,x__autocorrelation__lag_1024,x__autocorrelation__lag_128,x__autocorrelation__lag_16384,x__autocorrelation__lag_2048,x__autocorrelation__lag_256,x__autocorrelation__lag_4096,x__autocorrelation__lag_512,x__autocorrelation__lag_8192
A,0.46892668104508567,-0.672053452291736,0.4633777748166037,0.4682790617703209,0.48370180089586756,0.467159869536972,0.4920827461003356,0.469497886391373
