id,x__autocorrelation__lag_1024,x__autocorrelation__lag_128,x__autocorrelation__lag_16384,x__autocorrelation__lag_2048,x__autocorrelation__lag_256,x__autocorrelation__lag_4096,x__autocorrelation__lag_512,x__autocorrelation__lag_8192
A,-0.12843696320883705,-0.23198165336617899,-0.12704094822142434,-0.13347243140721657,-0.1697593878085522,-0.12932004917573672,-0.18263314753689053,-0.13546047875487696
