id,x__autocorrelation__lag_1024,x__autocorrelation__lag_128,x__autocorrelation__lag_16384,x__autocorrelation__lag_2048,x__autocorrelation__lag_256,x__autocorrelation__lag_4096,x__autocorrelation__lag_512,x__autocorrelation__lag_8192
A,-0.20205664292791817,-0.1461342395729736,-0.19729983582998245,-0.19864282302810837,-0.26155402428639724,-0.19515918672675706,-0.2919318254271323,-0.19958055698540125
