id,x__autocorrelation__lag_1024,x__autocorrelation__lag_128,x__autocorrelation__lag_16384,x__autocorrelation__lag_2048,x__autocorrelation__lag_256,x__autocorrelation__lag_4096,x__autocorrelation__lag_512,x__autocorrelation__lag_8192
A,-0.332794362932433,-0.35480963590321535,-0.3282391010775384,-0.344574682442048,-0.3511631806804558,-0.33140068372775616,-0.37332880383938305,-0.33167671718171715
