id,x__autocorrelation__lag_1024,x__autocorrelation__lag_128,x__autocorrelation__lag_16384,x__autocorrelation__lag_2048,x__autocorrelation__lag_256,x__autocorrelation__lag_4096,x__autocorrelation__lag_512,x__autocorrelation__lag_8192
A,-0.12061530625083954,-0.3073226431713213,-0.1191632482398077,-0.12340566337477238,-0.16741296665040178,-0.12021807807253306,-0.19352948245217907,-0.12532182715254384
