id,x__autocorrelation__lag_1024,x__autocorrelation__lag_128,x__autocorrelation__lag_16384,x__autocorrelation__lag_2048,x__autocorrelation__lag_256,x__autocorrelation__lag_4096,x__autocorrelation__lag_512,x__autocorrelation__lag_8192
A,-0.11468214791809438,-0.2586712644640316,-0.12962784656654838,-0.13374388380770325,-0.15800221224871028,-0.1313313105305925,-0.2530302307833219,-0.12748447476146646
