id,x__autocorrelation__lag_1024,x__autocorrelation__lag_128,x__autocorrelation__lag_16384,x__autocorrelation__lag_2048,x__autocorrelation__lag_256,x__autocorrelation__lag_4096,x__autocorrelation__lag_512,x__autocorrelation__lag_8192
A,-0.053821683995113306,-0.01238056460515885,-0.1743089096118345,-0.2234762514743112,-0.25417963583503017,-0.21284748287559557,-0.32603769584840325,-0.2358683894664893
