id,x__autocorrelation__lag_1024,x__autocorrelation__lag_128,x__autocorrelation__lag_16384,x__autocorrelation__lag_2048,x__autocorrelation__lag_256,x__autocorrelation__lag_4096,x__autocorrelation__lag_512,x__autocorrelation__lag_8192
A,-0.22631477286160087,-0.09976393290974823,-0.22127655755977307,-0.22363725526227035,-0.2809586177386179,-0.219527403059495,-0.3102571039936403,-0.22414169776774945
