id,x__autocorrelation__lag_1024,x__autocorrelation__lag_128,x__autocorrelation__lag_16384,x__autocorrelation__lag_2048,x__autocorrelation__lag_256,x__autocorrelation__lag_4096,x__autocorrelation__lag_512,x__autocorrelation__lag_8192
A,-0.09380491617067836,-0.29278629835635045,-0.1018458039393758,-0.10688142334048478,-0.14606437454406632,-0.10273580183510271,-0.1819448438979899,-0.10907319666577552
