id,x__autocorrelation__lag_1024,x__autocorrelation__lag_128,x__autocorrelation__lag_16384,x__autocorrelation__lag_2048,x__autocorrelation__lag_256,x__autocorrelation__lag_4096,x__autocorrelation__lag_512,x__autocorrelation__lag_8192
A,-0.06299325167855066,-0.050079036941191035,-0.1649363074363601,-0.21741698967711737,-0.24706042837371928,-0.20421434176983905,-0.35585347378188437,-0.23523737613848772
