id,x__autocorrelation__lag_1024,x__autocorrelation__lag_128,x__autocorrelation__lag_16384,x__autocorrelation__lag_2048,x__autocorrelation__lag_256,x__autocorrelation__lag_4096,x__autocorrelation__lag_512,x__autocorrelation__lag_8192
A,-0.16215146914224102,-0.24767146257064468,-0.14150131121012702,-0.149216231749858,-0.19065272890049356,-0.14512319710318297,-0.18632646604441983,-0.15137988324921126
