id,x__autocorrelation__lag_1024,x__autocorrelation__lag_128,x__autocorrelation__lag_16384,x__autocorrelation__lag_2048,x__autocorrelation__lag_256,x__autocorrelation__lag_4096,x__autocorrelation__lag_512,x__autocorrelation__lag_8192
A,-0.17035307185524415,-0.21019406932037357,-0.16407458996589694,-0.16824310013663266,-0.23225298483697723,-0.1636392377636107,-0.26394032383411875,-0.1692477800549227
