id,x__autocorrelation__lag_1024,x__autocorrelation__lag_128,x__autocorrelation__lag_16384,x__autocorrelation__lag_2048,x__autocorrelation__lag_256,x__autocorrelation__lag_4096,x__autocorrelation__lag_512,x__autocorrelation__lag_8192
A,-0.16904547459412667,-0.22932748271663125,-0.16198868613049416,-0.1648721187989247,-0.22569352592425418,-0.16129511405606672,-0.2582149739109448,-0.16634979200801875
