id,x__autocorrelation__lag_1024,x__autocorrelation__lag_128,x__autocorrelation__lag_16384,x__autocorrelation__lag_2048,x__autocorrelation__lag_256,x__autocorrelation__lag_4096,x__autocorrelation__lag_512,x__autocorrelation__lag_8192
A,0.2568380252988805,-0.5735426880646716,0.2627446374271014,0.26827760391711525,0.24709985679910515,0.27018077124046536,0.25840683352384536,0.27230045808127135
