id,x__autocorrelation__lag_1024,x__autocorrelation__lag_128,x__autocorrelation__lag_16384,x__autocorrelation__lag_2048,x__autocorrelation__lag_256,x__autocorrelation__lag_4096,x__autocorrelation__lag_512,x__autocorrelation__lag_8192
A,-0.0941338459406979,-0.3103201795531683,-0.096689839122019,-0.10462085680215706,-0.1486728324940971,-0.10022782872042672,-0.17662632814797208,-0.10693739137162568
