id,x__autocorrelation__lag_1024,x__autocorrelation__lag_128,x__autocorrelation__lag_16384,x__autocorrelation__lag_2048,x__autocorrelation__lag_256,x__autocorrelation__lag_4096,x__autocorrelation__lag_512,x__autocorrelation__lag_8192
A,-0.2246969497840085,-0.043249307223150374,-0.22588023149321007,-0.2253463913854114,-0.2901593012391047,-0.22163076971371964,-0.324706512754275,-0.2259963895918737
