id,x__autocorrelation__lag_1024,x__autocorrelation__lag_128,x__autocorrelation__lag_16384,x__autocorrelation__lag_2048,x__autocorrelation__lag_256,x__autocorrelation__lag_4096,x__autocorrelation__lag_512,x__autocorrelation__lag_8192
A,-0.2047308288495161,-0.08895666104557942,-0.2055827361907633,-0.20520473501751674,-0.27031705090218405,-0.20191519978254657,-0.30368875744382706,-0.20546572190021495
