id,x__autocorrelation__lag_1024,x__autocorrelation__lag_128,x__autocorrelation__lag_16384,x__autocorrelation__lag_2048,x__autocorrelation__lag_256,x__autocorrelation__lag_4096,x__autocorrelation__lag_512,x__autocorrelation__lag_8192
A,-0.11785099342425323,-0.30113702199920483,-0.11590435857745225,-0.12080826306100326,-0.16388074757452625,-0.11736174894248727,-0.1904606509212847,-0.12256097848175045
