id,x__autocorrelation__lag_1024,x__autocorrelation__lag_128,x__autocorrelation__lag_16384,x__autocorrelation__lag_2048,x__autocorrelation__lag_256,x__autocorrelation__lag_4096,x__autocorrelation__lag_512,x__autocorrelation__lag_8192
A,-0.15093696621058428,-0.275460430455049,-0.14332767631422227,-0.14967736287879027,-0.19343166510250623,-0.1463917028751931,-0.19967999518513296,-0.151037288001666
