id,x__autocorrelation__lag_1024,x__autocorrelation__lag_128,x__autocorrelation__lag_16384,x__autocorrelation__lag_2048,x__autocorrelation__lag_256,x__autocorrelation__lag_4096,x__autocorrelation__lag_512,x__autocorrelation__lag_8192
A,0.3536429362770272,-0.6040849682600614,0.3585061132222085,0.35952054791402915,0.3612177724014484,0.3610644033237728,0.37320715960691236,0.36018024268983106
