id,x__autocorrelation__lag_1024,x__autocorrelation__lag_128,x__autocorrelation__lag_16384,x__autocorrelation__lag_2048,x__autocorrelation__lag_256,x__autocorrelation__lag_4096,x__autocorrelation__lag_512,x__autocorrelation__lag_8192
A,-0.08226483416928125,-0.28766078629810266,-0.08932873515442788,-0.09520890031897108,-0.13972848441040336,-0.09087176645878699,-0.17893386000796216,-0.09790260097156418
