id,x__autocorrelation__lag_1024,x__autocorrelation__lag_128,x__autocorrelation__lag_16384,x__autocorrelation__lag_2048,x__autocorrelation__lag_256,x__autocorrelation__lag_4096,x__autocorrelation__lag_512,x__autocorrelation__lag_8192
A,0.4727965772934642,-0.6845402022505516,0.4705531462083065,0.4719455718147516,0.48752600250127764,0.47236781736984096,0.4927584840534163,0.47173680939666673
