id,x__autocorrelation__lag_1024,x__autocorrelation__lag_128,x__autocorrelation__lag_16384,x__autocorrelation__lag_2048,x__autocorrelation__lag_256,x__autocorrelation__lag_4096,x__autocorrelation__lag_512,x__autocorrelation__lag_8192
A,-0.14602154171341147,-0.04191460358748461,-0.21535906262546237,-0.24991015874456873,-0.28375084512193705,-0.23590042961678379,-0.3408565704833933,-0.2600631347818966
