id,x__autocorrelation__lag_1024,x__autocorrelation__lag_128,x__autocorrelation__lag_16384,x__autocorrelation__lag_2048,x__autocorrelation__lag_256,x__autocorrelation__lag_4096,x__autocorrelation__lag_512,x__autocorrelation__lag_8192
A,-0.14863480936131082,-0.30736204723801896,-0.15430296937340499,-0.15627278125330066,-0.20247987235888962,-0.15333734014727485,-0.22514699111215475,-0.15604106806127724
