id,x__autocorrelation__lag_1024,x__autocorrelation__lag_128,x__autocorrelation__lag_16384,x__autocorrelation__lag_2048,x__autocorrelation__lag_256,x__autocorrelation__lag_4096,x__autocorrelation__lag_512,x__autocorrelation__lag_8192
A,-0.2148837577037363,-0.06971074619960711,-0.21229013294998636,-0.21428577854147757,-0.29106102664671785,-0.20979621947269667,-0.3189021978208975,-0.21420931657517342
