id,x__autocorrelation__lag_1024,x__autocorrelation__lag_128,x__autocorrelation__lag_16384,x__autocorrelation__lag_2048,x__autocorrelation__lag_256,x__autocorrelation__lag_4096,x__autocorrelation__lag_512,x__autocorrelation__lag_8192
A,-0.12233650547925971,-0.25978767778281087,-0.11745715742930313,-0.12208271295540182,-0.16615570145903819,-0.11872595047644409,-0.179572014335797,-0.12313369975375812
