id,x__autocorrelation__lag_1024,x__autocorrelation__lag_128,x__autocorrelation__lag_16384,x__autocorrelation__lag_2048,x__autocorrelation__lag_256,x__autocorrelation__lag_4096,x__autocorrelation__lag_512,x__autocorrelation__lag_8192
A,-0.19609527476640468,-0.20262940949495253,-0.19152091898090576,-0.193577461163002,-0.24990538102267573,-0.18999646189511082,-0.28233724956488027,-0.19466430138965213
