id,x__autocorrelation__lag_1024,x__autocorrelation__lag_128,x__autocorrelation__lag_16384,x__autocorrelation__lag_2048,x__autocorrelation__lag_256,x__autocorrelation__lag_4096,x__autocorrelation__lag_512,x__autocorrelation__lag_8192
A,-0.13766075703676006,-0.3280887549668014,-0.13610512340604242,-0.14215171796067586,-0.18695512569778627,-0.1385332013567172,-0.19809033427017722,-0.143100401393097
