id,x__autocorrelation__lag_1024,x__autocorrelation__lag_128,x__autocorrelation__lag_16384,x__autocorrelation__lag_2048,x__autocorrelation__lag_256,x__autocorrelation__lag_4096,x__autocorrelation__lag_512,x__autocorrelation__lag_8192
A,-0.16419030446315913,-0.31413168898905747,-0.1466099390059941,-0.16826376202068233,-0.2165112598945918,-0.1516965324800801,-0.28866334141104133,-0.14978666282262434
