id,x__autocorrelation__lag_1024,x__autocorrelation__lag_128,x__autocorrelation__lag_16384,x__autocorrelation__lag_2048,x__autocorrelation__lag_256,x__autocorrelation__lag_4096,x__autocorrelation__lag_512,x__autocorrelation__lag_8192
A,-0.09570214377432189,-0.29010195909049913,-0.1438091561333041,-0.15206361776240995,-0.15786351494945106,-0.1476070270320851,-0.2757362550411598,-0.14104987555807655
