id,x__autocorrelation__lag_1024,x__autocorrelation__lag_128,x__autocorrelation__lag_16384,x__autocorrelation__lag_2048,x__autocorrelation__lag_256,x__autocorrelation__lag_4096,x__autocorrelation__lag_512,x__autocorrelation__lag_8192
A,-0.12106935975521847,-0.29608971299241416,-0.12217571747170455,-0.12689298910915914,-0.17105970671241583,-0.12357687043750952,-0.1995482056873397,-0.12885744950213615
