id,x__autocorrelation__lag_1024,x__autocorrelation__lag_128,x__autocorrelation__lag_16384,x__autocorrelation__lag_2048,x__autocorrelation__lag_256,x__autocorrelation__lag_4096,x__autocorrelation__lag_512,x__autocorrelation__lag_8192
A,-0.08167341144217415,-0.32674626501482745,-0.08652553709196907,-0.09566478524066407,-0.13476628279860126,-0.09094956251792022,-0.15948068662172993,-0.09812085144754319
