id,x__autocorrelation__lag_1024,x__autocorrelation__lag_128,x__autocorrelation__lag_16384,x__autocorrelation__lag_2048,x__autocorrelation__lag_256,x__autocorrelation__lag_4096,x__autocorrelation__lag_512,x__autocorrelation__lag_8192
A,0.5501433110026742,-0.7236548023529978,0.5417878939177271,0.5418204034081364,0.5622709657806845,0.5423301372547082,0.564889401209079,0.5425112314647875
