id,x__autocorrelation__lag_1024,x__autocorrelation__lag_128,x__autocorrelation__lag_16384,x__autocorrelation__lag_2048,x__autocorrelation__lag_256,x__autocorrelation__lag_4096,x__autocorrelation__lag_512,x__autocorrelation__lag_8192
A,-0.19280911555338534,-0.20513244825658514,-0.1813037377602787,-0.18427191306958604,-0.25220831358449497,-0.18040770347124457,-0.2781083146502079,-0.1851335942779948
