id,x__autocorrelation__lag_1024,x__autocorrelation__lag_128,x__autocorrelation__lag_16384,x__autocorrelation__lag_2048,x__autocorrelation__lag_256,x__autocorrelation__lag_4096,x__autocorrelation__lag_512,x__autocorrelation__lag_8192
A,-0.20354418414908482,-0.03835854904421189,-0.20492993841182267,-0.21337665638407277,-0.2730832363340688,-0.20625171684500923,-0.3117808871383324,-0.21557221985790562
