id,x__autocorrelation__lag_1024,x__autocorrelation__lag_128,x__autocorrelation__lag_16384,x__autocorrelation__lag_2048,x__autocorrelation__lag_256,x__autocorrelation__lag_4096,x__autocorrelation__lag_512,x__autocorrelation__lag_8192
A,-0.1988014013843924,-0.05143037461508676,-0.19883473694547543,-0.20107992232897387,-0.2715875914358438,-0.1959083650998818,-0.30744547582698084,-0.20193300271072195
