id,x__autocorrelation__lag_1024,x__autocorrelation__lag_128,x__autocorrelation__lag_16384,x__autocorrelation__lag_2048,x__autocorrelation__lag_256,x__autocorrelation__lag_4096,x__autocorrelation__lag_512,x__autocorrelation__lag_8192
A,-0.10767352566938233,-0.22984921719705895,-0.10616048508968877,-0.11214452789631078,-0.14592200563025293,-0.10878568392072653,-0.15770357426416448,-0.1147715400318902
