id,x__autocorrelation__lag_1024,x__autocorrelation__lag_128,x__autocorrelation__lag_16384,x__autocorrelation__lag_2048,x__autocorrelation__lag_256,x__autocorrelation__lag_4096,x__autocorrelation__lag_512,x__autocorrelation__lag_8192
A,-0.185448263398732,-0.21918580190550066,-0.1777100801843872,-0.18102793022604605,-0.24278223362578313,-0.17685716838441015,-0.27147350126311154,-0.18254545316684925
