id,x__autocorrelation__lag_1024,x__autocorrelation__lag_128,x__autocorrelation__lag_16384,x__autocorrelation__lag_2048,x__autocorrelation__lag_256,x__autocorrelation__lag_4096,x__autocorrelation__lag_512,x__autocorrelation__lag_8192
A,-0.1914411580998139,-0.1692492403308284,-0.18771435642498818,-0.19097308134712299,-0.2413087630800675,-0.1866242065657884,-0.2720439623325606,-0.19170966218387192
