id,x__autocorrelation__lag_1024,x__autocorrelation__lag_128,x__autocorrelation__lag_16384,x__autocorrelation__lag_2048,x__autocorrelation__lag_256,x__autocorrelation__lag_4096,x__autocorrelation__lag_512,x__autocorrelation__lag_8192
A,0.5744690017844633,-0.6835951634771176,0.5621771427393734,0.5640791192139256,0.5823073277668638,0.5630685276157331,0.5756311851324898,0.5654631442822632
