id,x__autocorrelation__lag_1024,x__autocorrelation__lag_128,x__autocorrelation__lag_16384,x__autocorrelation__lag_2048,x__autocorrelation__lag_256,x__autocorrelation__lag_4096,x__autocorrelation__lag_512,x__autocorrelation__lag_8192
A,-0.238110563327901,-0.051044479310557764,-0.23697781847979885,-0.23707067360654419,-0.30368137435239667,-0.23252102978127318,-0.3326164251963753,-0.23629662001249346
