id,x__autocorrelation__lag_1024,x__autocorrelation__lag_128,x__autocorrelation__lag_16384,x__autocorrelation__lag_2048,x__autocorrelation__lag_256,x__autocorrelation__lag_4096,x__autocorrelation__lag_512,x__autocorrelation__lag_8192
A,-0.1421657450259682,-0.22387395864977372,-0.15804552067332966,-0.16229529353131716,-0.20387648059450594,-0.15714662721000475,-0.25581914620451013,-0.16375776397646993
