id,x__autocorrelation__lag_1024,x__autocorrelation__lag_128,x__autocorrelation__lag_16384,x__autocorrelation__lag_2048,x__autocorrelation__lag_256,x__autocorrelation__lag_4096,x__autocorrelation__lag_512,x__autocorrelation__lag_8192
A,-0.11781238544645117,-0.32231745104613885,-0.11495963046034262,-0.12153449056362377,-0.1662705876785793,-0.11713439097630289,-0.18578929528727792,-0.12371903229480519
