id,x__autocorrelation__lag_1024,x__autocorrelation__lag_128,x__autocorrelation__lag_16384,x__autocorrelation__lag_2048,x__autocorrelation__lag_256,x__autocorrelation__lag_4096,x__autocorrelation__lag_512,x__autocorrelation__lag_8192
A,0.5509044871348475,-0.6736269816423951,0.5294012486657578,0.5331071090984849,0.5574906533885511,0.5313082863809586,0.556053106663899,0.5341096580326486
