id,x__autocorrelation__lag_1024,x__autocorrelation__lag_128,x__autocorrelation__lag_16384,x__autocorrelation__lag_2048,x__autocorrelation__lag_256,x__autocorrelation__lag_4096,x__autocorrelation__lag_512,x__autocorrelation__lag_8192
A,-0.22030525330739834,-0.04864420606547988,-0.21583040818104934,-0.23146338277800008,-0.2905308328590421,-0.2220844381662239,-0.32221794481779364,-0.235433831913001
