id,x__autocorrelation__lag_1024,x__autocorrelation__lag_128,x__autocorrelation__lag_16384,x__autocorrelation__lag_2048,x__autocorrelation__lag_256,x__autocorrelation__lag_4096,x__autocorrelation__lag_512,x__autocorrelation__lag_8192
A,-0.1955616129189759,-0.24756281988826764,-0.18074974097643767,-0.18842926564512164,-0.22559057531062734,-0.18433033931509796,-0.22682759039544861,-0.1903483500952359
