id,x__autocorrelation__lag_1024,x__autocorrelation__lag_128,x__autocorrelation__lag_16384,x__autocorrelation__lag_2048,x__autocorrelation__lag_256,x__autocorrelation__lag_4096,x__autocorrelation__lag_512,x__autocorrelation__lag_8192
A,-0.22633719036951766,-0.031441666187006875,-0.2715181617584343,-0.2868389047191226,-0.2804619890229924,-0.27883412549414566,-0.4183797892431643,-0.2857769093971245
