id,x__autocorrelation__lag_1024,x__autocorrelation__lag_128,x__autocorrelation__lag_16384,x__autocorrelation__lag_2048,x__autocorrelation__lag_256,x__autocorrelation__lag_4096,x__autocorrelation__lag_512,x__autocorrelation__lag_8192
A,-0.1422547728904455,-0.2390435081612058,-0.14472409995929048,-0.14763523138565515,-0.1991258866061417,-0.1435403484887786,-0.23885554614837357,-0.14892984843781393
