id,x__autocorrelation__lag_1024,x__autocorrelation__lag_128,x__autocorrelation__lag_16384,x__autocorrelation__lag_2048,x__autocorrelation__lag_256,x__autocorrelation__lag_4096,x__autocorrelation__lag_512,x__autocorrelation__lag_8192
A,0.5558502687234448,-0.6651189912106894,0.546024740700666,0.5476943493868893,0.5660748414177673,0.5468890312468961,0.5566905901149846,0.547978203167084
