id,x__autocorrelation__lag_1024,x__autocorrelation__lag_128,x__autocorrelation__lag_16384,x__autocorrelation__lag_2048,x__autocorrelation__lag_256,x__autocorrelation__lag_4096,x__autocorrelation__lag_512,x__autocorrelation__lag_8192
A,-0.13204524359057027,-0.25144785631129885,-0.12556471996144888,-0.131983232878709,-0.1730043837938823,-0.12767694431427043,-0.17921753380555466,-0.13428523125371852
