id,x__autocorrelation__lag_1024,x__autocorrelation__lag_128,x__autocorrelation__lag_16384,x__autocorrelation__lag_2048,x__autocorrelation__lag_256,x__autocorrelation__lag_4096,x__autocorrelation__lag_512,x__autocorrelation__lag_8192
A,0.5610233638632884,-0.6686944593112205,0.5491873171149869,0.5518209877617949,0.5723979554014688,0.5510271981910071,0.5640547207793218,0.5529352619148478
