id,x__autocorrelation__lag_1024,x__autocorrelation__lag_128,x__autocorrelation__lag_16384,x__autocorrelation__lag_2048,x__autocorrelation__lag_256,x__autocorrelation__lag_4096,x__autocorrelation__lag_512,x__autocorrelation__lag_8192
A,-0.13163897982615547,-0.2874968242375354,-0.1317596238574296,-0.1385070187984067,-0.18233982449095884,-0.1341406454672389,-0.20574057236965665,-0.14049108768568191
