id,x__autocorrelation__lag_1024,x__autocorrelation__lag_128,x__autocorrelation__lag_16384,x__autocorrelation__lag_2048,x__autocorrelation__lag_256,x__autocorrelation__lag_4096,x__autocorrelation__lag_512,x__autocorrelation__lag_8192
A,0.571099214056595,-0.6799049419989263,0.5586861025287508,0.5604536811568976,0.5795389435565043,0.5597771806147549,0.572839392885285,0.5614827018133625
