id,x__autocorrelation__lag_1024,x__autocorrelation__lag_128,x__autocorrelation__lag_16384,x__autocorrelation__lag_2048,x__autocorrelation__lag_256,x__autocorrelation__lag_4096,x__autocorrelation__lag_512,x__autocorrelation__lag_8192
A,-0.13564149125305197,-0.2156109763391205,-0.12965792870310097,-0.13585848984511406,-0.17256999008169122,-0.1322043569050443,-0.17850539553157938,-0.13800687523157237
