id,x__autocorrelation__lag_1024,x__autocorrelation__lag_128,x__autocorrelation__lag_16384,x__autocorrelation__lag_2048,x__autocorrelation__lag_256,x__autocorrelation__lag_4096,x__autocorrelation__lag_512,x__autocorrelation__lag_8192
A,-0.10137228347778805,-0.26622874405335484,-0.13547601898637787,-0.13864534227261974,-0.16401858658579055,-0.13686512704188034,-0.2599571657629205,-0.13045981142598137
