id,x__autocorrelation__lag_1024,x__autocorrelation__lag_128,x__autocorrelation__lag_16384,x__autocorrelation__lag_2048,x__autocorrelation__lag_256,x__autocorrelation__lag_4096,x__autocorrelation__lag_512,x__autocorrelation__lag_8192
A,0.5439438688457808,-0.670738974069233,0.5308093420396839,0.5340016507850728,0.5560621749090914,0.5328606100730655,0.5511501202551143,0.5353088646305613
