id,x__autocorrelation__lag_1024,x__autocorrelation__lag_128,x__autocorrelation__lag_16384,x__autocorrelation__lag_2048,x__autocorrelation__lag_256,x__autocorrelation__lag_4096,x__autocorrelation__lag_512,x__autocorrelation__lag_8192
A,0.3399905773265238,-0.5768255596119214,0.339516172049516,0.34042394547743454,0.3308804766563758,0.3451438501538696,0.3341148555307016,0.3426757000632153
