id,x__autocorrelation__lag_1024,x__autocorrelation__lag_128,x__autocorrelation__lag_16384,x__autocorrelation__lag_2048,x__autocorrelation__lag_256,x__autocorrelation__lag_4096,x__autocorrelation__lag_512,x__autocorrelation__lag_8192
A,-0.22270614412849277,-0.04207078126573279,-0.22505743554924082,-0.23813101424997568,-0.2854356711903824,-0.22942408549960222,-0.31776570850467273,-0.24089111655571785
