id,x__autocorrelation__lag_1024,x__autocorrelation__lag_128,x__autocorrelation__lag_16384,x__autocorrelation__lag_2048,x__autocorrelation__lag_256,x__autocorrelation__lag_4096,x__autocorrelation__lag_512,x__autocorrelation__lag_8192
A,-0.1690274862059945,-0.059733187098629875,-0.2027146972615764,-0.22903406072046584,-0.28350111534491684,-0.22411919321492438,-0.30863276603639306,-0.23882954182342356
