id,x__autocorrelation__lag_1024,x__autocorrelation__lag_128,x__autocorrelation__lag_16384,x__autocorrelation__lag_2048,x__autocorrelation__lag_256,x__autocorrelation__lag_4096,x__autocorrelation__lag_512,x__autocorrelation__lag_8192
A,-0.1873518509862397,-0.17197426169093827,-0.1877646094303197,-0.18963868053465166,-0.24438366595474303,-0.18593922186876868,-0.2802709520890531,-0.18934204686493175
