id,x__autocorrelation__lag_1024,x__autocorrelation__lag_128,x__autocorrelation__lag_16384,x__autocorrelation__lag_2048,x__autocorrelation__lag_256,x__autocorrelation__lag_4096,x__autocorrelation__lag_512,x__autocorrelation__lag_8192
A,-0.13524589713050034,-0.2955070559522391,-0.11438196028344559,-0.1470199860580522,-0.1904238484949391,-0.12445905472767277,-0.2547588262452957,-0.1232120848529517
