id,x__autocorrelation__lag_1024,x__autocorrelation__lag_128,x__autocorrelation__lag_16384,x__autocorrelation__lag_2048,x__autocorrelation__lag_256,x__autocorrelation__lag_4096,x__autocorrelation__lag_512,x__autocorrelation__lag_8192
A,0.5706100681447235,-0.6641675960278003,0.5567459182303691,0.5606819053682617,0.5771369295310519,0.559407446258715,0.5693253794709154,0.5620542053305758
