id,x__autocorrelation__lag_1024,x__autocorrelation__lag_128,x__autocorrelation__lag_16384,x__autocorrelation__lag_2048,x__autocorrelation__lag_256,x__autocorrelation__lag_4096,x__autocorrelation__lag_512,x__autocorrelation__lag_8192
A,-0.047875175387200194,-0.04142464265760235,-0.15022340081655555,-0.20976597987568477,-0.2287972914701307,-0.18771267392457397,-0.3295743603744861,-0.2206023217446593
