id,x__autocorrelation__lag_1024,x__autocorrelation__lag_128,x__autocorrelation__lag_16384,x__autocorrelation__lag_2048,x__autocorrelation__lag_256,x__autocorrelation__lag_4096,x__autocorrelation__lag_512,x__autocorrelation__lag_8192
A,0.5454646971287378,-0.6657396612174153,0.5338531155199362,0.5362538068055226,0.558179870543366,0.5353419141930009,0.5539016861263185,0.5376239231720077
