id,x__autocorrelation__lag_1024,x__autocorrelation__lag_128,x__autocorrelation__lag_16384,x__autocorrelation__lag_2048,x__autocorrelation__lag_256,x__autocorrelation__lag_4096,x__autocorrelation__lag_512,x__autocorrelation__lag_8192
A,-0.12027092688855191,-0.30387760894633914,-0.12117394502965073,-0.12689326261093312,-0.1710077132610375,-0.12304397404158507,-0.1966033114348332,-0.12829174934301585
