id,x__autocorrelation__lag_1024,x__autocorrelation__lag_128,x__autocorrelation__lag_16384,x__autocorrelation__lag_2048,x__autocorrelation__lag_256,x__autocorrelation__lag_4096,x__autocorrelation__lag_512,x__autocorrelation__lag_8192
A,-0.19465042156296253,-0.23006786620202369,-0.1845447822042692,-0.1867367099515719,-0.24443998523997726,-0.18363018378060797,-0.2715463561406953,-0.1879124201446563
