id,x__autocorrelation__lag_1024,x__autocorrelation__lag_128,x__autocorrelation__lag_16384,x__autocorrelation__lag_2048,x__autocorrelation__lag_256,x__autocorrelation__lag_4096,x__autocorrelation__lag_512,x__autocorrelation__lag_8192
A,0.2954622659000849,-0.5786472908262207,0.30032391989148693,0.30198109191613864,0.30517621062970834,0.3044975542309677,0.3086493687753111,0.30357292505874606
