id,x__autocorrelation__lag_1024,x__autocorrelation__lag_128,x__autocorrelation__lag_16384,x__autocorrelation__lag_2048,x__autocorrelation__lag_256,x__autocorrelation__lag_4096,x__autocorrelation__lag_512,x__autocorrelation__lag_8192
A,-0.22303428412954093,-0.12367970390711298,-0.21796188814610265,-0.21869453521236867,-0.2865942696730889,-0.21437990269379065,-0.31467804181041686,-0.21842365280713028
