id,x__autocorrelation__lag_1024,x__autocorrelation__lag_128,x__autocorrelation__lag_16384,x__autocorrelation__lag_2048,x__autocorrelation__lag_256,x__autocorrelation__lag_4096,x__autocorrelation__lag_512,x__autocorrelation__lag_8192
A,-0.11134365760602354,-0.2738031622685549,-0.13885653174860263,-0.14987666606737945,-0.1590255774223408,-0.1465779147299859,-0.26624441245911584,-0.13938099134591564
