id,x__autocorrelation__lag_1024,x__autocorrelation__lag_128,x__autocorrelation__lag_16384,x__autocorrelation__lag_2048,x__autocorrelation__lag_256,x__autocorrelation__lag_4096,x__autocorrelation__lag_512,x__autocorrelation__lag_8192
A,0.5682932192178696,-0.67387175400721,0.5581667096292208,0.5581805425346146,0.5776277579731015,0.5581786293977459,0.5702658626859572,0.5583806546269552
