id,x__autocorrelation__lag_1024,x__autocorrelation__lag_128,x__autocorrelation__lag_16384,x__autocorrelation__lag_2048,x__autocorrelation__lag_256,x__autocorrelation__lag_4096,x__autocorrelation__lag_512,x__autocorrelation__lag_8192
A,0.5767222218786761,-0.6787391093283403,0.5628489104628868,0.5658370424594132,0.5852139350852901,0.5650752014266655,0.5761644315355761,0.5660886288869702
