id,x__autocorrelation__lag_1024,x__autocorrelation__lag_128,x__autocorrelation__lag_16384,x__autocorrelation__lag_2048,x__autocorrelation__lag_256,x__autocorrelation__lag_4096,x__autocorrelation__lag_512,x__autocorrelation__lag_8192
A,0.5375018952997523,-0.6698552589579142,0.5157069001221071,0.5209245434090098,0.5556092287086113,0.5187876798502864,0.551078329472684,0.5224108477554692
