id,x__autocorrelation__lag_1024,x__autocorrelation__lag_128,x__autocorrelation__lag_16384,x__autocorrelation__lag_2048,x__autocorrelation__lag_256,x__autocorrelation__lag_4096,x__autocorrelation__lag_512,x__autocorrelation__lag_8192
A,0.0008770518755574232,-0.17218187057663462,-0.10594120336136664,-0.0505135637399564,-0.19341363833200217,-0.06324002662604541,-0.15153527107427023,-0.058559947607732414
