id,x__autocorrelation__lag_1024,x__autocorrelation__lag_128,x__autocorrelation__lag_16384,x__autocorrelation__lag_2048,x__autocorrelation__lag_256,x__autocorrelation__lag_4096,x__autocorrelation__lag_512,x__autocorrelation__lag_8192
A,-0.2011808738129534,-0.0553030437894887,-0.1985412873238579,-0.19814113000752018,-0.27890036925197914,-0.1937588310282281,-0.3130255241290533,-0.19909117665560352
