id,x__autocorrelation__lag_1024,x__autocorrelation__lag_128,x__autocorrelation__lag_16384,x__autocorrelation__lag_2048,x__autocorrelation__lag_256,x__autocorrelation__lag_4096,x__autocorrelation__lag_512,x__autocorrelation__lag_8192
A,0.5618660172911816,-0.6745380457945185,0.5433145732919695,0.5489563526031976,0.5740045381234586,0.5465594412559074,0.5668060090539591,0.5507830535010139
