id,x__autocorrelation__lag_1024,x__autocorrelation__lag_128,x__autocorrelation__lag_16384,x__autocorrelation__lag_2048,x__autocorrelation__lag_256,x__autocorrelation__lag_4096,x__autocorrelation__lag_512,x__autocorrelation__lag_8192
A,-0.20632821990887315,-0.05524440853900886,-0.20634098256516567,-0.22727057803025444,-0.2827272163306385,-0.21608267059037028,-0.3148084598703906,-0.23119776898682365
