id,x__autocorrelation__lag_1024,x__autocorrelation__lag_128,x__autocorrelation__lag_16384,x__autocorrelation__lag_2048,x__autocorrelation__lag_256,x__autocorrelation__lag_4096,x__autocorrelation__lag_512,x__autocorrelation__lag_8192
A,0.5358668988263737,-0.657889093756375,0.5248049312275526,0.5275388830492937,0.5455180891100636,0.5262517439692213,0.5429478933154335,0.5290734324731263
