id,x__autocorrelation__lag_1024,x__autocorrelation__lag_128,x__autocorrelation__lag_16384,x__autocorrelation__lag_2048,x__autocorrelation__lag_256,x__autocorrelation__lag_4096,x__autocorrelation__lag_512,x__autocorrelation__lag_8192
A,-0.1255944679560498,-0.31200587950021025,-0.12604865768545065,-0.1307254324746851,-0.17094366786393844,-0.12785987484422368,-0.18927831897130137,-0.13141581565907204
