id,x__autocorrelation__lag_1024,x__autocorrelation__lag_128,x__autocorrelation__lag_16384,x__autocorrelation__lag_2048,x__autocorrelation__lag_256,x__autocorrelation__lag_4096,x__autocorrelation__lag_512,x__autocorrelation__lag_8192
A,-0.1183430118010878,-0.24057916852683325,-0.10982273506706307,-0.11568148141829965,-0.15721125230086355,-0.11228406035217159,-0.1656889866225992,-0.11828925359058087
