id,x__autocorrelation__lag_1024,x__autocorrelation__lag_128,x__autocorrelation__lag_16384,x__autocorrelation__lag_2048,x__autocorrelation__lag_256,x__autocorrelation__lag_4096,x__autocorrelation__lag_512,x__autocorrelation__lag_8192
A,-0.18261747417235982,-0.19875810529100746,-0.1800700978031182,-0.18258753333766448,-0.24307630141105235,-0.17794739355638442,-0.2779338843293852,-0.18332230784152267
