id,x__autocorrelation__lag_1024,x__autocorrelation__lag_128,x__autocorrelation__lag_16384,x__autocorrelation__lag_2048,x__autocorrelation__lag_256,x__autocorrelation__lag_4096,x__autocorrelation__lag_512,x__autocorrelation__lag_8192
A,0.5720847972491953,-0.6755562008317967,0.5598848096650005,0.5606484580235302,0.5794952835602323,0.5600539177115728,0.5711569735864581,0.561119667728168
