id,x__autocorrelation__lag_1024,x__autocorrelation__lag_128,x__autocorrelation__lag_16384,x__autocorrelation__lag_2048,x__autocorrelation__lag_256,x__autocorrelation__lag_4096,x__autocorrelation__lag_512,x__autocorrelation__lag_8192
A,-0.1965547463375253,-0.023986409761936882,-0.20069777243046313,-0.20208023669026928,-0.28437678796223687,-0.19706242957966924,-0.3197143634894735,-0.20208453122244324
