id,x__autocorrelation__lag_1024,x__autocorrelation__lag_128,x__autocorrelation__lag_16384,x__autocorrelation__lag_2048,x__autocorrelation__lag_256,x__autocorrelation__lag_4096,x__autocorrelation__lag_512,x__autocorrelation__lag_8192
A,0.5665979977955194,-0.6696901101600669,0.5534201831262442,0.5549048780741512,0.5769988672878675,0.5543453684850844,0.5682135669234026,0.5559127973779179
