id,x__autocorrelation__lag_1024,x__autocorrelation__lag_128,x__autocorrelation__lag_16384,x__autocorrelation__lag_2048,x__autocorrelation__lag_256,x__autocorrelation__lag_4096,x__autocorrelation__lag_512,x__autocorrelation__lag_8192
A,-0.23299660668999378,-0.022727517188285414,-0.23367440734808542,-0.2436808511539034,-0.29247984180951736,-0.23713417970086112,-0.32830400341700255,-0.24630940713309799
