id,x__autocorrelation__lag_1024,x__autocorrelation__lag_128,x__autocorrelation__lag_16384,x__autocorrelation__lag_2048,x__autocorrelation__lag_256,x__autocorrelation__lag_4096,x__autocorrelation__lag_512,x__autocorrelation__lag_8192
A,-0.22485844652909273,-0.09708513336885033,-0.22026248910491555,-0.22111835990036985,-0.2852667000064094,-0.21738981383413275,-0.3156484538712058,-0.22172205952361473
