id,x__autocorrelation__lag_1024,x__autocorrelation__lag_128,x__autocorrelation__lag_16384,x__autocorrelation__lag_2048,x__autocorrelation__lag_256,x__autocorrelation__lag_4096,x__autocorrelation__lag_512,x__autocorrelation__lag_8192
A,-0.1136314948480346,-0.21809693746474362,-0.11081276869812455,-0.11628980196369437,-0.15239426342190582,-0.11279875666745946,-0.1673092899198326,-0.11792283676085326
