id,x__autocorrelation__lag_1024,x__autocorrelation__lag_128,x__autocorrelation__lag_16384,x__autocorrelation__lag_2048,x__autocorrelation__lag_256,x__autocorrelation__lag_4096,x__autocorrelation__lag_512,x__autocorrelation__lag_8192
A,-0.1644699636001967,-0.3281179404591931,-0.16493644235670804,-0.17189056786130436,-0.1964626084042814,-0.17003575291686499,-0.22080015733111735,-0.16966493680290784
