id,x__autocorrelation__lag_1024,x__autocorrelation__lag_128,x__autocorrelation__lag_16384,x__autocorrelation__lag_2048,x__autocorrelation__lag_256,x__autocorrelation__lag_4096,x__autocorrelation__lag_512,x__autocorrelation__lag_8192
A,-0.06710098562367002,-0.29777600100931617,-0.07384791028303095,-0.08153451871327473,-0.12391177373793734,-0.07718163323696986,-0.15209457098321538,-0.083076127691623
