id,x__autocorrelation__lag_1024,x__autocorrelation__lag_128,x__autocorrelation__lag_16384,x__autocorrelation__lag_2048,x__autocorrelation__lag_256,x__autocorrelation__lag_4096,x__autocorrelation__lag_512,x__autocorrelation__lag_8192
A,-0.09914927043286154,-0.26061863000639535,-0.11372109300731506,-0.129736243420677,-0.14963525513634224,-0.11520553779139348,-0.21308562014033797,-0.1109603198434883
