id,x__autocorrelation__lag_1024,x__autocorrelation__lag_128,x__autocorrelation__lag_16384,x__autocorrelation__lag_2048,x__autocorrelation__lag_256,x__autocorrelation__lag_4096,x__autocorrelation__lag_512,x__autocorrelation__lag_8192
A,-0.1112484130779222,-0.307541907122368,-0.10949677833549441,-0.11362817443784656,-0.16121332072260314,-0.11022675025560699,-0.18187000168336975,-0.11425717823929973
