id,x__autocorrelation__lag_1024,x__autocorrelation__lag_128,x__autocorrelation__lag_16384,x__autocorrelation__lag_2048,x__autocorrelation__lag_256,x__autocorrelation__lag_4096,x__autocorrelation__lag_512,x__autocorrelation__lag_8192
A,-0.16456136407901364,-0.17658250152484323,-0.16594332613906967,-0.168945691000869,-0.2289436052238632,-0.1651985179939327,-0.26368306762885413,-0.17012003012483998
