id,x__autocorrelation__lag_1024,x__autocorrelation__lag_128,x__autocorrelation__lag_16384,x__autocorrelation__lag_2048,x__autocorrelation__lag_256,x__autocorrelation__lag_4096,x__autocorrelation__lag_512,x__autocorrelation__lag_8192
A,-0.20505101779726415,-0.37093766046707755,-0.19887576576714686,-0.19778082214764026,-0.21278741857553385,-0.2023286829589206,-0.2550215912570408,-0.1966663261121253
