id,x__autocorrelation__lag_1024,x__autocorrelation__lag_128,x__autocorrelation__lag_16384,x__autocorrelation__lag_2048,x__autocorrelation__lag_256,x__autocorrelation__lag_4096,x__autocorrelation__lag_512,x__autocorrelation__lag_8192
A,-0.1409042051802935,-0.25498883895192276,-0.13395235033309108,-0.13936225551763312,-0.1826150627378939,-0.13598266993322716,-0.1940215905286375,-0.14183943747951802
