id,x__autocorrelation__lag_1024,x__autocorrelation__lag_128,x__autocorrelation__lag_16384,x__autocorrelation__lag_2048,x__autocorrelation__lag_256,x__autocorrelation__lag_4096,x__autocorrelation__lag_512,x__autocorrelation__lag_8192
A,-0.170150145165221,-0.24848152605388163,-0.17173177782808444,-0.17584701844349077,-0.22584452170519453,-0.1727742791312587,-0.26150839861023817,-0.17799057029455984
