id,x__autocorrelation__lag_1024,x__autocorrelation__lag_128,x__autocorrelation__lag_16384,x__autocorrelation__lag_2048,x__autocorrelation__lag_256,x__autocorrelation__lag_4096,x__autocorrelation__lag_512,x__autocorrelation__lag_8192
A,-0.12696733711038954,-0.2154618741199502,-0.11933130472124369,-0.12482862352602225,-0.16119208473566904,-0.12171903677282328,-0.1667914206885831,-0.12672867015225342
