id,x__autocorrelation__lag_1024,x__autocorrelation__lag_128,x__autocorrelation__lag_16384,x__autocorrelation__lag_2048,x__autocorrelation__lag_256,x__autocorrelation__lag_4096,x__autocorrelation__lag_512,x__autocorrelation__lag_8192
A,0.1902712456110364,-0.5723195418682598,0.1971645460822655,0.19387531406587832,0.17377157483127548,0.19827223848905065,0.18115681771628753,0.1955550132681615
