id,x__autocorrelation__lag_1024,x__autocorrelation__lag_128,x__autocorrelation__lag_16384,x__autocorrelation__lag_2048,x__autocorrelation__lag_256,x__autocorrelation__lag_4096,x__autocorrelation__lag_512,x__autocorrelation__lag_8192
A,-0.23462427860524793,-0.06711997694021217,-0.23033967170256506,-0.22922019153868753,-0.2995316205458803,-0.2252216781920294,-0.32630268868537876,-0.2289823945730907
