id,x__autocorrelation__lag_1024,x__autocorrelation__lag_128,x__autocorrelation__lag_16384,x__autocorrelation__lag_2048,x__autocorrelation__lag_256,x__autocorrelation__lag_4096,x__autocorrelation__lag_512,x__autocorrelation__lag_8192
A,-0.12939791268754816,-0.28317837671750523,-0.11409494531234493,-0.1218508864345258,-0.1636506139223301,-0.11756729462614494,-0.16173657564096092,-0.12370666574763153
