id,x__autocorrelation__lag_1024,x__autocorrelation__lag_128,x__autocorrelation__lag_16384,x__autocorrelation__lag_2048,x__autocorrelation__lag_256,x__autocorrelation__lag_4096,x__autocorrelation__lag_512,x__autocorrelation__lag_8192
A,-0.21050977013393007,-0.21249578607624542,-0.20201345758297434,-0.20422692768670792,-0.25957964364796005,-0.20039466910646175,-0.27921864540677743,-0.20434716018167123
