id,x__autocorrelation__lag_1024,x__autocorrelation__lag_128,x__autocorrelation__lag_16384,x__autocorrelation__lag_2048,x__autocorrelation__lag_256,x__autocorrelation__lag_4096,x__autocorrelation__lag_512,x__autocorrelation__lag_8192
A,-0.1156415154533167,-0.3101224559210834,-0.11832057257104359,-0.12186826723430415,-0.16554254479454164,-0.11860134771882014,-0.19248195489525222,-0.12333172459674165
