id,x__autocorrelation__lag_1024,x__autocorrelation__lag_128,x__autocorrelation__lag_16384,x__autocorrelation__lag_2048,x__autocorrelation__lag_256,x__autocorrelation__lag_4096,x__autocorrelation__lag_512,x__autocorrelation__lag_8192
A,-0.2046161746986805,-0.1129479550064768,-0.20525836699283412,-0.20512989518214925,-0.2658535251011033,-0.20129996899953603,-0.2999960939136904,-0.20595339173602037
