id,x__autocorrelation__lag_1024,x__autocorrelation__lag_128,x__autocorrelation__lag_16384,x__autocorrelation__lag_2048,x__autocorrelation__lag_256,x__autocorrelation__lag_4096,x__autocorrelation__lag_512,x__autocorrelation__lag_8192
A,-0.17615992583508439,-0.2356538516715911,-0.16528329279285797,-0.16736824450640359,-0.22912358878907074,-0.16330752103783316,-0.25756551650523635,-0.16807863626069602
