id,x__autocorrelation__lag_1024,x__autocorrelation__lag_128,x__autocorrelation__lag_16384,x__autocorrelation__lag_2048,x__autocorrelation__lag_256,x__autocorrelation__lag_4096,x__autocorrelation__lag_512,x__autocorrelation__lag_8192
A,-0.1376422725906913,-0.32143210056324495,-0.13399911684832544,-0.13846664053587088,-0.18456903847026265,-0.13482845769225626,-0.20774596742781487,-0.1396169809178091
