id,x__autocorrelation__lag_1024,x__autocorrelation__lag_128,x__autocorrelation__lag_16384,x__autocorrelation__lag_2048,x__autocorrelation__lag_256,x__autocorrelation__lag_4096,x__autocorrelation__lag_512,x__autocorrelation__lag_8192
A,-0.09431558037480951,-0.2940980471158194,-0.13701722111328515,-0.14948160813189232,-0.15430327877687014,-0.1442644829860584,-0.27195982049120765,-0.13584006661764444
