id,x__autocorrelation__lag_1024,x__autocorrelation__lag_128,x__autocorrelation__lag_16384,x__autocorrelation__lag_2048,x__autocorrelation__lag_256,x__autocorrelation__lag_4096,x__autocorrelation__lag_512,x__autocorrelation__lag_8192
A,-0.10080243167106578,-0.2880011346785078,-0.11079477110052992,-0.1144818191505994,-0.159169022184637,-0.11135680851615788,-0.18970044728533597,-0.11536394818872148
