id,x__autocorrelation__lag_1024,x__autocorrelation__lag_128,x__autocorrelation__lag_16384,x__autocorrelation__lag_2048,x__autocorrelation__lag_256,x__autocorrelation__lag_4096,x__autocorrelation__lag_512,x__autocorrelation__lag_8192
A,-0.20137626072845238,-0.11765981461945745,-0.1981226432445237,-0.19819091988210844,-0.2613960288436562,-0.19465169104176488,-0.2936413054619719,-0.19921721098230175
