id,x__autocorrelation__lag_1024,x__autocorrelation__lag_128,x__autocorrelation__lag_16384,x__autocorrelation__lag_2048,x__autocorrelation__lag_256,x__autocorrelation__lag_4096,x__autocorrelation__lag_512,x__autocorrelation__lag_8192
A,-0.18460398679492518,-0.20063851159930934,-0.18329110690245143,-0.18683456964419892,-0.24631045701248858,-0.18314566501263074,-0.277945438633771,-0.18826083055955953
