id,x__autocorrelation__lag_1024,x__autocorrelation__lag_128,x__autocorrelation__lag_16384,x__autocorrelation__lag_2048,x__autocorrelation__lag_256,x__autocorrelation__lag_4096,x__autocorrelation__lag_512,x__autocorrelation__lag_8192
A,-0.1623302859214345,-0.20440238339514075,-0.16224350924938008,-0.16407106743478983,-0.22221982416958355,-0.16047393915767397,-0.25674235673708634,-0.16542521241454966
