id,x__autocorrelation__lag_1024,x__autocorrelation__lag_128,x__autocorrelation__lag_16384,x__autocorrelation__lag_2048,x__autocorrelation__lag_256,x__autocorrelation__lag_4096,x__autocorrelation__lag_512,x__autocorrelation__lag_8192
A,0.5559470100029985,-0.7290264219035341,0.5486844386207423,0.5500389566047019,0.5629882375621074,0.5500099683674105,0.5659871505086229,0.5507966329751758
