id,x__autocorrelation__lag_1024,x__autocorrelation__lag_128,x__autocorrelation__lag_16384,x__autocorrelation__lag_2048,x__autocorrelation__lag_256,x__autocorrelation__lag_4096,x__autocorrelation__lag_512,x__autocorrelation__lag_8192
A,-0.16392561422384025,-0.25290328683328084,-0.16493742448091658,-0.16660192559984882,-0.21839563281202307,-0.16294233831416471,-0.24456246590612457,-0.16633633891244143
