id,x__autocorrelation__lag_1024,x__autocorrelation__lag_128,x__autocorrelation__lag_16384,x__autocorrelation__lag_2048,x__autocorrelation__lag_256,x__autocorrelation__lag_4096,x__autocorrelation__lag_512,x__autocorrelation__lag_8192
A,-0.08935211650333373,-0.287223746407625,-0.09751501392984342,-0.10379095212228591,-0.14531509353097238,-0.10034580843694987,-0.17602871173603485,-0.10651635273687138
