id,x__autocorrelation__lag_1024,x__autocorrelation__lag_128,x__autocorrelation__lag_16384,x__autocorrelation__lag_2048,x__autocorrelation__lag_256,x__autocorrelation__lag_4096,x__autocorrelation__lag_512,x__autocorrelation__lag_8192
A,0.5713272603234436,-0.6677309944760155,0.5593362801499676,0.5619993679434799,0.5793505394837173,0.5612191323894322,0.5718733477468652,0.5630165409048568
