id,x__autocorrelation__lag_1024,x__autocorrelation__lag_128,x__autocorrelation__lag_16384,x__autocorrelation__lag_2048,x__autocorrelation__lag_256,x__autocorrelation__lag_4096,x__autocorrelation__lag_512,x__autocorrelation__lag_8192
A,-0.11894265007564933,-0.31203797214286666,-0.11784894073080171,-0.1243518842657825,-0.1674925602143281,-0.1203368750617001,-0.19371919570250998,-0.12650438419428917
