id,x__autocorrelation__lag_1024,x__autocorrelation__lag_128,x__autocorrelation__lag_16384,x__autocorrelation__lag_2048,x__autocorrelation__lag_256,x__autocorrelation__lag_4096,x__autocorrelation__lag_512,x__autocorrelation__lag_8192
A,0.5849908782985787,-0.6872954183769139,0.5716337252197081,0.5737004186051874,0.5936039125454289,0.573296821588643,0.5862072533170644,0.5745407853427424
