id,x__autocorrelation__lag_1024,x__autocorrelation__lag_128,x__autocorrelation__lag_16384,x__autocorrelation__lag_2048,x__autocorrelation__lag_256,x__autocorrelation__lag_4096,x__autocorrelation__lag_512,x__autocorrelation__lag_8192
A,-0.09537418652876736,-0.2932665935170025,-0.10774629450473783,-0.1126510235871821,-0.15812189790535264,-0.10995004294958802,-0.19093173004357483,-0.11478862843626962
