id,x__autocorrelation__lag_1024,x__autocorrelation__lag_128,x__autocorrelation__lag_16384,x__autocorrelation__lag_2048,x__autocorrelation__lag_256,x__autocorrelation__lag_4096,x__autocorrelation__lag_512,x__autocorrelation__lag_8192
A,-0.20457152552702693,-0.06369022100796208,-0.21116998269328555,-0.21407551595131966,-0.27663106534186577,-0.20873674270640422,-0.31751432414500874,-0.21538498793923905
