id,x__autocorrelation__lag_1024,x__autocorrelation__lag_128,x__autocorrelation__lag_16384,x__autocorrelation__lag_2048,x__autocorrelation__lag_256,x__autocorrelation__lag_4096,x__autocorrelation__lag_512,x__autocorrelation__lag_8192
A,-0.2252627825489976,-0.014368919691639748,-0.22233138910844139,-0.2305731604271925,-0.2894343678855455,-0.2241932391661412,-0.3220119048940826,-0.2335525955969909
