id,x__autocorrelation__lag_1024,x__autocorrelation__lag_128,x__autocorrelation__lag_16384,x__autocorrelation__lag_2048,x__autocorrelation__lag_256,x__autocorrelation__lag_4096,x__autocorrelation__lag_512,x__autocorrelation__lag_8192
A,-0.06958838014844324,-0.30884019058412143,-0.07280194312707557,-0.07851861170156726,-0.11936863994151625,-0.07480939732201805,-0.1511579733809995,-0.08036482286530724
