id,x__autocorrelation__lag_1024,x__autocorrelation__lag_128,x__autocorrelation__lag_16384,x__autocorrelation__lag_2048,x__autocorrelation__lag_256,x__autocorrelation__lag_4096,x__autocorrelation__lag_512,x__autocorrelation__lag_8192
A,-0.0974402759933404,-0.2405831380503726,-0.08515381217081597,-0.09079257471079948,-0.1322571820607144,-0.0871409395038988,-0.1362265807748696,-0.0927432993096889
