id,x__autocorrelation__lag_1024,x__autocorrelation__lag_128,x__autocorrelation__lag_16384,x__autocorrelation__lag_2048,x__autocorrelation__lag_256,x__autocorrelation__lag_4096,x__autocorrelation__lag_512,x__autocorrelation__lag_8192
A,-0.2565955763214483,-0.06658669545595888,-0.25303449840950903,-0.2527863605837097,-0.3163102147272082,-0.24888245455434085,-0.3401902820930774,-0.25285554782500247
