id,x__autocorrelation__lag_1024,x__autocorrelation__lag_128,x__autocorrelation__lag_16384,x__autocorrelation__lag_2048,x__autocorrelation__lag_256,x__autocorrelation__lag_4096,x__autocorrelation__lag_512,x__autocorrelation__lag_8192
A,-0.2068187525089614,-0.10952931501267062,-0.20578439254056122,-0.20817975245434828,-0.27059700759658567,-0.20286178231426513,-0.3056298492998296,-0.2083041373197219
