id,x__autocorrelation__lag_1024,x__autocorrelation__lag_128,x__autocorrelation__lag_16384,x__autocorrelation__lag_2048,x__autocorrelation__lag_256,x__autocorrelation__lag_4096,x__autocorrelation__lag_512,x__autocorrelation__lag_8192
A,-0.21079572469232175,-0.027462579547103634,-0.22278865719816682,-0.246244964939573,-0.29116118142336617,-0.23656114005906123,-0.3275658176973736,-0.2530950075118518
