id,x__autocorrelation__lag_1024,x__autocorrelation__lag_128,x__autocorrelation__lag_16384,x__autocorrelation__lag_2048,x__autocorrelation__lag_256,x__autocorrelation__lag_4096,x__autocorrelation__lag_512,x__autocorrelation__lag_8192
A,-0.17239737238791644,-0.1824475573488517,-0.17728964962248517,-0.1783873898129502,-0.2399122120091367,-0.1752652915946412,-0.27687402335789785,-0.17945442473911835
