id,x__autocorrelation__lag_1024,x__autocorrelation__lag_128,x__autocorrelation__lag_16384,x__autocorrelation__lag_2048,x__autocorrelation__lag_256,x__autocorrelation__lag_4096,x__autocorrelation__lag_512,x__autocorrelation__lag_8192
A,-0.18341904181605742,-0.28331610875901814,-0.183084401463123,-0.18603129730748263,-0.23397768727319046,-0.18279525200578833,-0.25718249869514254,-0.18598268846535626
