id,x__autocorrelation__lag_1024,x__autocorrelation__lag_128,x__autocorrelation__lag_16384,x__autocorrelation__lag_2048,x__autocorrelation__lag_256,x__autocorrelation__lag_4096,x__autocorrelation__lag_512,x__autocorrelation__lag_8192
A,-0.11112405027184528,-0.2551458522593054,-0.1300697274490595,-0.13555154964473423,-0.1581010752837253,-0.1342502007292641,-0.24735610165860544,-0.1271126841814718
