id,x__autocorrelation__lag_1024,x__autocorrelation__lag_128,x__autocorrelation__lag_16384,x__autocorrelation__lag_2048,x__autocorrelation__lag_256,x__autocorrelation__lag_4096,x__autocorrelation__lag_512,x__autocorrelation__lag_8192
A,-0.1826451480418917,-0.2376461900420183,-0.16960272921570388,-0.1730640005832272,-0.2321899121616617,-0.16945409052495586,-0.25535318280037544,-0.17429396141089637
