id,x__autocorrelation__lag_1024,x__autocorrelation__lag_128,x__autocorrelation__lag_16384,x__autocorrelation__lag_2048,x__autocorrelation__lag_256,x__autocorrelation__lag_4096,x__autocorrelation__lag_512,x__autocorrelation__lag_8192
A,0.5624016305864881,-0.6859375375448045,0.5436420485866659,0.5496708789244776,0.5757836205648247,0.5477453445293656,0.5707337442652417,0.5514491961299783
