id,x__autocorrelation__lag_1024,x__autocorrelation__lag_128,x__autocorrelation__lag_16384,x__autocorrelation__lag_2048,x__autocorrelation__lag_256,x__autocorrelation__lag_4096,x__autocorrelation__lag_512,x__autocorrelation__lag_8192
A,-0.18965732108823813,-0.11140314904586505,-0.19025247710202325,-0.19217325796446452,-0.25506669529890197,-0.18763368493610771,-0.28799537845991,-0.1919393595975275
