id,x__autocorrelation__lag_1024,x__autocorrelation__lag_128,x__autocorrelation__lag_16384,x__autocorrelation__lag_2048,x__autocorrelation__lag_256,x__autocorrelation__lag_4096,x__autocorrelation__lag_512,x__autocorrelation__lag_8192
A,-0.1350729115924482,-0.24187940055772225,-0.1412483336425178,-0.1439359902945225,-0.2019222635607037,-0.14029785127971814,-0.23704708641580752,-0.14372824305713422
