id,x__autocorrelation__lag_1024,x__autocorrelation__lag_128,x__autocorrelation__lag_16384,x__autocorrelation__lag_2048,x__autocorrelation__lag_256,x__autocorrelation__lag_4096,x__autocorrelation__lag_512,x__autocorrelation__lag_8192
A,-0.1255366765165085,-0.2863494852964478,-0.13131571429747604,-0.13484915415757676,-0.19604740100028165,-0.13065472441273301,-0.22933450447751041,-0.13563238706546749
