id,x__autocorrelation__lag_1024,x__autocorrelation__lag_128,x__autocorrelation__lag_16384,x__autocorrelation__lag_2048,x__autocorrelation__lag_256,x__autocorrelation__lag_4096,x__autocorrelation__lag_512,x__autocorrelation__lag_8192
A,-0.21869406186577958,-0.13767169772123872,-0.21159690421554206,-0.21325452808207054,-0.2740184103337184,-0.20935756341500528,-0.302434335968623,-0.21423393894261886
