id,x__autocorrelation__lag_1024,x__autocorrelation__lag_128,x__autocorrelation__lag_16384,x__autocorrelation__lag_2048,x__autocorrelation__lag_256,x__autocorrelation__lag_4096,x__autocorrelation__lag_512,x__autocorrelation__lag_8192
A,-0.13995676551698805,-0.26929152509734955,-0.13650571541470632,-0.14394161576277234,-0.18809972108694709,-0.13982239767697205,-0.19724039887457584,-0.1451876556258399
