id,x__autocorrelation__lag_1024,x__autocorrelation__lag_128,x__autocorrelation__lag_16384,x__autocorrelation__lag_2048,x__autocorrelation__lag_256,x__autocorrelation__lag_4096,x__autocorrelation__lag_512,x__autocorrelation__lag_8192
A,0.41221673616569693,-0.6389213695709564,0.41036055849432845,0.4060766442173996,0.42577220772153324,0.4105786759176064,0.42807439348139453,0.4075482689239371
