id,x__autocorrelation__lag_1024,x__autocorrelation__lag_128,x__autocorrelation__lag_16384,x__autocorrelation__lag_2048,x__autocorrelation__lag_256,x__autocorrelation__lag_4096,x__autocorrelation__lag_512,x__autocorrelation__lag_8192
A,-0.2197641903096205,-0.020364041381136525,-0.21601804434214106,-0.22574217782684977,-0.2849472505173599,-0.21872757282221825,-0.3161714448064804,-0.22824436868180076
