id,x__autocorrelation__lag_1024,x__autocorrelation__lag_128,x__autocorrelation__lag_16384,x__autocorrelation__lag_2048,x__autocorrelation__lag_256,x__autocorrelation__lag_4096,x__autocorrelation__lag_512,x__autocorrelation__lag_8192
A,0.5474448483007391,-0.6853832128421572,0.5349442285444137,0.536681060126981,0.5618622964410412,0.5359574734635313,0.5620363492990506,0.5374985738038935
