id,x__autocorrelation__lag_1024,x__autocorrelation__lag_128,x__autocorrelation__lag_16384,x__autocorrelation__lag_2048,x__autocorrelation__lag_256,x__autocorrelation__lag_4096,x__autocorrelation__lag_512,x__autocorrelation__lag_8192
A,-0.22529633818915853,-0.07637221177190646,-0.22048654173255028,-0.2218574684897442,-0.28833220510400126,-0.21710740091510575,-0.3167202357042341,-0.2218879722797612
