id,x__autocorrelation__lag_1024,x__autocorrelation__lag_128,x__autocorrelation__lag_16384,x__autocorrelation__lag_2048,x__autocorrelation__lag_256,x__autocorrelation__lag_4096,x__autocorrelation__lag_512,x__autocorrelation__lag_8192
A,-0.05209261520465339,-0.07147976155107802,-0.14663125374747277,-0.18612129899787486,-0.23773445154475212,-0.1816264442132454,-0.3183983251678865,-0.20951624082119766
