id,x__autocorrelation__lag_1024,x__autocorrelation__lag_128,x__autocorrelation__lag_16384,x__autocorrelation__lag_2048,x__autocorrelation__lag_256,x__autocorrelation__lag_4096,x__autocorrelation__lag_512,x__autocorrelation__lag_8192
A,-0.1354074253284736,-0.27312858762361164,-0.13962323845631253,-0.14121653665933917,-0.19196825135304627,-0.13851156869452613,-0.2239011262680657,-0.14118725233766752
