id,x__autocorrelation__lag_1024,x__autocorrelation__lag_128,x__autocorrelation__lag_16384,x__autocorrelation__lag_2048,x__autocorrelation__lag_256,x__autocorrelation__lag_4096,x__autocorrelation__lag_512,x__autocorrelation__lag_8192
A,-0.12544605608728368,-0.2126916112181174,-0.12078647790749375,-0.12537522114403055,-0.16521662290963812,-0.12245565308448417,-0.17899917926785866,-0.12771377904193248
