id,x__autocorrelation__lag_1024,x__autocorrelation__lag_128,x__autocorrelation__lag_16384,x__autocorrelation__lag_2048,x__autocorrelation__lag_256,x__autocorrelation__lag_4096,x__autocorrelation__lag_512,x__autocorrelation__lag_8192
A,-0.1948027849249581,-0.10468827458144742,-0.1972354061991555,-0.19742544539839138,-0.25731399742120403,-0.19404172559418859,-0.29164169377815485,-0.1981607366771624
