id,x__autocorrelation__lag_1024,x__autocorrelation__lag_128,x__autocorrelation__lag_16384,x__autocorrelation__lag_2048,x__autocorrelation__lag_256,x__autocorrelation__lag_4096,x__autocorrelation__lag_512,x__autocorrelation__lag_8192
A,-0.23403121478374286,-0.022750259839905224,-0.23952503296768676,-0.2394701102418157,-0.2997295059438779,-0.23412041730623712,-0.33464709000336673,-0.2398468079287261
