id,x__autocorrelation__lag_1024,x__autocorrelation__lag_128,x__autocorrelation__lag_16384,x__autocorrelation__lag_2048,x__autocorrelation__lag_256,x__autocorrelation__lag_4096,x__autocorrelation__lag_512,x__autocorrelation__lag_8192
A,-0.39711529684695873,-0.366079554478246,-0.4024912407327794,-0.40711478812221613,-0.4141706360975354,-0.4020379900145366,-0.4252370322932314,-0.40384623784334966
