id,x__autocorrelation__lag_1024,x__autocorrelation__lag_128,x__autocorrelation__lag_16384,x__autocorrelation__lag_2048,x__autocorrelation__lag_256,x__autocorrelation__lag_4096,x__autocorrelation__lag_512,x__autocorrelation__lag_8192
A,-0.11348793511542024,-0.288313617374981,-0.13469280003018652,-0.15009911088828176,-0.18484896047774213,-0.13615546725404426,-0.23034061997311758,-0.13490876093867527
