id,x__autocorrelation__lag_1024,x__autocorrelation__lag_128,x__autocorrelation__lag_16384,x__autocorrelation__lag_2048,x__autocorrelation__lag_256,x__autocorrelation__lag_4096,x__autocorrelation__lag_512,x__autocorrelation__lag_8192
A,-0.16591818523479898,-0.21813123875276913,-0.16151093932011024,-0.1636505978296981,-0.21810199005776043,-0.15989142377806007,-0.24854351273904185,-0.16444069388788768
