id,x__autocorrelation__lag_1024,x__autocorrelation__lag_128,x__autocorrelation__lag_16384,x__autocorrelation__lag_2048,x__autocorrelation__lag_256,x__autocorrelation__lag_4096,x__autocorrelation__lag_512,x__autocorrelation__lag_8192
A,-0.13305459520365492,-0.2575926554682057,-0.14750462501013548,-0.15131071254665027,-0.19562876867078546,-0.14785319243624734,-0.23887943119466262,-0.15296573618508005
