id,x__autocorrelation__lag_1024,x__autocorrelation__lag_128,x__autocorrelation__lag_16384,x__autocorrelation__lag_2048,x__autocorrelation__lag_256,x__autocorrelation__lag_4096,x__autocorrelation__lag_512,x__autocorrelation__lag_8192
A,-0.10081760335673777,-0.28495091820629764,-0.11183014391565789,-0.11565141392327034,-0.16724833835845307,-0.11131158436943045,-0.2071280787792277,-0.11706669096560546
