id,x__autocorrelation__lag_1024,x__autocorrelation__lag_128,x__autocorrelation__lag_16384,x__autocorrelation__lag_2048,x__autocorrelation__lag_256,x__autocorrelation__lag_4096,x__autocorrelation__lag_512,x__autocorrelation__lag_8192
A,-0.10152206744745368,-0.07920506891184911,-0.1854111071709263,-0.2159624015351395,-0.2697681712246307,-0.21681865366148942,-0.3250040234460999,-0.23902739353750552
