id,x__autocorrelation__lag_1024,x__autocorrelation__lag_128,x__autocorrelation__lag_16384,x__autocorrelation__lag_2048,x__autocorrelation__lag_256,x__autocorrelation__lag_4096,x__autocorrelation__lag_512,x__autocorrelation__lag_8192
A,-0.2108819271295634,-0.23296706616851107,-0.19463159445186606,-0.1952935861584651,-0.2630523778643178,-0.19219545082690018,-0.27642049596314144,-0.19597347780733404
