id,x__autocorrelation__lag_1024,x__autocorrelation__lag_128,x__autocorrelation__lag_16384,x__autocorrelation__lag_2048,x__autocorrelation__lag_256,x__autocorrelation__lag_4096,x__autocorrelation__lag_512,x__autocorrelation__lag_8192
A,-0.20341208084412868,-0.2402220758647348,-0.19107809446361498,-0.19256081006811138,-0.25415745491507286,-0.18848054897698172,-0.2803997377329971,-0.19270935522534358
