id,x__autocorrelation__lag_1024,x__autocorrelation__lag_128,x__autocorrelation__lag_16384,x__autocorrelation__lag_2048,x__autocorrelation__lag_256,x__autocorrelation__lag_4096,x__autocorrelation__lag_512,x__autocorrelation__lag_8192
A,-0.23582288473579086,-0.03356128312172163,-0.23378851941634515,-0.24889723837312194,-0.30058519620857693,-0.23997353580663922,-0.33236636159597494,-0.25161794511804614
