id,x__autocorrelation__lag_1024,x__autocorrelation__lag_128,x__autocorrelation__lag_16384,x__autocorrelation__lag_2048,x__autocorrelation__lag_256,x__autocorrelation__lag_4096,x__autocorrelation__lag_512,x__autocorrelation__lag_8192
A,-0.16846123982292394,-0.22076900454791326,-0.15804250937773767,-0.16114625300960775,-0.22427223203988764,-0.15702482273924231,-0.25338972950115757,-0.16261421091590178
