id,x__autocorrelation__lag_1024,x__autocorrelation__lag_128,x__autocorrelation__lag_16384,x__autocorrelation__lag_2048,x__autocorrelation__lag_256,x__autocorrelation__lag_4096,x__autocorrelation__lag_512,x__autocorrelation__lag_8192
A,-0.10206919737691882,-0.26545224374450943,-0.1129020038863067,-0.11725258436170817,-0.16581298775404615,-0.11315575912926125,-0.20548321644398757,-0.11911055555124485
