id,x__autocorrelation__lag_1024,x__autocorrelation__lag_128,x__autocorrelation__lag_16384,x__autocorrelation__lag_2048,x__autocorrelation__lag_256,x__autocorrelation__lag_4096,x__autocorrelation__lag_512,x__autocorrelation__lag_8192
A,0.5608476626657974,-0.6869270348570031,0.5433052638992771,0.5490817287582854,0.5766741477122177,0.5474810594744921,0.5723962618999685,0.5516656515005403
