id,x__autocorrelation__lag_1024,x__autocorrelation__lag_128,x__autocorrelation__lag_16384,x__autocorrelation__lag_2048,x__autocorrelation__lag_256,x__autocorrelation__lag_4096,x__autocorrelation__lag_512,x__autocorrelation__lag_8192
A,0.4119337481866789,-0.6348790913765028,0.4024804865984722,0.4080588450940212,0.4108553370607133,0.40925103246934047,0.4150511932027772,0.41109046001501454
