id,x__autocorrelation__lag_1024,x__autocorrelation__lag_128,x__autocorrelation__lag_16384,x__autocorrelation__lag_2048,x__autocorrelation__lag_256,x__autocorrelation__lag_4096,x__autocorrelation__lag_512,x__autocorrelation__lag_8192
A,-0.23147899914888134,-0.05312374926402382,-0.2285427941008583,-0.22913284295988368,-0.29770873723333463,-0.22420385539277188,-0.3255158785951871,-0.22909890292986054
