id,x__autocorrelation__lag_1024,x__autocorrelation__lag_128,x__autocorrelation__lag_16384,x__autocorrelation__lag_2048,x__autocorrelation__lag_256,x__autocorrelation__lag_4096,x__autocorrelation__lag_512,x__autocorrelation__lag_8192
A,-0.22788739380281794,-0.04895519243121231,-0.223288449070774,-0.23800440429287545,-0.29402390504384623,-0.22966932599931156,-0.3245010990920598,-0.24216487569241574
