id,x__autocorrelation__lag_1024,x__autocorrelation__lag_128,x__autocorrelation__lag_16384,x__autocorrelation__lag_2048,x__autocorrelation__lag_256,x__autocorrelation__lag_4096,x__autocorrelation__lag_512,x__autocorrelation__lag_8192
A,-0.18859539764459776,-0.033616823724687814,-0.22202710931302044,-0.24903573338268534,-0.29745244266351034,-0.24087947014982797,-0.32506639422096295,-0.2571089647475088
