id,x__autocorrelation__lag_1024,x__autocorrelation__lag_128,x__autocorrelation__lag_16384,x__autocorrelation__lag_2048,x__autocorrelation__lag_256,x__autocorrelation__lag_4096,x__autocorrelation__lag_512,x__autocorrelation__lag_8192
A,-0.22473401850612673,-0.049992740501716086,-0.22268516434105695,-0.23823019741228268,-0.291159475339541,-0.22899823606749808,-0.32351753759957136,-0.24201823681242723
