id,x__autocorrelation__lag_1024,x__autocorrelation__lag_128,x__autocorrelation__lag_16384,x__autocorrelation__lag_2048,x__autocorrelation__lag_256,x__autocorrelation__lag_4096,x__autocorrelation__lag_512,x__autocorrelation__lag_8192
A,-0.20978901022008925,-0.1322667790369103,-0.20346030331785184,-0.2051856661675266,-0.2679067343327241,-0.2007192003972586,-0.29850350470600656,-0.20604064032200697
