id,x__autocorrelation__lag_1024,x__autocorrelation__lag_128,x__autocorrelation__lag_16384,x__autocorrelation__lag_2048,x__autocorrelation__lag_256,x__autocorrelation__lag_4096,x__autocorrelation__lag_512,x__autocorrelation__lag_8192
A,-0.11201902188675054,-0.3005789730630203,-0.11410324625526284,-0.12285419979468613,-0.16488813756455825,-0.11853681760912807,-0.1910531707749655,-0.1258208237794486
