id,x__autocorrelation__lag_1024,x__autocorrelation__lag_128,x__autocorrelation__lag_16384,x__autocorrelation__lag_2048,x__autocorrelation__lag_256,x__autocorrelation__lag_4096,x__autocorrelation__lag_512,x__autocorrelation__lag_8192
A,0.5434726547222494,-0.6699272381677694,0.5310738055994841,0.5360203599553753,0.5518562241076467,0.5340862132505804,0.5520110555034436,0.537783739205446
