id,x__autocorrelation__lag_1024,x__autocorrelation__lag_128,x__autocorrelation__lag_16384,x__autocorrelation__lag_2048,x__autocorrelation__lag_256,x__autocorrelation__lag_4096,x__autocorrelation__lag_512,x__autocorrelation__lag_8192
A,0.6091633487790518,-0.7383975273533683,0.5984474566119052,0.6018433321352814,0.6268205182310425,0.6008972470750795,0.6236265075381985,0.6025813261131002
