id,x__autocorrelation__lag_1024,x__autocorrelation__lag_128,x__autocorrelation__lag_16384,x__autocorrelation__lag_2048,x__autocorrelation__lag_256,x__autocorrelation__lag_4096,x__autocorrelation__lag_512,x__autocorrelation__lag_8192
A,0.43108803570654025,-0.6546064701016838,0.4261627484537916,0.4215602690530163,0.44937495841650826,0.42577728483964755,0.44867385840938245,0.4223601731112292
