id,x__autocorrelation__lag_1024,x__autocorrelation__lag_128,x__autocorrelation__lag_16384,x__autocorrelation__lag_2048,x__autocorrelation__lag_256,x__autocorrelation__lag_4096,x__autocorrelation__lag_512,x__autocorrelation__lag_8192
A,-0.11574718509526503,-0.29639181509322043,-0.1252069510436446,-0.14126965071234587,-0.1774415449152394,-0.13166207984533007,-0.23358175802302128,-0.13526370269102025
