id,x__autocorrelation__lag_1024,x__autocorrelation__lag_128,x__autocorrelation__lag_16384,x__autocorrelation__lag_2048,x__autocorrelation__lag_256,x__autocorrelation__lag_4096,x__autocorrelation__lag_512,x__autocorrelation__lag_8192
A,0.5565627963115695,-0.711917810766741,0.5426734871065999,0.5435726534218619,0.5818325288784181,0.543162106548622,0.5792862451118296,0.5434080992331957
