id,x__autocorrelation__lag_1024,x__autocorrelation__lag_128,x__autocorrelation__lag_16384,x__autocorrelation__lag_2048,x__autocorrelation__lag_256,x__autocorrelation__lag_4096,x__autocorrelation__lag_512,x__autocorrelation__lag_8192
A,-0.3729763698849511,-0.35870672478195914,-0.3600019943993098,-0.37229378925991696,-0.3893711798363295,-0.3629611741205653,-0.3933235272962415,-0.3656146496321374
