id,x__autocorrelation__lag_1024,x__autocorrelation__lag_128,x__autocorrelation__lag_16384,x__autocorrelation__lag_2048,x__autocorrelation__lag_256,x__autocorrelation__lag_4096,x__autocorrelation__lag_512,x__autocorrelation__lag_8192
A,-0.1809371590581404,-0.3087063890442097,-0.17774491504541784,-0.18019095673974944,-0.2249676884571973,-0.17711335906322467,-0.24727153871991828,-0.17987132870630956
