id,x__autocorrelation__lag_1024,x__autocorrelation__lag_128,x__autocorrelation__lag_16384,x__autocorrelation__lag_2048,x__autocorrelation__lag_256,x__autocorrelation__lag_4096,x__autocorrelation__lag_512,x__autocorrelation__lag_8192
A,-0.23791785503110863,-0.05492549526818119,-0.2610805060973315,-0.27371771166391556,-0.25503648906194953,-0.26782350483552114,-0.41601541218908566,-0.2700405108033766
