id,x__autocorrelation__lag_1024,x__autocorrelation__lag_128,x__autocorrelation__lag_16384,x__autocorrelation__lag_2048,x__autocorrelation__lag_256,x__autocorrelation__lag_4096,x__autocorrelation__lag_512,x__autocorrelation__lag_8192
A,-0.17218630397506332,-0.2823162250965431,-0.17438844231315748,-0.17373886295091548,-0.22889645960872512,-0.17104568756696012,-0.25452079745569345,-0.17312010555262802
