id,x__autocorrelation__lag_1024,x__autocorrelation__lag_128,x__autocorrelation__lag_16384,x__autocorrelation__lag_2048,x__autocorrelation__lag_256,x__autocorrelation__lag_4096,x__autocorrelation__lag_512,x__autocorrelation__lag_8192
A,0.5738268712845277,-0.6851523471636961,0.5616791060317178,0.5638195111741893,0.58476486446444,0.5631147665756816,0.5786109666718081,0.5646723276234835
