id,x__autocorrelation__lag_1024,x__autocorrelation__lag_128,x__autocorrelation__lag_16384,x__autocorrelation__lag_2048,x__autocorrelation__lag_256,x__autocorrelation__lag_4096,x__autocorrelation__lag_512,x__autocorrelation__lag_8192
A,-0.058947905312731766,-0.20533242056414433,-0.08573407749208417,-0.14158616521867493,-0.145779799789778,-0.08755025183330227,-0.2379851557527029,-0.08434490973802912
