id,x__autocorrelation__lag_1024,x__autocorrelation__lag_128,x__autocorrelation__lag_16384,x__autocorrelation__lag_2048,x__autocorrelation__lag_256,x__autocorrelation__lag_4096,x__autocorrelation__lag_512,x__autocorrelation__lag_8192
A,-0.17508905240382278,-0.2412297658723732,-0.17423334818020197,-0.17487601314873083,-0.23302807890046617,-0.1718146524398436,-0.25708653412935045,-0.17465336132397272
