id,x__autocorrelation__lag_1024,x__autocorrelation__lag_128,x__autocorrelation__lag_16384,x__autocorrelation__lag_2048,x__autocorrelation__lag_256,x__autocorrelation__lag_4096,x__autocorrelation__lag_512,x__autocorrelation__lag_8192
A,0.5645684797356653,-0.6682962208611246,0.5525777450654685,0.5537773160583341,0.5738671561284732,0.553284302621042,0.5646268556134052,0.5542391185910426
