id,x__autocorrelation__lag_1024,x__autocorrelation__lag_128,x__autocorrelation__lag_16384,x__autocorrelation__lag_2048,x__autocorrelation__lag_256,x__autocorrelation__lag_4096,x__autocorrelation__lag_512,x__autocorrelation__lag_8192
A,0.2159339750940961,-0.5532758985652703,0.2236848847474169,0.227520346439846,0.20694867200363812,0.22983767404200706,0.21563317999627146,0.23110034750044103
