id,x__autocorrelation__lag_1024,x__autocorrelation__lag_128,x__autocorrelation__lag_16384,x__autocorrelation__lag_2048,x__autocorrelation__lag_256,x__autocorrelation__lag_4096,x__autocorrelation__lag_512,x__autocorrelation__lag_8192
A,-0.07629510441625509,-0.3050282380861062,-0.08075319741575088,-0.08451614662198352,-0.1302470968625023,-0.08126502654320203,-0.1593134056131753,-0.08530890447052145
