id,x__autocorrelation__lag_1024,x__autocorrelation__lag_128,x__autocorrelation__lag_16384,x__autocorrelation__lag_2048,x__autocorrelation__lag_256,x__autocorrelation__lag_4096,x__autocorrelation__lag_512,x__autocorrelation__lag_8192
A,0.5305291332365997,-0.6605908027122499,0.5184545080093907,0.520026467530732,0.5395172677866547,0.5189989917910179,0.5363621785657842,0.5214937653693168
