id,x__autocorrelation__lag_1024,x__autocorrelation__lag_128,x__autocorrelation__lag_16384,x__autocorrelation__lag_2048,x__autocorrelation__lag_256,x__autocorrelation__lag_4096,x__autocorrelation__lag_512,x__autocorrelation__lag_8192
A,-0.17013211002338555,-0.17282341539396365,-0.17216675976919646,-0.17363712193405223,-0.2237065722526846,-0.1698423991696894,-0.25937489593825336,-0.1744045122881422
