id,x__autocorrelation__lag_1024,x__autocorrelation__lag_128,x__autocorrelation__lag_16384,x__autocorrelation__lag_2048,x__autocorrelation__lag_256,x__autocorrelation__lag_4096,x__autocorrelation__lag_512,x__autocorrelation__lag_8192
A,-0.2272384488901393,-0.04188207455403099,-0.2288197306765226,-0.22811521113513608,-0.29362274611851424,-0.22384074799200632,-0.3269938860935422,-0.22828246518735967
