id,x__autocorrelation__lag_1024,x__autocorrelation__lag_128,x__autocorrelation__lag_16384,x__autocorrelation__lag_2048,x__autocorrelation__lag_256,x__autocorrelation__lag_4096,x__autocorrelation__lag_512,x__autocorrelation__lag_8192
A,0.5397979179300593,-0.6556561379748141,0.5258978954052789,0.5277660879554515,0.5471246326481914,0.5265065887888093,0.5438466390322886,0.5289200032617508
