id,x__autocorrelation__lag_1024,x__autocorrelation__lag_128,x__autocorrelation__lag_16384,x__autocorrelation__lag_2048,x__autocorrelation__lag_256,x__autocorrelation__lag_4096,x__autocorrelation__lag_512,x__autocorrelation__lag_8192
A,-0.09567619089486283,-0.31077818813567953,-0.14452830345379633,-0.16204332323816464,-0.1603230733268332,-0.1576095688862659,-0.2910545525605283,-0.1558818940736267
