id,x__autocorrelation__lag_1024,x__autocorrelation__lag_128,x__autocorrelation__lag_16384,x__autocorrelation__lag_2048,x__autocorrelation__lag_256,x__autocorrelation__lag_4096,x__autocorrelation__lag_512,x__autocorrelation__lag_8192
A,-0.21815545121938634,-0.22715666405836304,-0.21346730027795915,-0.2135792249504155,-0.26605493717022505,-0.21013018041593992,-0.2815163713229013,-0.21186086534474513
