id,x__autocorrelation__lag_1024,x__autocorrelation__lag_128,x__autocorrelation__lag_16384,x__autocorrelation__lag_2048,x__autocorrelation__lag_256,x__autocorrelation__lag_4096,x__autocorrelation__lag_512,x__autocorrelation__lag_8192
A,-0.17654531365257853,-0.21393719169824796,-0.17825869510968886,-0.18019911249310655,-0.23511239288942395,-0.1753695375150839,-0.274227116176006,-0.18100704119492622
