id,x__autocorrelation__lag_1024,x__autocorrelation__lag_128,x__autocorrelation__lag_16384,x__autocorrelation__lag_2048,x__autocorrelation__lag_256,x__autocorrelation__lag_4096,x__autocorrelation__lag_512,x__autocorrelation__lag_8192
A,-0.12886049152636211,-0.24635359840998458,-0.12459576767712173,-0.13016998944741892,-0.17022282596887567,-0.12707334579959964,-0.18183869788365875,-0.13231070460929187
