id,x__autocorrelation__lag_1024,x__autocorrelation__lag_128,x__autocorrelation__lag_16384,x__autocorrelation__lag_2048,x__autocorrelation__lag_256,x__autocorrelation__lag_4096,x__autocorrelation__lag_512,x__autocorrelation__lag_8192
A,-0.1382477459150155,-0.24785118482154048,-0.1420047521438183,-0.14563879205768862,-0.19728180169673504,-0.14156669398591148,-0.24067771469579483,-0.14714126409442196
