id,x__autocorrelation__lag_1024,x__autocorrelation__lag_128,x__autocorrelation__lag_16384,x__autocorrelation__lag_2048,x__autocorrelation__lag_256,x__autocorrelation__lag_4096,x__autocorrelation__lag_512,x__autocorrelation__lag_8192
A,-0.19418773171881534,-0.12425571777979601,-0.19472279245581803,-0.19721531430160488,-0.2558669783412833,-0.19236588867955623,-0.29151288981233664,-0.19804500873334163
