id,x__autocorrelation__lag_1024,x__autocorrelation__lag_128,x__autocorrelation__lag_16384,x__autocorrelation__lag_2048,x__autocorrelation__lag_256,x__autocorrelation__lag_4096,x__autocorrelation__lag_512,x__autocorrelation__lag_8192
A,0.4938215862071998,-0.6899576396773777,0.4854171596014535,0.4858413224663497,0.5038787242452532,0.4866955944757677,0.5084492418340285,0.4871760129683544
