id,x__autocorrelation__lag_1024,x__autocorrelation__lag_128,x__autocorrelation__lag_16384,x__autocorrelation__lag_2048,x__autocorrelation__lag_256,x__autocorrelation__lag_4096,x__autocorrelation__lag_512,x__autocorrelation__lag_8192
A,-0.11303488223338434,-0.24069155776805845,-0.10234772756330683,-0.11032854703248966,-0.15049106707657806,-0.10557173535462792,-0.15331407197463706,-0.1130756811135049
