id,x__autocorrelation__lag_1024,x__autocorrelation__lag_128,x__autocorrelation__lag_16384,x__autocorrelation__lag_2048,x__autocorrelation__lag_256,x__autocorrelation__lag_4096,x__autocorrelation__lag_512,x__autocorrelation__lag_8192
A,-0.10749209273093702,-0.2781043846046482,-0.11862008393095715,-0.12189910009014404,-0.16654828956934578,-0.1183343388427387,-0.20264251013620246,-0.1237353052351951
