id,x__autocorrelation__lag_1024,x__autocorrelation__lag_128,x__autocorrelation__lag_16384,x__autocorrelation__lag_2048,x__autocorrelation__lag_256,x__autocorrelation__lag_4096,x__autocorrelation__lag_512,x__autocorrelation__lag_8192
A,0.5449103418945854,-0.6621757968326438,0.5287980031372221,0.5315668923773731,0.5557318959268137,0.5305096455758572,0.5519034924002536,0.5327017765653733
