id,x__autocorrelation__lag_1024,x__autocorrelation__lag_128,x__autocorrelation__lag_16384,x__autocorrelation__lag_2048,x__autocorrelation__lag_256,x__autocorrelation__lag_4096,x__autocorrelation__lag_512,x__autocorrelation__lag_8192
A,0.5499094161605169,-0.6885562008163192,0.5388842340433714,0.5386288776289976,0.5634700106413093,0.5384997903708213,0.5607806502707553,0.539565443441354
