id,x__autocorrelation__lag_1024,x__autocorrelation__lag_128,x__autocorrelation__lag_16384,x__autocorrelation__lag_2048,x__autocorrelation__lag_256,x__autocorrelation__lag_4096,x__autocorrelation__lag_512,x__autocorrelation__lag_8192
A,-0.15793637239054148,-0.17692507692269338,-0.15568002808863962,-0.1582804567443742,-0.22807174212300022,-0.15380603806171358,-0.2632073214254412,-0.1596818014393298
