id,x__autocorrelation__lag_1024,x__autocorrelation__lag_128,x__autocorrelation__lag_16384,x__autocorrelation__lag_2048,x__autocorrelation__lag_256,x__autocorrelation__lag_4096,x__autocorrelation__lag_512,x__autocorrelation__lag_8192
A,-0.21438847680585277,-0.12136830599653343,-0.20971930040263448,-0.21083783483115248,-0.27307603337088565,-0.2066740925712793,-0.30303391744715047,-0.21137033258713422
