id,x__autocorrelation__lag_1024,x__autocorrelation__lag_128,x__autocorrelation__lag_16384,x__autocorrelation__lag_2048,x__autocorrelation__lag_256,x__autocorrelation__lag_4096,x__autocorrelation__lag_512,x__autocorrelation__lag_8192
A,-0.1767930180067017,-0.20874978924819007,-0.1677662826844747,-0.17068920788613703,-0.23881449520542966,-0.16705470310255888,-0.26550611638489974,-0.17227121263741438
