id,x__autocorrelation__lag_1024,x__autocorrelation__lag_128,x__autocorrelation__lag_16384,x__autocorrelation__lag_2048,x__autocorrelation__lag_256,x__autocorrelation__lag_4096,x__autocorrelation__lag_512,x__autocorrelation__lag_8192
A,-0.11049719131342864,-0.2532647998691522,-0.12452439230212059,-0.1288930596591693,-0.17966570814764948,-0.12589550634106383,-0.23857605230690349,-0.12448199015376693
