id,x__autocorrelation__lag_1024,x__autocorrelation__lag_128,x__autocorrelation__lag_16384,x__autocorrelation__lag_2048,x__autocorrelation__lag_256,x__autocorrelation__lag_4096,x__autocorrelation__lag_512,x__autocorrelation__lag_8192
A,-0.13702548599874506,-0.22810285955179277,-0.14625463819284373,-0.14616418501059558,-0.19979730558966705,-0.14361262378318346,-0.23588611402971763,-0.14664365329190537
