id,x__autocorrelation__lag_1024,x__autocorrelation__lag_128,x__autocorrelation__lag_16384,x__autocorrelation__lag_2048,x__autocorrelation__lag_256,x__autocorrelation__lag_4096,x__autocorrelation__lag_512,x__autocorrelation__lag_8192
A,-0.1443314820823597,-0.2502549058225218,-0.12204836909683817,-0.12948488984483258,-0.17340186928737245,-0.12565224151583848,-0.1668398236789788,-0.13152089899506952
