id,x__autocorrelation__lag_1024,x__autocorrelation__lag_128,x__autocorrelation__lag_16384,x__autocorrelation__lag_2048,x__autocorrelation__lag_256,x__autocorrelation__lag_4096,x__autocorrelation__lag_512,x__autocorrelation__lag_8192
A,0.5691017239268639,-0.7333809043093098,0.5542034427229805,0.5597395340525965,0.5983824359712611,0.5581200075324229,0.5958583654082582,0.5611036993455845
