id,x__autocorrelation__lag_1024,x__autocorrelation__lag_128,x__autocorrelation__lag_16384,x__autocorrelation__lag_2048,x__autocorrelation__lag_256,x__autocorrelation__lag_4096,x__autocorrelation__lag_512,x__autocorrelation__lag_8192
A,-0.17522013210421558,-0.21428534384061412,-0.17277205380084015,-0.17365914421134082,-0.23728851006605703,-0.16969665526629854,-0.2645531932368038,-0.1737199736247046
