id,x__autocorrelation__lag_1024,x__autocorrelation__lag_128,x__autocorrelation__lag_16384,x__autocorrelation__lag_2048,x__autocorrelation__lag_256,x__autocorrelation__lag_4096,x__autocorrelation__lag_512,x__autocorrelation__lag_8192
A,-0.14447072548356193,-0.2851914275190015,-0.14579838294096462,-0.14853441374722312,-0.20317186796149006,-0.14540138473220474,-0.23938826874272454,-0.14999397007637386
