id,x__autocorrelation__lag_1024,x__autocorrelation__lag_128,x__autocorrelation__lag_16384,x__autocorrelation__lag_2048,x__autocorrelation__lag_256,x__autocorrelation__lag_4096,x__autocorrelation__lag_512,x__autocorrelation__lag_8192
A,-0.08212458526001226,-0.015612388431629867,-0.18283382230875556,-0.2212716309956873,-0.23651861789181738,-0.20954264630709038,-0.31796045166829995,-0.2233531652529963
