id,x__autocorrelation__lag_1024,x__autocorrelation__lag_128,x__autocorrelation__lag_16384,x__autocorrelation__lag_2048,x__autocorrelation__lag_256,x__autocorrelation__lag_4096,x__autocorrelation__lag_512,x__autocorrelation__lag_8192
A,-0.19946713612740477,-0.21496898212320878,-0.18652750931351011,-0.18967722813801263,-0.25167513042618,-0.18572441563526182,-0.27285644436962986,-0.1901474113013591
