id,x__autocorrelation__lag_1024,x__autocorrelation__lag_128,x__autocorrelation__lag_16384,x__autocorrelation__lag_2048,x__autocorrelation__lag_256,x__autocorrelation__lag_4096,x__autocorrelation__lag_512,x__autocorrelation__lag_8192
A,-0.19374139241330432,-0.2088348657169341,-0.1771155187543883,-0.1795936070546022,-0.2443775944281037,-0.17608172259493446,-0.2705513430551271,-0.18044078212520773
