id,x__autocorrelation__lag_1024,x__autocorrelation__lag_128,x__autocorrelation__lag_16384,x__autocorrelation__lag_2048,x__autocorrelation__lag_256,x__autocorrelation__lag_4096,x__autocorrelation__lag_512,x__autocorrelation__lag_8192
A,-0.0886031046696133,-0.013234684744383197,-0.20150213049145813,-0.2358770852957318,-0.2488687602986416,-0.2234299475494188,-0.32458090894336755,-0.23963336236381558
