id,x__autocorrelation__lag_1024,x__autocorrelation__lag_128,x__autocorrelation__lag_16384,x__autocorrelation__lag_2048,x__autocorrelation__lag_256,x__autocorrelation__lag_4096,x__autocorrelation__lag_512,x__autocorrelation__lag_8192
A,-0.19728064321657257,-0.07957875325504943,-0.1984970637070343,-0.19843145121132716,-0.2661550847776917,-0.1941335776251628,-0.30070924172641716,-0.19895737726881776
