id,x__autocorrelation__lag_1024,x__autocorrelation__lag_128,x__autocorrelation__lag_16384,x__autocorrelation__lag_2048,x__autocorrelation__lag_256,x__autocorrelation__lag_4096,x__autocorrelation__lag_512,x__autocorrelation__lag_8192
A,-0.1566596354670276,-0.24564088558966277,-0.1443187635598007,-0.149367016414071,-0.1873368935935882,-0.1463517298382092,-0.18755900284461935,-0.15147087287872113
