id,x__autocorrelation__lag_1024,x__autocorrelation__lag_128,x__autocorrelation__lag_16384,x__autocorrelation__lag_2048,x__autocorrelation__lag_256,x__autocorrelation__lag_4096,x__autocorrelation__lag_512,x__autocorrelation__lag_8192
A,-0.15314076299504809,-0.09008495843566536,-0.19579726222009655,-0.198601276836499,-0.12979417472112717,-0.1774146748766849,-0.3057922563331141,-0.18073428083596374
