id,x__autocorrelation__lag_1024,x__autocorrelation__lag_128,x__autocorrelation__lag_16384,x__autocorrelation__lag_2048,x__autocorrelation__lag_256,x__autocorrelation__lag_4096,x__autocorrelation__lag_512,x__autocorrelation__lag_8192
A,0.5521479881589124,-0.724049881974642,0.5402334752584773,0.5417733570850407,0.5779034135655678,0.5412799781707677,0.5755321876559266,0.5419021188437081
