id,x__autocorrelation__lag_1024,x__autocorrelation__lag_128,x__autocorrelation__lag_16384,x__autocorrelation__lag_2048,x__autocorrelation__lag_256,x__autocorrelation__lag_4096,x__autocorrelation__lag_512,x__autocorrelation__lag_8192
A,-0.19809825956426322,-0.20236189190671888,-0.18636258652202542,-0.18872163146906984,-0.25166641930748085,-0.1842135332939426,-0.27898803013595996,-0.18868602451117636
