id,x__autocorrelation__lag_1024,x__autocorrelation__lag_128,x__autocorrelation__lag_16384,x__autocorrelation__lag_2048,x__autocorrelation__lag_256,x__autocorrelation__lag_4096,x__autocorrelation__lag_512,x__autocorrelation__lag_8192
A,-0.11264132365700065,-0.28359853560162357,-0.14234698962865416,-0.14810852869239619,-0.15902011541095504,-0.14616692276874493,-0.2584749593025498,-0.13754101615458214
