id,x__autocorrelation__lag_1024,x__autocorrelation__lag_128,x__autocorrelation__lag_16384,x__autocorrelation__lag_2048,x__autocorrelation__lag_256,x__autocorrelation__lag_4096,x__autocorrelation__lag_512,x__autocorrelation__lag_8192
A,-0.2261132435463674,-0.1624608885764086,-0.2196959544399229,-0.21893370512403068,-0.28538492536400434,-0.21574406627088707,-0.3094452448672458,-0.21904557255996848
