id,x__autocorrelation__lag_1024,x__autocorrelation__lag_128,x__autocorrelation__lag_16384,x__autocorrelation__lag_2048,x__autocorrelation__lag_256,x__autocorrelation__lag_4096,x__autocorrelation__lag_512,x__autocorrelation__lag_8192
A,-0.09700697258881841,0.00026199609161651637,-0.2037488555746627,-0.23940665543517853,-0.2509484739966477,-0.22893210739451048,-0.3273323846713367,-0.24036637851916548
