id,x__autocorrelation__lag_1024,x__autocorrelation__lag_128,x__autocorrelation__lag_16384,x__autocorrelation__lag_2048,x__autocorrelation__lag_256,x__autocorrelation__lag_4096,x__autocorrelation__lag_512,x__autocorrelation__lag_8192
A,-0.14595228887037126,-0.29083506339056336,-0.1414108334455147,-0.14866299204672068,-0.19373756112338233,-0.1446151648008972,-0.2156820524187704,-0.14974087459643778
