id,x__autocorrelation__lag_1024,x__autocorrelation__lag_128,x__autocorrelation__lag_16384,x__autocorrelation__lag_2048,x__autocorrelation__lag_256,x__autocorrelation__lag_4096,x__autocorrelation__lag_512,x__autocorrelation__lag_8192
A,-0.1571106208799322,-0.24894076605904353,-0.1639064665523134,-0.16467206907119905,-0.21662183312750766,-0.1617845878274204,-0.24862168992637954,-0.16520727268598573
