id,x__autocorrelation__lag_1024,x__autocorrelation__lag_128,x__autocorrelation__lag_16384,x__autocorrelation__lag_2048,x__autocorrelation__lag_256,x__autocorrelation__lag_4096,x__autocorrelation__lag_512,x__autocorrelation__lag_8192
A,-0.12704155859693253,-0.25795572194248323,-0.11320236828034193,-0.14612939126007882,-0.20163713302021732,-0.10402407437723007,-0.26932858688424915,-0.09900727807565714
