id,x__autocorrelation__lag_1024,x__autocorrelation__lag_128,x__autocorrelation__lag_16384,x__autocorrelation__lag_2048,x__autocorrelation__lag_256,x__autocorrelation__lag_4096,x__autocorrelation__lag_512,x__autocorrelation__lag_8192
A,0.5568642735857962,-0.6730998502809921,0.5439829089721413,0.5467495105013961,0.5695259659754428,0.5461182203019702,0.5660071384428806,0.5481784611493687
