id,x__autocorrelation__lag_1024,x__autocorrelation__lag_128,x__autocorrelation__lag_16384,x__autocorrelation__lag_2048,x__autocorrelation__lag_256,x__autocorrelation__lag_4096,x__autocorrelation__lag_512,x__autocorrelation__lag_8192
A,-0.2360706718737515,-0.034496756186228626,-0.27289648909888453,-0.29130217153330396,-0.2729130502367117,-0.28028271044862196,-0.4174825415994082,-0.2870877783594458
