id,x__autocorrelation__lag_1024,x__autocorrelation__lag_128,x__autocorrelation__lag_16384,x__autocorrelation__lag_2048,x__autocorrelation__lag_256,x__autocorrelation__lag_4096,x__autocorrelation__lag_512,x__autocorrelation__lag_8192
A,0.5418884767559692,-0.6622780434258353,0.5299832192064409,0.5306209525788685,0.5497950193857745,0.5304664887905297,0.546847180479219,0.5319052597495794
