id,x__autocorrelation__lag_1024,x__autocorrelation__lag_128,x__autocorrelation__lag_16384,x__autocorrelation__lag_2048,x__autocorrelation__lag_256,x__autocorrelation__lag_4096,x__autocorrelation__lag_512,x__autocorrelation__lag_8192
A,0.5011663096002883,-0.6881073278782655,0.48936346176440815,0.4901457130240631,0.5055075643466092,0.4906502610674536,0.5128377016563558,0.4908791343084955
