id,x__autocorrelation__lag_1024,x__autocorrelation__lag_128,x__autocorrelation__lag_16384,x__autocorrelation__lag_2048,x__autocorrelation__lag_256,x__autocorrelation__lag_4096,x__autocorrelation__lag_512,x__autocorrelation__lag_8192
A,-0.10210087327729378,-0.28892581724607347,-0.11574496170873821,-0.11961830704044982,-0.16739912669331009,-0.11602811755655862,-0.20568962082663797,-0.12090346012608535
