id,x__autocorrelation__lag_1024,x__autocorrelation__lag_128,x__autocorrelation__lag_16384,x__autocorrelation__lag_2048,x__autocorrelation__lag_256,x__autocorrelation__lag_4096,x__autocorrelation__lag_512,x__autocorrelation__lag_8192
A,-0.09700881994539773,-0.27511573930417915,-0.12276580422736733,-0.14101964533154657,-0.17502335712774886,-0.11912135376660758,-0.23618623632862265,-0.11708145708280615
