id,x__autocorrelation__lag_1024,x__autocorrelation__lag_128,x__autocorrelation__lag_16384,x__autocorrelation__lag_2048,x__autocorrelation__lag_256,x__autocorrelation__lag_4096,x__autocorrelation__lag_512,x__autocorrelation__lag_8192
A,-0.09122006030734119,-0.29201330905402634,-0.1058907843771971,-0.10879874742959006,-0.1313007351415906,-0.10689680683071262,-0.16255876241343964,-0.10681389124305452
