id,x__autocorrelation__lag_1024,x__autocorrelation__lag_128,x__autocorrelation__lag_16384,x__autocorrelation__lag_2048,x__autocorrelation__lag_256,x__autocorrelation__lag_4096,x__autocorrelation__lag_512,x__autocorrelation__lag_8192
A,0.44932954570779904,-0.6706534394199034,0.4504783789327218,0.4489991748665009,0.4648434885316993,0.4499531058790112,0.46840458837676185,0.4477561385029155
