id,x__autocorrelation__lag_1024,x__autocorrelation__lag_128,x__autocorrelation__lag_16384,x__autocorrelation__lag_2048,x__autocorrelation__lag_256,x__autocorrelation__lag_4096,x__autocorrelation__lag_512,x__autocorrelation__lag_8192
A,0.5459344113627242,-0.6751083487396132,0.5260204580104744,0.5286121308459834,0.553019165421124,0.527301985227435,0.553035001554402,0.5302803765636971
