id,x__autocorrelation__lag_1024,x__autocorrelation__lag_128,x__autocorrelation__lag_16384,x__autocorrelation__lag_2048,x__autocorrelation__lag_256,x__autocorrelation__lag_4096,x__autocorrelation__lag_512,x__autocorrelation__lag_8192
A,-0.13049938059674804,-0.2761570610755119,-0.12272395642846924,-0.1318030679743128,-0.17244877677607562,-0.1268425727259153,-0.191800342003471,-0.13446655306559915
