id,x__autocorrelation__lag_1024,x__autocorrelation__lag_128,x__autocorrelation__lag_16384,x__autocorrelation__lag_2048,x__autocorrelation__lag_256,x__autocorrelation__lag_4096,x__autocorrelation__lag_512,x__autocorrelation__lag_8192
A,0.5479250761290293,-0.6680647965505745,0.5348577157812503,0.5372462243439259,0.5577709868862544,0.5366511573890569,0.5551958387381163,0.5388153948519656
