id,x__autocorrelation__lag_1024,x__autocorrelation__lag_128,x__autocorrelation__lag_16384,x__autocorrelation__lag_2048,x__autocorrelation__lag_256,x__autocorrelation__lag_4096,x__autocorrelation__lag_512,x__autocorrelation__lag_8192
A,0.05866219320706131,-0.5116237545368716,0.07405889301769303,0.07281777949332575,0.056878373058113434,0.0758153316898501,0.06527806164063922,0.07529685684125999
