id,x__autocorrelation__lag_1024,x__autocorrelation__lag_128,x__autocorrelation__lag_16384,x__autocorrelation__lag_2048,x__autocorrelation__lag_256,x__autocorrelation__lag_4096,x__autocorrelation__lag_512,x__autocorrelation__lag_8192
A,-0.16009052951647498,-0.22436122815190485,-0.1563618578453489,-0.15826352519822487,-0.21369897510281616,-0.15473202345174808,-0.24457798270623554,-0.15925624882497774
