id,x__autocorrelation__lag_1024,x__autocorrelation__lag_128,x__autocorrelation__lag_16384,x__autocorrelation__lag_2048,x__autocorrelation__lag_256,x__autocorrelation__lag_4096,x__autocorrelation__lag_512,x__autocorrelation__lag_8192
A,-0.10614810439019268,-0.29028925953373225,-0.14305902251410266,-0.14592633586405082,-0.1624509511228984,-0.14746338112266894,-0.24672994644861007,-0.1423393459363901
