id,x__autocorrelation__lag_1024,x__autocorrelation__lag_128,x__autocorrelation__lag_16384,x__autocorrelation__lag_2048,x__autocorrelation__lag_256,x__autocorrelation__lag_4096,x__autocorrelation__lag_512,x__autocorrelation__lag_8192
A,-0.08556984406210322,-0.3092888260587297,-0.09006424989365545,-0.09809949169552014,-0.13948130122433738,-0.09357356408459443,-0.16528050912386055,-0.10016199953005549
