id,x__autocorrelation__lag_1024,x__autocorrelation__lag_128,x__autocorrelation__lag_16384,x__autocorrelation__lag_2048,x__autocorrelation__lag_256,x__autocorrelation__lag_4096,x__autocorrelation__lag_512,x__autocorrelation__lag_8192
A,-0.13065764720856515,-0.2706785272575451,-0.14807638640668408,-0.1523067232539051,-0.17037137312004705,-0.1520066338770929,-0.2646989798841863,-0.14539248938858468
