id,x__autocorrelation__lag_1024,x__autocorrelation__lag_128,x__autocorrelation__lag_16384,x__autocorrelation__lag_2048,x__autocorrelation__lag_256,x__autocorrelation__lag_4096,x__autocorrelation__lag_512,x__autocorrelation__lag_8192
A,0.3496634631727607,-0.5959132505805285,0.34612575770289505,0.34768085374692487,0.35124502794132617,0.3503021888124364,0.3594452077934838,0.3496662379094031
