id,x__autocorrelation__lag_1024,x__autocorrelation__lag_128,x__autocorrelation__lag_16384,x__autocorrelation__lag_2048,x__autocorrelation__lag_256,x__autocorrelation__lag_4096,x__autocorrelation__lag_512,x__autocorrelation__lag_8192
A,-0.050278211906830406,-0.06348575395122583,-0.15249902379650837,-0.20533871331445597,-0.22576808073357793,-0.2045677550205045,-0.3464505518487692,-0.2283435984694352
