id,x__autocorrelation__lag_1024,x__autocorrelation__lag_128,x__autocorrelation__lag_16384,x__autocorrelation__lag_2048,x__autocorrelation__lag_256,x__autocorrelation__lag_4096,x__autocorrelation__lag_512,x__autocorrelation__lag_8192
A,-0.1662610934580627,-0.2654547487664558,-0.16799608739204977,-0.16824829597373486,-0.2198409382288987,-0.16537777294022052,-0.24789164401720348,-0.1677571363708982
