id,x__autocorrelation__lag_1024,x__autocorrelation__lag_128,x__autocorrelation__lag_16384,x__autocorrelation__lag_2048,x__autocorrelation__lag_256,x__autocorrelation__lag_4096,x__autocorrelation__lag_512,x__autocorrelation__lag_8192
A,-0.10687769592565768,-0.28170768565082094,-0.11547062251917917,-0.12057535959492911,-0.16207387115923397,-0.11612359937786208,-0.19796360649242273,-0.12247839302904141
