id,x__autocorrelation__lag_1024,x__autocorrelation__lag_128,x__autocorrelation__lag_16384,x__autocorrelation__lag_2048,x__autocorrelation__lag_256,x__autocorrelation__lag_4096,x__autocorrelation__lag_512,x__autocorrelation__lag_8192
A,-0.1247001882299095,-0.2867407033499235,-0.11598434540292163,-0.11897869608714698,-0.1682741671850678,-0.11695367576605913,-0.16882299159720904,-0.1197086006256492
