id,x__autocorrelation__lag_1024,x__autocorrelation__lag_128,x__autocorrelation__lag_16384,x__autocorrelation__lag_2048,x__autocorrelation__lag_256,x__autocorrelation__lag_4096,x__autocorrelation__lag_512,x__autocorrelation__lag_8192
A,0.4199203654252015,-0.6313459179239792,0.40758875891891494,0.4151904119111217,0.4111072250712913,0.4151694113141959,0.4180629746396996,0.41906104159680024
