id,x__autocorrelation__lag_1024,x__autocorrelation__lag_128,x__autocorrelation__lag_16384,x__autocorrelation__lag_2048,x__autocorrelation__lag_256,x__autocorrelation__lag_4096,x__autocorrelation__lag_512,x__autocorrelation__lag_8192
A,-0.18257330960844195,-0.22714695585989517,-0.17073263778334963,-0.17307808334821712,-0.22922318361617292,-0.17073055044929492,-0.2517467456319107,-0.1739186974070895
