id,x__autocorrelation__lag_1024,x__autocorrelation__lag_128,x__autocorrelation__lag_16384,x__autocorrelation__lag_2048,x__autocorrelation__lag_256,x__autocorrelation__lag_4096,x__autocorrelation__lag_512,x__autocorrelation__lag_8192
A,0.5523832460884878,-0.702533249774181,0.535757527237735,0.5413388734179924,0.5687230589692249,0.5396295303709414,0.5676590499557489,0.5427509377790805
