id,x__autocorrelation__lag_1024,x__autocorrelation__lag_128,x__autocorrelation__lag_16384,x__autocorrelation__lag_2048,x__autocorrelation__lag_256,x__autocorrelation__lag_4096,x__autocorrelation__lag_512,x__autocorrelation__lag_8192
A,-0.2706868843546385,-0.1894104862577028,-0.33945187644676367,-0.3376394268174957,-0.2996282148488748,-0.33632550269135336,-0.44973731281386203,-0.3304081783787577
