id,x__autocorrelation__lag_1024,x__autocorrelation__lag_128,x__autocorrelation__lag_16384,x__autocorrelation__lag_2048,x__autocorrelation__lag_256,x__autocorrelation__lag_4096,x__autocorrelation__lag_512,x__autocorrelation__lag_8192
A,0.45597138090840056,-0.6782874632739195,0.4572007292433201,0.45694208846816964,0.46690320309623706,0.45783434753092006,0.4744810010342173,0.45644850766027634
