id,x__autocorrelation__lag_1024,x__autocorrelation__lag_128,x__autocorrelation__lag_16384,x__autocorrelation__lag_2048,x__autocorrelation__lag_256,x__autocorrelation__lag_4096,x__autocorrelation__lag_512,x__autocorrelation__lag_8192
A,-0.1988403616308475,-0.0996773002789495,-0.1963925741654717,-0.1958184651321029,-0.266087556546001,-0.19189449721768526,-0.2950464585659359,-0.196249259827122
