id,x__autocorrelation__lag_1024,x__autocorrelation__lag_128,x__autocorrelation__lag_16384,x__autocorrelation__lag_2048,x__autocorrelation__lag_256,x__autocorrelation__lag_4096,x__autocorrelation__lag_512,x__autocorrelation__lag_8192
A,-0.10672017650482125,-0.2772469855987427,-0.14013376747709894,-0.14513012799292851,-0.1619305936067371,-0.1441450145643134,-0.2470676472629283,-0.1396696677070345
