id,x__autocorrelation__lag_1024,x__autocorrelation__lag_128,x__autocorrelation__lag_16384,x__autocorrelation__lag_2048,x__autocorrelation__lag_256,x__autocorrelation__lag_4096,x__autocorrelation__lag_512,x__autocorrelation__lag_8192
A,0.5444026503324958,-0.728449862591214,0.5409163901604223,0.540248294562736,0.5745349332481693,0.5411117622724108,0.574498460912802,0.5406526862814356
