id,x__autocorrelation__lag_1024,x__autocorrelation__lag_128,x__autocorrelation__lag_16384,x__autocorrelation__lag_2048,x__autocorrelation__lag_256,x__autocorrelation__lag_4096,x__autocorrelation__lag_512,x__autocorrelation__lag_8192
A,0.5657696036109847,-0.6708824591003604,0.5533941529000291,0.554266150032264,0.5733002247943514,0.5538714996102553,0.5645735515525082,0.5551071484917941
