id,x__autocorrelation__lag_1024,x__autocorrelation__lag_128,x__autocorrelation__lag_16384,x__autocorrelation__lag_2048,x__autocorrelation__lag_256,x__autocorrelation__lag_4096,x__autocorrelation__lag_512,x__autocorrelation__lag_8192
A,0.5737653365809352,-0.7066703907554635,0.5563950154190873,0.5627005236905752,0.5850069185136856,0.561121947790722,0.5834542523580795,0.5643944373734178
