id,x__autocorrelation__lag_1024,x__autocorrelation__lag_128,x__autocorrelation__lag_16384,x__autocorrelation__lag_2048,x__autocorrelation__lag_256,x__autocorrelation__lag_4096,x__autocorrelation__lag_512,x__autocorrelation__lag_8192
A,-0.12207460471651922,-0.30146914247720824,-0.12413207480022262,-0.12593116932086648,-0.17370970108480283,-0.12329345394983102,-0.19786040576230918,-0.1263185461660168
