id,x__autocorrelation__lag_1024,x__autocorrelation__lag_128,x__autocorrelation__lag_16384,x__autocorrelation__lag_2048,x__autocorrelation__lag_256,x__autocorrelation__lag_4096,x__autocorrelation__lag_512,x__autocorrelation__lag_8192
A,-0.09014703080663271,-0.28966273560147215,-0.10496204783267972,-0.11115558208763625,-0.15691385624763177,-0.10756374365804142,-0.18694949877891953,-0.11302188104530611
