id,x__autocorrelation__lag_1024,x__autocorrelation__lag_128,x__autocorrelation__lag_16384,x__autocorrelation__lag_2048,x__autocorrelation__lag_256,x__autocorrelation__lag_4096,x__autocorrelation__lag_512,x__autocorrelation__lag_8192
A,-0.12332019972268643,-0.24786774875493625,-0.10916364769280441,-0.11499636915376477,-0.1570249500891006,-0.11123945757819594,-0.16180821366517104,-0.11678568162555403
