id,x__autocorrelation__lag_1024,x__autocorrelation__lag_128,x__autocorrelation__lag_16384,x__autocorrelation__lag_2048,x__autocorrelation__lag_256,x__autocorrelation__lag_4096,x__autocorrelation__lag_512,x__autocorrelation__lag_8192
A,-0.03978839759810875,-0.07694554828325288,-0.1318340369484847,-0.19251484055875287,-0.2163054719613908,-0.18225321586027082,-0.32428282207223397,-0.20717964869135533
