id,x__autocorrelation__lag_1024,x__autocorrelation__lag_128,x__autocorrelation__lag_16384,x__autocorrelation__lag_2048,x__autocorrelation__lag_256,x__autocorrelation__lag_4096,x__autocorrelation__lag_512,x__autocorrelation__lag_8192
A,0.5721109991032668,-0.6759556045845516,0.5616517511146659,0.5623452125433175,0.5799774185689863,0.5621130657775757,0.5717809662781793,0.5627147483407896
