id,x__autocorrelation__lag_1024,x__autocorrelation__lag_128,x__autocorrelation__lag_16384,x__autocorrelation__lag_2048,x__autocorrelation__lag_256,x__autocorrelation__lag_4096,x__autocorrelation__lag_512,x__autocorrelation__lag_8192
A,-0.17582592819871753,-0.208421087492301,-0.16576741047731097,-0.16708476275183637,-0.23148689954316848,-0.16398143229255527,-0.2594954768579707,-0.16782035273662743
