id,x__autocorrelation__lag_1024,x__autocorrelation__lag_128,x__autocorrelation__lag_16384,x__autocorrelation__lag_2048,x__autocorrelation__lag_256,x__autocorrelation__lag_4096,x__autocorrelation__lag_512,x__autocorrelation__lag_8192
A,-0.13023881685841193,-0.2123274637061353,-0.12519483032488804,-0.1303061078243589,-0.1643765871358234,-0.12742991185983718,-0.17501715098199233,-0.1319704886977311
