id,x__autocorrelation__lag_1024,x__autocorrelation__lag_128,x__autocorrelation__lag_16384,x__autocorrelation__lag_2048,x__autocorrelation__lag_256,x__autocorrelation__lag_4096,x__autocorrelation__lag_512,x__autocorrelation__lag_8192
A,-0.20581807726182977,-0.1030340906748958,-0.20205979815730785,-0.20198970880733044,-0.27211963698687835,-0.1983931132539731,-0.3055495725152109,-0.20218466424749745
