id,x__autocorrelation__lag_1024,x__autocorrelation__lag_128,x__autocorrelation__lag_16384,x__autocorrelation__lag_2048,x__autocorrelation__lag_256,x__autocorrelation__lag_4096,x__autocorrelation__lag_512,x__autocorrelation__lag_8192
A,0.5664545276787307,-0.6779951469994618,0.5536859540784633,0.557542311314161,0.5766585920349007,0.5560835623076713,0.5722724490785358,0.5589692378333709
