id,x__autocorrelation__lag_1024,x__autocorrelation__lag_128,x__autocorrelation__lag_16384,x__autocorrelation__lag_2048,x__autocorrelation__lag_256,x__autocorrelation__lag_4096,x__autocorrelation__lag_512,x__autocorrelation__lag_8192
A,-0.2060327146869734,-0.35849212632867905,-0.19893446085741173,-0.20614018015094976,-0.2226497238071653,-0.2026310260491468,-0.24648363177247884,-0.2038980097458163
