id,x__autocorrelation__lag_1024,x__autocorrelation__lag_128,x__autocorrelation__lag_16384,x__autocorrelation__lag_2048,x__autocorrelation__lag_256,x__autocorrelation__lag_4096,x__autocorrelation__lag_512,x__autocorrelation__lag_8192
A,0.5580618708463987,-0.680532823584629,0.5480314455669936,0.550234406134267,0.5655446473529907,0.5495633997840903,0.5657136186218286,0.5516894213711384
