id,x__autocorrelation__lag_1024,x__autocorrelation__lag_128,x__autocorrelation__lag_16384,x__autocorrelation__lag_2048,x__autocorrelation__lag_256,x__autocorrelation__lag_4096,x__autocorrelation__lag_512,x__autocorrelation__lag_8192
A,0.5495266839911908,-0.6873996059532507,0.5367425630091768,0.5388755563980144,0.5633611067282343,0.5378994058529714,0.5603926730282757,0.5402408880945646
