id,x__autocorrelation__lag_1024,x__autocorrelation__lag_128,x__autocorrelation__lag_16384,x__autocorrelation__lag_2048,x__autocorrelation__lag_256,x__autocorrelation__lag_4096,x__autocorrelation__lag_512,x__autocorrelation__lag_8192
A,-0.14967503042543207,-0.35694643910855134,-0.1644458472773399,-0.1940280842703859,-0.170213218986446,-0.17774023618350723,-0.24486058294283827,-0.16232486572177873
