id,x__autocorrelation__lag_1024,x__autocorrelation__lag_128,x__autocorrelation__lag_16384,x__autocorrelation__lag_2048,x__autocorrelation__lag_256,x__autocorrelation__lag_4096,x__autocorrelation__lag_512,x__autocorrelation__lag_8192
A,-0.20566034309952166,-0.25657543447990105,-0.19585259493705998,-0.19614871864001562,-0.25536424009682757,-0.1930275582360893,-0.2720924223682158,-0.19534090466013743
