id,x__autocorrelation__lag_1024,x__autocorrelation__lag_128,x__autocorrelation__lag_16384,x__autocorrelation__lag_2048,x__autocorrelation__lag_256,x__autocorrelation__lag_4096,x__autocorrelation__lag_512,x__autocorrelation__lag_8192
A,-0.18893675780222427,-0.17766083998680698,-0.18912310484132358,-0.19187595650145348,-0.2413802615892113,-0.1871703229117206,-0.2754715587649729,-0.19226011943812144
