id,x__autocorrelation__lag_1024,x__autocorrelation__lag_128,x__autocorrelation__lag_16384,x__autocorrelation__lag_2048,x__autocorrelation__lag_256,x__autocorrelation__lag_4096,x__autocorrelation__lag_512,x__autocorrelation__lag_8192
A,-0.09805560472952712,-0.31100417200945407,-0.1064024568434842,-0.10907166364600261,-0.15859885789187173,-0.10576084794890973,-0.1934707582064278,-0.10965447506143108
