id,x__autocorrelation__lag_1024,x__autocorrelation__lag_128,x__autocorrelation__lag_16384,x__autocorrelation__lag_2048,x__autocorrelation__lag_256,x__autocorrelation__lag_4096,x__autocorrelation__lag_512,x__autocorrelation__lag_8192
A,0.5550548128959829,-0.6637672797477783,0.5442680799076548,0.5454531385315371,0.5650331546473465,0.5451887800226054,0.5567019630636818,0.5463165078097832
