id,x__autocorrelation__lag_1024,x__autocorrelation__lag_128,x__autocorrelation__lag_16384,x__autocorrelation__lag_2048,x__autocorrelation__lag_256,x__autocorrelation__lag_4096,x__autocorrelation__lag_512,x__autocorrelation__lag_8192
A,-0.20789136274712872,-0.049943543890290085,-0.20865660701088265,-0.2121969566306176,-0.2789888517795967,-0.20658270047257962,-0.3159627400082607,-0.21405546671609024
