id,x__autocorrelation__lag_1024,x__autocorrelation__lag_128,x__autocorrelation__lag_16384,x__autocorrelation__lag_2048,x__autocorrelation__lag_256,x__autocorrelation__lag_4096,x__autocorrelation__lag_512,x__autocorrelation__lag_8192
A,-0.17375015363045784,-0.1862214871064676,-0.1695215099296957,-0.1711890797921116,-0.23144057452082925,-0.1671790181156919,-0.26407264286443916,-0.17146267687569922
