id,x__autocorrelation__lag_1024,x__autocorrelation__lag_128,x__autocorrelation__lag_16384,x__autocorrelation__lag_2048,x__autocorrelation__lag_256,x__autocorrelation__lag_4096,x__autocorrelation__lag_512,x__autocorrelation__lag_8192
A,-0.1255733333991223,-0.2579391549640859,-0.1065322860630467,-0.11323263574920898,-0.15563330659428914,-0.10906477229791285,-0.1544553493291934,-0.11587539180247976
