id,x__autocorrelation__lag_1024,x__autocorrelation__lag_128,x__autocorrelation__lag_16384,x__autocorrelation__lag_2048,x__autocorrelation__lag_256,x__autocorrelation__lag_4096,x__autocorrelation__lag_512,x__autocorrelation__lag_8192
A,-0.20513142486011798,-0.03463482766183693,-0.20739931098205594,-0.21320777530198967,-0.2711403259870855,-0.20675178823539825,-0.3100569322148358,-0.21485846985811435
