id,x__autocorrelation__lag_1024,x__autocorrelation__lag_128,x__autocorrelation__lag_16384,x__autocorrelation__lag_2048,x__autocorrelation__lag_256,x__autocorrelation__lag_4096,x__autocorrelation__lag_512,x__autocorrelation__lag_8192
A,-0.09038220660335192,-0.3042950667037289,-0.09160339683071247,-0.0954085585087107,-0.13861348540229718,-0.09214473430271684,-0.17122513375473863,-0.09709726924091035
