id,x__autocorrelation__lag_1024,x__autocorrelation__lag_128,x__autocorrelation__lag_16384,x__autocorrelation__lag_2048,x__autocorrelation__lag_256,x__autocorrelation__lag_4096,x__autocorrelation__lag_512,x__autocorrelation__lag_8192
A,-0.21667718987091478,-0.0443888800327401,-0.2131276287585675,-0.22505074290361685,-0.28012510823684944,-0.21637950271024808,-0.31838452589226446,-0.22768008297199557
