id,x__autocorrelation__lag_1024,x__autocorrelation__lag_128,x__autocorrelation__lag_16384,x__autocorrelation__lag_2048,x__autocorrelation__lag_256,x__autocorrelation__lag_4096,x__autocorrelation__lag_512,x__autocorrelation__lag_8192
A,0.29378047876273805,-0.5586619522605958,0.29411615842453975,0.30309388116395247,0.2742733370512295,0.30424049834213057,0.2743510045818939,0.3059624405365906
