id,x__autocorrelation__lag_1024,x__autocorrelation__lag_128,x__autocorrelation__lag_16384,x__autocorrelation__lag_2048,x__autocorrelation__lag_256,x__autocorrelation__lag_4096,x__autocorrelation__lag_512,x__autocorrelation__lag_8192
A,-0.20308124482321344,-0.10521321388817313,-0.20563290434408454,-0.20723175662783028,-0.263517924789906,-0.2031747577711907,-0.29856577292768377,-0.20826036610674659
