id,x__autocorrelation__lag_1024,x__autocorrelation__lag_128,x__autocorrelation__lag_16384,x__autocorrelation__lag_2048,x__autocorrelation__lag_256,x__autocorrelation__lag_4096,x__autocorrelation__lag_512,x__autocorrelation__lag_8192
A,-0.20082863881153623,-0.08936444420646648,-0.1986935716093292,-0.19680271583451375,-0.27669787178889027,-0.19218040746347073,-0.3138243521831344,-0.1969296964183749
