id,x__autocorrelation__lag_1024,x__autocorrelation__lag_128,x__autocorrelation__lag_16384,x__autocorrelation__lag_2048,x__autocorrelation__lag_256,x__autocorrelation__lag_4096,x__autocorrelation__lag_512,x__autocorrelation__lag_8192
A,-0.22069776288106147,-0.07029724954406387,-0.22080931353467054,-0.24150614371705045,-0.2948979150978783,-0.23085472608984794,-0.3232264873439206,-0.24569040482087806
