id,x__autocorrelation__lag_1024,x__autocorrelation__lag_128,x__autocorrelation__lag_16384,x__autocorrelation__lag_2048,x__autocorrelation__lag_256,x__autocorrelation__lag_4096,x__autocorrelation__lag_512,x__autocorrelation__lag_8192
A,0.5780215000962328,-0.675269629366448,0.5647249246793171,0.5661665404148517,0.5851010912798502,0.5658245402168925,0.5762767788039184,0.5669020748068004
