id,x__autocorrelation__lag_1024,x__autocorrelation__lag_128,x__autocorrelation__lag_16384,x__autocorrelation__lag_2048,x__autocorrelation__lag_256,x__autocorrelation__lag_4096,x__autocorrelation__lag_512,x__autocorrelation__lag_8192
A,-0.22051179726849518,-0.04993111437430208,-0.222379345296937,-0.24471451512376646,-0.2991165898514166,-0.23441973775346275,-0.3333570763213924,-0.24990329537507694
