id,x__autocorrelation__lag_1024,x__autocorrelation__lag_128,x__autocorrelation__lag_16384,x__autocorrelation__lag_2048,x__autocorrelation__lag_256,x__autocorrelation__lag_4096,x__autocorrelation__lag_512,x__autocorrelation__lag_8192
A,-0.14623844550708162,-0.23416522191332717,-0.1318206818139883,-0.13737106051282025,-0.1808000849047714,-0.1340221496819452,-0.17994771976767168,-0.1397136531742354
