id,x__autocorrelation__lag_1024,x__autocorrelation__lag_128,x__autocorrelation__lag_16384,x__autocorrelation__lag_2048,x__autocorrelation__lag_256,x__autocorrelation__lag_4096,x__autocorrelation__lag_512,x__autocorrelation__lag_8192
A,-0.20895276140125477,-0.039715044586481646,-0.20693178768243708,-0.20796963513301825,-0.28536426698006373,-0.20271412049016294,-0.3161880221018377,-0.2085199763469369
