id,x__autocorrelation__lag_1024,x__autocorrelation__lag_128,x__autocorrelation__lag_16384,x__autocorrelation__lag_2048,x__autocorrelation__lag_256,x__autocorrelation__lag_4096,x__autocorrelation__lag_512,x__autocorrelation__lag_8192
A,-0.1642276848268363,-0.2885981354349793,-0.17760157945827623,-0.24129416649869867,-0.20463978257906046,-0.20263355865776422,-0.2948174401629444,-0.19712314728231226
