id,x__autocorrelation__lag_1024,x__autocorrelation__lag_128,x__autocorrelation__lag_16384,x__autocorrelation__lag_2048,x__autocorrelation__lag_256,x__autocorrelation__lag_4096,x__autocorrelation__lag_512,x__autocorrelation__lag_8192
A,-0.20694361926752428,-0.1343986542823083,-0.20366074861546749,-0.20466963603843935,-0.2672932207288847,-0.20048184702069047,-0.3004864506319011,-0.20571944724577987
