id,x__autocorrelation__lag_1024,x__autocorrelation__lag_128,x__autocorrelation__lag_16384,x__autocorrelation__lag_2048,x__autocorrelation__lag_256,x__autocorrelation__lag_4096,x__autocorrelation__lag_512,x__autocorrelation__lag_8192
A,-0.11062679902661178,-0.2261264796237474,-0.10078351349458234,-0.1055188011057886,-0.14705675354415648,-0.10234100947688607,-0.1568961080345954,-0.10789622479794897
