id,x__autocorrelation__lag_1024,x__autocorrelation__lag_128,x__autocorrelation__lag_16384,x__autocorrelation__lag_2048,x__autocorrelation__lag_256,x__autocorrelation__lag_4096,x__autocorrelation__lag_512,x__autocorrelation__lag_8192
A,-0.24372480485118223,-0.059003321466439336,-0.23612412777992092,-0.23737919188162937,-0.30464461039352125,-0.23311890496861032,-0.33337369565140534,-0.2377204258443006
