id,x__autocorrelation__lag_1024,x__autocorrelation__lag_128,x__autocorrelation__lag_16384,x__autocorrelation__lag_2048,x__autocorrelation__lag_256,x__autocorrelation__lag_4096,x__autocorrelation__lag_512,x__autocorrelation__lag_8192
A,-0.12731651904963007,-0.27177182299137986,-0.1209946969226301,-0.12872892378603643,-0.1722702905612621,-0.1244890586548487,-0.17792513012261188,-0.1306724586976885
