id,x__autocorrelation__lag_1024,x__autocorrelation__lag_128,x__autocorrelation__lag_16384,x__autocorrelation__lag_2048,x__autocorrelation__lag_256,x__autocorrelation__lag_4096,x__autocorrelation__lag_512,x__autocorrelation__lag_8192
A,-0.09787669160981631,-0.26977575105286444,-0.14236221953556472,-0.14882245139154937,-0.15602588902211,-0.1473750893599383,-0.265763307537339,-0.13968251930919673
