id,x__autocorrelation__lag_1024,x__autocorrelation__lag_128,x__autocorrelation__lag_16384,x__autocorrelation__lag_2048,x__autocorrelation__lag_256,x__autocorrelation__lag_4096,x__autocorrelation__lag_512,x__autocorrelation__lag_8192
A,-0.15211189176710307,-0.26362549442542665,-0.1466747995320759,-0.15258149384355213,-0.1934701174349851,-0.1490597679109862,-0.20336496390676423,-0.1550257401603941
