id,x__autocorrelation__lag_1024,x__autocorrelation__lag_128,x__autocorrelation__lag_16384,x__autocorrelation__lag_2048,x__autocorrelation__lag_256,x__autocorrelation__lag_4096,x__autocorrelation__lag_512,x__autocorrelation__lag_8192
A,-0.16897915538418923,-0.1775615951514408,-0.17501661096607546,-0.17700710927092875,-0.2414904105672869,-0.17321030422202863,-0.2801172322767065,-0.17822025417806414
