id,x__autocorrelation__lag_1024,x__autocorrelation__lag_128,x__autocorrelation__lag_16384,x__autocorrelation__lag_2048,x__autocorrelation__lag_256,x__autocorrelation__lag_4096,x__autocorrelation__lag_512,x__autocorrelation__lag_8192
A,-0.19877741459229856,-0.047472602360381706,-0.20276553352713236,-0.20547030325595306,-0.27487618364571403,-0.20019900461726509,-0.3108051496199927,-0.2059037523942446
