id,x__autocorrelation__lag_1024,x__autocorrelation__lag_128,x__autocorrelation__lag_16384,x__autocorrelation__lag_2048,x__autocorrelation__lag_256,x__autocorrelation__lag_4096,x__autocorrelation__lag_512,x__autocorrelation__lag_8192
A,-0.1400029356088676,-0.22119900768086145,-0.1307696755625855,-0.13708844777897541,-0.17713719530199126,-0.13401694597791142,-0.18117949423073562,-0.13961710315452108
