id,x__autocorrelation__lag_1024,x__autocorrelation__lag_128,x__autocorrelation__lag_16384,x__autocorrelation__lag_2048,x__autocorrelation__lag_256,x__autocorrelation__lag_4096,x__autocorrelation__lag_512,x__autocorrelation__lag_8192
A,-0.17847448750286418,-0.22361473449991046,-0.17806729194264928,-0.18068970257094044,-0.23789651811025678,-0.17650293631684494,-0.2743893364423941,-0.18150425937268688
