id,x__autocorrelation__lag_1024,x__autocorrelation__lag_128,x__autocorrelation__lag_16384,x__autocorrelation__lag_2048,x__autocorrelation__lag_256,x__autocorrelation__lag_4096,x__autocorrelation__lag_512,x__autocorrelation__lag_8192
A,-0.04958290670936523,-0.17809834430860377,-0.1263239212423578,-0.10797732010091451,-0.19010791766571686,-0.11740113116550825,-0.23644137265043363,-0.11298011468469019
