id,x__autocorrelation__lag_1024,x__autocorrelation__lag_128,x__autocorrelation__lag_16384,x__autocorrelation__lag_2048,x__autocorrelation__lag_256,x__autocorrelation__lag_4096,x__autocorrelation__lag_512,x__autocorrelation__lag_8192
A,-0.14143318528924367,-0.23157677059705337,-0.16145497567885322,-0.16724199921158692,-0.2149530183663811,-0.16232230630438663,-0.26236554628619857,-0.1691334583977339
