id,x__autocorrelation__lag_1024,x__autocorrelation__lag_128,x__autocorrelation__lag_16384,x__autocorrelation__lag_2048,x__autocorrelation__lag_256,x__autocorrelation__lag_4096,x__autocorrelation__lag_512,x__autocorrelation__lag_8192
A,-0.10672526361352885,-0.014355625823110466,-0.21710978983930063,-0.24150095402792998,-0.25388665696884266,-0.23116991534553566,-0.32848795470958636,-0.2389599957636817
