id,x__autocorrelation__lag_1024,x__autocorrelation__lag_128,x__autocorrelation__lag_16384,x__autocorrelation__lag_2048,x__autocorrelation__lag_256,x__autocorrelation__lag_4096,x__autocorrelation__lag_512,x__autocorrelation__lag_8192
A,0.4691989402373738,-0.6851451084014119,0.474407962380006,0.4771258237060792,0.48388907798230824,0.47698349351567276,0.48885377299501936,0.4772391631982171
