id,x__autocorrelation__lag_1024,x__autocorrelation__lag_128,x__autocorrelation__lag_16384,x__autocorrelation__lag_2048,x__autocorrelation__lag_256,x__autocorrelation__lag_4096,x__autocorrelation__lag_512,x__autocorrelation__lag_8192
A,-0.08277592052582945,-0.26266160083696216,-0.10877200441713454,-0.11602517602798229,-0.15520588964462875,-0.1107888039102746,-0.2031624377401736,-0.10811867689410413
