id,x__autocorrelation__lag_1024,x__autocorrelation__lag_128,x__autocorrelation__lag_16384,x__autocorrelation__lag_2048,x__autocorrelation__lag_256,x__autocorrelation__lag_4096,x__autocorrelation__lag_512,x__autocorrelation__lag_8192
A,-0.1733159991998913,-0.22550273400152024,-0.1665158758415516,-0.17029904077395397,-0.23986832844202755,-0.16625836581195813,-0.27321713910615303,-0.17235161627572146
