id,x__autocorrelation__lag_1024,x__autocorrelation__lag_128,x__autocorrelation__lag_16384,x__autocorrelation__lag_2048,x__autocorrelation__lag_256,x__autocorrelation__lag_4096,x__autocorrelation__lag_512,x__autocorrelation__lag_8192
A,-0.1479616927705597,-0.21300393338299092,-0.1617497447775608,-0.16480161062242935,-0.20800408779603377,-0.161049129966581,-0.24934830321159226,-0.1666399789865002
