id,x__autocorrelation__lag_1024,x__autocorrelation__lag_128,x__autocorrelation__lag_16384,x__autocorrelation__lag_2048,x__autocorrelation__lag_256,x__autocorrelation__lag_4096,x__autocorrelation__lag_512,x__autocorrelation__lag_8192
A,-0.18769097060389534,-0.03794820437594353,-0.21885320780000317,-0.24452432952550338,-0.2914033586769107,-0.23695034617991753,-0.3192368592480432,-0.25300678567782303
