id,x__autocorrelation__lag_1024,x__autocorrelation__lag_128,x__autocorrelation__lag_16384,x__autocorrelation__lag_2048,x__autocorrelation__lag_256,x__autocorrelation__lag_4096,x__autocorrelation__lag_512,x__autocorrelation__lag_8192
A,-0.18710828108189462,-0.19940786473727698,-0.18500853404989287,-0.18494960377060127,-0.25399535886633484,-0.1825641372429384,-0.2769993666088435,-0.18443342705156923
