id,x__autocorrelation__lag_1024,x__autocorrelation__lag_128,x__autocorrelation__lag_16384,x__autocorrelation__lag_2048,x__autocorrelation__lag_256,x__autocorrelation__lag_4096,x__autocorrelation__lag_512,x__autocorrelation__lag_8192
A,-0.15403545613060157,-0.2501400980616396,-0.15458466547682234,-0.15729355820347582,-0.20988204812027367,-0.15385603286034844,-0.2389844743390282,-0.15778918239254414
