id,x__autocorrelation__lag_1024,x__autocorrelation__lag_128,x__autocorrelation__lag_16384,x__autocorrelation__lag_2048,x__autocorrelation__lag_256,x__autocorrelation__lag_4096,x__autocorrelation__lag_512,x__autocorrelation__lag_8192
A,-0.08979320237724088,-0.23639500472878414,-0.10034265031890943,-0.08123527949955336,-0.17056770969219398,-0.09941339783135622,-0.20010484194883393,-0.10400386168616442
