id,x__autocorrelation__lag_1024,x__autocorrelation__lag_128,x__autocorrelation__lag_16384,x__autocorrelation__lag_2048,x__autocorrelation__lag_256,x__autocorrelation__lag_4096,x__autocorrelation__lag_512,x__autocorrelation__lag_8192
A,-0.24404998951594647,-0.19170729017761415,-0.23141951675584113,-0.23293024835584877,-0.29514853221574877,-0.22899992561481108,-0.30945261177595823,-0.23242356721492205
