id,x__autocorrelation__lag_1024,x__autocorrelation__lag_128,x__autocorrelation__lag_16384,x__autocorrelation__lag_2048,x__autocorrelation__lag_256,x__autocorrelation__lag_4096,x__autocorrelation__lag_512,x__autocorrelation__lag_8192
A,-0.2308714644091363,-0.04525638990969525,-0.23100882570649564,-0.2314066236116861,-0.29574621642544624,-0.2269147776896293,-0.3261801306002445,-0.2317052705783921
