id,x__autocorrelation__lag_1024,x__autocorrelation__lag_128,x__autocorrelation__lag_16384,x__autocorrelation__lag_2048,x__autocorrelation__lag_256,x__autocorrelation__lag_4096,x__autocorrelation__lag_512,x__autocorrelation__lag_8192
A,0.5731287053432854,-0.7220510989683194,0.5628423888339308,0.5633202511183127,0.6004987326552986,0.5629501163956511,0.5975105047870853,0.5625645800043201
