id,x__autocorrelation__lag_1024,x__autocorrelation__lag_128,x__autocorrelation__lag_16384,x__autocorrelation__lag_2048,x__autocorrelation__lag_256,x__autocorrelation__lag_4096,x__autocorrelation__lag_512,x__autocorrelation__lag_8192
A,-0.11418286065398942,-0.30790800351199576,-0.10984759682191095,-0.11726507306739778,-0.16058408680681047,-0.11288904626496438,-0.1812939529120986,-0.11968516338136248
