id,x__autocorrelation__lag_1024,x__autocorrelation__lag_128,x__autocorrelation__lag_16384,x__autocorrelation__lag_2048,x__autocorrelation__lag_256,x__autocorrelation__lag_4096,x__autocorrelation__lag_512,x__autocorrelation__lag_8192
A,0.55577316511395,-0.670705568177049,0.5439955716144274,0.5466704989469495,0.5646212510261785,0.5454303386501131,0.5596919016356846,0.548179379675133
