id,x__autocorrelation__lag_1024,x__autocorrelation__lag_128,x__autocorrelation__lag_16384,x__autocorrelation__lag_2048,x__autocorrelation__lag_256,x__autocorrelation__lag_4096,x__autocorrelation__lag_512,x__autocorrelation__lag_8192
A,-0.21524627938212199,-0.10517552904452275,-0.21383414023305702,-0.21629951542064446,-0.2723198136880438,-0.21168682662663546,-0.3049860331384952,-0.2167732201734041
