id,x__autocorrelation__lag_1024,x__autocorrelation__lag_128,x__autocorrelation__lag_16384,x__autocorrelation__lag_2048,x__autocorrelation__lag_256,x__autocorrelation__lag_4096,x__autocorrelation__lag_512,x__autocorrelation__lag_8192
A,0.5595923776032694,-0.6648545974621706,0.5473403990401878,0.5491422506377442,0.5694605336761449,0.5483532985406793,0.5608211755280184,0.5496286742962473
