id,x__autocorrelation__lag_1024,x__autocorrelation__lag_128,x__autocorrelation__lag_16384,x__autocorrelation__lag_2048,x__autocorrelation__lag_256,x__autocorrelation__lag_4096,x__autocorrelation__lag_512,x__autocorrelation__lag_8192
A,-0.062170423435117986,-0.04691108575548129,-0.16310914572085358,-0.20269889358035817,-0.24245307120878043,-0.19466228581126777,-0.33352674598876514,-0.22212325100813665
