id,x__autocorrelation__lag_1024,x__autocorrelation__lag_128,x__autocorrelation__lag_16384,x__autocorrelation__lag_2048,x__autocorrelation__lag_256,x__autocorrelation__lag_4096,x__autocorrelation__lag_512,x__autocorrelation__lag_8192
A,-0.12745637077365937,-0.2931440314089475,-0.13428781016438762,-0.13895669643505051,-0.18229685867372625,-0.13501405091539767,-0.21458719981976565,-0.14054404929999914
