id,x__autocorrelation__lag_1024,x__autocorrelation__lag_128,x__autocorrelation__lag_16384,x__autocorrelation__lag_2048,x__autocorrelation__lag_256,x__autocorrelation__lag_4096,x__autocorrelation__lag_512,x__autocorrelation__lag_8192
A,0.5582919955252531,-0.6612952720411912,0.543863903019087,0.5462563039335042,0.566895597134482,0.5454927751472624,0.5592144765317967,0.5472942537310616
