id,x__autocorrelation__lag_1024,x__autocorrelation__lag_128,x__autocorrelation__lag_16384,x__autocorrelation__lag_2048,x__autocorrelation__lag_256,x__autocorrelation__lag_4096,x__autocorrelation__lag_512,x__autocorrelation__lag_8192
A,-0.1442393313106177,-0.3189531763662933,-0.15024481729082378,-0.15170735020585838,-0.20173965681725708,-0.14934202951956524,-0.23036923493782044,-0.15199038952532934
