id,x__autocorrelation__lag_1024,x__autocorrelation__lag_128,x__autocorrelation__lag_16384,x__autocorrelation__lag_2048,x__autocorrelation__lag_256,x__autocorrelation__lag_4096,x__autocorrelation__lag_512,x__autocorrelation__lag_8192
A,-0.1535648929667406,-0.28050181653606054,-0.15125602772478788,-0.15539917584814217,-0.19552349187311793,-0.15193041024987908,-0.21277193150466345,-0.15590588940053413
