id,x__autocorrelation__lag_1024,x__autocorrelation__lag_128,x__autocorrelation__lag_16384,x__autocorrelation__lag_2048,x__autocorrelation__lag_256,x__autocorrelation__lag_4096,x__autocorrelation__lag_512,x__autocorrelation__lag_8192
A,-0.1649022072958688,-0.3210095282109863,-0.16323559322903083,-0.1704451726341963,-0.19891534185055237,-0.16735630738686583,-0.22235220784572632,-0.1704203781393566
