id,x__autocorrelation__lag_1024,x__autocorrelation__lag_128,x__autocorrelation__lag_16384,x__autocorrelation__lag_2048,x__autocorrelation__lag_256,x__autocorrelation__lag_4096,x__autocorrelation__lag_512,x__autocorrelation__lag_8192
A,0.547683686018069,-0.668761591413383,0.5350143595098377,0.5392356597827882,0.5566894618507351,0.537677694309877,0.5552877694022197,0.5408626852928676
