id,x__autocorrelation__lag_1024,x__autocorrelation__lag_128,x__autocorrelation__lag_16384,x__autocorrelation__lag_2048,x__autocorrelation__lag_256,x__autocorrelation__lag_4096,x__autocorrelation__lag_512,x__autocorrelation__lag_8192
A,-0.12183064624600054,-0.27154366381437306,-0.11698137272917108,-0.12338282773786699,-0.16422397302082628,-0.11998841181630968,-0.17604868404623003,-0.12450295934908519
