id,x__autocorrelation__lag_1024,x__autocorrelation__lag_128,x__autocorrelation__lag_16384,x__autocorrelation__lag_2048,x__autocorrelation__lag_256,x__autocorrelation__lag_4096,x__autocorrelation__lag_512,x__autocorrelation__lag_8192
A,0.5839851119614317,-0.7346677651467917,0.575001010232634,0.5797455758147297,0.6033591157254748,0.5790972636562272,0.6019344357653126,0.5816997787633087
