id,x__autocorrelation__lag_1024,x__autocorrelation__lag_128,x__autocorrelation__lag_16384,x__autocorrelation__lag_2048,x__autocorrelation__lag_256,x__autocorrelation__lag_4096,x__autocorrelation__lag_512,x__autocorrelation__lag_8192
A,-0.10155543725751644,-0.24049029338012215,-0.09154803276325503,-0.09697901569408861,-0.13696494086038832,-0.0935510078746621,-0.14707590686650437,-0.09939499209386923
