id,x__autocorrelation__lag_1024,x__autocorrelation__lag_128,x__autocorrelation__lag_16384,x__autocorrelation__lag_2048,x__autocorrelation__lag_256,x__autocorrelation__lag_4096,x__autocorrelation__lag_512,x__autocorrelation__lag_8192
A,-0.2129833229076878,-0.05636633494571933,-0.20985430019365475,-0.21318764811414387,-0.28395921786201667,-0.2077991283628143,-0.31623983761491165,-0.21509199088855593
