id,x__autocorrelation__lag_1024,x__autocorrelation__lag_128,x__autocorrelation__lag_16384,x__autocorrelation__lag_2048,x__autocorrelation__lag_256,x__autocorrelation__lag_4096,x__autocorrelation__lag_512,x__autocorrelation__lag_8192
A,0.5715242159616848,-0.6757719059132409,0.558472826639778,0.5598468751531968,0.5803907497600271,0.559424038537083,0.5699476619599385,0.5606614993245299
