id,x__autocorrelation__lag_1024,x__autocorrelation__lag_128,x__autocorrelation__lag_16384,x__autocorrelation__lag_2048,x__autocorrelation__lag_256,x__autocorrelation__lag_4096,x__autocorrelation__lag_512,x__autocorrelation__lag_8192
A,-0.2165191191139421,-0.3326983276686227,-0.22798073756625967,-0.23734026118909296,-0.25137142891304753,-0.22982147511351245,-0.28080699209836457,-0.22099196864854553
