id,x__autocorrelation__lag_1024,x__autocorrelation__lag_128,x__autocorrelation__lag_16384,x__autocorrelation__lag_2048,x__autocorrelation__lag_256,x__autocorrelation__lag_4096,x__autocorrelation__lag_512,x__autocorrelation__lag_8192
A,0.5547919109242656,-0.6713065637811182,0.5424391776889588,0.5451342619541665,0.5650058259297207,0.5444354116390199,0.5606235069406169,0.5463349400430201
