id,x__autocorrelation__lag_1024,x__autocorrelation__lag_128,x__autocorrelation__lag_16384,x__autocorrelation__lag_2048,x__autocorrelation__lag_256,x__autocorrelation__lag_4096,x__autocorrelation__lag_512,x__autocorrelation__lag_8192
A,-0.12540932732453797,-0.26339049695301026,-0.13290055782703591,-0.137915204374764,-0.1877579535711382,-0.13264074981274812,-0.22314950414660786,-0.13908654763547357
