id,x__autocorrelation__lag_1024,x__autocorrelation__lag_128,x__autocorrelation__lag_16384,x__autocorrelation__lag_2048,x__autocorrelation__lag_256,x__autocorrelation__lag_4096,x__autocorrelation__lag_512,x__autocorrelation__lag_8192
A,-0.20027540662784335,-0.0924900323125493,-0.19673750846130858,-0.19733994173229696,-0.2672091772575152,-0.19251515875767058,-0.29960927105426755,-0.1975574177413533
