id,x__autocorrelation__lag_1024,x__autocorrelation__lag_128,x__autocorrelation__lag_16384,x__autocorrelation__lag_2048,x__autocorrelation__lag_256,x__autocorrelation__lag_4096,x__autocorrelation__lag_512,x__autocorrelation__lag_8192
A,-0.15056334684032738,-0.23327404511519204,-0.15647666114212636,-0.15790601726038103,-0.21037670658683644,-0.15464606768325065,-0.2495871936529851,-0.15927143125618576
