id,x__autocorrelation__lag_1024,x__autocorrelation__lag_128,x__autocorrelation__lag_16384,x__autocorrelation__lag_2048,x__autocorrelation__lag_256,x__autocorrelation__lag_4096,x__autocorrelation__lag_512,x__autocorrelation__lag_8192
A,-0.11871566256817424,-0.23901645837334656,-0.10769272221281709,-0.11340606480381431,-0.15463037769204893,-0.10983837544473138,-0.16247781596200372,-0.11584799490957835
