id,x__autocorrelation__lag_1024,x__autocorrelation__lag_128,x__autocorrelation__lag_16384,x__autocorrelation__lag_2048,x__autocorrelation__lag_256,x__autocorrelation__lag_4096,x__autocorrelation__lag_512,x__autocorrelation__lag_8192
A,-0.2270115439353336,-0.13292547278470512,-0.21949330793992655,-0.22082978365293385,-0.2865610990310182,-0.2170653377728839,-0.31054473653594183,-0.2200555565114665
