id,x__autocorrelation__lag_1024,x__autocorrelation__lag_128,x__autocorrelation__lag_16384,x__autocorrelation__lag_2048,x__autocorrelation__lag_256,x__autocorrelation__lag_4096,x__autocorrelation__lag_512,x__autocorrelation__lag_8192
A,-0.10339697602607037,-0.307335341209551,-0.10724760448510388,-0.11038980048323054,-0.15847424029878485,-0.10802906771499975,-0.1816020042876481,-0.11120588397930435
