id,x__autocorrelation__lag_1024,x__autocorrelation__lag_128,x__autocorrelation__lag_16384,x__autocorrelation__lag_2048,x__autocorrelation__lag_256,x__autocorrelation__lag_4096,x__autocorrelation__lag_512,x__autocorrelation__lag_8192
A,0.5976468984052272,-0.7155518669211229,0.5796906083544267,0.5860152364419527,0.608408951691547,0.5840865636778955,0.6080803573230451,0.5877511471088918
