id,x__autocorrelation__lag_1024,x__autocorrelation__lag_128,x__autocorrelation__lag_16384,x__autocorrelation__lag_2048,x__autocorrelation__lag_256,x__autocorrelation__lag_4096,x__autocorrelation__lag_512,x__autocorrelation__lag_8192
A,0.5161359381182794,-0.7023712312939192,0.5088327589895452,0.5130096199723914,0.5249242707743393,0.5128585562554728,0.5323792290373828,0.5149997369098085
