id,x__autocorrelation__lag_1024,x__autocorrelation__lag_128,x__autocorrelation__lag_16384,x__autocorrelation__lag_2048,x__autocorrelation__lag_256,x__autocorrelation__lag_4096,x__autocorrelation__lag_512,x__autocorrelation__lag_8192
A,0.580591034939787,-0.7090107260222991,0.5658298122987098,0.5687382546806257,0.5941215009381053,0.5680631857903954,0.5938638926435538,0.5696126705579202
