id,x__autocorrelation__lag_1024,x__autocorrelation__lag_128,x__autocorrelation__lag_16384,x__autocorrelation__lag_2048,x__autocorrelation__lag_256,x__autocorrelation__lag_4096,x__autocorrelation__lag_512,x__autocorrelation__lag_8192
A,-0.14279332338434675,-0.23494641986700135,-0.13138433108508388,-0.13663153348457,-0.17733571440659054,-0.1333376676285005,-0.17983419695868538,-0.13912075476819047
