id,x__autocorrelation__lag_1024,x__autocorrelation__lag_128,x__autocorrelation__lag_16384,x__autocorrelation__lag_2048,x__autocorrelation__lag_256,x__autocorrelation__lag_4096,x__autocorrelation__lag_512,x__autocorrelation__lag_8192
A,-0.15951933439565874,-0.21346652414327788,-0.1550233339047759,-0.15772237342688863,-0.21432193273469194,-0.1545713353745978,-0.24495036785584645,-0.15927631000486056
