id,x__autocorrelation__lag_1024,x__autocorrelation__lag_128,x__autocorrelation__lag_16384,x__autocorrelation__lag_2048,x__autocorrelation__lag_256,x__autocorrelation__lag_4096,x__autocorrelation__lag_512,x__autocorrelation__lag_8192
A,-0.2177706376333659,-0.05137552997356714,-0.21725444138669794,-0.2178074719364323,-0.28346632837485203,-0.21299974111842482,-0.3133229831200256,-0.21818621003328273
