id,x__autocorrelation__lag_1024,x__autocorrelation__lag_128,x__autocorrelation__lag_16384,x__autocorrelation__lag_2048,x__autocorrelation__lag_256,x__autocorrelation__lag_4096,x__autocorrelation__lag_512,x__autocorrelation__lag_8192
A,-0.1505622870145796,-0.3266679569928354,-0.14687202975844169,-0.14772407694857254,-0.20103817210033584,-0.14538707525612699,-0.21335345715952875,-0.14701080611114214
