id,x__autocorrelation__lag_1024,x__autocorrelation__lag_128,x__autocorrelation__lag_16384,x__autocorrelation__lag_2048,x__autocorrelation__lag_256,x__autocorrelation__lag_4096,x__autocorrelation__lag_512,x__autocorrelation__lag_8192
A,-0.22251093566378652,-0.0746586007063728,-0.22028033015192458,-0.22215336387198356,-0.28723497397390374,-0.21763156029303776,-0.32210855182664044,-0.2228153774156735
