id,x__autocorrelation__lag_1024,x__autocorrelation__lag_128,x__autocorrelation__lag_16384,x__autocorrelation__lag_2048,x__autocorrelation__lag_256,x__autocorrelation__lag_4096,x__autocorrelation__lag_512,x__autocorrelation__lag_8192
A,0.5431661737919236,-0.6685924291143029,0.5284493065888463,0.5324721091083442,0.5538599417247174,0.5308702385184613,0.5496717854471339,0.5340957003689741
