id,x__autocorrelation__lag_1024,x__autocorrelation__lag_128,x__autocorrelation__lag_16384,x__autocorrelation__lag_2048,x__autocorrelation__lag_256,x__autocorrelation__lag_4096,x__autocorrelation__lag_512,x__autocorrelation__lag_8192
A,-0.13188234817628042,-0.23231311634073146,-0.14023512928500975,-0.1412338915279412,-0.1981566898680405,-0.13742055151014657,-0.23921434012106133,-0.140791057394765
