id,x__autocorrelation__lag_1024,x__autocorrelation__lag_128,x__autocorrelation__lag_16384,x__autocorrelation__lag_2048,x__autocorrelation__lag_256,x__autocorrelation__lag_4096,x__autocorrelation__lag_512,x__autocorrelation__lag_8192
A,0.5344951193528367,-0.6621074726561832,0.5260727552850594,0.5264931127718734,0.5430766284013545,0.5259611880752039,0.5407674139608052,0.5274507796709885
