id,x__autocorrelation__lag_1024,x__autocorrelation__lag_128,x__autocorrelation__lag_16384,x__autocorrelation__lag_2048,x__autocorrelation__lag_256,x__autocorrelation__lag_4096,x__autocorrelation__lag_512,x__autocorrelation__lag_8192
A,0.5617764336946017,-0.6668507632101458,0.5519948932582766,0.554413054645509,0.5708988555206848,0.5536439380771794,0.5652579143622327,0.5551572579284223
