id,x__autocorrelation__lag_1024,x__autocorrelation__lag_128,x__autocorrelation__lag_16384,x__autocorrelation__lag_2048,x__autocorrelation__lag_256,x__autocorrelation__lag_4096,x__autocorrelation__lag_512,x__autocorrelation__lag_8192
A,-0.11609349650509437,-0.23126854442107161,-0.1335635336197675,-0.13373083014074633,-0.16604234805600646,-0.13744346730032878,-0.2542585559469576,-0.1308738191901529
