id,x__autocorrelation__lag_1024,x__autocorrelation__lag_128,x__autocorrelation__lag_16384,x__autocorrelation__lag_2048,x__autocorrelation__lag_256,x__autocorrelation__lag_4096,x__autocorrelation__lag_512,x__autocorrelation__lag_8192
A,0.5405043626367629,-0.7185096558436211,0.5351098823479387,0.5335040532497226,0.5670938896244959,0.5344818432505539,0.5677878719970477,0.5333240550396022
