id,x__autocorrelation__lag_1024,x__autocorrelation__lag_128,x__autocorrelation__lag_16384,x__autocorrelation__lag_2048,x__autocorrelation__lag_256,x__autocorrelation__lag_4096,x__autocorrelation__lag_512,x__autocorrelation__lag_8192
A,-0.14503636092925015,-0.2871321191599312,-0.14612483644393645,-0.14980780560860787,-0.2057373181815063,-0.14554683184261316,-0.2358194999520116,-0.15087852847463723
