id,x__autocorrelation__lag_1024,x__autocorrelation__lag_128,x__autocorrelation__lag_16384,x__autocorrelation__lag_2048,x__autocorrelation__lag_256,x__autocorrelation__lag_4096,x__autocorrelation__lag_512,x__autocorrelation__lag_8192
A,-0.22718859930975818,-0.1153989398046157,-0.2777930890243595,-0.28676473184487067,-0.24757566917204166,-0.2865851150901596,-0.4194115542143722,-0.27798812133427614
