id,x__autocorrelation__lag_1024,x__autocorrelation__lag_128,x__autocorrelation__lag_16384,x__autocorrelation__lag_2048,x__autocorrelation__lag_256,x__autocorrelation__lag_4096,x__autocorrelation__lag_512,x__autocorrelation__lag_8192
A,0.5478033794478694,-0.6702679548980157,0.5358073886257724,0.5397240557543549,0.5588556906188136,0.5379672200320272,0.5551798968519208,0.5410801363170307
