id,x__autocorrelation__lag_1024,x__autocorrelation__lag_128,x__autocorrelation__lag_16384,x__autocorrelation__lag_2048,x__autocorrelation__lag_256,x__autocorrelation__lag_4096,x__autocorrelation__lag_512,x__autocorrelation__lag_8192
A,0.5408876483285369,-0.662038154956292,0.5278241960681335,0.5301127799170406,0.5463160971417763,0.5297685616599953,0.5432199784375692,0.5314906423462243
