id,x__autocorrelation__lag_1024,x__autocorrelation__lag_128,x__autocorrelation__lag_16384,x__autocorrelation__lag_2048,x__autocorrelation__lag_256,x__autocorrelation__lag_4096,x__autocorrelation__lag_512,x__autocorrelation__lag_8192
A,-0.1910936060598934,-0.36519536021061494,-0.18965353628110337,-0.1964691669690784,-0.20843229657937679,-0.19433584632288958,-0.23760661217979787,-0.1915131151484964
