id,x__autocorrelation__lag_1024,x__autocorrelation__lag_128,x__autocorrelation__lag_16384,x__autocorrelation__lag_2048,x__autocorrelation__lag_256,x__autocorrelation__lag_4096,x__autocorrelation__lag_512,x__autocorrelation__lag_8192
A,-0.16196786606413838,-0.34120416978185303,-0.1633336092349459,-0.17563519747143147,-0.18863614122279443,-0.17202794842692523,-0.21715794486771184,-0.16921979215084998
