id,x__autocorrelation__lag_1024,x__autocorrelation__lag_128,x__autocorrelation__lag_16384,x__autocorrelation__lag_2048,x__autocorrelation__lag_256,x__autocorrelation__lag_4096,x__autocorrelation__lag_512,x__autocorrelation__lag_8192
A,0.5413336896620041,-0.668071076763899,0.5297680493430466,0.5329720593067062,0.5502070891840787,0.5321457440906032,0.5478260310533903,0.5345821737848072
