id,x__autocorrelation__lag_1024,x__autocorrelation__lag_128,x__autocorrelation__lag_16384,x__autocorrelation__lag_2048,x__autocorrelation__lag_256,x__autocorrelation__lag_4096,x__autocorrelation__lag_512,x__autocorrelation__lag_8192
A,-0.11968690926273136,-0.23088686411786485,-0.1388890934033076,-0.14048467250551022,-0.16746220448358667,-0.1378487358883941,-0.2618320857196555,-0.13288811101617387
