id,x__autocorrelation__lag_1024,x__autocorrelation__lag_128,x__autocorrelation__lag_16384,x__autocorrelation__lag_2048,x__autocorrelation__lag_256,x__autocorrelation__lag_4096,x__autocorrelation__lag_512,x__autocorrelation__lag_8192
A,-0.1906138358537158,-0.07783429742234771,-0.18788189703661481,-0.18829638705121518,-0.26519643233375534,-0.1842392813686698,-0.2944624238870308,-0.1892678957449745
