id,x__autocorrelation__lag_1024,x__autocorrelation__lag_128,x__autocorrelation__lag_16384,x__autocorrelation__lag_2048,x__autocorrelation__lag_256,x__autocorrelation__lag_4096,x__autocorrelation__lag_512,x__autocorrelation__lag_8192
A,0.5844260649127575,-0.7195322854708565,0.5719108205893496,0.5760640595131401,0.598050475240253,0.5748671390615789,0.5949963909815196,0.5769814476608793
