id,x__autocorrelation__lag_1024,x__autocorrelation__lag_128,x__autocorrelation__lag_16384,x__autocorrelation__lag_2048,x__autocorrelation__lag_256,x__autocorrelation__lag_4096,x__autocorrelation__lag_512,x__autocorrelation__lag_8192
A,-0.21684434194585833,-0.05770674195739408,-0.2204048323063167,-0.24390227019767535,-0.29722848806975943,-0.23319011753344712,-0.3345629156981324,-0.2499685789879116
