id,x__autocorrelation__lag_1024,x__autocorrelation__lag_128,x__autocorrelation__lag_16384,x__autocorrelation__lag_2048,x__autocorrelation__lag_256,x__autocorrelation__lag_4096,x__autocorrelation__lag_512,x__autocorrelation__lag_8192
A,-0.13960549225304744,-0.28156869655131894,-0.14443254869134242,-0.14833292579806093,-0.19787730984845678,-0.1451684570584172,-0.23035952805263749,-0.1496792109034432
