id,x__autocorrelation__lag_1024,x__autocorrelation__lag_128,x__autocorrelation__lag_16384,x__autocorrelation__lag_2048,x__autocorrelation__lag_256,x__autocorrelation__lag_4096,x__autocorrelation__lag_512,x__autocorrelation__lag_8192
A,0.5338583903675481,-0.6582618155876562,0.5216883155822759,0.5244427298783605,0.5407101895174308,0.522914638576773,0.5380762392892927,0.5254132228585792
