id,x__autocorrelation__lag_1024,x__autocorrelation__lag_128,x__autocorrelation__lag_16384,x__autocorrelation__lag_2048,x__autocorrelation__lag_256,x__autocorrelation__lag_4096,x__autocorrelation__lag_512,x__autocorrelation__lag_8192
A,-0.15231961595037466,-0.22622980233594867,-0.15065051821819128,-0.15395189147726096,-0.21737306348265215,-0.14985348815499516,-0.25675534035494585,-0.15571559577393004
