id,x__autocorrelation__lag_1024,x__autocorrelation__lag_128,x__autocorrelation__lag_16384,x__autocorrelation__lag_2048,x__autocorrelation__lag_256,x__autocorrelation__lag_4096,x__autocorrelation__lag_512,x__autocorrelation__lag_8192
A,-0.1246736585321562,-0.30156812782078096,-0.12502911480879852,-0.14388143004788784,-0.18101802425170366,-0.13725955298339457,-0.23833694911889639,-0.13836698259711505
