id,x__autocorrelation__lag_1024,x__autocorrelation__lag_128,x__autocorrelation__lag_16384,x__autocorrelation__lag_2048,x__autocorrelation__lag_256,x__autocorrelation__lag_4096,x__autocorrelation__lag_512,x__autocorrelation__lag_8192
A,0.5746201243183177,-0.6764753018464812,0.562230992172687,0.5647256264269918,0.5839188498600122,0.5640940313259113,0.5759567319457857,0.5657596275196337
