id,x__autocorrelation__lag_1024,x__autocorrelation__lag_128,x__autocorrelation__lag_16384,x__autocorrelation__lag_2048,x__autocorrelation__lag_256,x__autocorrelation__lag_4096,x__autocorrelation__lag_512,x__autocorrelation__lag_8192
A,-0.10891306057882844,-0.2603848859449339,-0.09685534535058228,-0.10547371565517466,-0.14474891246367455,-0.10108931582818649,-0.14540550765716817,-0.10844388851184118
