id,x__autocorrelation__lag_1024,x__autocorrelation__lag_128,x__autocorrelation__lag_16384,x__autocorrelation__lag_2048,x__autocorrelation__lag_256,x__autocorrelation__lag_4096,x__autocorrelation__lag_512,x__autocorrelation__lag_8192
A,-0.1332323056967095,-0.24667325174344937,-0.14168335745881536,-0.14277333324049007,-0.16460598948490324,-0.14565509917318453,-0.24857250776582507,-0.14169803512918705
