id,x__autocorrelation__lag_1024,x__autocorrelation__lag_128,x__autocorrelation__lag_16384,x__autocorrelation__lag_2048,x__autocorrelation__lag_256,x__autocorrelation__lag_4096,x__autocorrelation__lag_512,x__autocorrelation__lag_8192
A,0.5618953354693178,-0.6615848589309136,0.5506683265474958,0.5535253608186922,0.5673951261143843,0.553146761770529,0.5586911897636745,0.5538815332035818
