id,x__autocorrelation__lag_1024,x__autocorrelation__lag_128,x__autocorrelation__lag_16384,x__autocorrelation__lag_2048,x__autocorrelation__lag_256,x__autocorrelation__lag_4096,x__autocorrelation__lag_512,x__autocorrelation__lag_8192
A,-0.12649443920965642,-0.2923639383569872,-0.12797697333181915,-0.13191067797610073,-0.18498584194320783,-0.12873525642950398,-0.21817265392890292,-0.1340080531896845
