id,x__autocorrelation__lag_1024,x__autocorrelation__lag_128,x__autocorrelation__lag_16384,x__autocorrelation__lag_2048,x__autocorrelation__lag_256,x__autocorrelation__lag_4096,x__autocorrelation__lag_512,x__autocorrelation__lag_8192
A,-0.1780474503444832,-0.28550420401493065,-0.17648075419221615,-0.17925576987071049,-0.23168908374998845,-0.17626176121589698,-0.25020383412198777,-0.17922480439531593
