id,x__autocorrelation__lag_1024,x__autocorrelation__lag_128,x__autocorrelation__lag_16384,x__autocorrelation__lag_2048,x__autocorrelation__lag_256,x__autocorrelation__lag_4096,x__autocorrelation__lag_512,x__autocorrelation__lag_8192
A,-0.10531774632032247,-0.29444374709739235,-0.10518685783794955,-0.11185936497415118,-0.15342317151640195,-0.10738869654244834,-0.18069771526916395,-0.11394074320977765
