id,x__autocorrelation__lag_1024,x__autocorrelation__lag_128,x__autocorrelation__lag_16384,x__autocorrelation__lag_2048,x__autocorrelation__lag_256,x__autocorrelation__lag_4096,x__autocorrelation__lag_512,x__autocorrelation__lag_8192
A,-0.09377966052940481,-0.1258209222921048,-0.16729948893334162,-0.16352936102302357,-0.21453726316948082,-0.1653139635379396,-0.2864844957649953,-0.15666723389408221
