id,x__autocorrelation__lag_1024,x__autocorrelation__lag_128,x__autocorrelation__lag_16384,x__autocorrelation__lag_2048,x__autocorrelation__lag_256,x__autocorrelation__lag_4096,x__autocorrelation__lag_512,x__autocorrelation__lag_8192
A,-0.08874873866631729,-0.3083947180620214,-0.10051766933451599,-0.1079210624483976,-0.14964308201914828,-0.10350400943205884,-0.18125205784518988,-0.11008613897149337
