id,x__autocorrelation__lag_1024,x__autocorrelation__lag_128,x__autocorrelation__lag_16384,x__autocorrelation__lag_2048,x__autocorrelation__lag_256,x__autocorrelation__lag_4096,x__autocorrelation__lag_512,x__autocorrelation__lag_8192
A,-0.07694145966469641,-0.3074877339645388,-0.07910405064328835,-0.08731792801130439,-0.1268515748258846,-0.0826545724561052,-0.15663353743851166,-0.08957235005251184
