id,x__autocorrelation__lag_1024,x__autocorrelation__lag_128,x__autocorrelation__lag_16384,x__autocorrelation__lag_2048,x__autocorrelation__lag_256,x__autocorrelation__lag_4096,x__autocorrelation__lag_512,x__autocorrelation__lag_8192
A,-0.10976736690517871,-0.3146110619904276,-0.10591377023255154,-0.10915456269510156,-0.15660620767043568,-0.10641186500247002,-0.18036982804884608,-0.11070962681349547
