id,x__autocorrelation__lag_1024,x__autocorrelation__lag_128,x__autocorrelation__lag_16384,x__autocorrelation__lag_2048,x__autocorrelation__lag_256,x__autocorrelation__lag_4096,x__autocorrelation__lag_512,x__autocorrelation__lag_8192
A,-0.10456568581754123,-0.2936235109551793,-0.11090135631612397,-0.11552201756333273,-0.16439473874368893,-0.1118450361904884,-0.20074344241987763,-0.11808829984984219
