id,x__autocorrelation__lag_1024,x__autocorrelation__lag_128,x__autocorrelation__lag_16384,x__autocorrelation__lag_2048,x__autocorrelation__lag_256,x__autocorrelation__lag_4096,x__autocorrelation__lag_512,x__autocorrelation__lag_8192
A,-0.19582214725549832,-0.07303578881510615,-0.1988471976328749,-0.1985760130701336,-0.2720739463926491,-0.1944126339733661,-0.30542727519814383,-0.19911487910341083
