id,x__autocorrelation__lag_1024,x__autocorrelation__lag_128,x__autocorrelation__lag_16384,x__autocorrelation__lag_2048,x__autocorrelation__lag_256,x__autocorrelation__lag_4096,x__autocorrelation__lag_512,x__autocorrelation__lag_8192
A,-0.10068720636345789,-0.3009850283249974,-0.10050916284027754,-0.10831057981301087,-0.15091475031857562,-0.10331681746833529,-0.17892814462467743,-0.11073182955617142
