id,x__autocorrelation__lag_1024,x__autocorrelation__lag_128,x__autocorrelation__lag_16384,x__autocorrelation__lag_2048,x__autocorrelation__lag_256,x__autocorrelation__lag_4096,x__autocorrelation__lag_512,x__autocorrelation__lag_8192
A,0.5836728433316811,-0.7329537115064212,0.5683054603812925,0.5723795076614852,0.6011936202747789,0.5713840145758711,0.6015803238946268,0.5737554000152111
