id,x__autocorrelation__lag_1024,x__autocorrelation__lag_128,x__autocorrelation__lag_16384,x__autocorrelation__lag_2048,x__autocorrelation__lag_256,x__autocorrelation__lag_4096,x__autocorrelation__lag_512,x__autocorrelation__lag_8192
A,0.5521799935271524,-0.6760095807970529,0.5368229215023504,0.5384202339347987,0.5611407751430638,0.538262359402956,0.5595899474681918,0.5393859497823877
