id,x__autocorrelation__lag_1024,x__autocorrelation__lag_128,x__autocorrelation__lag_16384,x__autocorrelation__lag_2048,x__autocorrelation__lag_256,x__autocorrelation__lag_4096,x__autocorrelation__lag_512,x__autocorrelation__lag_8192
A,-0.14684211523076543,-0.25825759137483145,-0.1502123869829351,-0.15429948906910665,-0.20226280401104998,-0.15026377424945717,-0.23823552138603765,-0.1550265781698634
