id,x__autocorrelation__lag_1024,x__autocorrelation__lag_128,x__autocorrelation__lag_16384,x__autocorrelation__lag_2048,x__autocorrelation__lag_256,x__autocorrelation__lag_4096,x__autocorrelation__lag_512,x__autocorrelation__lag_8192
A,-0.11712273150940329,-0.2507899008253999,-0.13171888336345053,-0.13623729028231515,-0.15253589354366057,-0.1316734350006283,-0.24578289021633037,-0.1269423159114354
