id,x__autocorrelation__lag_1024,x__autocorrelation__lag_128,x__autocorrelation__lag_16384,x__autocorrelation__lag_2048,x__autocorrelation__lag_256,x__autocorrelation__lag_4096,x__autocorrelation__lag_512,x__autocorrelation__lag_8192
A,-0.09332519212816441,-0.29069207644833356,-0.09300328886276345,-0.10134890293609955,-0.14653895994555435,-0.09611921903039412,-0.16873628574723432,-0.10310072335905386
