id,x__autocorrelation__lag_1024,x__autocorrelation__lag_128,x__autocorrelation__lag_16384,x__autocorrelation__lag_2048,x__autocorrelation__lag_256,x__autocorrelation__lag_4096,x__autocorrelation__lag_512,x__autocorrelation__lag_8192
A,0.5318536906276763,-0.7157774163865642,0.5269785313226765,0.5298712535826996,0.5417851117762397,0.529464200027279,0.547710035550925,0.5311633578434604
