id,x__autocorrelation__lag_1024,x__autocorrelation__lag_128,x__autocorrelation__lag_16384,x__autocorrelation__lag_2048,x__autocorrelation__lag_256,x__autocorrelation__lag_4096,x__autocorrelation__lag_512,x__autocorrelation__lag_8192
A,-0.10579622188078457,-0.24238620079339726,-0.096905974133174,-0.10428490172636025,-0.14357755180352114,-0.09984152959224481,-0.14851925446094902,-0.10683500847178232
