id,x__autocorrelation__lag_1024,x__autocorrelation__lag_128,x__autocorrelation__lag_16384,x__autocorrelation__lag_2048,x__autocorrelation__lag_256,x__autocorrelation__lag_4096,x__autocorrelation__lag_512,x__autocorrelation__lag_8192
A,0.5680124565372672,-0.6731033450471572,0.5552722529824466,0.5566944002441578,0.5754527113515406,0.556213460053846,0.5688867368144289,0.5576225093293219
