id,x__autocorrelation__lag_1024,x__autocorrelation__lag_128,x__autocorrelation__lag_16384,x__autocorrelation__lag_2048,x__autocorrelation__lag_256,x__autocorrelation__lag_4096,x__autocorrelation__lag_512,x__autocorrelation__lag_8192
A,0.5631961338451963,-0.6647798545803753,0.5499966577770875,0.5524792057169193,0.570239882972335,0.5515857198424968,0.5622349450982213,0.5534352443673968
