id,x__autocorrelation__lag_1024,x__autocorrelation__lag_128,x__autocorrelation__lag_16384,x__autocorrelation__lag_2048,x__autocorrelation__lag_256,x__autocorrelation__lag_4096,x__autocorrelation__lag_512,x__autocorrelation__lag_8192
A,0.5608013778982232,-0.6810535383522829,0.5440407264828234,0.5466577111074126,0.5740653692695548,0.5456828352325243,0.5685141043532688,0.5478524405204983
