id,x__autocorrelation__lag_1024,x__autocorrelation__lag_128,x__autocorrelation__lag_16384,x__autocorrelation__lag_2048,x__autocorrelation__lag_256,x__autocorrelation__lag_4096,x__autocorrelation__lag_512,x__autocorrelation__lag_8192
A,-0.19716835666378657,-0.08378605883533818,-0.20356163678857628,-0.20367958990366936,-0.26323701477422445,-0.19949632138211193,-0.3049567421908442,-0.20395705500879585
