id,x__autocorrelation__lag_1024,x__autocorrelation__lag_128,x__autocorrelation__lag_16384,x__autocorrelation__lag_2048,x__autocorrelation__lag_256,x__autocorrelation__lag_4096,x__autocorrelation__lag_512,x__autocorrelation__lag_8192
A,-0.17836191238183793,-0.1920620666006289,-0.17589931272670803,-0.17874147762540793,-0.23081313286976718,-0.17547064234744505,-0.2601012038538367,-0.18015730974157937
