id,x__autocorrelation__lag_1024,x__autocorrelation__lag_128,x__autocorrelation__lag_16384,x__autocorrelation__lag_2048,x__autocorrelation__lag_256,x__autocorrelation__lag_4096,x__autocorrelation__lag_512,x__autocorrelation__lag_8192
A,-0.1933663704206952,-0.047310826319127676,-0.20017571838842932,-0.20152096678542972,-0.26996408684932716,-0.1970763907054402,-0.30706935227206067,-0.20204511645635687
