id,x__autocorrelation__lag_1024,x__autocorrelation__lag_128,x__autocorrelation__lag_16384,x__autocorrelation__lag_2048,x__autocorrelation__lag_256,x__autocorrelation__lag_4096,x__autocorrelation__lag_512,x__autocorrelation__lag_8192
A,-0.1507614807670869,-0.29448359493598825,-0.1439813139860469,-0.1479055015861996,-0.19313369890522156,-0.14445206506447764,-0.2075444890429529,-0.14822847809390288
