id,x__autocorrelation__lag_1024,x__autocorrelation__lag_128,x__autocorrelation__lag_16384,x__autocorrelation__lag_2048,x__autocorrelation__lag_256,x__autocorrelation__lag_4096,x__autocorrelation__lag_512,x__autocorrelation__lag_8192
A,-0.16895145527292418,-0.1920108713911392,-0.16326619454687016,-0.16404316035511235,-0.23216139371891278,-0.1605961911296661,-0.2667793334220474,-0.16515410459381646
