id,x__autocorrelation__lag_1024,x__autocorrelation__lag_128,x__autocorrelation__lag_16384,x__autocorrelation__lag_2048,x__autocorrelation__lag_256,x__autocorrelation__lag_4096,x__autocorrelation__lag_512,x__autocorrelation__lag_8192
A,-0.2005393253795646,-0.0348216601565751,-0.21073075099244934,-0.23258916905706323,-0.2823171923800229,-0.22312459029335985,-0.31506740791573135,-0.23870210457457794
