id,x__autocorrelation__lag_1024,x__autocorrelation__lag_128,x__autocorrelation__lag_16384,x__autocorrelation__lag_2048,x__autocorrelation__lag_256,x__autocorrelation__lag_4096,x__autocorrelation__lag_512,x__autocorrelation__lag_8192
A,0.3003547103986493,-0.5929625592192361,0.2995329074089709,0.29803110054704185,0.30678482785435696,0.3000775701939629,0.3126460109225061,0.2981081333268959
