id,x__autocorrelation__lag_1024,x__autocorrelation__lag_128,x__autocorrelation__lag_16384,x__autocorrelation__lag_2048,x__autocorrelation__lag_256,x__autocorrelation__lag_4096,x__autocorrelation__lag_512,x__autocorrelation__lag_8192
A,-0.16601536857715496,-0.18940848287024864,-0.18344444856444597,-0.18656921317912734,-0.23695720905705206,-0.18269013505284762,-0.28448608407262016,-0.18890909994265026
