id,x__autocorrelation__lag_1024,x__autocorrelation__lag_128,x__autocorrelation__lag_16384,x__autocorrelation__lag_2048,x__autocorrelation__lag_256,x__autocorrelation__lag_4096,x__autocorrelation__lag_512,x__autocorrelation__lag_8192
A,-0.1973119577237838,-0.14956457675202237,-0.19235302145350233,-0.19336417946136414,-0.2585183439718397,-0.18844337081162132,-0.29241958190414913,-0.19359299286086235
