id,x__autocorrelation__lag_1024,x__autocorrelation__lag_128,x__autocorrelation__lag_16384,x__autocorrelation__lag_2048,x__autocorrelation__lag_256,x__autocorrelation__lag_4096,x__autocorrelation__lag_512,x__autocorrelation__lag_8192
A,-0.23101358432407962,-0.32669492177837905,-0.21287805131211354,-0.25791186027277907,-0.2555919952641813,-0.23717982099044363,-0.29502972717720444,-0.23510077058770124
