id,x__autocorrelation__lag_1024,x__autocorrelation__lag_128,x__autocorrelation__lag_16384,x__autocorrelation__lag_2048,x__autocorrelation__lag_256,x__autocorrelation__lag_4096,x__autocorrelation__lag_512,x__autocorrelation__lag_8192
A,0.540626313099706,-0.6767153002080621,0.5276585000805374,0.5300349349798119,0.555609982180047,0.5291296584281108,0.5536755776857936,0.5312655745269743
