id,x__autocorrelation__lag_1024,x__autocorrelation__lag_128,x__autocorrelation__lag_16384,x__autocorrelation__lag_2048,x__autocorrelation__lag_256,x__autocorrelation__lag_4096,x__autocorrelation__lag_512,x__autocorrelation__lag_8192
A,-0.12170795243025906,-0.31542501401362527,-0.12037899999949127,-0.12326351726820908,-0.17121898723405016,-0.1206798965604317,-0.19185306851817477,-0.12367765319373407
