id,x__autocorrelation__lag_1024,x__autocorrelation__lag_128,x__autocorrelation__lag_16384,x__autocorrelation__lag_2048,x__autocorrelation__lag_256,x__autocorrelation__lag_4096,x__autocorrelation__lag_512,x__autocorrelation__lag_8192
A,-0.14739082652274926,-0.24357118215005277,-0.13899193146403346,-0.14183193692366183,-0.20451868615292845,-0.1380846528685945,-0.2303621917964678,-0.14304190542722856
