id,x__autocorrelation__lag_1024,x__autocorrelation__lag_128,x__autocorrelation__lag_16384,x__autocorrelation__lag_2048,x__autocorrelation__lag_256,x__autocorrelation__lag_4096,x__autocorrelation__lag_512,x__autocorrelation__lag_8192
A,-0.08895047764366927,-0.2917890774233759,-0.10250111204155508,-0.1043647083162739,-0.15065201868365008,-0.1017197486066934,-0.19263797473028976,-0.1063326205595557
