id,x__autocorrelation__lag_1024,x__autocorrelation__lag_128,x__autocorrelation__lag_16384,x__autocorrelation__lag_2048,x__autocorrelation__lag_256,x__autocorrelation__lag_4096,x__autocorrelation__lag_512,x__autocorrelation__lag_8192
A,-0.13553561462216293,-0.3131964688413502,-0.14219190426514752,-0.14814064829661153,-0.18871180639481047,-0.14511811808109445,-0.21026914561967316,-0.149785026386103
