id,x__autocorrelation__lag_1024,x__autocorrelation__lag_128,x__autocorrelation__lag_16384,x__autocorrelation__lag_2048,x__autocorrelation__lag_256,x__autocorrelation__lag_4096,x__autocorrelation__lag_512,x__autocorrelation__lag_8192
A,-0.23160822825742708,-0.0661624581755796,-0.22734662521922322,-0.22818065403682639,-0.29135986238627964,-0.22351620358155355,-0.3204660213025587,-0.22790929337134685
