id,x__autocorrelation__lag_1024,x__autocorrelation__lag_128,x__autocorrelation__lag_16384,x__autocorrelation__lag_2048,x__autocorrelation__lag_256,x__autocorrelation__lag_4096,x__autocorrelation__lag_512,x__autocorrelation__lag_8192
A,0.1876146928379417,-0.5206554273494284,0.20196812008237255,0.20120620372045356,0.18639403188315706,0.2053701819205237,0.19042661710463954,0.20241973060485674
