id,x__autocorrelation__lag_1024,x__autocorrelation__lag_128,x__autocorrelation__lag_16384,x__autocorrelation__lag_2048,x__autocorrelation__lag_256,x__autocorrelation__lag_4096,x__autocorrelation__lag_512,x__autocorrelation__lag_8192
A,-0.1298140875390437,-0.25883493717204825,-0.12461267390012695,-0.13069628419501436,-0.1746466346654876,-0.12741624575873056,-0.18419114663393935,-0.1326531261870857
