id,x__autocorrelation__lag_1024,x__autocorrelation__lag_128,x__autocorrelation__lag_16384,x__autocorrelation__lag_2048,x__autocorrelation__lag_256,x__autocorrelation__lag_4096,x__autocorrelation__lag_512,x__autocorrelation__lag_8192
A,-0.2137253187804428,-0.2440684308724717,-0.20433149562045505,-0.2062585224456304,-0.2661751933593199,-0.2029313256150229,-0.2889980675769382,-0.20674089590359535
