id,x__autocorrelation__lag_1024,x__autocorrelation__lag_128,x__autocorrelation__lag_16384,x__autocorrelation__lag_2048,x__autocorrelation__lag_256,x__autocorrelation__lag_4096,x__autocorrelation__lag_512,x__autocorrelation__lag_8192
A,-0.16115688106778991,-0.2047233390238037,-0.16726907090665463,-0.17161086912366386,-0.20367488254039737,-0.1693152731775231,-0.21211204776565368,-0.17358353303714713
