id,x__autocorrelation__lag_1024,x__autocorrelation__lag_128,x__autocorrelation__lag_16384,x__autocorrelation__lag_2048,x__autocorrelation__lag_256,x__autocorrelation__lag_4096,x__autocorrelation__lag_512,x__autocorrelation__lag_8192
A,-0.21335590189126183,-0.02244203898668136,-0.21384333027562005,-0.2219298024146385,-0.27541373757701815,-0.21467957060376078,-0.31289674007719437,-0.22452996419225435
