id,x__autocorrelation__lag_1024,x__autocorrelation__lag_128,x__autocorrelation__lag_16384,x__autocorrelation__lag_2048,x__autocorrelation__lag_256,x__autocorrelation__lag_4096,x__autocorrelation__lag_512,x__autocorrelation__lag_8192
A,-0.16857437784581636,-0.27740636902850496,-0.15831690116170344,-0.16549012979916652,-0.20770353461675578,-0.16198155187369884,-0.21250400676343076,-0.16684001209306326
