id,x__autocorrelation__lag_1024,x__autocorrelation__lag_128,x__autocorrelation__lag_16384,x__autocorrelation__lag_2048,x__autocorrelation__lag_256,x__autocorrelation__lag_4096,x__autocorrelation__lag_512,x__autocorrelation__lag_8192
A,-0.19965785588120186,-0.034413846766541724,-0.20361654145162855,-0.20454597198017707,-0.27533172616210966,-0.19949105739714984,-0.31112796115236097,-0.20490708882204048
