id,x__autocorrelation__lag_1024,x__autocorrelation__lag_128,x__autocorrelation__lag_16384,x__autocorrelation__lag_2048,x__autocorrelation__lag_256,x__autocorrelation__lag_4096,x__autocorrelation__lag_512,x__autocorrelation__lag_8192
A,-0.20607692400455657,-0.17667813964978038,-0.20217500543639796,-0.20316395962639733,-0.2655131694199486,-0.19968543092717578,-0.2925572638876373,-0.2032731315494154
