id,x__autocorrelation__lag_1024,x__autocorrelation__lag_128,x__autocorrelation__lag_16384,x__autocorrelation__lag_2048,x__autocorrelation__lag_256,x__autocorrelation__lag_4096,x__autocorrelation__lag_512,x__autocorrelation__lag_8192
A,-0.23556013222490285,-0.13352022299135202,-0.2252620039746561,-0.22389390745241922,-0.2980707814752724,-0.22035227098547122,-0.32173761052132105,-0.2233769023327174
