id,x__autocorrelation__lag_1024,x__autocorrelation__lag_128,x__autocorrelation__lag_16384,x__autocorrelation__lag_2048,x__autocorrelation__lag_256,x__autocorrelation__lag_4096,x__autocorrelation__lag_512,x__autocorrelation__lag_8192
A,-0.1347547471175019,-0.29019113600204227,-0.11834053332728058,-0.12500681811384404,-0.17036949212772073,-0.12090895009038302,-0.16759005770086302,-0.12652207627194426
