id,x__autocorrelation__lag_1024,x__autocorrelation__lag_128,x__autocorrelation__lag_16384,x__autocorrelation__lag_2048,x__autocorrelation__lag_256,x__autocorrelation__lag_4096,x__autocorrelation__lag_512,x__autocorrelation__lag_8192
A,-0.18999872780468188,-0.34897520663241616,-0.19206214732180488,-0.2027381931442148,-0.2088154477327538,-0.19561692482047063,-0.2477076471656148,-0.19097797042990966
