id,x__autocorrelation__lag_1024,x__autocorrelation__lag_128,x__autocorrelation__lag_16384,x__autocorrelation__lag_2048,x__autocorrelation__lag_256,x__autocorrelation__lag_4096,x__autocorrelation__lag_512,x__autocorrelation__lag_8192
A,-0.22141615918264757,-0.08561621433368906,-0.21734038114392346,-0.21707865338542698,-0.28270191269854045,-0.21315100393003977,-0.3138464620922701,-0.2168463910212701
