id,x__autocorrelation__lag_1024,x__autocorrelation__lag_128,x__autocorrelation__lag_16384,x__autocorrelation__lag_2048,x__autocorrelation__lag_256,x__autocorrelation__lag_4096,x__autocorrelation__lag_512,x__autocorrelation__lag_8192
A,-0.20579051089905473,-0.058821396169148985,-0.21231808590038478,-0.23639256395880656,-0.28845310502513477,-0.22503188109788555,-0.31877842211648144,-0.24237410927800804
