id,x__autocorrelation__lag_1024,x__autocorrelation__lag_128,x__autocorrelation__lag_16384,x__autocorrelation__lag_2048,x__autocorrelation__lag_256,x__autocorrelation__lag_4096,x__autocorrelation__lag_512,x__autocorrelation__lag_8192
A,-0.10505973795422527,-0.2930467319566421,-0.10198506503627346,-0.10840321292799035,-0.14754896671872017,-0.10396058675535949,-0.17308923338263768,-0.10931351935934139
