id,x__autocorrelation__lag_1024,x__autocorrelation__lag_128,x__autocorrelation__lag_16384,x__autocorrelation__lag_2048,x__autocorrelation__lag_256,x__autocorrelation__lag_4096,x__autocorrelation__lag_512,x__autocorrelation__lag_8192
A,-0.15029144360978647,-0.25692145554807516,-0.1481635122979954,-0.15151319652791223,-0.20186912311118224,-0.14785564549582667,-0.23378530534520348,-0.1527347011891527
