id,x__autocorrelation__lag_1024,x__autocorrelation__lag_128,x__autocorrelation__lag_16384,x__autocorrelation__lag_2048,x__autocorrelation__lag_256,x__autocorrelation__lag_4096,x__autocorrelation__lag_512,x__autocorrelation__lag_8192
A,-0.1765244125048773,-0.1908239183525891,-0.17449492978211786,-0.17686991010397105,-0.2274142076727326,-0.17261650213033497,-0.26240397048204167,-0.17707364689686092
