id,x__autocorrelation__lag_1024,x__autocorrelation__lag_128,x__autocorrelation__lag_16384,x__autocorrelation__lag_2048,x__autocorrelation__lag_256,x__autocorrelation__lag_4096,x__autocorrelation__lag_512,x__autocorrelation__lag_8192
A,0.5625300251630464,-0.6726888699985863,0.5451908023775409,0.5498425692132257,0.5734754633498106,0.5484613755599985,0.5670091520653469,0.5508593686883607
