id,x__autocorrelation__lag_1024,x__autocorrelation__lag_128,x__autocorrelation__lag_16384,x__autocorrelation__lag_2048,x__autocorrelation__lag_256,x__autocorrelation__lag_4096,x__autocorrelation__lag_512,x__autocorrelation__lag_8192
A,-0.13290417619189274,-0.2575653298297712,-0.12827084084180707,-0.13367196797920372,-0.17871185170880488,-0.1300812949122538,-0.19334809875227793,-0.13544498351840903
