id,x__autocorrelation__lag_1024,x__autocorrelation__lag_128,x__autocorrelation__lag_16384,x__autocorrelation__lag_2048,x__autocorrelation__lag_256,x__autocorrelation__lag_4096,x__autocorrelation__lag_512,x__autocorrelation__lag_8192
A,-0.13208796852876414,-0.22809888124916894,-0.1308801341847901,-0.14273095370498795,-0.16294903564554256,-0.13985657214371106,-0.2486847157531758,-0.13311433306056464
