id,x__autocorrelation__lag_1024,x__autocorrelation__lag_128,x__autocorrelation__lag_16384,x__autocorrelation__lag_2048,x__autocorrelation__lag_256,x__autocorrelation__lag_4096,x__autocorrelation__lag_512,x__autocorrelation__lag_8192
A,-0.15595320683181466,-0.3268083855711374,-0.13535146667670864,-0.16863948748493193,-0.21548360023639881,-0.15002899629338307,-0.268869327896856,-0.15372552638961942
