id,x__autocorrelation__lag_1024,x__autocorrelation__lag_128,x__autocorrelation__lag_16384,x__autocorrelation__lag_2048,x__autocorrelation__lag_256,x__autocorrelation__lag_4096,x__autocorrelation__lag_512,x__autocorrelation__lag_8192
A,-0.059190233872794186,-0.060565083739554285,-0.16147046431820997,-0.21726412835267606,-0.22800549053812863,-0.20022845545260284,-0.34369801854993415,-0.2395024600367938
