id,x__autocorrelation__lag_1024,x__autocorrelation__lag_128,x__autocorrelation__lag_16384,x__autocorrelation__lag_2048,x__autocorrelation__lag_256,x__autocorrelation__lag_4096,x__autocorrelation__lag_512,x__autocorrelation__lag_8192
A,0.5518448822772495,-0.7256473988113161,0.5454096481524995,0.5482139706791967,0.5654245974038198,0.5477571229881829,0.5692551271060644,0.5496459997304549
