id,x__autocorrelation__lag_1024,x__autocorrelation__lag_128,x__autocorrelation__lag_16384,x__autocorrelation__lag_2048,x__autocorrelation__lag_256,x__autocorrelation__lag_4096,x__autocorrelation__lag_512,x__autocorrelation__lag_8192
A,0.5934417935539779,-0.7377950926796192,0.5807660040217961,0.5843556820631792,0.6108767337600772,0.5835883606704537,0.6102949763352641,0.5855280905518883
