id,x__autocorrelation__lag_1024,x__autocorrelation__lag_128,x__autocorrelation__lag_16384,x__autocorrelation__lag_2048,x__autocorrelation__lag_256,x__autocorrelation__lag_4096,x__autocorrelation__lag_512,x__autocorrelation__lag_8192
A,-0.194534193705166,-0.14860197722843171,-0.19578386322393687,-0.19993077911455168,-0.2560146981447629,-0.19503542569578494,-0.2937075344754174,-0.20093654154628232
