id,x__autocorrelation__lag_1024,x__autocorrelation__lag_128,x__autocorrelation__lag_16384,x__autocorrelation__lag_2048,x__autocorrelation__lag_256,x__autocorrelation__lag_4096,x__autocorrelation__lag_512,x__autocorrelation__lag_8192
A,-0.10176749172813063,-0.28778727271546023,-0.12121259144219874,-0.14091058870943876,-0.1813999269056598,-0.1279703133477615,-0.2328183952298896,-0.1206626670637081
