id,x__autocorrelation__lag_1024,x__autocorrelation__lag_128,x__autocorrelation__lag_16384,x__autocorrelation__lag_2048,x__autocorrelation__lag_256,x__autocorrelation__lag_4096,x__autocorrelation__lag_512,x__autocorrelation__lag_8192
A,0.5500760599976576,-0.6834682990598835,0.534003798664473,0.5369877257848034,0.5636092258103781,0.5359389765442664,0.5580322885281965,0.5381903018104526
