id,x__autocorrelation__lag_1024,x__autocorrelation__lag_128,x__autocorrelation__lag_16384,x__autocorrelation__lag_2048,x__autocorrelation__lag_256,x__autocorrelation__lag_4096,x__autocorrelation__lag_512,x__autocorrelation__lag_8192
A,0.5829063208380513,-0.7429286410587977,0.5746711825796834,0.5785840326529564,0.6072044734363092,0.5776949246185185,0.6045702345583602,0.5797696041695443
