id,x__autocorrelation__lag_1024,x__autocorrelation__lag_128,x__autocorrelation__lag_16384,x__autocorrelation__lag_2048,x__autocorrelation__lag_256,x__autocorrelation__lag_4096,x__autocorrelation__lag_512,x__autocorrelation__lag_8192
A,-0.21995161685448084,-0.016164318278593815,-0.2161310377210942,-0.22579296192566894,-0.28663292887729547,-0.21803326681509452,-0.31864513086261553,-0.22780275863198252
