id,x__autocorrelation__lag_1024,x__autocorrelation__lag_128,x__autocorrelation__lag_16384,x__autocorrelation__lag_2048,x__autocorrelation__lag_256,x__autocorrelation__lag_4096,x__autocorrelation__lag_512,x__autocorrelation__lag_8192
A,-0.11932784288285574,-0.2554613448567563,-0.12647424062871876,-0.13145616713151964,-0.1826865877162011,-0.1275406779055673,-0.22074215666883798,-0.13295018735392244
