id,x__autocorrelation__lag_1024,x__autocorrelation__lag_128,x__autocorrelation__lag_16384,x__autocorrelation__lag_2048,x__autocorrelation__lag_256,x__autocorrelation__lag_4096,x__autocorrelation__lag_512,x__autocorrelation__lag_8192
A,-0.12088998051038512,-0.25967501065980864,-0.1356452423996942,-0.1442762173312171,-0.17519610908620403,-0.13898696611055847,-0.2569076556211575,-0.1326816440990109
