id,x__autocorrelation__lag_1024,x__autocorrelation__lag_128,x__autocorrelation__lag_16384,x__autocorrelation__lag_2048,x__autocorrelation__lag_256,x__autocorrelation__lag_4096,x__autocorrelation__lag_512,x__autocorrelation__lag_8192
A,0.3037920789628156,-0.5625502908656119,0.2942664883902317,0.303407731147382,0.28717970735160003,0.30434013813005056,0.29026318723524847,0.30749976608821666
