id,x__autocorrelation__lag_1024,x__autocorrelation__lag_128,x__autocorrelation__lag_16384,x__autocorrelation__lag_2048,x__autocorrelation__lag_256,x__autocorrelation__lag_4096,x__autocorrelation__lag_512,x__autocorrelation__lag_8192
A,-0.21908774006807466,-0.06824463110375906,-0.21676959895417372,-0.21695664426001016,-0.2846974654076124,-0.21251553867226095,-0.3118683635045639,-0.21694589782710225
