id,x__autocorrelation__lag_1024,x__autocorrelation__lag_128,x__autocorrelation__lag_16384,x__autocorrelation__lag_2048,x__autocorrelation__lag_256,x__autocorrelation__lag_4096,x__autocorrelation__lag_512,x__autocorrelation__lag_8192
A,-0.12756606930334413,-0.27147210959380264,-0.1368341035589342,-0.14085681383761214,-0.19147370583284712,-0.13663522352936805,-0.23067547171504021,-0.14214301006692737
