id,x__autocorrelation__lag_1024,x__autocorrelation__lag_128,x__autocorrelation__lag_16384,x__autocorrelation__lag_2048,x__autocorrelation__lag_256,x__autocorrelation__lag_4096,x__autocorrelation__lag_512,x__autocorrelation__lag_8192
A,0.5838641882701655,-0.7165421442618023,0.5680843141710507,0.572706198580918,0.5967422426950845,0.5711041081438516,0.5933478833592696,0.573667189491617
