id,x__autocorrelation__lag_1024,x__autocorrelation__lag_128,x__autocorrelation__lag_16384,x__autocorrelation__lag_2048,x__autocorrelation__lag_256,x__autocorrelation__lag_4096,x__autocorrelation__lag_512,x__autocorrelation__lag_8192
A,-0.15403860757360965,-0.22680598000319754,-0.15365492411084344,-0.15539937304015577,-0.21243958023684942,-0.15211850553236989,-0.2469116174859944,-0.15671051362094926
