id,x__autocorrelation__lag_1024,x__autocorrelation__lag_128,x__autocorrelation__lag_16384,x__autocorrelation__lag_2048,x__autocorrelation__lag_256,x__autocorrelation__lag_4096,x__autocorrelation__lag_512,x__autocorrelation__lag_8192
A,-0.21066432050819364,-0.08734348339523518,-0.2118557337268715,-0.21265743410897395,-0.27082996354598693,-0.20930336132873545,-0.30521834428299777,-0.21383294769604627
