id,x__autocorrelation__lag_1024,x__autocorrelation__lag_128,x__autocorrelation__lag_16384,x__autocorrelation__lag_2048,x__autocorrelation__lag_256,x__autocorrelation__lag_4096,x__autocorrelation__lag_512,x__autocorrelation__lag_8192
A,0.02383238555164323,-0.21167309340746257,-0.07937729130045071,-0.044202252116652546,-0.17125523192986367,-0.05490312536699752,-0.14654656850168465,-0.04813032793890401
