id,x__autocorrelation__lag_1024,x__autocorrelation__lag_128,x__autocorrelation__lag_16384,x__autocorrelation__lag_2048,x__autocorrelation__lag_256,x__autocorrelation__lag_4096,x__autocorrelation__lag_512,x__autocorrelation__lag_8192
A,0.5771315363559135,-0.6729603213600707,0.5634305044626498,0.5660237924855401,0.5839244209314672,0.565481796478253,0.5769897387299087,0.5670924435792353
