id,x__autocorrelation__lag_1024,x__autocorrelation__lag_128,x__autocorrelation__lag_16384,x__autocorrelation__lag_2048,x__autocorrelation__lag_256,x__autocorrelation__lag_4096,x__autocorrelation__lag_512,x__autocorrelation__lag_8192
A,-0.12272101203840674,-0.29887368680717075,-0.12473152568326183,-0.1308329076477003,-0.173711063114098,-0.126904739560582,-0.20551247509106596,-0.13332408893028555
