id,x__autocorrelation__lag_1024,x__autocorrelation__lag_128,x__autocorrelation__lag_16384,x__autocorrelation__lag_2048,x__autocorrelation__lag_256,x__autocorrelation__lag_4096,x__autocorrelation__lag_512,x__autocorrelation__lag_8192
A,-0.20367896030968136,-0.11661869599667037,-0.20248692284164438,-0.20450716569779925,-0.26591868450730194,-0.19923595490473062,-0.30076023723058476,-0.20556532012565013
