id,x__autocorrelation__lag_1024,x__autocorrelation__lag_128,x__autocorrelation__lag_16384,x__autocorrelation__lag_2048,x__autocorrelation__lag_256,x__autocorrelation__lag_4096,x__autocorrelation__lag_512,x__autocorrelation__lag_8192
A,-0.15416356153806499,-0.2161942012302691,-0.1528133878193297,-0.1580074107213189,-0.19523422018065856,-0.15505156136903794,-0.2021216635563216,-0.1602694517773444
