id,x__autocorrelation__lag_1024,x__autocorrelation__lag_128,x__autocorrelation__lag_16384,x__autocorrelation__lag_2048,x__autocorrelation__lag_256,x__autocorrelation__lag_4096,x__autocorrelation__lag_512,x__autocorrelation__lag_8192
A,-0.15866427378438183,-0.29853493669491027,-0.13936481308152876,-0.14731939844779826,-0.19415710670956873,-0.14255470290315037,-0.18926045227000013,-0.1495731735411901
