id,x__autocorrelation__lag_1024,x__autocorrelation__lag_128,x__autocorrelation__lag_16384,x__autocorrelation__lag_2048,x__autocorrelation__lag_256,x__autocorrelation__lag_4096,x__autocorrelation__lag_512,x__autocorrelation__lag_8192
A,-0.10777971039832011,-0.3008854597837134,-0.10481702121685453,-0.11351301029810983,-0.1549507013219604,-0.10816642859871636,-0.17965940722016008,-0.11541341192634122
