id,x__autocorrelation__lag_1024,x__autocorrelation__lag_128,x__autocorrelation__lag_16384,x__autocorrelation__lag_2048,x__autocorrelation__lag_256,x__autocorrelation__lag_4096,x__autocorrelation__lag_512,x__autocorrelation__lag_8192
A,-0.14337477729677525,-0.2388011965829426,-0.1459631639217932,-0.14813077341816536,-0.20453449235525056,-0.14476505532942258,-0.23949024742896644,-0.14904611359217895
