id,x__autocorrelation__lag_1024,x__autocorrelation__lag_128,x__autocorrelation__lag_16384,x__autocorrelation__lag_2048,x__autocorrelation__lag_256,x__autocorrelation__lag_4096,x__autocorrelation__lag_512,x__autocorrelation__lag_8192
A,-0.1458299854983546,-0.21886433415783843,-0.13493284352197815,-0.13545217523657652,-0.20932679422895492,-0.13119612819247345,-0.2411526293602317,-0.1358486310752205
