id,x__autocorrelation__lag_1024,x__autocorrelation__lag_128,x__autocorrelation__lag_16384,x__autocorrelation__lag_2048,x__autocorrelation__lag_256,x__autocorrelation__lag_4096,x__autocorrelation__lag_512,x__autocorrelation__lag_8192
A,-0.09166067218880415,-0.3073521348917499,-0.09368383276029373,-0.0987225486655808,-0.14195709618173802,-0.09528007718212177,-0.17220665303428803,-0.10050766461587707
