id,x__autocorrelation__lag_1024,x__autocorrelation__lag_128,x__autocorrelation__lag_16384,x__autocorrelation__lag_2048,x__autocorrelation__lag_256,x__autocorrelation__lag_4096,x__autocorrelation__lag_512,x__autocorrelation__lag_8192
A,-0.10257433290736967,-0.2765709754381347,-0.1466121989771782,-0.15291005170127386,-0.16342465255842933,-0.15367019305285268,-0.2612959428490036,-0.140585799868006
