id,x__autocorrelation__lag_1024,x__autocorrelation__lag_128,x__autocorrelation__lag_16384,x__autocorrelation__lag_2048,x__autocorrelation__lag_256,x__autocorrelation__lag_4096,x__autocorrelation__lag_512,x__autocorrelation__lag_8192
A,-0.18416886226754234,-0.22628396977304016,-0.1789973453582798,-0.18142080067147082,-0.2506727179541316,-0.17682773451426373,-0.27477276826086583,-0.18150210049650597
