id,x__autocorrelation__lag_1024,x__autocorrelation__lag_128,x__autocorrelation__lag_16384,x__autocorrelation__lag_2048,x__autocorrelation__lag_256,x__autocorrelation__lag_4096,x__autocorrelation__lag_512,x__autocorrelation__lag_8192
A,-0.11808528230009253,-0.2943894816652102,-0.11568449876143469,-0.12406592888684759,-0.16597021398828768,-0.11906264825868458,-0.1954739323332845,-0.12638964469050742
