id,x__autocorrelation__lag_1024,x__autocorrelation__lag_128,x__autocorrelation__lag_16384,x__autocorrelation__lag_2048,x__autocorrelation__lag_256,x__autocorrelation__lag_4096,x__autocorrelation__lag_512,x__autocorrelation__lag_8192
A,0.598666297706794,-0.7395044657908669,0.5881363137610289,0.5924412745410865,0.6178458632564272,0.5917565071625567,0.6164398183239861,0.5940706626445775
