id,x__autocorrelation__lag_1024,x__autocorrelation__lag_128,x__autocorrelation__lag_16384,x__autocorrelation__lag_2048,x__autocorrelation__lag_256,x__autocorrelation__lag_4096,x__autocorrelation__lag_512,x__autocorrelation__lag_8192
A,-0.07733145810186454,-0.023130139737620025,-0.1723838069335784,-0.21710740107187806,-0.23183175138161385,-0.19890826067191156,-0.30145965848884615,-0.21549063323561216
