id,x__autocorrelation__lag_1024,x__autocorrelation__lag_128,x__autocorrelation__lag_16384,x__autocorrelation__lag_2048,x__autocorrelation__lag_256,x__autocorrelation__lag_4096,x__autocorrelation__lag_512,x__autocorrelation__lag_8192
A,-0.12236608009372942,-0.23108447137098018,-0.10926292572534087,-0.11473539137026564,-0.15602337819000225,-0.1114101270469209,-0.16348625872970063,-0.11725189949492969
