id,x__autocorrelation__lag_1024,x__autocorrelation__lag_128,x__autocorrelation__lag_16384,x__autocorrelation__lag_2048,x__autocorrelation__lag_256,x__autocorrelation__lag_4096,x__autocorrelation__lag_512,x__autocorrelation__lag_8192
A,0.256276836047061,-0.5482333571444697,0.2624194559121419,0.2684242349426774,0.25721219842580284,0.26858142927677536,0.25947919000894365,0.2700742091563272
