id,x__autocorrelation__lag_1024,x__autocorrelation__lag_128,x__autocorrelation__lag_16384,x__autocorrelation__lag_2048,x__autocorrelation__lag_256,x__autocorrelation__lag_4096,x__autocorrelation__lag_512,x__autocorrelation__lag_8192
A,-0.06101475207945968,-0.05354674402424758,-0.16082658485066909,-0.2150727638352375,-0.2296119907055028,-0.19694583569572738,-0.3486871421403881,-0.238936344022755
