id,x__autocorrelation__lag_1024,x__autocorrelation__lag_128,x__autocorrelation__lag_16384,x__autocorrelation__lag_2048,x__autocorrelation__lag_256,x__autocorrelation__lag_4096,x__autocorrelation__lag_512,x__autocorrelation__lag_8192
A,-0.13391014161415515,-0.2652526236118549,-0.11003555347116166,-0.1372645344293611,-0.2033077201768673,-0.096972640618172,-0.2707538277951925,-0.10074154804968129
