id,x__autocorrelation__lag_1024,x__autocorrelation__lag_128,x__autocorrelation__lag_16384,x__autocorrelation__lag_2048,x__autocorrelation__lag_256,x__autocorrelation__lag_4096,x__autocorrelation__lag_512,x__autocorrelation__lag_8192
A,-0.09726615425795734,-0.22552662178505944,-0.11027606016165634,-0.09580711575805849,-0.18141229085879135,-0.10552836863135538,-0.21104598587589068,-0.10844843338703919
