id,x__autocorrelation__lag_1024,x__autocorrelation__lag_128,x__autocorrelation__lag_16384,x__autocorrelation__lag_2048,x__autocorrelation__lag_256,x__autocorrelation__lag_4096,x__autocorrelation__lag_512,x__autocorrelation__lag_8192
A,-0.17571844888918947,-0.22918976662450705,-0.16946507693395416,-0.1736061493744517,-0.22429126047976572,-0.1694892665497296,-0.2479439156059804,-0.1743921130084446
