id,x__autocorrelation__lag_1024,x__autocorrelation__lag_128,x__autocorrelation__lag_16384,x__autocorrelation__lag_2048,x__autocorrelation__lag_256,x__autocorrelation__lag_4096,x__autocorrelation__lag_512,x__autocorrelation__lag_8192
A,0.5785182399157781,-0.6870352121202904,0.5669189973046753,0.5702678316580728,0.5878236442046872,0.5690966345686932,0.5814391135053967,0.5715016692885322
