id,x__autocorrelation__lag_1024,x__autocorrelation__lag_128,x__autocorrelation__lag_16384,x__autocorrelation__lag_2048,x__autocorrelation__lag_256,x__autocorrelation__lag_4096,x__autocorrelation__lag_512,x__autocorrelation__lag_8192
A,0.5654032139166506,-0.6895314426272469,0.5529730768561106,0.5559021283403547,0.5775295458373999,0.5553188643278688,0.5756212590760035,0.5570053516869806
