id,x__autocorrelation__lag_1024,x__autocorrelation__lag_128,x__autocorrelation__lag_16384,x__autocorrelation__lag_2048,x__autocorrelation__lag_256,x__autocorrelation__lag_4096,x__autocorrelation__lag_512,x__autocorrelation__lag_8192
A,-0.12059710738764988,-0.23284787042849156,-0.10921867120614692,-0.11454038325605943,-0.15358671534403,-0.1109215765344022,-0.1626493434418553,-0.11639222069492489
