id,x__autocorrelation__lag_1024,x__autocorrelation__lag_128,x__autocorrelation__lag_16384,x__autocorrelation__lag_2048,x__autocorrelation__lag_256,x__autocorrelation__lag_4096,x__autocorrelation__lag_512,x__autocorrelation__lag_8192
A,-0.2230081475349517,-0.07707142435970671,-0.21637415758252931,-0.2162990851386986,-0.28865595180237347,-0.21164631493011843,-0.31250932502054724,-0.21569142401832866
