id,x__autocorrelation__lag_1024,x__autocorrelation__lag_128,x__autocorrelation__lag_16384,x__autocorrelation__lag_2048,x__autocorrelation__lag_256,x__autocorrelation__lag_4096,x__autocorrelation__lag_512,x__autocorrelation__lag_8192
A,0.5594793992993488,-0.6716823862789608,0.5433967102245765,0.5468250235915089,0.5721895794516891,0.545560316406723,0.5658042458030527,0.5477987785556059
