id,x__autocorrelation__lag_1024,x__autocorrelation__lag_128,x__autocorrelation__lag_16384,x__autocorrelation__lag_2048,x__autocorrelation__lag_256,x__autocorrelation__lag_4096,x__autocorrelation__lag_512,x__autocorrelation__lag_8192
A,0.5295373428967269,-0.6551569123962748,0.5195344139745546,0.5212719466530548,0.5391603932790107,0.5203995944306496,0.537219154041355,0.5221375768719525
