id,x__autocorrelation__lag_1024,x__autocorrelation__lag_128,x__autocorrelation__lag_16384,x__autocorrelation__lag_2048,x__autocorrelation__lag_256,x__autocorrelation__lag_4096,x__autocorrelation__lag_512,x__autocorrelation__lag_8192
A,-0.12971104356591442,-0.2692353394523324,-0.12572828238988495,-0.1325520245865739,-0.1739574738952338,-0.12908672519967548,-0.18736431670931125,-0.1342129471565558
