id,x__autocorrelation__lag_1024,x__autocorrelation__lag_128,x__autocorrelation__lag_16384,x__autocorrelation__lag_2048,x__autocorrelation__lag_256,x__autocorrelation__lag_4096,x__autocorrelation__lag_512,x__autocorrelation__lag_8192
A,0.5637292148963611,-0.6740011237629948,0.5532686614545009,0.5561685432940174,0.5752288882950404,0.5552357152859334,0.5693733768328448,0.5568433579589024
