id,x__autocorrelation__lag_1024,x__autocorrelation__lag_128,x__autocorrelation__lag_16384,x__autocorrelation__lag_2048,x__autocorrelation__lag_256,x__autocorrelation__lag_4096,x__autocorrelation__lag_512,x__autocorrelation__lag_8192
A,-0.12379165199055553,-0.23000803078439236,-0.134099324567676,-0.1401976020082514,-0.1699405630108454,-0.13530745067230077,-0.25139371087083995,-0.1320161077311788
