id,x__autocorrelation__lag_1024,x__autocorrelation__lag_128,x__autocorrelation__lag_16384,x__autocorrelation__lag_2048,x__autocorrelation__lag_256,x__autocorrelation__lag_4096,x__autocorrelation__lag_512,x__autocorrelation__lag_8192
A,-0.3541035901945726,-0.3211266296240887,-0.3844481846380971,-0.3883719339055653,-0.3724403941240382,-0.3813246434089167,-0.4587114644051065,-0.38711779213590625
