id,x__autocorrelation__lag_1024,x__autocorrelation__lag_128,x__autocorrelation__lag_16384,x__autocorrelation__lag_2048,x__autocorrelation__lag_256,x__autocorrelation__lag_4096,x__autocorrelation__lag_512,x__autocorrelation__lag_8192
A,0.5599310869763691,-0.6701795261223513,0.5493461624603188,0.5497468000269848,0.5698947893777109,0.5493972737393938,0.5615270320250856,0.5502984846653057
