id,x__autocorrelation__lag_1024,x__autocorrelation__lag_128,x__autocorrelation__lag_16384,x__autocorrelation__lag_2048,x__autocorrelation__lag_256,x__autocorrelation__lag_4096,x__autocorrelation__lag_512,x__autocorrelation__lag_8192
A,-0.11837552915545248,-0.26471938918115284,-0.1340295431380164,-0.14126182520274808,-0.18230389550856066,-0.13675482642794576,-0.2200040955613455,-0.14416101645188983
