id,x__autocorrelation__lag_1024,x__autocorrelation__lag_128,x__autocorrelation__lag_16384,x__autocorrelation__lag_2048,x__autocorrelation__lag_256,x__autocorrelation__lag_4096,x__autocorrelation__lag_512,x__autocorrelation__lag_8192
A,0.530318359790179,-0.7270039399028643,0.5276091176136716,0.5274204545496644,0.5622199795965721,0.5276809749672852,0.5632835799161152,0.5274929549504712
