id,x__autocorrelation__lag_1024,x__autocorrelation__lag_128,x__autocorrelation__lag_16384,x__autocorrelation__lag_2048,x__autocorrelation__lag_256,x__autocorrelation__lag_4096,x__autocorrelation__lag_512,x__autocorrelation__lag_8192
A,0.5760122943552294,-0.6788378080505686,0.55987296424814,0.562542528811618,0.5846003231704251,0.561610211135741,0.5760719766747133,0.5639436753709436
