id,x__autocorrelation__lag_1024,x__autocorrelation__lag_128,x__autocorrelation__lag_16384,x__autocorrelation__lag_2048,x__autocorrelation__lag_256,x__autocorrelation__lag_4096,x__autocorrelation__lag_512,x__autocorrelation__lag_8192
A,-0.1702605043559517,-0.21871456060933286,-0.16881204594567367,-0.17232625928041392,-0.2293274516356032,-0.1676896548016903,-0.26438462806651514,-0.17347608265393016
