id,x__autocorrelation__lag_1024,x__autocorrelation__lag_128,x__autocorrelation__lag_16384,x__autocorrelation__lag_2048,x__autocorrelation__lag_256,x__autocorrelation__lag_4096,x__autocorrelation__lag_512,x__autocorrelation__lag_8192
A,0.5559301622382296,-0.6628873307537675,0.5455504128612053,0.5468522156634962,0.5658234837192183,0.5463418099187272,0.5578460034048052,0.5473116972628027
