id,x__autocorrelation__lag_1024,x__autocorrelation__lag_128,x__autocorrelation__lag_16384,x__autocorrelation__lag_2048,x__autocorrelation__lag_256,x__autocorrelation__lag_4096,x__autocorrelation__lag_512,x__autocorrelation__lag_8192
A,-0.1586096673825896,-0.28481634383036697,-0.15460934324105335,-0.15665847908292282,-0.20693163460245678,-0.15315317319143498,-0.2363015910211981,-0.1572640312141662
