id,x__autocorrelation__lag_1024,x__autocorrelation__lag_128,x__autocorrelation__lag_16384,x__autocorrelation__lag_2048,x__autocorrelation__lag_256,x__autocorrelation__lag_4096,x__autocorrelation__lag_512,x__autocorrelation__lag_8192
A,-0.1797937645131149,-0.19865644725105466,-0.17989810544692272,-0.18276486684376766,-0.24189406199108918,-0.17866498521392832,-0.27291237360745574,-0.1828878203679931
