id,x__autocorrelation__lag_1024,x__autocorrelation__lag_128,x__autocorrelation__lag_16384,x__autocorrelation__lag_2048,x__autocorrelation__lag_256,x__autocorrelation__lag_4096,x__autocorrelation__lag_512,x__autocorrelation__lag_8192
A,0.5642287767841544,-0.6760163276665538,0.5522647068802726,0.5540814085935948,0.5744615573143036,0.5531301509015727,0.5684502150326088,0.5549687643715397
