id,x__autocorrelation__lag_1024,x__autocorrelation__lag_128,x__autocorrelation__lag_16384,x__autocorrelation__lag_2048,x__autocorrelation__lag_256,x__autocorrelation__lag_4096,x__autocorrelation__lag_512,x__autocorrelation__lag_8192
A,-0.15234672979117897,-0.2869402400129673,-0.14610424473574185,-0.1542399869478168,-0.1937273202901416,-0.14987270883073744,-0.20694212013592633,-0.15653461251980874
