id,x__autocorrelation__lag_1024,x__autocorrelation__lag_128,x__autocorrelation__lag_16384,x__autocorrelation__lag_2048,x__autocorrelation__lag_256,x__autocorrelation__lag_4096,x__autocorrelation__lag_512,x__autocorrelation__lag_8192
A,0.5690211371388543,-0.7331420033344721,0.5667750213702113,0.5690847979700132,0.5939090993324565,0.568985038850846,0.5942767734601071,0.5700913727892682
