id,x__autocorrelation__lag_1024,x__autocorrelation__lag_128,x__autocorrelation__lag_16384,x__autocorrelation__lag_2048,x__autocorrelation__lag_256,x__autocorrelation__lag_4096,x__autocorrelation__lag_512,x__autocorrelation__lag_8192
A,-0.18109512048013074,-0.2355193788750286,-0.1734983786398388,-0.17543154634476388,-0.23901051443295795,-0.17157221084104915,-0.2660100421381501,-0.17620641993980307
