id,x__autocorrelation__lag_1024,x__autocorrelation__lag_128,x__autocorrelation__lag_16384,x__autocorrelation__lag_2048,x__autocorrelation__lag_256,x__autocorrelation__lag_4096,x__autocorrelation__lag_512,x__autocorrelation__lag_8192
A,-0.09028494227069322,-0.27854415302275165,-0.1161208036915069,-0.12694724432331747,-0.13611275201508335,-0.11683400575239171,-0.18791172236159448,-0.11651949098045554
