id,x__autocorrelation__lag_1024,x__autocorrelation__lag_128,x__autocorrelation__lag_16384,x__autocorrelation__lag_2048,x__autocorrelation__lag_256,x__autocorrelation__lag_4096,x__autocorrelation__lag_512,x__autocorrelation__lag_8192
A,-0.23389935156517713,-0.017067922604878317,-0.2396944887259318,-0.24036224571451753,-0.3028245151009644,-0.23628625297638398,-0.33629464143335197,-0.2412255981308048
