id,x__autocorrelation__lag_1024,x__autocorrelation__lag_128,x__autocorrelation__lag_16384,x__autocorrelation__lag_2048,x__autocorrelation__lag_256,x__autocorrelation__lag_4096,x__autocorrelation__lag_512,x__autocorrelation__lag_8192
A,-0.1214940024158164,-0.2508775260480062,-0.10832000176539289,-0.11623890870799718,-0.1572833876248015,-0.11158777337631477,-0.16088197789978778,-0.11847349683432652
