id,x__autocorrelation__lag_1024,x__autocorrelation__lag_128,x__autocorrelation__lag_16384,x__autocorrelation__lag_2048,x__autocorrelation__lag_256,x__autocorrelation__lag_4096,x__autocorrelation__lag_512,x__autocorrelation__lag_8192
A,0.5513996936015202,-0.6722836719557413,0.5397375808037467,0.5434433852773856,0.559748864623831,0.54193084674039,0.5584138057750366,0.5451373775199325
