id,x__autocorrelation__lag_1024,x__autocorrelation__lag_128,x__autocorrelation__lag_16384,x__autocorrelation__lag_2048,x__autocorrelation__lag_256,x__autocorrelation__lag_4096,x__autocorrelation__lag_512,x__autocorrelation__lag_8192
A,-0.2171893208008152,-0.05409249641104438,-0.2093148385987449,-0.22383015682398183,-0.28118059925229777,-0.21500627468484043,-0.3101401887033523,-0.22730096556321236
