id,x__autocorrelation__lag_1024,x__autocorrelation__lag_128,x__autocorrelation__lag_16384,x__autocorrelation__lag_2048,x__autocorrelation__lag_256,x__autocorrelation__lag_4096,x__autocorrelation__lag_512,x__autocorrelation__lag_8192
A,-0.19921896790619334,-0.062203028752354284,-0.22280852192404157,-0.2466590372490713,-0.28596648914638206,-0.23786529334882447,-0.32327974258273107,-0.2538071268357204
