id,x__autocorrelation__lag_1024,x__autocorrelation__lag_128,x__autocorrelation__lag_16384,x__autocorrelation__lag_2048,x__autocorrelation__lag_256,x__autocorrelation__lag_4096,x__autocorrelation__lag_512,x__autocorrelation__lag_8192
A,0.5384727732763204,-0.655974067483398,0.5245392295205236,0.5265334239620284,0.5442224402460576,0.525803407589609,0.5425404288191534,0.5277411493772727
