id,x__autocorrelation__lag_1024,x__autocorrelation__lag_128,x__autocorrelation__lag_16384,x__autocorrelation__lag_2048,x__autocorrelation__lag_256,x__autocorrelation__lag_4096,x__autocorrelation__lag_512,x__autocorrelation__lag_8192
A,-0.1264399042489122,-0.30319118887061924,-0.12405216518161515,-0.12821449020680112,-0.17685219752326833,-0.1253556949316035,-0.20258685404177632,-0.12991782750940709
