id,x__autocorrelation__lag_1024,x__autocorrelation__lag_128,x__autocorrelation__lag_16384,x__autocorrelation__lag_2048,x__autocorrelation__lag_256,x__autocorrelation__lag_4096,x__autocorrelation__lag_512,x__autocorrelation__lag_8192
A,-0.09375462237543611,-0.30331577648929553,-0.09496170729625407,-0.09975458485281843,-0.14055844256219258,-0.09598647224188031,-0.16977225707094085,-0.10055304380536272
