id,x__autocorrelation__lag_1024,x__autocorrelation__lag_128,x__autocorrelation__lag_16384,x__autocorrelation__lag_2048,x__autocorrelation__lag_256,x__autocorrelation__lag_4096,x__autocorrelation__lag_512,x__autocorrelation__lag_8192
A,-0.10493201453208359,-0.30029349979750486,-0.14008974013262246,-0.14792538622367554,-0.1555233382927465,-0.15172741377396046,-0.2649741205300444,-0.13668450474234747
