id,x__autocorrelation__lag_1024,x__autocorrelation__lag_128,x__autocorrelation__lag_16384,x__autocorrelation__lag_2048,x__autocorrelation__lag_256,x__autocorrelation__lag_4096,x__autocorrelation__lag_512,x__autocorrelation__lag_8192
A,0.5523469348475102,-0.6832027814164738,0.5331363572710486,0.5390682887959101,0.5704356269736317,0.5368951067605466,0.5680766758837397,0.5398359482938048
