id,x__autocorrelation__lag_1024,x__autocorrelation__lag_128,x__autocorrelation__lag_16384,x__autocorrelation__lag_2048,x__autocorrelation__lag_256,x__autocorrelation__lag_4096,x__autocorrelation__lag_512,x__autocorrelation__lag_8192
A,-0.1899014471960317,-0.36758741554549434,-0.19990028823642572,-0.21702900292943592,-0.21002743127620696,-0.20178914808817425,-0.24458453457793394,-0.19348548805901705
