id,x__autocorrelation__lag_1024,x__autocorrelation__lag_128,x__autocorrelation__lag_16384,x__autocorrelation__lag_2048,x__autocorrelation__lag_256,x__autocorrelation__lag_4096,x__autocorrelation__lag_512,x__autocorrelation__lag_8192
A,-0.11005623305375938,-0.2892630442947819,-0.10915456374049073,-0.10972920887446863,-0.16937253512085415,-0.1074724070921374,-0.1933424913325536,-0.1098283426607951
