id,x__autocorrelation__lag_1024,x__autocorrelation__lag_128,x__autocorrelation__lag_16384,x__autocorrelation__lag_2048,x__autocorrelation__lag_256,x__autocorrelation__lag_4096,x__autocorrelation__lag_512,x__autocorrelation__lag_8192
A,-0.21989534699222932,-0.026613899178581955,-0.2244404733522512,-0.22466648867613243,-0.28739290146469904,-0.21987385588805988,-0.3248684741583464,-0.22540475195118287
