id,x__autocorrelation__lag_1024,x__autocorrelation__lag_128,x__autocorrelation__lag_16384,x__autocorrelation__lag_2048,x__autocorrelation__lag_256,x__autocorrelation__lag_4096,x__autocorrelation__lag_512,x__autocorrelation__lag_8192
A,-0.21015691812079848,-0.10359404156050328,-0.20942428672575145,-0.21062871897969812,-0.28637541054232935,-0.20544395298596732,-0.31549711189227725,-0.210481906354908
