id,x__autocorrelation__lag_1024,x__autocorrelation__lag_128,x__autocorrelation__lag_16384,x__autocorrelation__lag_2048,x__autocorrelation__lag_256,x__autocorrelation__lag_4096,x__autocorrelation__lag_512,x__autocorrelation__lag_8192
A,0.3108336824891594,-0.5765953119606761,0.31074867045061966,0.3184335342932936,0.2971390043214359,0.31859185374139665,0.3041727449512106,0.3210512387986907
