id,x__autocorrelation__lag_1024,x__autocorrelation__lag_128,x__autocorrelation__lag_16384,x__autocorrelation__lag_2048,x__autocorrelation__lag_256,x__autocorrelation__lag_4096,x__autocorrelation__lag_512,x__autocorrelation__lag_8192
A,-0.18308697944775076,-0.15470636162531598,-0.18688315600890226,-0.18817454849288553,-0.23851801116014007,-0.18433968501038306,-0.275561707707813,-0.18792831785693617
