id,x__autocorrelation__lag_1024,x__autocorrelation__lag_128,x__autocorrelation__lag_16384,x__autocorrelation__lag_2048,x__autocorrelation__lag_256,x__autocorrelation__lag_4096,x__autocorrelation__lag_512,x__autocorrelation__lag_8192
A,-0.21698307416594198,-0.3061111245768213,-0.20905580281473976,-0.20789420754667184,-0.26124328932435914,-0.205785754878232,-0.28431962607348826,-0.2067324244933734
