id,x__autocorrelation__lag_1024,x__autocorrelation__lag_128,x__autocorrelation__lag_16384,x__autocorrelation__lag_2048,x__autocorrelation__lag_256,x__autocorrelation__lag_4096,x__autocorrelation__lag_512,x__autocorrelation__lag_8192
A,-0.23351032743553662,-0.06617061171302337,-0.23105764438589918,-0.2316861429335589,-0.2952553722703829,-0.22789174446455984,-0.3217994663631304,-0.23244210535252527
