id,x__autocorrelation__lag_1024,x__autocorrelation__lag_128,x__autocorrelation__lag_16384,x__autocorrelation__lag_2048,x__autocorrelation__lag_256,x__autocorrelation__lag_4096,x__autocorrelation__lag_512,x__autocorrelation__lag_8192
A,-0.1526107069965504,-0.31257290161698725,-0.14585254590595842,-0.14797345920592886,-0.19558154259072547,-0.14519423441640716,-0.21046870333054765,-0.14765638602955988
