id,x__autocorrelation__lag_1024,x__autocorrelation__lag_128,x__autocorrelation__lag_16384,x__autocorrelation__lag_2048,x__autocorrelation__lag_256,x__autocorrelation__lag_4096,x__autocorrelation__lag_512,x__autocorrelation__lag_8192
A,-0.21889251375342747,-0.06197409344372631,-0.215523853655587,-0.21758994341922785,-0.2857090022733966,-0.21212145112659403,-0.3187443609240191,-0.21832475758565525
