id,x__autocorrelation__lag_1024,x__autocorrelation__lag_128,x__autocorrelation__lag_16384,x__autocorrelation__lag_2048,x__autocorrelation__lag_256,x__autocorrelation__lag_4096,x__autocorrelation__lag_512,x__autocorrelation__lag_8192
A,-0.15095631191227366,-0.21557664896887963,-0.15376440226208332,-0.16097572411564587,-0.19414262555274367,-0.1571365472271583,-0.2003822188062818,-0.16294256488488437
