id,x__autocorrelation__lag_1024,x__autocorrelation__lag_128,x__autocorrelation__lag_16384,x__autocorrelation__lag_2048,x__autocorrelation__lag_256,x__autocorrelation__lag_4096,x__autocorrelation__lag_512,x__autocorrelation__lag_8192
A,0.4667475694304675,-0.6689567508033889,0.45503805235448463,0.4646658465174881,0.47262816215544723,0.46206964617485663,0.4781303597297779,0.4673052006193287
