id,x__autocorrelation__lag_1024,x__autocorrelation__lag_128,x__autocorrelation__lag_16384,x__autocorrelation__lag_2048,x__autocorrelation__lag_256,x__autocorrelation__lag_4096,x__autocorrelation__lag_512,x__autocorrelation__lag_8192
A,-0.159649267445168,-0.26433373156481044,-0.15241639033820406,-0.15746670906976593,-0.20385767822241338,-0.15460076371725068,-0.21065382551380507,-0.1592580419210545
