id,x__autocorrelation__lag_1024,x__autocorrelation__lag_128,x__autocorrelation__lag_16384,x__autocorrelation__lag_2048,x__autocorrelation__lag_256,x__autocorrelation__lag_4096,x__autocorrelation__lag_512,x__autocorrelation__lag_8192
A,0.5349665327837899,-0.6589771818818021,0.5249366098543329,0.5255207294921324,0.542692974299782,0.5246493781398733,0.5392500043879623,0.5264309479982927
