id,x__autocorrelation__lag_1024,x__autocorrelation__lag_128,x__autocorrelation__lag_16384,x__autocorrelation__lag_2048,x__autocorrelation__lag_256,x__autocorrelation__lag_4096,x__autocorrelation__lag_512,x__autocorrelation__lag_8192
A,-0.2298235993699825,-0.0695800845359831,-0.22856262872797387,-0.24487627192804773,-0.2982716325568455,-0.23571651749560846,-0.329113137161092,-0.24881138955556528
