id,x__autocorrelation__lag_1024,x__autocorrelation__lag_128,x__autocorrelation__lag_16384,x__autocorrelation__lag_2048,x__autocorrelation__lag_256,x__autocorrelation__lag_4096,x__autocorrelation__lag_512,x__autocorrelation__lag_8192
A,0.22355189078274465,-0.564257800508075,0.23210820997719447,0.23726252105804688,0.2163202447171453,0.2393124814729114,0.22532815642808623,0.24089240347629032
