id,x__autocorrelation__lag_1024,x__autocorrelation__lag_128,x__autocorrelation__lag_16384,x__autocorrelation__lag_2048,x__autocorrelation__lag_256,x__autocorrelation__lag_4096,x__autocorrelation__lag_512,x__autocorrelation__lag_8192
A,-0.08823951254818149,-0.0675248080749936,-0.1763892995289018,-0.2046301180282202,-0.25371071296547776,-0.20227991094507392,-0.3195611676964121,-0.2253985484836705
