id,x__autocorrelation__lag_1024,x__autocorrelation__lag_128,x__autocorrelation__lag_16384,x__autocorrelation__lag_2048,x__autocorrelation__lag_256,x__autocorrelation__lag_4096,x__autocorrelation__lag_512,x__autocorrelation__lag_8192
A,-0.13382124029956508,-0.30891405861287685,-0.12683587320941275,-0.13605919033394276,-0.17892441009027862,-0.13060397982149569,-0.19616510492583653,-0.13863531847716115
