id,x__autocorrelation__lag_1024,x__autocorrelation__lag_128,x__autocorrelation__lag_16384,x__autocorrelation__lag_2048,x__autocorrelation__lag_256,x__autocorrelation__lag_4096,x__autocorrelation__lag_512,x__autocorrelation__lag_8192
A,-0.12586387404575916,-0.22583044336209795,-0.12217629188123093,-0.12848062784381808,-0.16535233466223193,-0.12471354430409198,-0.18025131713389178,-0.13072941571300134
