id,x__autocorrelation__lag_1024,x__autocorrelation__lag_128,x__autocorrelation__lag_16384,x__autocorrelation__lag_2048,x__autocorrelation__lag_256,x__autocorrelation__lag_4096,x__autocorrelation__lag_512,x__autocorrelation__lag_8192
A,-0.16772533200389267,-0.21977499570143266,-0.16087592980010634,-0.16678424393337113,-0.203963203703052,-0.16342143502444442,-0.20770416941700914,-0.16904913442560673
