id,x__autocorrelation__lag_1024,x__autocorrelation__lag_128,x__autocorrelation__lag_16384,x__autocorrelation__lag_2048,x__autocorrelation__lag_256,x__autocorrelation__lag_4096,x__autocorrelation__lag_512,x__autocorrelation__lag_8192
A,-0.2387025748692792,-0.0787516669175875,-0.22858795048526367,-0.23035617502797956,-0.29930288442225383,-0.22497679127136386,-0.3228926806936194,-0.2302970721636435
