id,x__autocorrelation__lag_1024,x__autocorrelation__lag_128,x__autocorrelation__lag_16384,x__autocorrelation__lag_2048,x__autocorrelation__lag_256,x__autocorrelation__lag_4096,x__autocorrelation__lag_512,x__autocorrelation__lag_8192
A,-0.0760050630433155,-0.042010496875874284,-0.16982996457894423,-0.2017304962211383,-0.2620240502610997,-0.20747490593500512,-0.30854322937377077,-0.22903246851523043
