id,x__autocorrelation__lag_1024,x__autocorrelation__lag_128,x__autocorrelation__lag_16384,x__autocorrelation__lag_2048,x__autocorrelation__lag_256,x__autocorrelation__lag_4096,x__autocorrelation__lag_512,x__autocorrelation__lag_8192
A,-0.13131623488223082,-0.25789415815362904,-0.12750086963214255,-0.13400086459450442,-0.17281420909392745,-0.13037892461898673,-0.18191014376078132,-0.13576358948762993
