id,x__autocorrelation__lag_1024,x__autocorrelation__lag_128,x__autocorrelation__lag_16384,x__autocorrelation__lag_2048,x__autocorrelation__lag_256,x__autocorrelation__lag_4096,x__autocorrelation__lag_512,x__autocorrelation__lag_8192
A,0.5360520917580053,-0.6562970435416472,0.5277578036175617,0.5279745538533084,0.5428946409592881,0.5273037803886989,0.5405401454358671,0.5288555370850346
