id,x__autocorrelation__lag_1024,x__autocorrelation__lag_128,x__autocorrelation__lag_16384,x__autocorrelation__lag_2048,x__autocorrelation__lag_256,x__autocorrelation__lag_4096,x__autocorrelation__lag_512,x__autocorrelation__lag_8192
A,-0.1553657533796745,-0.244445817841973,-0.15235869434871818,-0.15321157052767828,-0.21341758497924007,-0.14993139179277612,-0.2427685807326737,-0.15357286493567848
