id,x__autocorrelation__lag_1024,x__autocorrelation__lag_128,x__autocorrelation__lag_16384,x__autocorrelation__lag_2048,x__autocorrelation__lag_256,x__autocorrelation__lag_4096,x__autocorrelation__lag_512,x__autocorrelation__lag_8192
A,-0.10758084251510323,-0.21966075806095686,-0.09945016445534073,-0.1043623992886685,-0.14533883129740421,-0.1012053195151294,-0.15597351331196443,-0.10682742039121676
