id,x__autocorrelation__lag_1024,x__autocorrelation__lag_128,x__autocorrelation__lag_16384,x__autocorrelation__lag_2048,x__autocorrelation__lag_256,x__autocorrelation__lag_4096,x__autocorrelation__lag_512,x__autocorrelation__lag_8192
A,0.5544152993667667,-0.6659064861653535,0.5416614181372524,0.5440513401151079,0.5636795486022557,0.543588419089502,0.5574741164003106,0.544722628577941
