id,x__autocorrelation__lag_1024,x__autocorrelation__lag_128,x__autocorrelation__lag_16384,x__autocorrelation__lag_2048,x__autocorrelation__lag_256,x__autocorrelation__lag_4096,x__autocorrelation__lag_512,x__autocorrelation__lag_8192
A,-0.08532910083271845,-0.015375595892965138,-0.18680815084932428,-0.23522349748600363,-0.25117634994519267,-0.21532058493514092,-0.31912546123039737,-0.23610039675211256
