id,x__autocorrelation__lag_1024,x__autocorrelation__lag_128,x__autocorrelation__lag_16384,x__autocorrelation__lag_2048,x__autocorrelation__lag_256,x__autocorrelation__lag_4096,x__autocorrelation__lag_512,x__autocorrelation__lag_8192
A,-0.14958990131901556,-0.3170482866879825,-0.13137288588347856,-0.1648057687610974,-0.20969381579144986,-0.1435405195627312,-0.26770689377285295,-0.14414588101755255
