id,x__autocorrelation__lag_1024,x__autocorrelation__lag_128,x__autocorrelation__lag_16384,x__autocorrelation__lag_2048,x__autocorrelation__lag_256,x__autocorrelation__lag_4096,x__autocorrelation__lag_512,x__autocorrelation__lag_8192
A,0.5675307191740928,-0.7048899021184631,0.5568247067528815,0.5606727414641207,0.5835264944124425,0.5591344759227639,0.5838841135248507,0.56186569629026
