id,x__autocorrelation__lag_1024,x__autocorrelation__lag_128,x__autocorrelation__lag_16384,x__autocorrelation__lag_2048,x__autocorrelation__lag_256,x__autocorrelation__lag_4096,x__autocorrelation__lag_512,x__autocorrelation__lag_8192
A,0.26978680679969497,-0.5743170792599274,0.27963686469780413,0.27890835746647163,0.2884857376737196,0.28235440624093683,0.2914407695572453,0.27980025986268353
