id,x__autocorrelation__lag_1024,x__autocorrelation__lag_128,x__autocorrelation__lag_16384,x__autocorrelation__lag_2048,x__autocorrelation__lag_256,x__autocorrelation__lag_4096,x__autocorrelation__lag_512,x__autocorrelation__lag_8192
A,-0.21309472409976737,-0.11537449643764919,-0.20988282811615452,-0.2116122491772005,-0.2705064073298722,-0.20759462028449344,-0.30331562239391174,-0.21234021171866335
