id,x__autocorrelation__lag_1024,x__autocorrelation__lag_128,x__autocorrelation__lag_16384,x__autocorrelation__lag_2048,x__autocorrelation__lag_256,x__autocorrelation__lag_4096,x__autocorrelation__lag_512,x__autocorrelation__lag_8192
A,-0.17549993916179918,-0.23453452077202877,-0.16896119007146929,-0.17245950317167466,-0.22560405358792768,-0.16895176612864132,-0.2524789379510842,-0.17350673266313027
