id,x__autocorrelation__lag_1024,x__autocorrelation__lag_128,x__autocorrelation__lag_16384,x__autocorrelation__lag_2048,x__autocorrelation__lag_256,x__autocorrelation__lag_4096,x__autocorrelation__lag_512,x__autocorrelation__lag_8192
A,-0.2135129751746499,-0.06317496966896498,-0.21092148728310914,-0.2319864204620639,-0.28955004114373073,-0.2219330194989717,-0.31816659389054114,-0.23673549467932567
