id,x__autocorrelation__lag_1024,x__autocorrelation__lag_128,x__autocorrelation__lag_16384,x__autocorrelation__lag_2048,x__autocorrelation__lag_256,x__autocorrelation__lag_4096,x__autocorrelation__lag_512,x__autocorrelation__lag_8192
A,0.5596674530282154,-0.6775279921163309,0.5403700525919559,0.5453964298571433,0.5729829435028296,0.5435213913183565,0.5671070633436665,0.5469429301294186
