id,x__autocorrelation__lag_1024,x__autocorrelation__lag_128,x__autocorrelation__lag_16384,x__autocorrelation__lag_2048,x__autocorrelation__lag_256,x__autocorrelation__lag_4096,x__autocorrelation__lag_512,x__autocorrelation__lag_8192
A,-0.21974675466550753,-0.06278812356026858,-0.2171831645931708,-0.21881974781039004,-0.29509937484139304,-0.21400621801412434,-0.32446884588311403,-0.21883244847847289
