id,x__autocorrelation__lag_1024,x__autocorrelation__lag_128,x__autocorrelation__lag_16384,x__autocorrelation__lag_2048,x__autocorrelation__lag_256,x__autocorrelation__lag_4096,x__autocorrelation__lag_512,x__autocorrelation__lag_8192
A,-0.10793230355481494,-0.2957742518923537,-0.11047055684414846,-0.1156314799828872,-0.1652646201159339,-0.11144569644735591,-0.19860731116159777,-0.11717966450718838
