id,x__autocorrelation__lag_1024,x__autocorrelation__lag_128,x__autocorrelation__lag_16384,x__autocorrelation__lag_2048,x__autocorrelation__lag_256,x__autocorrelation__lag_4096,x__autocorrelation__lag_512,x__autocorrelation__lag_8192
A,0.5544298481346547,-0.6767677692889849,0.5338627406540187,0.5379162106514983,0.5652568943245122,0.536566408760611,0.5627090299384142,0.5394365363919708
