id,x__autocorrelation__lag_1024,x__autocorrelation__lag_128,x__autocorrelation__lag_16384,x__autocorrelation__lag_2048,x__autocorrelation__lag_256,x__autocorrelation__lag_4096,x__autocorrelation__lag_512,x__autocorrelation__lag_8192
A,-0.18310168850741249,-0.20453963238780326,-0.18385466617630278,-0.1848422792255111,-0.2551111350320214,-0.18146796520676894,-0.2863057817329247,-0.1858307133119897
