id,x__autocorrelation__lag_1024,x__autocorrelation__lag_128,x__autocorrelation__lag_16384,x__autocorrelation__lag_2048,x__autocorrelation__lag_256,x__autocorrelation__lag_4096,x__autocorrelation__lag_512,x__autocorrelation__lag_8192
A,-0.1750629644572462,-0.18485402172801288,-0.17473657882447663,-0.17752713521458557,-0.2400296690082739,-0.17248294884139972,-0.27797675440965114,-0.17851299585985467
