id,x__autocorrelation__lag_1024,x__autocorrelation__lag_128,x__autocorrelation__lag_16384,x__autocorrelation__lag_2048,x__autocorrelation__lag_256,x__autocorrelation__lag_4096,x__autocorrelation__lag_512,x__autocorrelation__lag_8192
A,0.5755673655212891,-0.7095114847020428,0.5576705710004607,0.5614208880979119,0.587645689188843,0.5605193426066037,0.5866520681897407,0.5626001730252194
