id,x__autocorrelation__lag_1024,x__autocorrelation__lag_128,x__autocorrelation__lag_16384,x__autocorrelation__lag_2048,x__autocorrelation__lag_256,x__autocorrelation__lag_4096,x__autocorrelation__lag_512,x__autocorrelation__lag_8192
A,-0.23874150555297788,-0.04649307249474464,-0.22985747425949046,-0.2443394536886791,-0.2981504662111109,-0.23533365481369703,-0.32660023098909524,-0.2469260286369825
