id,x__autocorrelation__lag_1024,x__autocorrelation__lag_128,x__autocorrelation__lag_16384,x__autocorrelation__lag_2048,x__autocorrelation__lag_256,x__autocorrelation__lag_4096,x__autocorrelation__lag_512,x__autocorrelation__lag_8192
A,-0.22102661856457004,-0.07252627068161653,-0.21699891046839528,-0.21736953518615865,-0.2883751099801835,-0.21324980155805096,-0.3142353028779644,-0.2174432899321109
