id,x__autocorrelation__lag_1024,x__autocorrelation__lag_128,x__autocorrelation__lag_16384,x__autocorrelation__lag_2048,x__autocorrelation__lag_256,x__autocorrelation__lag_4096,x__autocorrelation__lag_512,x__autocorrelation__lag_8192
A,-0.22182612084431894,-0.026347970925765254,-0.22499326609944711,-0.22394559171336587,-0.2921229817524343,-0.21942210552411562,-0.32508335560502866,-0.22377695689937185
