id,x__autocorrelation__lag_1024,x__autocorrelation__lag_128,x__autocorrelation__lag_16384,x__autocorrelation__lag_2048,x__autocorrelation__lag_256,x__autocorrelation__lag_4096,x__autocorrelation__lag_512,x__autocorrelation__lag_8192
A,0.5779005624397973,-0.6705735958797863,0.567299615913086,0.5699303833278995,0.585732780014222,0.5693519314837855,0.5763234766808231,0.5700472917490575
