id,x__autocorrelation__lag_1024,x__autocorrelation__lag_128,x__autocorrelation__lag_16384,x__autocorrelation__lag_2048,x__autocorrelation__lag_256,x__autocorrelation__lag_4096,x__autocorrelation__lag_512,x__autocorrelation__lag_8192
A,-0.2224033695925858,-0.14749114553577924,-0.30180594799979965,-0.3080936564480208,-0.25228754604509535,-0.3083715582164426,-0.42830219839070277,-0.3003494356191236
