id,x__autocorrelation__lag_1024,x__autocorrelation__lag_128,x__autocorrelation__lag_16384,x__autocorrelation__lag_2048,x__autocorrelation__lag_256,x__autocorrelation__lag_4096,x__autocorrelation__lag_512,x__autocorrelation__lag_8192
A,0.5427972228164617,-0.6711244446933688,0.5222381734402525,0.5280210237399712,0.560313732659436,0.5258566054607969,0.5533610705778462,0.5297554183970378
