id,x__autocorrelation__lag_1024,x__autocorrelation__lag_128,x__autocorrelation__lag_16384,x__autocorrelation__lag_2048,x__autocorrelation__lag_256,x__autocorrelation__lag_4096,x__autocorrelation__lag_512,x__autocorrelation__lag_8192
A,-0.21463064320662517,-0.04153387252362523,-0.21630784311465773,-0.23661418776563922,-0.28741974873875353,-0.22606924505414921,-0.3201749121313534,-0.24127739631053488
