id,x__autocorrelation__lag_1024,x__autocorrelation__lag_128,x__autocorrelation__lag_16384,x__autocorrelation__lag_2048,x__autocorrelation__lag_256,x__autocorrelation__lag_4096,x__autocorrelation__lag_512,x__autocorrelation__lag_8192
A,-0.176149511680394,-0.2788765373928653,-0.17360120224898473,-0.17633113261925848,-0.22571605735675251,-0.1725731078456623,-0.2554408925970034,-0.17711842506402767
