id,x__autocorrelation__lag_1024,x__autocorrelation__lag_128,x__autocorrelation__lag_16384,x__autocorrelation__lag_2048,x__autocorrelation__lag_256,x__autocorrelation__lag_4096,x__autocorrelation__lag_512,x__autocorrelation__lag_8192
A,-0.1277870858314354,-0.24912423384717522,-0.13325307892336358,-0.13671265873642813,-0.18915257356038548,-0.13231372005572453,-0.23058958463634627,-0.13760307092657298
