id,x__autocorrelation__lag_1024,x__autocorrelation__lag_128,x__autocorrelation__lag_16384,x__autocorrelation__lag_2048,x__autocorrelation__lag_256,x__autocorrelation__lag_4096,x__autocorrelation__lag_512,x__autocorrelation__lag_8192
A,-0.01562675928863431,-0.1780497917487794,-0.11210046730739827,-0.06856471004523576,-0.212345429393721,-0.08305071760916695,-0.14583282370859335,-0.07832247481797094
