id,x__autocorrelation__lag_1024,x__autocorrelation__lag_128,x__autocorrelation__lag_16384,x__autocorrelation__lag_2048,x__autocorrelation__lag_256,x__autocorrelation__lag_4096,x__autocorrelation__lag_512,x__autocorrelation__lag_8192
A,0.3837139706268245,-0.6381805283708708,0.382807817409071,0.3780079828110107,0.3957971854296806,0.3818031364484562,0.3961288322652822,0.3786939198754784
