id,x__autocorrelation__lag_1024,x__autocorrelation__lag_128,x__autocorrelation__lag_16384,x__autocorrelation__lag_2048,x__autocorrelation__lag_256,x__autocorrelation__lag_4096,x__autocorrelation__lag_512,x__autocorrelation__lag_8192
A,-0.2120640728859356,-0.1383350073340586,-0.20761910214798004,-0.20808296477764432,-0.2660695783426159,-0.2040679938437628,-0.2982767479614682,-0.2092941478438903
