id,x__autocorrelation__lag_1024,x__autocorrelation__lag_128,x__autocorrelation__lag_16384,x__autocorrelation__lag_2048,x__autocorrelation__lag_256,x__autocorrelation__lag_4096,x__autocorrelation__lag_512,x__autocorrelation__lag_8192
A,-0.14780486771764142,-0.23775558170276917,-0.14866086331944242,-0.15270284544825904,-0.20109811790373203,-0.149069165094369,-0.2344577196056998,-0.1539637719924226
