id,x__autocorrelation__lag_1024,x__autocorrelation__lag_128,x__autocorrelation__lag_16384,x__autocorrelation__lag_2048,x__autocorrelation__lag_256,x__autocorrelation__lag_4096,x__autocorrelation__lag_512,x__autocorrelation__lag_8192
A,-0.20392796226492468,-0.060835856799240404,-0.20330176338154418,-0.2264761512513897,-0.28121443217105707,-0.21503975482159904,-0.31676111840981125,-0.23147320552097847
