id,x__autocorrelation__lag_1024,x__autocorrelation__lag_128,x__autocorrelation__lag_16384,x__autocorrelation__lag_2048,x__autocorrelation__lag_256,x__autocorrelation__lag_4096,x__autocorrelation__lag_512,x__autocorrelation__lag_8192
A,-0.21141425922263268,-0.23055513857436033,-0.20607596428539934,-0.20725069365577906,-0.27581496358906665,-0.2041139225159017,-0.2977790451075313,-0.20766249096729872
