id,x__autocorrelation__lag_1024,x__autocorrelation__lag_128,x__autocorrelation__lag_16384,x__autocorrelation__lag_2048,x__autocorrelation__lag_256,x__autocorrelation__lag_4096,x__autocorrelation__lag_512,x__autocorrelation__lag_8192
A,0.5301847480864407,-0.649741795427442,0.5167771847709113,0.5172807839551616,0.5361028327417248,0.5165066848236376,0.5314552004945905,0.5182629722684305
