id,x__autocorrelation__lag_1024,x__autocorrelation__lag_128,x__autocorrelation__lag_16384,x__autocorrelation__lag_2048,x__autocorrelation__lag_256,x__autocorrelation__lag_4096,x__autocorrelation__lag_512,x__autocorrelation__lag_8192
A,-0.2103678573460424,-0.18464985334539286,-0.20184036258635482,-0.20445616235687072,-0.26600876313620114,-0.2000118103495652,-0.2913946555494146,-0.204295712818501
