id,x__autocorrelation__lag_1024,x__autocorrelation__lag_128,x__autocorrelation__lag_16384,x__autocorrelation__lag_2048,x__autocorrelation__lag_256,x__autocorrelation__lag_4096,x__autocorrelation__lag_512,x__autocorrelation__lag_8192
A,-0.09225294511050275,-0.31815636754820115,-0.0990985124661547,-0.10645101250199707,-0.15118609340324274,-0.10198691968110302,-0.18172797861894285,-0.10919521315710162
