id,x__autocorrelation__lag_1024,x__autocorrelation__lag_128,x__autocorrelation__lag_16384,x__autocorrelation__lag_2048,x__autocorrelation__lag_256,x__autocorrelation__lag_4096,x__autocorrelation__lag_512,x__autocorrelation__lag_8192
A,0.5788896084595077,-0.7330520176404687,0.5687293089513038,0.568151960917706,0.5964506346189022,0.5689873622358531,0.5960436071858936,0.5683311939461292
