id,x__autocorrelation__lag_1024,x__autocorrelation__lag_128,x__autocorrelation__lag_16384,x__autocorrelation__lag_2048,x__autocorrelation__lag_256,x__autocorrelation__lag_4096,x__autocorrelation__lag_512,x__autocorrelation__lag_8192
A,-0.1845886988107232,-0.24518812453108674,-0.17554549363795693,-0.1770889122595551,-0.2452465779918524,-0.17344279073109412,-0.26887615908351903,-0.1777155927491881
