id,x__autocorrelation__lag_1024,x__autocorrelation__lag_128,x__autocorrelation__lag_16384,x__autocorrelation__lag_2048,x__autocorrelation__lag_256,x__autocorrelation__lag_4096,x__autocorrelation__lag_512,x__autocorrelation__lag_8192
A,-0.17204626110183904,-0.259037634707851,-0.16763702816945453,-0.1680625610318106,-0.22614428977238762,-0.1656117042007736,-0.25211190639384,-0.16863249095166616
