id,x__autocorrelation__lag_1024,x__autocorrelation__lag_128,x__autocorrelation__lag_16384,x__autocorrelation__lag_2048,x__autocorrelation__lag_256,x__autocorrelation__lag_4096,x__autocorrelation__lag_512,x__autocorrelation__lag_8192
A,0.5713526745054294,-0.7095498217809086,0.5580440874728697,0.560285619643733,0.5864281828432991,0.5598727176812914,0.5834849471936103,0.560818323252801
