id,x__autocorrelation__lag_1024,x__autocorrelation__lag_128,x__autocorrelation__lag_16384,x__autocorrelation__lag_2048,x__autocorrelation__lag_256,x__autocorrelation__lag_4096,x__autocorrelation__lag_512,x__autocorrelation__lag_8192
A,-0.16580665258956823,-0.16914565438475157,-0.16760690876562656,-0.16998130561689348,-0.22646340776777918,-0.16637832469743188,-0.26262849567974733,-0.17058292468291045
