id,x__autocorrelation__lag_1024,x__autocorrelation__lag_128,x__autocorrelation__lag_16384,x__autocorrelation__lag_2048,x__autocorrelation__lag_256,x__autocorrelation__lag_4096,x__autocorrelation__lag_512,x__autocorrelation__lag_8192
A,-0.11782106541268735,-0.25950416698781387,-0.13137998741602042,-0.13380628113137574,-0.18351701379590915,-0.13079736375182066,-0.22249506380166134,-0.13474411181389068
