id,x__autocorrelation__lag_1024,x__autocorrelation__lag_128,x__autocorrelation__lag_16384,x__autocorrelation__lag_2048,x__autocorrelation__lag_256,x__autocorrelation__lag_4096,x__autocorrelation__lag_512,x__autocorrelation__lag_8192
A,-0.14639473247187215,-0.26777756373347433,-0.1393313399476254,-0.14555584275551783,-0.18820648365297168,-0.14196170883780304,-0.19644410823898667,-0.1472839603598919
