id,x__autocorrelation__lag_1024,x__autocorrelation__lag_128,x__autocorrelation__lag_16384,x__autocorrelation__lag_2048,x__autocorrelation__lag_256,x__autocorrelation__lag_4096,x__autocorrelation__lag_512,x__autocorrelation__lag_8192
A,-0.18875289605421136,-0.19481598121643706,-0.18835455238999266,-0.19053080788538748,-0.2567522603729031,-0.18657491279556623,-0.289256419981334,-0.19184458545980618
