id,x__autocorrelation__lag_1024,x__autocorrelation__lag_128,x__autocorrelation__lag_16384,x__autocorrelation__lag_2048,x__autocorrelation__lag_256,x__autocorrelation__lag_4096,x__autocorrelation__lag_512,x__autocorrelation__lag_8192
A,-0.11690975347766401,-0.22429507870862905,-0.11619662898781194,-0.1119998536959063,-0.18859155301331798,-0.11385509690379464,-0.2217698090721658,-0.12222591871862434
