id,x__autocorrelation__lag_1024,x__autocorrelation__lag_128,x__autocorrelation__lag_16384,x__autocorrelation__lag_2048,x__autocorrelation__lag_256,x__autocorrelation__lag_4096,x__autocorrelation__lag_512,x__autocorrelation__lag_8192
A,-0.096982033666132,-0.29694375182048943,-0.10054402001241247,-0.10365688050236546,-0.14587306705053793,-0.09999363863338837,-0.1753530499895034,-0.10532298720847326
