id,x__autocorrelation__lag_1024,x__autocorrelation__lag_128,x__autocorrelation__lag_16384,x__autocorrelation__lag_2048,x__autocorrelation__lag_256,x__autocorrelation__lag_4096,x__autocorrelation__lag_512,x__autocorrelation__lag_8192
A,-0.2187677501868316,-0.2867118276659452,-0.21342051207241627,-0.21268908873993642,-0.26059267056802254,-0.21023267753708919,-0.2799687820438042,-0.21168344971428465
