id,x__autocorrelation__lag_1024,x__autocorrelation__lag_128,x__autocorrelation__lag_16384,x__autocorrelation__lag_2048,x__autocorrelation__lag_256,x__autocorrelation__lag_4096,x__autocorrelation__lag_512,x__autocorrelation__lag_8192
A,-0.2351397763727034,-0.1657177208606313,-0.30445087250446407,-0.3075483046261608,-0.26380523390684507,-0.3073711541460022,-0.4328619413820974,-0.30098007244546454
