id,x__autocorrelation__lag_1024,x__autocorrelation__lag_128,x__autocorrelation__lag_16384,x__autocorrelation__lag_2048,x__autocorrelation__lag_256,x__autocorrelation__lag_4096,x__autocorrelation__lag_512,x__autocorrelation__lag_8192
A,-0.19915200751940193,-0.12807953157371332,-0.19818453085258508,-0.19998516181305628,-0.2590507624388561,-0.19547464104164103,-0.28970534584816604,-0.20010589012814745
