id,x__autocorrelation__lag_1024,x__autocorrelation__lag_128,x__autocorrelation__lag_16384,x__autocorrelation__lag_2048,x__autocorrelation__lag_256,x__autocorrelation__lag_4096,x__autocorrelation__lag_512,x__autocorrelation__lag_8192
A,-0.21492837555150762,-0.054782607412782104,-0.21591307300693807,-0.2362890246082684,-0.28760742998146155,-0.22540646901240394,-0.3206963722606607,-0.24098914938233157
