id,x__autocorrelation__lag_1024,x__autocorrelation__lag_128,x__autocorrelation__lag_16384,x__autocorrelation__lag_2048,x__autocorrelation__lag_256,x__autocorrelation__lag_4096,x__autocorrelation__lag_512,x__autocorrelation__lag_8192
A,-0.12096206655546055,-0.2693342602606004,-0.12923464238453958,-0.1321099065953698,-0.18305262669320976,-0.12916298731732978,-0.22256242258044914,-0.13419116261993985
