id,x__autocorrelation__lag_1024,x__autocorrelation__lag_128,x__autocorrelation__lag_16384,x__autocorrelation__lag_2048,x__autocorrelation__lag_256,x__autocorrelation__lag_4096,x__autocorrelation__lag_512,x__autocorrelation__lag_8192
A,-0.13673060863714134,-0.27019088734350616,-0.1504673543575476,-0.15454139131141006,-0.19583407772927003,-0.1511274068667407,-0.23743968217981312,-0.15586940063601368
