id,x__autocorrelation__lag_1024,x__autocorrelation__lag_128,x__autocorrelation__lag_16384,x__autocorrelation__lag_2048,x__autocorrelation__lag_256,x__autocorrelation__lag_4096,x__autocorrelation__lag_512,x__autocorrelation__lag_8192
A,-0.14691736364305477,-0.295296709834613,-0.14014513495767417,-0.14394553625415196,-0.19155004463803993,-0.14009081246629554,-0.21273671671833735,-0.14495402222882334
