id,x__autocorrelation__lag_1024,x__autocorrelation__lag_128,x__autocorrelation__lag_16384,x__autocorrelation__lag_2048,x__autocorrelation__lag_256,x__autocorrelation__lag_4096,x__autocorrelation__lag_512,x__autocorrelation__lag_8192
A,-0.09628198408621305,-0.26272968184978834,-0.13227229245427555,-0.13445212901485953,-0.15797839506377834,-0.13519272912790442,-0.2559695743515179,-0.1291160466426451
