id,x__autocorrelation__lag_1024,x__autocorrelation__lag_128,x__autocorrelation__lag_16384,x__autocorrelation__lag_2048,x__autocorrelation__lag_256,x__autocorrelation__lag_4096,x__autocorrelation__lag_512,x__autocorrelation__lag_8192
A,-0.10495452174692257,-0.2878319568557193,-0.13833711148398636,-0.14536799736912434,-0.16605390309658258,-0.1473127892239745,-0.24666478627099048,-0.1422182632576387
