id,x__autocorrelation__lag_1024,x__autocorrelation__lag_128,x__autocorrelation__lag_16384,x__autocorrelation__lag_2048,x__autocorrelation__lag_256,x__autocorrelation__lag_4096,x__autocorrelation__lag_512,x__autocorrelation__lag_8192
A,0.5681657672630727,-0.6718412279571485,0.5560385161167808,0.557674990293107,0.5783049863657777,0.5570523444539317,0.5700371533551251,0.5587235600292282
