id,x__autocorrelation__lag_1024,x__autocorrelation__lag_128,x__autocorrelation__lag_16384,x__autocorrelation__lag_2048,x__autocorrelation__lag_256,x__autocorrelation__lag_4096,x__autocorrelation__lag_512,x__autocorrelation__lag_8192
A,-0.21008616560221238,-0.06900937051631185,-0.20983733088683615,-0.23545508259981204,-0.2914894245974206,-0.2233725968801161,-0.32326958433558123,-0.24097223773419232
