id,x__autocorrelation__lag_1024,x__autocorrelation__lag_128,x__autocorrelation__lag_16384,x__autocorrelation__lag_2048,x__autocorrelation__lag_256,x__autocorrelation__lag_4096,x__autocorrelation__lag_512,x__autocorrelation__lag_8192
A,-0.20799268401138132,-0.29729528941061056,-0.20664120556891108,-0.20592445980287558,-0.25496703875726334,-0.2035632087678194,-0.26900588149700766,-0.20409325565758193
