id,x__autocorrelation__lag_1024,x__autocorrelation__lag_128,x__autocorrelation__lag_16384,x__autocorrelation__lag_2048,x__autocorrelation__lag_256,x__autocorrelation__lag_4096,x__autocorrelation__lag_512,x__autocorrelation__lag_8192
A,-0.15940775415722597,-0.305561581263943,-0.13954757644851093,-0.16855341443519822,-0.2088625194405819,-0.14175819714320512,-0.2673873931393722,-0.14318057970382916
