id,x__autocorrelation__lag_1024,x__autocorrelation__lag_128,x__autocorrelation__lag_16384,x__autocorrelation__lag_2048,x__autocorrelation__lag_256,x__autocorrelation__lag_4096,x__autocorrelation__lag_512,x__autocorrelation__lag_8192
A,-0.05580146911426765,-0.0492133419684178,-0.16693001618006925,-0.21616916174165746,-0.2457782619444143,-0.20528889095117114,-0.3386008208406113,-0.23446107624422272
