id,x__autocorrelation__lag_1024,x__autocorrelation__lag_128,x__autocorrelation__lag_16384,x__autocorrelation__lag_2048,x__autocorrelation__lag_256,x__autocorrelation__lag_4096,x__autocorrelation__lag_512,x__autocorrelation__lag_8192
A,-0.09393135291274779,-0.31894897502470426,-0.09625408877187144,-0.10425753297312249,-0.14600946104276247,-0.0998621881549711,-0.17381817069147612,-0.10678893032995454
