id,x__autocorrelation__lag_1024,x__autocorrelation__lag_128,x__autocorrelation__lag_16384,x__autocorrelation__lag_2048,x__autocorrelation__lag_256,x__autocorrelation__lag_4096,x__autocorrelation__lag_512,x__autocorrelation__lag_8192
A,0.5640590085159696,-0.6679789959856757,0.5547751074729806,0.555900829124151,0.573105354415505,0.5553946100534386,0.5658478002652717,0.5566333046067244
