id,x__autocorrelation__lag_1024,x__autocorrelation__lag_128,x__autocorrelation__lag_16384,x__autocorrelation__lag_2048,x__autocorrelation__lag_256,x__autocorrelation__lag_4096,x__autocorrelation__lag_512,x__autocorrelation__lag_8192
A,-0.10163670586591309,-0.2530597054381211,-0.11990129038271534,-0.12394623597120599,-0.16566572598097432,-0.11989138023057973,-0.21057093915820851,-0.1258939817393812
