id,x__autocorrelation__lag_1024,x__autocorrelation__lag_128,x__autocorrelation__lag_16384,x__autocorrelation__lag_2048,x__autocorrelation__lag_256,x__autocorrelation__lag_4096,x__autocorrelation__lag_512,x__autocorrelation__lag_8192
A,-0.1280788908596957,-0.27821537048493766,-0.10063695964199183,-0.1084435721302106,-0.15383920976742693,-0.10402147614539725,-0.14929539023405364,-0.11047351481151298
