id,x__autocorrelation__lag_1024,x__autocorrelation__lag_128,x__autocorrelation__lag_16384,x__autocorrelation__lag_2048,x__autocorrelation__lag_256,x__autocorrelation__lag_4096,x__autocorrelation__lag_512,x__autocorrelation__lag_8192
A,-0.22166799561116318,-0.04121829222022321,-0.22180582290059142,-0.22167202678627082,-0.2939891908353793,-0.2175675393004281,-0.3279562172411488,-0.22169969454274185
