id,x__autocorrelation__lag_1024,x__autocorrelation__lag_128,x__autocorrelation__lag_16384,x__autocorrelation__lag_2048,x__autocorrelation__lag_256,x__autocorrelation__lag_4096,x__autocorrelation__lag_512,x__autocorrelation__lag_8192
A,-0.15270055821610182,-0.3149553265276022,-0.12655144429652215,-0.1563259747955714,-0.2082579343040851,-0.1439281681818411,-0.27141460259363714,-0.14453302736257456
