id,x__autocorrelation__lag_1024,x__autocorrelation__lag_128,x__autocorrelation__lag_16384,x__autocorrelation__lag_2048,x__autocorrelation__lag_256,x__autocorrelation__lag_4096,x__autocorrelation__lag_512,x__autocorrelation__lag_8192
A,-0.22007711303155933,-0.09247307259919345,-0.214548111001625,-0.21340360167994174,-0.28432339405073326,-0.20998990903222706,-0.31476587270030265,-0.21381819187680864
