id,x__autocorrelation__lag_1024,x__autocorrelation__lag_128,x__autocorrelation__lag_16384,x__autocorrelation__lag_2048,x__autocorrelation__lag_256,x__autocorrelation__lag_4096,x__autocorrelation__lag_512,x__autocorrelation__lag_8192
A,-0.18346791566701276,-0.27364647795690566,-0.17504444320326104,-0.1767890715644232,-0.24081762274492016,-0.17375860248611702,-0.2613212879304224,-0.17720547598083183
