id,x__autocorrelation__lag_1024,x__autocorrelation__lag_128,x__autocorrelation__lag_16384,x__autocorrelation__lag_2048,x__autocorrelation__lag_256,x__autocorrelation__lag_4096,x__autocorrelation__lag_512,x__autocorrelation__lag_8192
A,-0.20522886303882448,-0.08294328965708475,-0.2108166840288273,-0.2096430018380626,-0.2847578063909734,-0.20635328021506738,-0.3128746827526705,-0.21004716759919545
