id,x__autocorrelation__lag_1024,x__autocorrelation__lag_128,x__autocorrelation__lag_16384,x__autocorrelation__lag_2048,x__autocorrelation__lag_256,x__autocorrelation__lag_4096,x__autocorrelation__lag_512,x__autocorrelation__lag_8192
A,0.5392539221806585,-0.655638159969494,0.5267303969649176,0.530054941622328,0.5433020497889853,0.5287548443768669,0.5442920922488664,0.5319873957287863
