id,x__autocorrelation__lag_1024,x__autocorrelation__lag_128,x__autocorrelation__lag_16384,x__autocorrelation__lag_2048,x__autocorrelation__lag_256,x__autocorrelation__lag_4096,x__autocorrelation__lag_512,x__autocorrelation__lag_8192
A,0.2977525621699018,-0.5856599080747821,0.3041778670473773,0.3092630156435733,0.295007525000368,0.3113911157094529,0.3008877648109487,0.3117723543984602
