id,x__autocorrelation__lag_1024,x__autocorrelation__lag_128,x__autocorrelation__lag_16384,x__autocorrelation__lag_2048,x__autocorrelation__lag_256,x__autocorrelation__lag_4096,x__autocorrelation__lag_512,x__autocorrelation__lag_8192
A,-0.04548254502383346,-0.061183665177589386,-0.1529608580368931,-0.20365918230130992,-0.2354210392000834,-0.19714695549380226,-0.3382550916475897,-0.22444054413059927
