id,x__autocorrelation__lag_1024,x__autocorrelation__lag_128,x__autocorrelation__lag_16384,x__autocorrelation__lag_2048,x__autocorrelation__lag_256,x__autocorrelation__lag_4096,x__autocorrelation__lag_512,x__autocorrelation__lag_8192
A,-0.1993826027590754,-0.03150505179921136,-0.22049934262149962,-0.2442005686456227,-0.28650835859124435,-0.23445208192809402,-0.3269399957661134,-0.2501988974633219
