id,x__autocorrelation__lag_1024,x__autocorrelation__lag_128,x__autocorrelation__lag_16384,x__autocorrelation__lag_2048,x__autocorrelation__lag_256,x__autocorrelation__lag_4096,x__autocorrelation__lag_512,x__autocorrelation__lag_8192
A,-0.214594569939256,-0.03691707389374009,-0.21955730046347555,-0.2246088411365453,-0.2812844337218583,-0.21914407860308482,-0.3195185263710582,-0.22712220922862908
