id,x__autocorrelation__lag_1024,x__autocorrelation__lag_128,x__autocorrelation__lag_16384,x__autocorrelation__lag_2048,x__autocorrelation__lag_256,x__autocorrelation__lag_4096,x__autocorrelation__lag_512,x__autocorrelation__lag_8192
A,-0.08665968440444767,-0.30513941762470354,-0.09491903655767452,-0.0984274421234422,-0.14238495954298658,-0.09462825889448509,-0.17790394046926453,-0.09996780938661656
