id,x__autocorrelation__lag_1024,x__autocorrelation__lag_128,x__autocorrelation__lag_16384,x__autocorrelation__lag_2048,x__autocorrelation__lag_256,x__autocorrelation__lag_4096,x__autocorrelation__lag_512,x__autocorrelation__lag_8192
A,-0.13217172811664052,-0.24433067376634254,-0.1277048673623823,-0.13348086863915765,-0.1735644916382882,-0.1298837251503707,-0.18319352214337922,-0.13544784318842196
