id,x__autocorrelation__lag_1024,x__autocorrelation__lag_128,x__autocorrelation__lag_16384,x__autocorrelation__lag_2048,x__autocorrelation__lag_256,x__autocorrelation__lag_4096,x__autocorrelation__lag_512,x__autocorrelation__lag_8192
A,-0.08600146185801823,-0.29055385238757203,-0.09688318745794318,-0.09974069901708746,-0.14485721089781167,-0.09695988166240699,-0.17890719992881973,-0.10094948751463716
