id,x__autocorrelation__lag_1024,x__autocorrelation__lag_128,x__autocorrelation__lag_16384,x__autocorrelation__lag_2048,x__autocorrelation__lag_256,x__autocorrelation__lag_4096,x__autocorrelation__lag_512,x__autocorrelation__lag_8192
A,-0.21143343245525784,-0.08726262592338647,-0.21113035774022917,-0.2094884624144475,-0.27688192433309927,-0.20616595272900587,-0.3053265985540145,-0.20932924662443622
