id,x__autocorrelation__lag_1024,x__autocorrelation__lag_128,x__autocorrelation__lag_16384,x__autocorrelation__lag_2048,x__autocorrelation__lag_256,x__autocorrelation__lag_4096,x__autocorrelation__lag_512,x__autocorrelation__lag_8192
A,-0.16012262926641882,-0.22464977945418074,-0.1602034765300729,-0.1624158558532781,-0.22018813653440222,-0.1587309571709929,-0.2504062375346374,-0.16315565933419923
