id,x__autocorrelation__lag_1024,x__autocorrelation__lag_128,x__autocorrelation__lag_16384,x__autocorrelation__lag_2048,x__autocorrelation__lag_256,x__autocorrelation__lag_4096,x__autocorrelation__lag_512,x__autocorrelation__lag_8192
A,-0.21608588050296787,-0.052749975077657635,-0.2134098132680717,-0.21284211260301863,-0.2871746908088975,-0.208715995118628,-0.32223011673578594,-0.21314224456366077
