id,x__autocorrelation__lag_1024,x__autocorrelation__lag_128,x__autocorrelation__lag_16384,x__autocorrelation__lag_2048,x__autocorrelation__lag_256,x__autocorrelation__lag_4096,x__autocorrelation__lag_512,x__autocorrelation__lag_8192
A,-0.14304068111888218,-0.2705018369481209,-0.13626957089038969,-0.1412238609193668,-0.1858936573168841,-0.13789927993110135,-0.19455659010427126,-0.14306000319470233
