id,x__autocorrelation__lag_1024,x__autocorrelation__lag_128,x__autocorrelation__lag_16384,x__autocorrelation__lag_2048,x__autocorrelation__lag_256,x__autocorrelation__lag_4096,x__autocorrelation__lag_512,x__autocorrelation__lag_8192
A,-0.1936175208018141,-0.05244729239401708,-0.1989249738464505,-0.19995972143955162,-0.27302699631369715,-0.19585129754418926,-0.31031335951419087,-0.20126041460579092
