id,x__autocorrelation__lag_1024,x__autocorrelation__lag_128,x__autocorrelation__lag_16384,x__autocorrelation__lag_2048,x__autocorrelation__lag_256,x__autocorrelation__lag_4096,x__autocorrelation__lag_512,x__autocorrelation__lag_8192
A,0.5917679548786416,-0.7290647498147369,0.5790654222408436,0.5823521973220457,0.6096545730417281,0.5813175331465141,0.6076995236453303,0.5831180551697849
