id,x__autocorrelation__lag_1024,x__autocorrelation__lag_128,x__autocorrelation__lag_16384,x__autocorrelation__lag_2048,x__autocorrelation__lag_256,x__autocorrelation__lag_4096,x__autocorrelation__lag_512,x__autocorrelation__lag_8192
A,0.5679370033469234,-0.6831811847956523,0.5562360747278935,0.5585636073158011,0.579788129127044,0.5576774288178107,0.5727240416414497,0.5590373151051864
