id,x__autocorrelation__lag_1024,x__autocorrelation__lag_128,x__autocorrelation__lag_16384,x__autocorrelation__lag_2048,x__autocorrelation__lag_256,x__autocorrelation__lag_4096,x__autocorrelation__lag_512,x__autocorrelation__lag_8192
A,0.29336452179893646,-0.5970585931094018,0.29597344799669156,0.2945725137248996,0.2989321726756624,0.2964296237309256,0.30563420868451174,0.2953823316523843
