id,x__autocorrelation__lag_1024,x__autocorrelation__lag_128,x__autocorrelation__lag_16384,x__autocorrelation__lag_2048,x__autocorrelation__lag_256,x__autocorrelation__lag_4096,x__autocorrelation__lag_512,x__autocorrelation__lag_8192
A,-0.13393345631875256,-0.2072770185494266,-0.1518864669542406,-0.1555536464628282,-0.2011826822200348,-0.15140541690286483,-0.24787082508805378,-0.15734865007626028
