id,x__autocorrelation__lag_1024,x__autocorrelation__lag_128,x__autocorrelation__lag_16384,x__autocorrelation__lag_2048,x__autocorrelation__lag_256,x__autocorrelation__lag_4096,x__autocorrelation__lag_512,x__autocorrelation__lag_8192
A,-0.14213752710933777,-0.27306734034998337,-0.1314202779007973,-0.1363366389557757,-0.1828611596692883,-0.13332053361379653,-0.189100704672223,-0.1384838892007005
