id,x__autocorrelation__lag_1024,x__autocorrelation__lag_128,x__autocorrelation__lag_16384,x__autocorrelation__lag_2048,x__autocorrelation__lag_256,x__autocorrelation__lag_4096,x__autocorrelation__lag_512,x__autocorrelation__lag_8192
A,-0.1710123335493511,-0.1850511663643185,-0.16771057391057448,-0.17002809614416348,-0.22466073721322213,-0.16544941178597614,-0.25895532680224037,-0.16988935293957882
