id,x__autocorrelation__lag_1024,x__autocorrelation__lag_128,x__autocorrelation__lag_16384,x__autocorrelation__lag_2048,x__autocorrelation__lag_256,x__autocorrelation__lag_4096,x__autocorrelation__lag_512,x__autocorrelation__lag_8192
A,0.5465990726399483,-0.6979928530776658,0.532416252242296,0.5362058818393207,0.5662690893645008,0.5345120419219563,0.5634886426114977,0.5368872380882896
