id,x__autocorrelation__lag_1024,x__autocorrelation__lag_128,x__autocorrelation__lag_16384,x__autocorrelation__lag_2048,x__autocorrelation__lag_256,x__autocorrelation__lag_4096,x__autocorrelation__lag_512,x__autocorrelation__lag_8192
A,-0.14240141298661113,-0.24575779845625456,-0.14365503273485483,-0.14592526736632536,-0.1984939880598233,-0.14196241418792635,-0.233898384264201,-0.14679332440499457
