id,x__autocorrelation__lag_1024,x__autocorrelation__lag_128,x__autocorrelation__lag_16384,x__autocorrelation__lag_2048,x__autocorrelation__lag_256,x__autocorrelation__lag_4096,x__autocorrelation__lag_512,x__autocorrelation__lag_8192
A,-0.18283870734027405,-0.19802926801124485,-0.18143976783395954,-0.18379043458669692,-0.2421714073360117,-0.18045526477214374,-0.27370762604457116,-0.18461277421624903
