id,x__autocorrelation__lag_1024,x__autocorrelation__lag_128,x__autocorrelation__lag_16384,x__autocorrelation__lag_2048,x__autocorrelation__lag_256,x__autocorrelation__lag_4096,x__autocorrelation__lag_512,x__autocorrelation__lag_8192
A,-0.026943986269525322,-0.23605069433516798,-0.12129632813162222,-0.0719236617015549,-0.20697861815944407,-0.0910356162106992,-0.1363778471967377,-0.08893448845066396
