id,x__autocorrelation__lag_1024,x__autocorrelation__lag_128,x__autocorrelation__lag_16384,x__autocorrelation__lag_2048,x__autocorrelation__lag_256,x__autocorrelation__lag_4096,x__autocorrelation__lag_512,x__autocorrelation__lag_8192
A,0.6059381559347257,-0.7557705668680078,0.5973956346095955,0.5995023840422508,0.6288081220376238,0.5994068261784854,0.6295645629787606,0.6000284269399357
