id,x__autocorrelation__lag_1024,x__autocorrelation__lag_128,x__autocorrelation__lag_16384,x__autocorrelation__lag_2048,x__autocorrelation__lag_256,x__autocorrelation__lag_4096,x__autocorrelation__lag_512,x__autocorrelation__lag_8192
A,0.5735327826717995,-0.6787167025734712,0.5613705821216728,0.5634997388750076,0.583131361730856,0.5628514534381441,0.5755966859700616,0.5647004018304009
