id,x__autocorrelation__lag_1024,x__autocorrelation__lag_128,x__autocorrelation__lag_16384,x__autocorrelation__lag_2048,x__autocorrelation__lag_256,x__autocorrelation__lag_4096,x__autocorrelation__lag_512,x__autocorrelation__lag_8192
A,-0.16073559394006923,-0.3076017463406409,-0.13503591358675204,-0.1596621599870908,-0.21119342798786975,-0.14584049134671573,-0.26480045594329304,-0.14759406809589745
