id,x__autocorrelation__lag_1024,x__autocorrelation__lag_128,x__autocorrelation__lag_16384,x__autocorrelation__lag_2048,x__autocorrelation__lag_256,x__autocorrelation__lag_4096,x__autocorrelation__lag_512,x__autocorrelation__lag_8192
A,-0.23815186308259062,-0.04050276086917227,-0.23163463441704163,-0.24088430064629876,-0.2979172575000149,-0.23418968126808953,-0.3259517147640762,-0.24408355737072013
