id,x__autocorrelation__lag_1024,x__autocorrelation__lag_128,x__autocorrelation__lag_16384,x__autocorrelation__lag_2048,x__autocorrelation__lag_256,x__autocorrelation__lag_4096,x__autocorrelation__lag_512,x__autocorrelation__lag_8192
A,-0.1306564253237796,-0.2687026969798175,-0.1375646900528963,-0.14236234699333586,-0.1879823380522212,-0.1383139876230815,-0.22805344216063797,-0.14448449438730107
