id,x__autocorrelation__lag_1024,x__autocorrelation__lag_128,x__autocorrelation__lag_16384,x__autocorrelation__lag_2048,x__autocorrelation__lag_256,x__autocorrelation__lag_4096,x__autocorrelation__lag_512,x__autocorrelation__lag_8192
A,-0.05866687752384686,-0.029453230064412854,-0.16484349680103758,-0.22870860459053066,-0.2492718437988767,-0.2049576216317407,-0.330352167406407,-0.23829009884007585
