id,x__autocorrelation__lag_1024,x__autocorrelation__lag_128,x__autocorrelation__lag_16384,x__autocorrelation__lag_2048,x__autocorrelation__lag_256,x__autocorrelation__lag_4096,x__autocorrelation__lag_512,x__autocorrelation__lag_8192
A,-0.22482573030254818,-0.053423532042070974,-0.21578451944649818,-0.23054886451008116,-0.2895249440328591,-0.22157700731266985,-0.3179511909664783,-0.23414016347851874
