id,x__autocorrelation__lag_1024,x__autocorrelation__lag_128,x__autocorrelation__lag_16384,x__autocorrelation__lag_2048,x__autocorrelation__lag_256,x__autocorrelation__lag_4096,x__autocorrelation__lag_512,x__autocorrelation__lag_8192
A,-0.20563861398287514,-0.24814914925512252,-0.18791619446270827,-0.19289845706166417,-0.25411943526043224,-0.1883612935909961,-0.2682806007061261,-0.1929934115938614
