id,x__autocorrelation__lag_1024,x__autocorrelation__lag_128,x__autocorrelation__lag_16384,x__autocorrelation__lag_2048,x__autocorrelation__lag_256,x__autocorrelation__lag_4096,x__autocorrelation__lag_512,x__autocorrelation__lag_8192
A,-0.20989847237636966,-0.06804263721093606,-0.21097071584145413,-0.2118627712567315,-0.28430697668843913,-0.20731606511501013,-0.31973155283099297,-0.21252227100084548
