id,x__autocorrelation__lag_1024,x__autocorrelation__lag_128,x__autocorrelation__lag_16384,x__autocorrelation__lag_2048,x__autocorrelation__lag_256,x__autocorrelation__lag_4096,x__autocorrelation__lag_512,x__autocorrelation__lag_8192
A,-0.21306198341833077,-0.123547041527833,-0.21153075286879286,-0.21355396994394502,-0.2717100303500061,-0.20877686686340458,-0.3058451988595259,-0.21437019484534553
