id,x__autocorrelation__lag_1024,x__autocorrelation__lag_128,x__autocorrelation__lag_16384,x__autocorrelation__lag_2048,x__autocorrelation__lag_256,x__autocorrelation__lag_4096,x__autocorrelation__lag_512,x__autocorrelation__lag_8192
A,-0.18389948677987458,-0.27750060371865576,-0.18196755395346972,-0.18326693822926346,-0.23074207916001524,-0.18001874843888335,-0.25567243440006027,-0.18335210651237893
