id,x__autocorrelation__lag_1024,x__autocorrelation__lag_128,x__autocorrelation__lag_16384,x__autocorrelation__lag_2048,x__autocorrelation__lag_256,x__autocorrelation__lag_4096,x__autocorrelation__lag_512,x__autocorrelation__lag_8192
A,-0.1283215514027401,-0.2718306928171374,-0.13688222593063665,-0.14131393618928934,-0.18920439098791247,-0.13688703262367752,-0.22932748844154874,-0.14282974255571892
