id,x__autocorrelation__lag_1024,x__autocorrelation__lag_128,x__autocorrelation__lag_16384,x__autocorrelation__lag_2048,x__autocorrelation__lag_256,x__autocorrelation__lag_4096,x__autocorrelation__lag_512,x__autocorrelation__lag_8192
A,-0.19197133665310742,-0.22960715535772672,-0.18951310453476033,-0.1930538857699329,-0.24783053147405598,-0.1897516282689661,-0.2764854764530228,-0.19463642458563082
