id,x__autocorrelation__lag_1024,x__autocorrelation__lag_128,x__autocorrelation__lag_16384,x__autocorrelation__lag_2048,x__autocorrelation__lag_256,x__autocorrelation__lag_4096,x__autocorrelation__lag_512,x__autocorrelation__lag_8192
A,-0.40958018492674575,-0.3898581486066135,-0.42388052730354375,-0.4297363409445204,-0.4239966007670772,-0.41677323199940225,-0.45282845723291815,-0.4217677963473502
