id,x__autocorrelation__lag_1024,x__autocorrelation__lag_128,x__autocorrelation__lag_16384,x__autocorrelation__lag_2048,x__autocorrelation__lag_256,x__autocorrelation__lag_4096,x__autocorrelation__lag_512,x__autocorrelation__lag_8192
A,-0.2514963024564652,-0.10018552910288595,-0.24626299988923586,-0.24371395854759392,-0.3106632554939076,-0.24065688455733752,-0.3316195148030801,-0.24289535445739008
