id,x__autocorrelation__lag_1024,x__autocorrelation__lag_128,x__autocorrelation__lag_16384,x__autocorrelation__lag_2048,x__autocorrelation__lag_256,x__autocorrelation__lag_4096,x__autocorrelation__lag_512,x__autocorrelation__lag_8192
A,-0.08319818896697295,-0.30268059971277356,-0.0867383485171714,-0.09205808618427598,-0.13305986532574984,-0.08890772744183341,-0.16595749492912645,-0.09444257144271609
