id,x__autocorrelation__lag_1024,x__autocorrelation__lag_128,x__autocorrelation__lag_16384,x__autocorrelation__lag_2048,x__autocorrelation__lag_256,x__autocorrelation__lag_4096,x__autocorrelation__lag_512,x__autocorrelation__lag_8192
A,0.5468430755059102,-0.6676088720782464,0.5318184527226488,0.535336594597673,0.557574068779337,0.5341587975660179,0.5534523267732103,0.5367171485093362
