id,x__autocorrelation__lag_1024,x__autocorrelation__lag_128,x__autocorrelation__lag_16384,x__autocorrelation__lag_2048,x__autocorrelation__lag_256,x__autocorrelation__lag_4096,x__autocorrelation__lag_512,x__autocorrelation__lag_8192
A,0.5661807377490063,-0.680066336532855,0.5541828675465011,0.5564060138084461,0.5759187551114086,0.555584201632672,0.570780065343485,0.5571713463364503
