id,x__autocorrelation__lag_1024,x__autocorrelation__lag_128,x__autocorrelation__lag_16384,x__autocorrelation__lag_2048,x__autocorrelation__lag_256,x__autocorrelation__lag_4096,x__autocorrelation__lag_512,x__autocorrelation__lag_8192
A,-0.24038904373880557,-0.3725656098696456,-0.24325531590716779,-0.242682303965179,-0.2552004651839633,-0.23934846095261336,-0.27653315852442045,-0.2364283653652429
