id,x__autocorrelation__lag_1024,x__autocorrelation__lag_128,x__autocorrelation__lag_16384,x__autocorrelation__lag_2048,x__autocorrelation__lag_256,x__autocorrelation__lag_4096,x__autocorrelation__lag_512,x__autocorrelation__lag_8192
A,-0.3243035763809149,-0.25746095777968797,-0.37073765294786165,-0.36827113100032133,-0.32978446754362556,-0.36332978669180394,-0.4403539946225599,-0.3584988561420815
