id,x__autocorrelation__lag_1024,x__autocorrelation__lag_128,x__autocorrelation__lag_16384,x__autocorrelation__lag_2048,x__autocorrelation__lag_256,x__autocorrelation__lag_4096,x__autocorrelation__lag_512,x__autocorrelation__lag_8192
A,-0.21281707293854665,-0.2767822161746763,-0.20803339929588435,-0.20556823540140837,-0.2668414731748579,-0.20390136853663327,-0.27459785532788916,-0.2031896059162447
