id,x__autocorrelation__lag_1024,x__autocorrelation__lag_128,x__autocorrelation__lag_16384,x__autocorrelation__lag_2048,x__autocorrelation__lag_256,x__autocorrelation__lag_4096,x__autocorrelation__lag_512,x__autocorrelation__lag_8192
A,-0.19448557478316672,-0.08493756689364546,-0.19197746221906223,-0.19282534251044176,-0.26979296786923185,-0.18828926110299912,-0.30135216830404105,-0.19337965361864748
