id,x__autocorrelation__lag_1024,x__autocorrelation__lag_128,x__autocorrelation__lag_16384,x__autocorrelation__lag_2048,x__autocorrelation__lag_256,x__autocorrelation__lag_4096,x__autocorrelation__lag_512,x__autocorrelation__lag_8192
A,-0.13648489140394623,-0.3003541913102504,-0.13590100431001945,-0.14067017830718198,-0.185894706185328,-0.1370258507857699,-0.204718571224066,-0.14160012555456813
