id,x__autocorrelation__lag_1024,x__autocorrelation__lag_128,x__autocorrelation__lag_16384,x__autocorrelation__lag_2048,x__autocorrelation__lag_256,x__autocorrelation__lag_4096,x__autocorrelation__lag_512,x__autocorrelation__lag_8192
A,-0.1324612557516975,-0.26321469049292234,-0.1261034303212053,-0.13120873710445846,-0.17254845770744995,-0.12765652156055746,-0.1854121079673568,-0.13370381758231306
