id,x__autocorrelation__lag_1024,x__autocorrelation__lag_128,x__autocorrelation__lag_16384,x__autocorrelation__lag_2048,x__autocorrelation__lag_256,x__autocorrelation__lag_4096,x__autocorrelation__lag_512,x__autocorrelation__lag_8192
A,-0.21417664019324809,-0.042521102011071725,-0.21169967455352906,-0.21082086508790746,-0.295058799381527,-0.2061129098350217,-0.32505233555427304,-0.20974043152297261
