id,x__autocorrelation__lag_1024,x__autocorrelation__lag_128,x__autocorrelation__lag_16384,x__autocorrelation__lag_2048,x__autocorrelation__lag_256,x__autocorrelation__lag_4096,x__autocorrelation__lag_512,x__autocorrelation__lag_8192
A,-0.18503734244745454,-0.16615002172717766,-0.18856376744183304,-0.18836628385490423,-0.25199353282635306,-0.18457258292051554,-0.2867432651499114,-0.1883388261951597
