id,x__autocorrelation__lag_1024,x__autocorrelation__lag_128,x__autocorrelation__lag_16384,x__autocorrelation__lag_2048,x__autocorrelation__lag_256,x__autocorrelation__lag_4096,x__autocorrelation__lag_512,x__autocorrelation__lag_8192
A,-0.10252544960999127,-0.27973217995616767,-0.1401240416209881,-0.14381340706042064,-0.1549230513683469,-0.14337882044216177,-0.2578562366788489,-0.13295027427080397
