id,x__autocorrelation__lag_1024,x__autocorrelation__lag_128,x__autocorrelation__lag_16384,x__autocorrelation__lag_2048,x__autocorrelation__lag_256,x__autocorrelation__lag_4096,x__autocorrelation__lag_512,x__autocorrelation__lag_8192
A,-0.18276066345248101,-0.22926674542475503,-0.17732043987317422,-0.177898937274942,-0.24799006540523247,-0.17518304428052023,-0.26698495713609566,-0.17777115911494185
