id,x__autocorrelation__lag_1024,x__autocorrelation__lag_128,x__autocorrelation__lag_16384,x__autocorrelation__lag_2048,x__autocorrelation__lag_256,x__autocorrelation__lag_4096,x__autocorrelation__lag_512,x__autocorrelation__lag_8192
A,-0.09988815369229269,-0.23755391723650027,-0.09273559396713867,-0.09938452721171007,-0.13706395835110405,-0.09503157827883849,-0.14298225543417994,-0.10192912817112064
