id,x__autocorrelation__lag_1024,x__autocorrelation__lag_128,x__autocorrelation__lag_16384,x__autocorrelation__lag_2048,x__autocorrelation__lag_256,x__autocorrelation__lag_4096,x__autocorrelation__lag_512,x__autocorrelation__lag_8192
A,0.5510270045281802,-0.6847526178020018,0.53633020790012,0.5382876296067929,0.5670756207566807,0.5378489107211852,0.565063940808349,0.5392203307358326
