id,x__autocorrelation__lag_1024,x__autocorrelation__lag_128,x__autocorrelation__lag_16384,x__autocorrelation__lag_2048,x__autocorrelation__lag_256,x__autocorrelation__lag_4096,x__autocorrelation__lag_512,x__autocorrelation__lag_8192
A,-0.1707475245787194,-0.2689432695945641,-0.16775688165304597,-0.1694875215973366,-0.2238479266585613,-0.1661503858530975,-0.24216629762876857,-0.168779219848692
