id,x__autocorrelation__lag_1024,x__autocorrelation__lag_128,x__autocorrelation__lag_16384,x__autocorrelation__lag_2048,x__autocorrelation__lag_256,x__autocorrelation__lag_4096,x__autocorrelation__lag_512,x__autocorrelation__lag_8192
A,-0.17400257780103717,-0.16896812463170116,-0.17900598946482987,-0.17864707127204696,-0.2377993969659232,-0.1751802858189249,-0.27356221650188906,-0.17836070000884868
