id,x__autocorrelation__lag_1024,x__autocorrelation__lag_128,x__autocorrelation__lag_16384,x__autocorrelation__lag_2048,x__autocorrelation__lag_256,x__autocorrelation__lag_4096,x__autocorrelation__lag_512,x__autocorrelation__lag_8192
A,-0.14745645295765056,-0.34032579184432826,-0.16886129187827958,-0.19265403157249394,-0.18456523801452057,-0.17815593654937187,-0.23531419431720785,-0.16375123982604253
