id,x__autocorrelation__lag_1024,x__autocorrelation__lag_128,x__autocorrelation__lag_16384,x__autocorrelation__lag_2048,x__autocorrelation__lag_256,x__autocorrelation__lag_4096,x__autocorrelation__lag_512,x__autocorrelation__lag_8192
A,-0.22944402925883295,-0.19300092323680043,-0.22331774941765067,-0.2193404372720726,-0.28830743077219056,-0.21689231865475078,-0.30225301125345483,-0.21744551484221755
