id,x__autocorrelation__lag_1024,x__autocorrelation__lag_128,x__autocorrelation__lag_16384,x__autocorrelation__lag_2048,x__autocorrelation__lag_256,x__autocorrelation__lag_4096,x__autocorrelation__lag_512,x__autocorrelation__lag_8192
A,-0.10970015088723534,-0.247749560287415,-0.12451943822763276,-0.12737193992233323,-0.16668418542293875,-0.12736060323796297,-0.2516892146580216,-0.12261223776968379
