id,x__autocorrelation__lag_1024,x__autocorrelation__lag_128,x__autocorrelation__lag_16384,x__autocorrelation__lag_2048,x__autocorrelation__lag_256,x__autocorrelation__lag_4096,x__autocorrelation__lag_512,x__autocorrelation__lag_8192
A,-0.10825799095903976,-0.29630460023837046,-0.13546635179589026,-0.16537421229351507,-0.1715037053812737,-0.15257033348481702,-0.28173896628085576,-0.15400639326529117
