id,x__autocorrelation__lag_1024,x__autocorrelation__lag_128,x__autocorrelation__lag_16384,x__autocorrelation__lag_2048,x__autocorrelation__lag_256,x__autocorrelation__lag_4096,x__autocorrelation__lag_512,x__autocorrelation__lag_8192
A,-0.12950320532197448,-0.3010396762745065,-0.13275454684801277,-0.13644708837951286,-0.18556703889024523,-0.13306406949464272,-0.22219806575717135,-0.13811691589642827
