id,x__autocorrelation__lag_1024,x__autocorrelation__lag_128,x__autocorrelation__lag_16384,x__autocorrelation__lag_2048,x__autocorrelation__lag_256,x__autocorrelation__lag_4096,x__autocorrelation__lag_512,x__autocorrelation__lag_8192
A,-0.1984527801449783,-0.11767756957047777,-0.19281141923169057,-0.19269164987737467,-0.2648402654021852,-0.18921412229502285,-0.29976139930509726,-0.1939500809521657
