id,x__autocorrelation__lag_1024,x__autocorrelation__lag_128,x__autocorrelation__lag_16384,x__autocorrelation__lag_2048,x__autocorrelation__lag_256,x__autocorrelation__lag_4096,x__autocorrelation__lag_512,x__autocorrelation__lag_8192
A,0.5280769783445319,-0.6573118714634211,0.5038559866615364,0.5083749422937084,0.5399590295431508,0.5065105678440686,0.5357923456084256,0.5095331022301125
