id,x__autocorrelation__lag_1024,x__autocorrelation__lag_128,x__autocorrelation__lag_16384,x__autocorrelation__lag_2048,x__autocorrelation__lag_256,x__autocorrelation__lag_4096,x__autocorrelation__lag_512,x__autocorrelation__lag_8192
A,-0.21273530005730895,-0.3708004831507154,-0.2207471047065224,-0.23400939679831234,-0.22921113943390953,-0.2168939930892896,-0.26124422482764803,-0.21522588268784656
