id,x__autocorrelation__lag_1024,x__autocorrelation__lag_128,x__autocorrelation__lag_16384,x__autocorrelation__lag_2048,x__autocorrelation__lag_256,x__autocorrelation__lag_4096,x__autocorrelation__lag_512,x__autocorrelation__lag_8192
A,-0.03771887667696882,-0.2418409632772872,-0.10447348179305799,-0.07438523246202787,-0.17516014619369558,-0.09423033285136705,-0.1683939381602378,-0.09081695078533072
