id,x__autocorrelation__lag_1024,x__autocorrelation__lag_128,x__autocorrelation__lag_16384,x__autocorrelation__lag_2048,x__autocorrelation__lag_256,x__autocorrelation__lag_4096,x__autocorrelation__lag_512,x__autocorrelation__lag_8192
A,-0.1828289950581481,-0.2964919815488078,-0.18253830971954932,-0.18196616065605517,-0.23208361675309602,-0.17895770690810642,-0.25718059880297806,-0.1814946575660539
