id,x__autocorrelation__lag_1024,x__autocorrelation__lag_128,x__autocorrelation__lag_16384,x__autocorrelation__lag_2048,x__autocorrelation__lag_256,x__autocorrelation__lag_4096,x__autocorrelation__lag_512,x__autocorrelation__lag_8192
A,-0.18785053389573336,-0.21972879723848537,-0.17818927449360386,-0.18206031039848877,-0.24510733490634481,-0.17809282255388884,-0.270588290756152,-0.18320613485630555
