id,x__autocorrelation__lag_1024,x__autocorrelation__lag_128,x__autocorrelation__lag_16384,x__autocorrelation__lag_2048,x__autocorrelation__lag_256,x__autocorrelation__lag_4096,x__autocorrelation__lag_512,x__autocorrelation__lag_8192
A,-0.19295255368468497,-0.3007232886752292,-0.1759534300084443,-0.25352618062192434,-0.21879343275181187,-0.21887254385194685,-0.3050241756867855,-0.21973252763369666
