id,x__autocorrelation__lag_1024,x__autocorrelation__lag_128,x__autocorrelation__lag_16384,x__autocorrelation__lag_2048,x__autocorrelation__lag_256,x__autocorrelation__lag_4096,x__autocorrelation__lag_512,x__autocorrelation__lag_8192
A,-0.21231198154486816,-0.05756423598276441,-0.2116068873237972,-0.21097450543616558,-0.2766802589705898,-0.20746220102377855,-0.30598407863797583,-0.21081793732339155
