id,x__autocorrelation__lag_1024,x__autocorrelation__lag_128,x__autocorrelation__lag_16384,x__autocorrelation__lag_2048,x__autocorrelation__lag_256,x__autocorrelation__lag_4096,x__autocorrelation__lag_512,x__autocorrelation__lag_8192
A,0.24708572958911884,-0.5877705169986746,0.2570067331552276,0.2577328216904483,0.2336791863450024,0.2607493298829939,0.23465176587067937,0.2589506241419169
