id,x__autocorrelation__lag_1024,x__autocorrelation__lag_128,x__autocorrelation__lag_16384,x__autocorrelation__lag_2048,x__autocorrelation__lag_256,x__autocorrelation__lag_4096,x__autocorrelation__lag_512,x__autocorrelation__lag_8192
A,0.5662427493567169,-0.6768898111225468,0.5525401409909698,0.556273714147271,0.5747909141440504,0.5549247663139846,0.5690328463790391,0.5573260615982417
