id,x__autocorrelation__lag_1024,x__autocorrelation__lag_128,x__autocorrelation__lag_16384,x__autocorrelation__lag_2048,x__autocorrelation__lag_256,x__autocorrelation__lag_4096,x__autocorrelation__lag_512,x__autocorrelation__lag_8192
A,-0.20695776858922946,-0.09329774287662765,-0.20587948773180403,-0.20440223834075633,-0.2728115734365951,-0.20114705999113697,-0.30402888911290527,-0.20478926596520985
