id,x__autocorrelation__lag_1024,x__autocorrelation__lag_128,x__autocorrelation__lag_16384,x__autocorrelation__lag_2048,x__autocorrelation__lag_256,x__autocorrelation__lag_4096,x__autocorrelation__lag_512,x__autocorrelation__lag_8192
A,-0.237521096464098,-0.052192810233512195,-0.23504752960143957,-0.2357807786603192,-0.30186059541902255,-0.23122222247061056,-0.33406523172397745,-0.23600867583734567
