id,x__autocorrelation__lag_1024,x__autocorrelation__lag_128,x__autocorrelation__lag_16384,x__autocorrelation__lag_2048,x__autocorrelation__lag_256,x__autocorrelation__lag_4096,x__autocorrelation__lag_512,x__autocorrelation__lag_8192
A,-0.16828390396028167,-0.19041640733706824,-0.17027844306488987,-0.17240267735041773,-0.2336668408787395,-0.16867279118471507,-0.27108897324092934,-0.17331627877098182
