id,x__autocorrelation__lag_1024,x__autocorrelation__lag_128,x__autocorrelation__lag_16384,x__autocorrelation__lag_2048,x__autocorrelation__lag_256,x__autocorrelation__lag_4096,x__autocorrelation__lag_512,x__autocorrelation__lag_8192
A,-0.1100338597463538,-0.3008765349439831,-0.1421470749685417,-0.1508459494373796,-0.15992099184091377,-0.15094694697982292,-0.26743576269113295,-0.1422018751322707
