id,x__autocorrelation__lag_1024,x__autocorrelation__lag_128,x__autocorrelation__lag_16384,x__autocorrelation__lag_2048,x__autocorrelation__lag_256,x__autocorrelation__lag_4096,x__autocorrelation__lag_512,x__autocorrelation__lag_8192
A,-0.11718112555418853,-0.2849399959770504,-0.1259080958186093,-0.12900095131734235,-0.17950302068690457,-0.12578075694839488,-0.21907605603437333,-0.1304303514860976
