id,x__autocorrelation__lag_1024,x__autocorrelation__lag_128,x__autocorrelation__lag_16384,x__autocorrelation__lag_2048,x__autocorrelation__lag_256,x__autocorrelation__lag_4096,x__autocorrelation__lag_512,x__autocorrelation__lag_8192
A,-0.19191814735653853,-0.16641400732148787,-0.188750822280924,-0.190060968662358,-0.25364984750957653,-0.18656852218123635,-0.28718881781787897,-0.19061958658648429
