id,x__autocorrelation__lag_1024,x__autocorrelation__lag_128,x__autocorrelation__lag_16384,x__autocorrelation__lag_2048,x__autocorrelation__lag_256,x__autocorrelation__lag_4096,x__autocorrelation__lag_512,x__autocorrelation__lag_8192
A,-0.20358916048957432,-0.03594408122957843,-0.20283253640134735,-0.20155324719145065,-0.28806359046285274,-0.1974561426136087,-0.3223129572055707,-0.20160849449997353
