id,x__autocorrelation__lag_1024,x__autocorrelation__lag_128,x__autocorrelation__lag_16384,x__autocorrelation__lag_2048,x__autocorrelation__lag_256,x__autocorrelation__lag_4096,x__autocorrelation__lag_512,x__autocorrelation__lag_8192
A,0.6084060838919088,-0.7360581084925631,0.5953983924533565,0.5997295342892308,0.6222482146983331,0.5987962177940717,0.6205726020805375,0.6007861436631048
