id,x__autocorrelation__lag_1024,x__autocorrelation__lag_128,x__autocorrelation__lag_16384,x__autocorrelation__lag_2048,x__autocorrelation__lag_256,x__autocorrelation__lag_4096,x__autocorrelation__lag_512,x__autocorrelation__lag_8192
A,-0.37081513460910753,-0.37384556870145447,-0.40835580920986975,-0.41401433078298744,-0.397486767070452,-0.3983241497156197,-0.4455761336295262,-0.4043148658056513
