id,x__autocorrelation__lag_1024,x__autocorrelation__lag_128,x__autocorrelation__lag_16384,x__autocorrelation__lag_2048,x__autocorrelation__lag_256,x__autocorrelation__lag_4096,x__autocorrelation__lag_512,x__autocorrelation__lag_8192
A,0.5823703355293837,-0.6825641016987172,0.5716144884218921,0.5741278793704695,0.5916846842406005,0.5733858133525894,0.5847256679681249,0.5748148992484543
