id,x__autocorrelation__lag_1024,x__autocorrelation__lag_128,x__autocorrelation__lag_16384,x__autocorrelation__lag_2048,x__autocorrelation__lag_256,x__autocorrelation__lag_4096,x__autocorrelation__lag_512,x__autocorrelation__lag_8192
A,0.5514682898783948,-0.660273430458271,0.5392469477545763,0.5423209051903335,0.5619664977273906,0.5414032846392639,0.5528256342652531,0.5426564901047767
