id,x__autocorrelation__lag_1024,x__autocorrelation__lag_128,x__autocorrelation__lag_16384,x__autocorrelation__lag_2048,x__autocorrelation__lag_256,x__autocorrelation__lag_4096,x__autocorrelation__lag_512,x__autocorrelation__lag_8192
A,-0.16782378111467297,-0.16292195935832948,-0.17218847857080635,-0.17420314180128774,-0.22509231164932386,-0.16998674965376212,-0.26517907733190815,-0.17538941469849026
