id,x__autocorrelation__lag_1024,x__autocorrelation__lag_128,x__autocorrelation__lag_16384,x__autocorrelation__lag_2048,x__autocorrelation__lag_256,x__autocorrelation__lag_4096,x__autocorrelation__lag_512,x__autocorrelation__lag_8192
A,-0.23013767689429143,-0.06450373299386845,-0.22296645529566825,-0.24030098575386213,-0.2990816976381004,-0.2305667454958024,-0.32647647372753247,-0.2439220231255803
