id,x__autocorrelation__lag_1024,x__autocorrelation__lag_128,x__autocorrelation__lag_16384,x__autocorrelation__lag_2048,x__autocorrelation__lag_256,x__autocorrelation__lag_4096,x__autocorrelation__lag_512,x__autocorrelation__lag_8192
A,-0.15352928783876849,-0.18722539706872582,-0.15267073698446829,-0.1545077550898396,-0.22525229097359387,-0.15056770517675577,-0.26008462329483395,-0.1552723775981617
