id,x__autocorrelation__lag_1024,x__autocorrelation__lag_128,x__autocorrelation__lag_16384,x__autocorrelation__lag_2048,x__autocorrelation__lag_256,x__autocorrelation__lag_4096,x__autocorrelation__lag_512,x__autocorrelation__lag_8192
A,-0.18220743407437903,-0.21086085913459354,-0.18459571603344502,-0.18885065278178217,-0.24080501789949987,-0.18523401024397604,-0.27313065434076345,-0.19004307816015806
