id,x__autocorrelation__lag_1024,x__autocorrelation__lag_128,x__autocorrelation__lag_16384,x__autocorrelation__lag_2048,x__autocorrelation__lag_256,x__autocorrelation__lag_4096,x__autocorrelation__lag_512,x__autocorrelation__lag_8192
A,-0.1330578320228363,-0.27194328587975225,-0.12590126573090987,-0.13233020889418087,-0.175047246105783,-0.12822003936335438,-0.18473183282630262,-0.1341359062700295
