id,x__autocorrelation__lag_1024,x__autocorrelation__lag_128,x__autocorrelation__lag_16384,x__autocorrelation__lag_2048,x__autocorrelation__lag_256,x__autocorrelation__lag_4096,x__autocorrelation__lag_512,x__autocorrelation__lag_8192
A,-0.21097425494310793,-0.028018902609718527,-0.21327028312153018,-0.21575594633178866,-0.28512864987424047,-0.21007031490100694,-0.323498985830973,-0.21793587679378498
