id,x__autocorrelation__lag_1024,x__autocorrelation__lag_128,x__autocorrelation__lag_16384,x__autocorrelation__lag_2048,x__autocorrelation__lag_256,x__autocorrelation__lag_4096,x__autocorrelation__lag_512,x__autocorrelation__lag_8192
A,-0.12213402266521195,-0.2679426598390653,-0.12717809063282975,-0.13099628951431505,-0.19102678323112318,-0.1262637187953849,-0.23116971904733075,-0.1314949192031685
