id,x__autocorrelation__lag_1024,x__autocorrelation__lag_128,x__autocorrelation__lag_16384,x__autocorrelation__lag_2048,x__autocorrelation__lag_256,x__autocorrelation__lag_4096,x__autocorrelation__lag_512,x__autocorrelation__lag_8192
A,-0.18887572304879874,-0.23166307225259988,-0.1882967169716352,-0.19154121434043056,-0.25062582116430715,-0.18743461066514305,-0.2820104886452288,-0.19362073614298703
