id,x__autocorrelation__lag_1024,x__autocorrelation__lag_128,x__autocorrelation__lag_16384,x__autocorrelation__lag_2048,x__autocorrelation__lag_256,x__autocorrelation__lag_4096,x__autocorrelation__lag_512,x__autocorrelation__lag_8192
A,0.5743609706683586,-0.6738693514196945,0.5626418256360624,0.5628559017136311,0.5827028141210688,0.5627097993574958,0.5743290164018285,0.5630331522903114
