id,x__autocorrelation__lag_1024,x__autocorrelation__lag_128,x__autocorrelation__lag_16384,x__autocorrelation__lag_2048,x__autocorrelation__lag_256,x__autocorrelation__lag_4096,x__autocorrelation__lag_512,x__autocorrelation__lag_8192
A,-0.1259452662257805,-0.24410497085551588,-0.1319581447852443,-0.13688849762524619,-0.19340626579688808,-0.13250658596666665,-0.23308632786574818,-0.1386494061896252
