id,x__autocorrelation__lag_1024,x__autocorrelation__lag_128,x__autocorrelation__lag_16384,x__autocorrelation__lag_2048,x__autocorrelation__lag_256,x__autocorrelation__lag_4096,x__autocorrelation__lag_512,x__autocorrelation__lag_8192
A,-0.17541196506345355,-0.2632814153520726,-0.1654933656202291,-0.16808555333357844,-0.22880098234771454,-0.16466021223611826,-0.25160569800599986,-0.1696092237041336
