id,x__autocorrelation__lag_1024,x__autocorrelation__lag_128,x__autocorrelation__lag_16384,x__autocorrelation__lag_2048,x__autocorrelation__lag_256,x__autocorrelation__lag_4096,x__autocorrelation__lag_512,x__autocorrelation__lag_8192
A,0.5625326983547974,-0.6930200463918265,0.5488638009454585,0.5509452992495975,0.5743134431927337,0.5503289158407185,0.5699349074206607,0.5520212888717886
