id,x__autocorrelation__lag_1024,x__autocorrelation__lag_128,x__autocorrelation__lag_16384,x__autocorrelation__lag_2048,x__autocorrelation__lag_256,x__autocorrelation__lag_4096,x__autocorrelation__lag_512,x__autocorrelation__lag_8192
A,-0.10712420497829525,-0.30229657970447654,-0.1165639447985508,-0.12298457923998421,-0.16364382650523387,-0.11869951297629484,-0.19632360668448362,-0.1256827057271008
