id,x__autocorrelation__lag_1024,x__autocorrelation__lag_128,x__autocorrelation__lag_16384,x__autocorrelation__lag_2048,x__autocorrelation__lag_256,x__autocorrelation__lag_4096,x__autocorrelation__lag_512,x__autocorrelation__lag_8192
A,-0.12622514620222008,-0.258930721714717,-0.12401369280984958,-0.13059469511254615,-0.1682898947871924,-0.12700811068823303,-0.18195720381419625,-0.13300064183375246
