id,x__autocorrelation__lag_1024,x__autocorrelation__lag_128,x__autocorrelation__lag_16384,x__autocorrelation__lag_2048,x__autocorrelation__lag_256,x__autocorrelation__lag_4096,x__autocorrelation__lag_512,x__autocorrelation__lag_8192
A,-0.1644535422038569,-0.305643148809435,-0.14630430407848818,-0.1555650224924916,-0.1983129220592036,-0.15106388714397667,-0.19143319601835748,-0.15729349691530595
