id,x__autocorrelation__lag_1024,x__autocorrelation__lag_128,x__autocorrelation__lag_16384,x__autocorrelation__lag_2048,x__autocorrelation__lag_256,x__autocorrelation__lag_4096,x__autocorrelation__lag_512,x__autocorrelation__lag_8192
A,-0.2004506402770856,-0.10657402548452433,-0.20305002034349476,-0.20379291582869963,-0.26714343725525014,-0.19888082984686958,-0.3060593825116281,-0.2044164065830552
