id,x__autocorrelation__lag_1024,x__autocorrelation__lag_128,x__autocorrelation__lag_16384,x__autocorrelation__lag_2048,x__autocorrelation__lag_256,x__autocorrelation__lag_4096,x__autocorrelation__lag_512,x__autocorrelation__lag_8192
A,-0.13279601005226305,-0.3110008959869488,-0.13006511494467907,-0.14285346276504138,-0.18602388332314337,-0.14335744984491738,-0.24560039438667922,-0.14066567942721825
