id,x__autocorrelation__lag_1024,x__autocorrelation__lag_128,x__autocorrelation__lag_16384,x__autocorrelation__lag_2048,x__autocorrelation__lag_256,x__autocorrelation__lag_4096,x__autocorrelation__lag_512,x__autocorrelation__lag_8192
A,-0.20791463853797876,-0.12500440918841416,-0.20246121956692306,-0.20337896920105453,-0.26813504332850047,-0.19916116658702518,-0.3040857264230082,-0.20415015438686168
