id,x__autocorrelation__lag_1024,x__autocorrelation__lag_128,x__autocorrelation__lag_16384,x__autocorrelation__lag_2048,x__autocorrelation__lag_256,x__autocorrelation__lag_4096,x__autocorrelation__lag_512,x__autocorrelation__lag_8192
A,-0.11046010002888744,-0.2624267936629033,-0.10340451225047313,-0.13730217259050634,-0.14520572359221665,-0.12680281292213505,-0.18251696121436664,-0.11481579284142537
