id,x__autocorrelation__lag_1024,x__autocorrelation__lag_128,x__autocorrelation__lag_16384,x__autocorrelation__lag_2048,x__autocorrelation__lag_256,x__autocorrelation__lag_4096,x__autocorrelation__lag_512,x__autocorrelation__lag_8192
A,0.5610949699202692,-0.674019527616778,0.5491920155370729,0.5515832218140468,0.5701865275734963,0.5511306117406661,0.5658566157905762,0.5522954613583448
