id,x__autocorrelation__lag_1024,x__autocorrelation__lag_128,x__autocorrelation__lag_16384,x__autocorrelation__lag_2048,x__autocorrelation__lag_256,x__autocorrelation__lag_4096,x__autocorrelation__lag_512,x__autocorrelation__lag_8192
A,0.5803879113640122,-0.7116192801111401,0.5650114791187757,0.5690379792883689,0.5917877204418412,0.5678594640669239,0.5918892749639981,0.5701983916692975
