id,x__autocorrelation__lag_1024,x__autocorrelation__lag_128,x__autocorrelation__lag_16384,x__autocorrelation__lag_2048,x__autocorrelation__lag_256,x__autocorrelation__lag_4096,x__autocorrelation__lag_512,x__autocorrelation__lag_8192
A,-0.09570513066163647,-0.2643543511490561,-0.10416868598956143,-0.12424633749503891,-0.15225867311603003,-0.10575718001778776,-0.21087274689464777,-0.10818723970524843
