id,x__autocorrelation__lag_1024,x__autocorrelation__lag_128,x__autocorrelation__lag_16384,x__autocorrelation__lag_2048,x__autocorrelation__lag_256,x__autocorrelation__lag_4096,x__autocorrelation__lag_512,x__autocorrelation__lag_8192
A,-0.38991088056994594,-0.3888381919431658,-0.41125898147826223,-0.4184264111523297,-0.40421185409804056,-0.40234658331147205,-0.44715918262909643,-0.40980307366391294
