id,x__autocorrelation__lag_1024,x__autocorrelation__lag_128,x__autocorrelation__lag_16384,x__autocorrelation__lag_2048,x__autocorrelation__lag_256,x__autocorrelation__lag_4096,x__autocorrelation__lag_512,x__autocorrelation__lag_8192
A,-0.20330266108586895,-0.008467605928697471,-0.20565344776707245,-0.21639716223925629,-0.27792903099324856,-0.2087685797038721,-0.31578231907415694,-0.2199448880058162
