id,x__autocorrelation__lag_1024,x__autocorrelation__lag_128,x__autocorrelation__lag_16384,x__autocorrelation__lag_2048,x__autocorrelation__lag_256,x__autocorrelation__lag_4096,x__autocorrelation__lag_512,x__autocorrelation__lag_8192
A,-0.18734286088093266,-0.23220326906770575,-0.18047885847006168,-0.18161458877991804,-0.237651399287272,-0.1793092567804702,-0.26415574626113125,-0.1832423487268712
