id,x__autocorrelation__lag_1024,x__autocorrelation__lag_128,x__autocorrelation__lag_16384,x__autocorrelation__lag_2048,x__autocorrelation__lag_256,x__autocorrelation__lag_4096,x__autocorrelation__lag_512,x__autocorrelation__lag_8192
A,-0.1745334986751621,-0.2177159657000791,-0.1638536499395798,-0.1668561626151144,-0.23330441583665423,-0.1626705054057808,-0.26582636618354094,-0.16794096070289274
