id,x__autocorrelation__lag_1024,x__autocorrelation__lag_128,x__autocorrelation__lag_16384,x__autocorrelation__lag_2048,x__autocorrelation__lag_256,x__autocorrelation__lag_4096,x__autocorrelation__lag_512,x__autocorrelation__lag_8192
A,-0.3801192966593438,-0.3579684728171982,-0.36534706936463246,-0.3813456750412464,-0.39032913425516474,-0.3700848838870756,-0.3989078461857445,-0.3693881836151148
