id,x__autocorrelation__lag_1024,x__autocorrelation__lag_128,x__autocorrelation__lag_16384,x__autocorrelation__lag_2048,x__autocorrelation__lag_256,x__autocorrelation__lag_4096,x__autocorrelation__lag_512,x__autocorrelation__lag_8192
A,-0.13238400971986186,-0.2591976076361639,-0.13717254077664784,-0.1412565766784073,-0.18758101385242185,-0.13786584290465365,-0.2240032960671118,-0.1430922366200023
