id,x__autocorrelation__lag_1024,x__autocorrelation__lag_128,x__autocorrelation__lag_16384,x__autocorrelation__lag_2048,x__autocorrelation__lag_256,x__autocorrelation__lag_4096,x__autocorrelation__lag_512,x__autocorrelation__lag_8192
A,-0.16163170927288642,-0.24385304833787944,-0.14689599714213877,-0.15415285551093674,-0.1927274615140215,-0.15050320296202846,-0.18995419043724737,-0.15628792795771856
