id,x__autocorrelation__lag_1024,x__autocorrelation__lag_128,x__autocorrelation__lag_16384,x__autocorrelation__lag_2048,x__autocorrelation__lag_256,x__autocorrelation__lag_4096,x__autocorrelation__lag_512,x__autocorrelation__lag_8192
A,-0.16842609151688376,-0.27889214652072297,-0.16491202719186532,-0.16753335080035262,-0.21932881676626734,-0.16367409047977532,-0.25471965221620424,-0.16835050822819883
