id,x__autocorrelation__lag_1024,x__autocorrelation__lag_128,x__autocorrelation__lag_16384,x__autocorrelation__lag_2048,x__autocorrelation__lag_256,x__autocorrelation__lag_4096,x__autocorrelation__lag_512,x__autocorrelation__lag_8192
A,-0.16871073811518925,-0.19972462069855332,-0.16959053893709414,-0.17162297904320695,-0.2351318680632016,-0.16798627341381003,-0.26801062605243453,-0.1720026022677099
