id,x__autocorrelation__lag_1024,x__autocorrelation__lag_128,x__autocorrelation__lag_16384,x__autocorrelation__lag_2048,x__autocorrelation__lag_256,x__autocorrelation__lag_4096,x__autocorrelation__lag_512,x__autocorrelation__lag_8192
A,-0.1523376371992556,-0.25276635638561235,-0.1476813100296028,-0.14967032452848822,-0.2103677923170175,-0.1463634055247842,-0.24367489885508908,-0.1509705696584174
