id,x__autocorrelation__lag_1024,x__autocorrelation__lag_128,x__autocorrelation__lag_16384,x__autocorrelation__lag_2048,x__autocorrelation__lag_256,x__autocorrelation__lag_4096,x__autocorrelation__lag_512,x__autocorrelation__lag_8192
A,0.5645871506852562,-0.6909240085680646,0.5462170458477686,0.5488493628007163,0.574541903985788,0.5476396100592508,0.5734716436519194,0.5500578430618117
