id,x__autocorrelation__lag_1024,x__autocorrelation__lag_128,x__autocorrelation__lag_16384,x__autocorrelation__lag_2048,x__autocorrelation__lag_256,x__autocorrelation__lag_4096,x__autocorrelation__lag_512,x__autocorrelation__lag_8192
A,-0.22900101485677,-0.03902441048920436,-0.2301988343813101,-0.23114874279024655,-0.2969881447388516,-0.22617076509683282,-0.32869682749437895,-0.23088895545125662
