id,x__autocorrelation__lag_1024,x__autocorrelation__lag_128,x__autocorrelation__lag_16384,x__autocorrelation__lag_2048,x__autocorrelation__lag_256,x__autocorrelation__lag_4096,x__autocorrelation__lag_512,x__autocorrelation__lag_8192
A,-0.19517624314516369,-0.1535783985090887,-0.19151452678050368,-0.19324008178042598,-0.26074610003463816,-0.1886613799828691,-0.29685182893810896,-0.19396567120573185
