id,x__autocorrelation__lag_1024,x__autocorrelation__lag_128,x__autocorrelation__lag_16384,x__autocorrelation__lag_2048,x__autocorrelation__lag_256,x__autocorrelation__lag_4096,x__autocorrelation__lag_512,x__autocorrelation__lag_8192
A,-0.268420486359716,-0.16904045929732034,-0.3485380362257234,-0.3436191525020154,-0.298255940081774,-0.3448749396315529,-0.4425564791856057,-0.3377975518623967
