id,x__autocorrelation__lag_1024,x__autocorrelation__lag_128,x__autocorrelation__lag_16384,x__autocorrelation__lag_2048,x__autocorrelation__lag_256,x__autocorrelation__lag_4096,x__autocorrelation__lag_512,x__autocorrelation__lag_8192
A,0.5242776135815378,-0.7102349081222945,0.5151829203100853,0.5170373073069097,0.5424509576213811,0.5170178566756417,0.5458328203113436,0.5178703659116443
