id,x__autocorrelation__lag_1024,x__autocorrelation__lag_128,x__autocorrelation__lag_16384,x__autocorrelation__lag_2048,x__autocorrelation__lag_256,x__autocorrelation__lag_4096,x__autocorrelation__lag_512,x__autocorrelation__lag_8192
A,-0.21937221989125608,-0.04665714444979362,-0.21490023341770706,-0.2273146699958567,-0.28403359619282426,-0.21968077075472542,-0.31341148166873745,-0.22998199040470874
