id,x__autocorrelation__lag_1024,x__autocorrelation__lag_128,x__autocorrelation__lag_16384,x__autocorrelation__lag_2048,x__autocorrelation__lag_256,x__autocorrelation__lag_4096,x__autocorrelation__lag_512,x__autocorrelation__lag_8192
A,-0.21500088020549296,-0.05514167164247222,-0.21364389258035263,-0.2316497306784719,-0.2889657850431452,-0.22182667885318483,-0.31761365380645734,-0.23546064269751044
