id,x__autocorrelation__lag_1024,x__autocorrelation__lag_128,x__autocorrelation__lag_16384,x__autocorrelation__lag_2048,x__autocorrelation__lag_256,x__autocorrelation__lag_4096,x__autocorrelation__lag_512,x__autocorrelation__lag_8192
A,0.5458026977216198,-0.6649952355230243,0.526801266695583,0.5301944748507679,0.5620999588283719,0.5285881423927861,0.5557923402491509,0.5316860982518689
