id,x__autocorrelation__lag_1024,x__autocorrelation__lag_128,x__autocorrelation__lag_16384,x__autocorrelation__lag_2048,x__autocorrelation__lag_256,x__autocorrelation__lag_4096,x__autocorrelation__lag_512,x__autocorrelation__lag_8192
A,-0.1108503847301082,-0.278574252905484,-0.12335175549045808,-0.1368341843892188,-0.16009835777070822,-0.12865415748075743,-0.22491053665238792,-0.13029830110337035
