id,x__autocorrelation__lag_1024,x__autocorrelation__lag_128,x__autocorrelation__lag_16384,x__autocorrelation__lag_2048,x__autocorrelation__lag_256,x__autocorrelation__lag_4096,x__autocorrelation__lag_512,x__autocorrelation__lag_8192
A,-0.09879927136497975,-0.3188690060342393,-0.10799690441399569,-0.11420542831259355,-0.1589983421301593,-0.11074672191678166,-0.18820716302884677,-0.11622779179865156
