id,x__autocorrelation__lag_1024,x__autocorrelation__lag_128,x__autocorrelation__lag_16384,x__autocorrelation__lag_2048,x__autocorrelation__lag_256,x__autocorrelation__lag_4096,x__autocorrelation__lag_512,x__autocorrelation__lag_8192
A,-0.2134192221994359,-0.35548576566504986,-0.2299263351224196,-0.24667770357040725,-0.2531675339161248,-0.2435049973830466,-0.30949353824383735,-0.23188699137831784
