id,x__autocorrelation__lag_1024,x__autocorrelation__lag_128,x__autocorrelation__lag_16384,x__autocorrelation__lag_2048,x__autocorrelation__lag_256,x__autocorrelation__lag_4096,x__autocorrelation__lag_512,x__autocorrelation__lag_8192
A,-0.19764543607250343,-0.04360253266745584,-0.1923707900329858,-0.19429393372163806,-0.27920609645701255,-0.1893304107852961,-0.3112757138472235,-0.19512125864210422
