id,x__autocorrelation__lag_1024,x__autocorrelation__lag_128,x__autocorrelation__lag_16384,x__autocorrelation__lag_2048,x__autocorrelation__lag_256,x__autocorrelation__lag_4096,x__autocorrelation__lag_512,x__autocorrelation__lag_8192
A,-0.10510910133950459,-0.27435999951155565,-0.1466964747288222,-0.15024015890804462,-0.16549012141731395,-0.14872288931249247,-0.2577946595332669,-0.14042006230183576
