id,x__autocorrelation__lag_1024,x__autocorrelation__lag_128,x__autocorrelation__lag_16384,x__autocorrelation__lag_2048,x__autocorrelation__lag_256,x__autocorrelation__lag_4096,x__autocorrelation__lag_512,x__autocorrelation__lag_8192
A,-0.21795123909630668,-0.04198501209980226,-0.2208654181606944,-0.22158114930597603,-0.2890961882667962,-0.21615503557607835,-0.3226672388626194,-0.22230643175232234
