id,x__autocorrelation__lag_1024,x__autocorrelation__lag_128,x__autocorrelation__lag_16384,x__autocorrelation__lag_2048,x__autocorrelation__lag_256,x__autocorrelation__lag_4096,x__autocorrelation__lag_512,x__autocorrelation__lag_8192
A,-0.21275037863964372,-0.06105970553582127,-0.21221937818798442,-0.2201283363400344,-0.27593686842776705,-0.21343207699361824,-0.31152541255983124,-0.2231605972324459
