id,x__autocorrelation__lag_1024,x__autocorrelation__lag_128,x__autocorrelation__lag_16384,x__autocorrelation__lag_2048,x__autocorrelation__lag_256,x__autocorrelation__lag_4096,x__autocorrelation__lag_512,x__autocorrelation__lag_8192
A,0.4397618531662795,-0.6642780655916446,0.4392362452779856,0.4394123932188104,0.4533042784291957,0.44072599090708564,0.4594464330127097,0.4398710772391179
