id,x__autocorrelation__lag_1024,x__autocorrelation__lag_128,x__autocorrelation__lag_16384,x__autocorrelation__lag_2048,x__autocorrelation__lag_256,x__autocorrelation__lag_4096,x__autocorrelation__lag_512,x__autocorrelation__lag_8192
A,-0.0960865329681424,-0.3007057999147565,-0.09900785915273497,-0.10901922652311101,-0.15303300625082966,-0.10358917416183103,-0.18488704231023817,-0.11202161814862895
