id,x__autocorrelation__lag_1024,x__autocorrelation__lag_128,x__autocorrelation__lag_16384,x__autocorrelation__lag_2048,x__autocorrelation__lag_256,x__autocorrelation__lag_4096,x__autocorrelation__lag_512,x__autocorrelation__lag_8192
A,0.5539661414209018,-0.666428487068107,0.5421205548354012,0.5437781332791551,0.5643285884632498,0.5432017569046232,0.5575420518006791,0.5447353220085828
