id,x__autocorrelation__lag_1024,x__autocorrelation__lag_128,x__autocorrelation__lag_16384,x__autocorrelation__lag_2048,x__autocorrelation__lag_256,x__autocorrelation__lag_4096,x__autocorrelation__lag_512,x__autocorrelation__lag_8192
A,-0.35376456931053135,-0.35218735238755056,-0.35316172743302393,-0.3637118839118497,-0.3775774620246725,-0.3523250654113898,-0.3866780222056153,-0.3510737523464995
