id,x__autocorrelation__lag_1024,x__autocorrelation__lag_128,x__autocorrelation__lag_16384,x__autocorrelation__lag_2048,x__autocorrelation__lag_256,x__autocorrelation__lag_4096,x__autocorrelation__lag_512,x__autocorrelation__lag_8192
A,0.14510285858335054,-0.5811971273573119,0.15812535837489355,0.15767836428719834,0.1456838926814266,0.16010414060541914,0.16355980858037716,0.160475072401219
