id,x__autocorrelation__lag_1024,x__autocorrelation__lag_128,x__autocorrelation__lag_16384,x__autocorrelation__lag_2048,x__autocorrelation__lag_256,x__autocorrelation__lag_4096,x__autocorrelation__lag_512,x__autocorrelation__lag_8192
A,-0.11879996574348363,-0.29067195302071164,-0.1517734742522116,-0.16345879570124822,-0.1621586373180535,-0.16457795842923034,-0.2798749045019147,-0.1550067537408574
