id,x__autocorrelation__lag_1024,x__autocorrelation__lag_128,x__autocorrelation__lag_16384,x__autocorrelation__lag_2048,x__autocorrelation__lag_256,x__autocorrelation__lag_4096,x__autocorrelation__lag_512,x__autocorrelation__lag_8192
A,-0.1538077738884003,-0.23870865680311154,-0.159442362088365,-0.16179873746755832,-0.21072606990312,-0.15849141356942553,-0.24716859155439924,-0.1629648228598099
