id,x__autocorrelation__lag_1024,x__autocorrelation__lag_128,x__autocorrelation__lag_16384,x__autocorrelation__lag_2048,x__autocorrelation__lag_256,x__autocorrelation__lag_4096,x__autocorrelation__lag_512,x__autocorrelation__lag_8192
A,-0.1869911348490587,-0.21132052666627688,-0.1834025721769093,-0.1864957762647976,-0.24279323985221413,-0.18309573183953934,-0.27384848908522974,-0.18773192713175163
