id,x__autocorrelation__lag_1024,x__autocorrelation__lag_128,x__autocorrelation__lag_16384,x__autocorrelation__lag_2048,x__autocorrelation__lag_256,x__autocorrelation__lag_4096,x__autocorrelation__lag_512,x__autocorrelation__lag_8192
A,-0.07744896019582558,-0.019754467192015485,-0.16680604573069915,-0.1861722784780692,-0.22014714079669434,-0.17518874753817945,-0.280272498678779,-0.18370979884694932
