id,x__autocorrelation__lag_1024,x__autocorrelation__lag_128,x__autocorrelation__lag_16384,x__autocorrelation__lag_2048,x__autocorrelation__lag_256,x__autocorrelation__lag_4096,x__autocorrelation__lag_512,x__autocorrelation__lag_8192
A,-0.21857339667603737,-0.052528404070114276,-0.21414419434077328,-0.23185793129240678,-0.2879222721111051,-0.22271259619924824,-0.3177993903039331,-0.2359168612335077
