id,x__autocorrelation__lag_1024,x__autocorrelation__lag_128,x__autocorrelation__lag_16384,x__autocorrelation__lag_2048,x__autocorrelation__lag_256,x__autocorrelation__lag_4096,x__autocorrelation__lag_512,x__autocorrelation__lag_8192
A,0.5394065828475477,-0.6767411768776815,0.5287546079163422,0.5310495195711554,0.5560648811906375,0.5302460118990062,0.5533738831188508,0.5323562649676724
