id,x__autocorrelation__lag_1024,x__autocorrelation__lag_128,x__autocorrelation__lag_16384,x__autocorrelation__lag_2048,x__autocorrelation__lag_256,x__autocorrelation__lag_4096,x__autocorrelation__lag_512,x__autocorrelation__lag_8192
A,0.3110232660702954,-0.5562732307663173,0.3064381431598397,0.3153236084161772,0.29108052063733014,0.31752684986876833,0.29156178411994577,0.3183069000295593
