id,x__autocorrelation__lag_1024,x__autocorrelation__lag_128,x__autocorrelation__lag_16384,x__autocorrelation__lag_2048,x__autocorrelation__lag_256,x__autocorrelation__lag_4096,x__autocorrelation__lag_512,x__autocorrelation__lag_8192
A,-0.1298611743108846,-0.26676404812537297,-0.13683174507789658,-0.13897521349198594,-0.19113327114029957,-0.1353301056142719,-0.22670653703704868,-0.1399573344310102
