id,x__autocorrelation__lag_1024,x__autocorrelation__lag_128,x__autocorrelation__lag_16384,x__autocorrelation__lag_2048,x__autocorrelation__lag_256,x__autocorrelation__lag_4096,x__autocorrelation__lag_512,x__autocorrelation__lag_8192
A,-0.1852497120015654,-0.21907209019351737,-0.17380104550925476,-0.1773328809414888,-0.2410877379770285,-0.1725280282788073,-0.2674543810011593,-0.17830711009489328
