id,x__autocorrelation__lag_1024,x__autocorrelation__lag_128,x__autocorrelation__lag_16384,x__autocorrelation__lag_2048,x__autocorrelation__lag_256,x__autocorrelation__lag_4096,x__autocorrelation__lag_512,x__autocorrelation__lag_8192
A,-0.3932818572669202,-0.3881754707478332,-0.4125326080895387,-0.421598033973946,-0.413264291032084,-0.40570133508996686,-0.4499562858314386,-0.4131529145686331
