id,x__autocorrelation__lag_1024,x__autocorrelation__lag_128,x__autocorrelation__lag_16384,x__autocorrelation__lag_2048,x__autocorrelation__lag_256,x__autocorrelation__lag_4096,x__autocorrelation__lag_512,x__autocorrelation__lag_8192
A,-0.14927978979128328,-0.2104158287863065,-0.15110417219955785,-0.15665441531056182,-0.18847900521453087,-0.1534945766784228,-0.19710700719958918,-0.1581495426355469
