id,x__autocorrelation__lag_1024,x__autocorrelation__lag_128,x__autocorrelation__lag_16384,x__autocorrelation__lag_2048,x__autocorrelation__lag_256,x__autocorrelation__lag_4096,x__autocorrelation__lag_512,x__autocorrelation__lag_8192
A,-0.21960265979149557,-0.05740832223521009,-0.21658937770340225,-0.23780206489113442,-0.2935590556506428,-0.22681715597506305,-0.32284469432290785,-0.24259679475217644
