id,x__autocorrelation__lag_1024,x__autocorrelation__lag_128,x__autocorrelation__lag_16384,x__autocorrelation__lag_2048,x__autocorrelation__lag_256,x__autocorrelation__lag_4096,x__autocorrelation__lag_512,x__autocorrelation__lag_8192
A,-0.2300611351702717,-0.04737517217529873,-0.22947567603728175,-0.22937494405166642,-0.2994790369394099,-0.2247966068517749,-0.3257257328973405,-0.22931630986161486
