id,x__autocorrelation__lag_1024,x__autocorrelation__lag_128,x__autocorrelation__lag_16384,x__autocorrelation__lag_2048,x__autocorrelation__lag_256,x__autocorrelation__lag_4096,x__autocorrelation__lag_512,x__autocorrelation__lag_8192
A,-0.3767684446685478,-0.3590394348301247,-0.3690323190291117,-0.3765909868611771,-0.3925181427469695,-0.36808740751898184,-0.395670548903279,-0.3702662604767126
