id,x__autocorrelation__lag_1024,x__autocorrelation__lag_128,x__autocorrelation__lag_16384,x__autocorrelation__lag_2048,x__autocorrelation__lag_256,x__autocorrelation__lag_4096,x__autocorrelation__lag_512,x__autocorrelation__lag_8192
A,-0.22696511519458096,0.018357092649687583,-0.22917419270590034,-0.23964580701969512,-0.2989822664927964,-0.2320018905283166,-0.33311679292882435,-0.24194755227902004
