id,x__autocorrelation__lag_1024,x__autocorrelation__lag_128,x__autocorrelation__lag_16384,x__autocorrelation__lag_2048,x__autocorrelation__lag_256,x__autocorrelation__lag_4096,x__autocorrelation__lag_512,x__autocorrelation__lag_8192
A,-0.18120569538326045,-0.15268851860243898,-0.18225686453760268,-0.18238311343258723,-0.24140305324505848,-0.17918189609547697,-0.275029617975013,-0.18261068454123192
