id,x__autocorrelation__lag_1024,x__autocorrelation__lag_128,x__autocorrelation__lag_16384,x__autocorrelation__lag_2048,x__autocorrelation__lag_256,x__autocorrelation__lag_4096,x__autocorrelation__lag_512,x__autocorrelation__lag_8192
A,-0.11644038600050545,-0.23211883476309117,-0.12025859922627107,-0.10983096464911615,-0.19024348104906547,-0.11401665053106637,-0.21927658020815063,-0.11853208216931994
