id,x__autocorrelation__lag_1024,x__autocorrelation__lag_128,x__autocorrelation__lag_16384,x__autocorrelation__lag_2048,x__autocorrelation__lag_256,x__autocorrelation__lag_4096,x__autocorrelation__lag_512,x__autocorrelation__lag_8192
A,0.5720981888633905,-0.6794183352689319,0.5613510823927054,0.5633011980966212,0.5827441575828751,0.5624921652238956,0.5760224626555599,0.5641623779708138
