id,x__autocorrelation__lag_1024,x__autocorrelation__lag_128,x__autocorrelation__lag_16384,x__autocorrelation__lag_2048,x__autocorrelation__lag_256,x__autocorrelation__lag_4096,x__autocorrelation__lag_512,x__autocorrelation__lag_8192
A,-0.1814114309529104,-0.27268602484078797,-0.1770879441466283,-0.17997146499228694,-0.23370587747698304,-0.17615505743808924,-0.26296680177124415,-0.1804073934364155
