id,x__autocorrelation__lag_1024,x__autocorrelation__lag_128,x__autocorrelation__lag_16384,x__autocorrelation__lag_2048,x__autocorrelation__lag_256,x__autocorrelation__lag_4096,x__autocorrelation__lag_512,x__autocorrelation__lag_8192
A,-0.19004074438170868,-0.25112658605575694,-0.17703687347882707,-0.1775561862701965,-0.24409433855235527,-0.17389507669075915,-0.26299584116180774,-0.1768160108174928
