id,x__autocorrelation__lag_1024,x__autocorrelation__lag_128,x__autocorrelation__lag_16384,x__autocorrelation__lag_2048,x__autocorrelation__lag_256,x__autocorrelation__lag_4096,x__autocorrelation__lag_512,x__autocorrelation__lag_8192
A,0.5621059385008441,-0.7360105783736162,0.5566906865370694,0.5583771736212788,0.585409595268197,0.5581006255675729,0.5868588500843656,0.5590183146707949
