id,x__autocorrelation__lag_1024,x__autocorrelation__lag_128,x__autocorrelation__lag_16384,x__autocorrelation__lag_2048,x__autocorrelation__lag_256,x__autocorrelation__lag_4096,x__autocorrelation__lag_512,x__autocorrelation__lag_8192
A,-0.2090799285464738,-0.12620130424053325,-0.2048690593809052,-0.20668706312281898,-0.2688796168432126,-0.2023230882794895,-0.3011256609255396,-0.20784484425644645
