id,x__autocorrelation__lag_1024,x__autocorrelation__lag_128,x__autocorrelation__lag_16384,x__autocorrelation__lag_2048,x__autocorrelation__lag_256,x__autocorrelation__lag_4096,x__autocorrelation__lag_512,x__autocorrelation__lag_8192
A,0.5726527419946041,-0.6649325734641381,0.5606948783053353,0.5633226386528851,0.5795392838152054,0.5626376920891358,0.5709915500861056,0.5638626464465144
