id,x__autocorrelation__lag_1024,x__autocorrelation__lag_128,x__autocorrelation__lag_16384,x__autocorrelation__lag_2048,x__autocorrelation__lag_256,x__autocorrelation__lag_4096,x__autocorrelation__lag_512,x__autocorrelation__lag_8192
A,0.5587101873146353,-0.7387859943848721,0.5529709446102095,0.5520093520401301,0.584798504365878,0.5529715189313382,0.5863177426168327,0.5523037586592938
