id,x__autocorrelation__lag_1024,x__autocorrelation__lag_128,x__autocorrelation__lag_16384,x__autocorrelation__lag_2048,x__autocorrelation__lag_256,x__autocorrelation__lag_4096,x__autocorrelation__lag_512,x__autocorrelation__lag_8192
A,0.5378616198038485,-0.731963106219404,0.5368410798342416,0.5373984457035275,0.5615126319990768,0.5377756616678151,0.5634375495564105,0.537762405744268
