id,x__autocorrelation__lag_1024,x__autocorrelation__lag_128,x__autocorrelation__lag_16384,x__autocorrelation__lag_2048,x__autocorrelation__lag_256,x__autocorrelation__lag_4096,x__autocorrelation__lag_512,x__autocorrelation__lag_8192
A,-0.20811098701080596,-0.2610724655772857,-0.2032993500383703,-0.20483652334328098,-0.25285841792455904,-0.20210352966223574,-0.2699475635475098,-0.20453579299477126
