id,x__autocorrelation__lag_1024,x__autocorrelation__lag_128,x__autocorrelation__lag_16384,x__autocorrelation__lag_2048,x__autocorrelation__lag_256,x__autocorrelation__lag_4096,x__autocorrelation__lag_512,x__autocorrelation__lag_8192
A,-0.1014842133326826,-0.2800225430037986,-0.10956183229378039,-0.11693727572010795,-0.15587611964876516,-0.11312567820667901,-0.18800911260326855,-0.11967152211678365
