id,x__autocorrelation__lag_1024,x__autocorrelation__lag_128,x__autocorrelation__lag_16384,x__autocorrelation__lag_2048,x__autocorrelation__lag_256,x__autocorrelation__lag_4096,x__autocorrelation__lag_512,x__autocorrelation__lag_8192
A,0.561121473748003,-0.666718920606994,0.5517204825304659,0.5519257483183843,0.5710564316201076,0.551535141314231,0.5645579215329357,0.5526423067128922
