id,x__autocorrelation__lag_1024,x__autocorrelation__lag_128,x__autocorrelation__lag_16384,x__autocorrelation__lag_2048,x__autocorrelation__lag_256,x__autocorrelation__lag_4096,x__autocorrelation__lag_512,x__autocorrelation__lag_8192
A,0.29099669142388845,-0.564240623196101,0.2905374232567983,0.2968261886909345,0.28574702489718556,0.2973621540420891,0.29064182682212414,0.29866711037262683
