id,x__autocorrelation__lag_1024,x__autocorrelation__lag_128,x__autocorrelation__lag_16384,x__autocorrelation__lag_2048,x__autocorrelation__lag_256,x__autocorrelation__lag_4096,x__autocorrelation__lag_512,x__autocorrelation__lag_8192
A,-0.19414885965233872,-0.10519385365537699,-0.1948361489998352,-0.19672977392708554,-0.25833873782513783,-0.1918658194656773,-0.29326700894631075,-0.1970470288018457
