id,x__autocorrelation__lag_1024,x__autocorrelation__lag_128,x__autocorrelation__lag_16384,x__autocorrelation__lag_2048,x__autocorrelation__lag_256,x__autocorrelation__lag_4096,x__autocorrelation__lag_512,x__autocorrelation__lag_8192
A,0.5604877993753283,-0.668734127308129,0.5476626610687495,0.5512549559554767,0.5691293533423998,0.5500435830801528,0.5635598739161003,0.5520946341299741
