id,x__autocorrelation__lag_1024,x__autocorrelation__lag_128,x__autocorrelation__lag_16384,x__autocorrelation__lag_2048,x__autocorrelation__lag_256,x__autocorrelation__lag_4096,x__autocorrelation__lag_512,x__autocorrelation__lag_8192
A,-0.21672947582967883,-0.07053051518216215,-0.21691458156191673,-0.24042148266184146,-0.2937368946437113,-0.22957910154341726,-0.32389542594340653,-0.24561706180033682
