id,x__autocorrelation__lag_1024,x__autocorrelation__lag_128,x__autocorrelation__lag_16384,x__autocorrelation__lag_2048,x__autocorrelation__lag_256,x__autocorrelation__lag_4096,x__autocorrelation__lag_512,x__autocorrelation__lag_8192
A,-0.12935806017587562,-0.2904541418493093,-0.13612445406064677,-0.13810079704970027,-0.18670845386670698,-0.13463615723975592,-0.22091559890235885,-0.13899789309457952
