id,x__autocorrelation__lag_1024,x__autocorrelation__lag_128,x__autocorrelation__lag_16384,x__autocorrelation__lag_2048,x__autocorrelation__lag_256,x__autocorrelation__lag_4096,x__autocorrelation__lag_512,x__autocorrelation__lag_8192
A,-0.09695578627266646,-0.3016046721998917,-0.10253434726609476,-0.10508576149567656,-0.1515645794076712,-0.10197764264990943,-0.185398834990037,-0.10669419925733142
