id,x__autocorrelation__lag_1024,x__autocorrelation__lag_128,x__autocorrelation__lag_16384,x__autocorrelation__lag_2048,x__autocorrelation__lag_256,x__autocorrelation__lag_4096,x__autocorrelation__lag_512,x__autocorrelation__lag_8192
A,-0.19077074644477582,-0.35683477782842427,-0.18649568438692235,-0.18670831325184858,-0.20473985888429908,-0.1881885883298143,-0.23810426621777137,-0.1823546287101624
