id,x__autocorrelation__lag_1024,x__autocorrelation__lag_128,x__autocorrelation__lag_16384,x__autocorrelation__lag_2048,x__autocorrelation__lag_256,x__autocorrelation__lag_4096,x__autocorrelation__lag_512,x__autocorrelation__lag_8192
A,-0.20787887863402227,-0.05831767381610501,-0.21471949132573132,-0.23879092963292722,-0.28555356306156526,-0.22834391263839526,-0.3178790898751862,-0.24344057177596815
