id,x__autocorrelation__lag_1024,x__autocorrelation__lag_128,x__autocorrelation__lag_16384,x__autocorrelation__lag_2048,x__autocorrelation__lag_256,x__autocorrelation__lag_4096,x__autocorrelation__lag_512,x__autocorrelation__lag_8192
A,0.25415373325882845,-0.5404479650228785,0.25860640467793317,0.26167419487247306,0.24248184471265744,0.2646165103928516,0.24641061016034882,0.2637212275962645
