id,x__autocorrelation__lag_1024,x__autocorrelation__lag_128,x__autocorrelation__lag_16384,x__autocorrelation__lag_2048,x__autocorrelation__lag_256,x__autocorrelation__lag_4096,x__autocorrelation__lag_512,x__autocorrelation__lag_8192
A,-0.07034770995139403,-0.20542510418396417,-0.10034377822800705,-0.16036320975093085,-0.15593203884102957,-0.08772299852546546,-0.266230836430492,-0.08178273620798888
