id,x__autocorrelation__lag_1024,x__autocorrelation__lag_128,x__autocorrelation__lag_16384,x__autocorrelation__lag_2048,x__autocorrelation__lag_256,x__autocorrelation__lag_4096,x__autocorrelation__lag_512,x__autocorrelation__lag_8192
A,0.3682175900386069,-0.6006446276567984,0.3620734423664181,0.3640793750811668,0.3649521744052456,0.366629669084243,0.3739678992361933,0.3672737860555016
