id,x__autocorrelation__lag_1024,x__autocorrelation__lag_128,x__autocorrelation__lag_16384,x__autocorrelation__lag_2048,x__autocorrelation__lag_256,x__autocorrelation__lag_4096,x__autocorrelation__lag_512,x__autocorrelation__lag_8192
A,-0.13906070341854948,-0.26976127946063344,-0.14137373350860996,-0.1445981807302997,-0.19731513887161872,-0.14136275649929306,-0.23058306227752076,-0.1457251002286009
