id,x__autocorrelation__lag_1024,x__autocorrelation__lag_128,x__autocorrelation__lag_16384,x__autocorrelation__lag_2048,x__autocorrelation__lag_256,x__autocorrelation__lag_4096,x__autocorrelation__lag_512,x__autocorrelation__lag_8192
A,-0.09302122342782393,-0.2840322876851122,-0.13795873079633839,-0.14851428833227084,-0.15487127669260595,-0.14761168043617204,-0.2675830008309185,-0.13952568645669608
