id,x__autocorrelation__lag_1024,x__autocorrelation__lag_128,x__autocorrelation__lag_16384,x__autocorrelation__lag_2048,x__autocorrelation__lag_256,x__autocorrelation__lag_4096,x__autocorrelation__lag_512,x__autocorrelation__lag_8192
A,-0.16239096308228565,-0.04571495106786332,-0.22411610888673447,-0.2513210993232121,-0.28732689719060617,-0.2465727210165022,-0.3319445842852752,-0.26350033448808174
