id,x__autocorrelation__lag_1024,x__autocorrelation__lag_128,x__autocorrelation__lag_16384,x__autocorrelation__lag_2048,x__autocorrelation__lag_256,x__autocorrelation__lag_4096,x__autocorrelation__lag_512,x__autocorrelation__lag_8192
A,-0.15716433331187374,-0.22731085288081593,-0.15511814701070348,-0.15820737270082716,-0.2127575973413556,-0.1545180580555738,-0.2418733277460672,-0.15949604914182322
