id,x__autocorrelation__lag_1024,x__autocorrelation__lag_128,x__autocorrelation__lag_16384,x__autocorrelation__lag_2048,x__autocorrelation__lag_256,x__autocorrelation__lag_4096,x__autocorrelation__lag_512,x__autocorrelation__lag_8192
A,-0.2380770477301967,-0.07153768174209918,-0.23461895937764027,-0.23560767533193497,-0.30030261136878017,-0.23125512644893467,-0.3257955799424291,-0.23554681101358538
