id,x__autocorrelation__lag_1024,x__autocorrelation__lag_128,x__autocorrelation__lag_16384,x__autocorrelation__lag_2048,x__autocorrelation__lag_256,x__autocorrelation__lag_4096,x__autocorrelation__lag_512,x__autocorrelation__lag_8192
A,0.5431309710844231,-0.6656486316320148,0.529603255634457,0.5335140582570069,0.5569521020259074,0.532439016105291,0.5527153657018615,0.5352122000849889
