id,x__autocorrelation__lag_1024,x__autocorrelation__lag_128,x__autocorrelation__lag_16384,x__autocorrelation__lag_2048,x__autocorrelation__lag_256,x__autocorrelation__lag_4096,x__autocorrelation__lag_512,x__autocorrelation__lag_8192
A,-0.12054609097045743,-0.2155398576559262,-0.1265676051817706,-0.1332988761880169,-0.16140085026979922,-0.13098219894493413,-0.2368941617877685,-0.12688836437199147
