id,x__autocorrelation__lag_1024,x__autocorrelation__lag_128,x__autocorrelation__lag_16384,x__autocorrelation__lag_2048,x__autocorrelation__lag_256,x__autocorrelation__lag_4096,x__autocorrelation__lag_512,x__autocorrelation__lag_8192
A,-0.3806499427483883,-0.3585927652350582,-0.3734117483661303,-0.38483227664945535,-0.39694111049362624,-0.37446964940549365,-0.4019703954707824,-0.37562938901083154
