id,x__autocorrelation__lag_1024,x__autocorrelation__lag_128,x__autocorrelation__lag_16384,x__autocorrelation__lag_2048,x__autocorrelation__lag_256,x__autocorrelation__lag_4096,x__autocorrelation__lag_512,x__autocorrelation__lag_8192
A,-0.09524612548037945,-0.3208753125488137,-0.14206956415361016,-0.16486299144293623,-0.16222796861205085,-0.1555447264948805,-0.29824262566136855,-0.1513265236715105
