id,x__autocorrelation__lag_1024,x__autocorrelation__lag_128,x__autocorrelation__lag_16384,x__autocorrelation__lag_2048,x__autocorrelation__lag_256,x__autocorrelation__lag_4096,x__autocorrelation__lag_512,x__autocorrelation__lag_8192
A,-0.10223667392731466,-0.29191043646753223,-0.09931870569132227,-0.10835786907265935,-0.1528986055600019,-0.10392741895133714,-0.16808698263270203,-0.11094870056273032
