id,x__autocorrelation__lag_1024,x__autocorrelation__lag_128,x__autocorrelation__lag_16384,x__autocorrelation__lag_2048,x__autocorrelation__lag_256,x__autocorrelation__lag_4096,x__autocorrelation__lag_512,x__autocorrelation__lag_8192
A,-0.1778182939440856,-0.19865055138407445,-0.17511842350280457,-0.1784715169447601,-0.23853960623222967,-0.17413952661833573,-0.2720512921504883,-0.17994437158008214
