id,x__autocorrelation__lag_1024,x__autocorrelation__lag_128,x__autocorrelation__lag_16384,x__autocorrelation__lag_2048,x__autocorrelation__lag_256,x__autocorrelation__lag_4096,x__autocorrelation__lag_512,x__autocorrelation__lag_8192
A,-0.2045245267508498,-0.11834929803113724,-0.20472416761271361,-0.205861092275051,-0.2695081095438044,-0.20193935500678112,-0.3010565187826283,-0.20569938999749293
