id,x__autocorrelation__lag_1024,x__autocorrelation__lag_128,x__autocorrelation__lag_16384,x__autocorrelation__lag_2048,x__autocorrelation__lag_256,x__autocorrelation__lag_4096,x__autocorrelation__lag_512,x__autocorrelation__lag_8192
A,0.5744409848536469,-0.6677614898810411,0.5620349960911849,0.5647446343763083,0.5810682033590043,0.563932830305561,0.5719062305513425,0.5653152056999218
