id,x__autocorrelation__lag_1024,x__autocorrelation__lag_128,x__autocorrelation__lag_16384,x__autocorrelation__lag_2048,x__autocorrelation__lag_256,x__autocorrelation__lag_4096,x__autocorrelation__lag_512,x__autocorrelation__lag_8192
A,-0.20520506724366483,-0.08571841867502925,-0.19686902977939535,-0.19789404090516957,-0.27102750718514573,-0.1927328543325828,-0.3042419232954876,-0.19795794059708505
