id,x__autocorrelation__lag_1024,x__autocorrelation__lag_128,x__autocorrelation__lag_16384,x__autocorrelation__lag_2048,x__autocorrelation__lag_256,x__autocorrelation__lag_4096,x__autocorrelation__lag_512,x__autocorrelation__lag_8192
A,-0.14346098926741255,-0.321109485914012,-0.13565321587391665,-0.1461059102532148,-0.18588181649053057,-0.14089188919518797,-0.19283325311860922,-0.14861335689177127
