id,x__autocorrelation__lag_1024,x__autocorrelation__lag_128,x__autocorrelation__lag_16384,x__autocorrelation__lag_2048,x__autocorrelation__lag_256,x__autocorrelation__lag_4096,x__autocorrelation__lag_512,x__autocorrelation__lag_8192
A,-0.1414434045338456,-0.30663238091226175,-0.10670934151745644,-0.13631481359438077,-0.2060531099533326,-0.11680328959628826,-0.2793171660688074,-0.1154608291181692
