id,x__autocorrelation__lag_1024,x__autocorrelation__lag_128,x__autocorrelation__lag_16384,x__autocorrelation__lag_2048,x__autocorrelation__lag_256,x__autocorrelation__lag_4096,x__autocorrelation__lag_512,x__autocorrelation__lag_8192
A,-0.3020969160331724,-0.20385887135530273,-0.3591718967265726,-0.3526033616018882,-0.30996034541285855,-0.3557050455792752,-0.43858441292888606,-0.3483678329456846
