id,x__autocorrelation__lag_1024,x__autocorrelation__lag_128,x__autocorrelation__lag_16384,x__autocorrelation__lag_2048,x__autocorrelation__lag_256,x__autocorrelation__lag_4096,x__autocorrelation__lag_512,x__autocorrelation__lag_8192
A,-0.17849398495259444,-0.2032460837442862,-0.1752067514916699,-0.17886610894569716,-0.23912157832986083,-0.17463575946888726,-0.2731673531103857,-0.180308845173743
