id,x__autocorrelation__lag_1024,x__autocorrelation__lag_128,x__autocorrelation__lag_16384,x__autocorrelation__lag_2048,x__autocorrelation__lag_256,x__autocorrelation__lag_4096,x__autocorrelation__lag_512,x__autocorrelation__lag_8192
A,0.6024531626238219,-0.7554255830864162,0.59360084092596,0.5957699328435275,0.6201666750722841,0.5959571677592765,0.618425444044589,0.5967215947220107
