id,x__autocorrelation__lag_1024,x__autocorrelation__lag_128,x__autocorrelation__lag_16384,x__autocorrelation__lag_2048,x__autocorrelation__lag_256,x__autocorrelation__lag_4096,x__autocorrelation__lag_512,x__autocorrelation__lag_8192
A,-0.20396447338537174,-0.20504073858113256,-0.20134624624963157,-0.20483802119690542,-0.2680374812228068,-0.2011483008844398,-0.2959735341262492,-0.2062439584218253
