id,x__autocorrelation__lag_1024,x__autocorrelation__lag_128,x__autocorrelation__lag_16384,x__autocorrelation__lag_2048,x__autocorrelation__lag_256,x__autocorrelation__lag_4096,x__autocorrelation__lag_512,x__autocorrelation__lag_8192
A,-0.1657685672313814,-0.20510283802455215,-0.1630728878519763,-0.16338866885292916,-0.22606331294253168,-0.1602194166264951,-0.2594481932137069,-0.164337249544858
