id,x__autocorrelation__lag_1024,x__autocorrelation__lag_128,x__autocorrelation__lag_16384,x__autocorrelation__lag_2048,x__autocorrelation__lag_256,x__autocorrelation__lag_4096,x__autocorrelation__lag_512,x__autocorrelation__lag_8192
A,-0.08725275649019368,-0.2901617458917366,-0.09319954122328787,-0.10167861537394367,-0.14327278317909029,-0.09718171181308698,-0.1752761794899166,-0.10445888059010303
