id,x__autocorrelation__lag_1024,x__autocorrelation__lag_128,x__autocorrelation__lag_16384,x__autocorrelation__lag_2048,x__autocorrelation__lag_256,x__autocorrelation__lag_4096,x__autocorrelation__lag_512,x__autocorrelation__lag_8192
A,-0.10900379563764867,-0.2444833878086845,-0.11259951447775188,-0.10509189899760675,-0.19403419585056988,-0.10660786196994464,-0.21274017510242432,-0.11049180720183369
