id,x__autocorrelation__lag_1024,x__autocorrelation__lag_128,x__autocorrelation__lag_16384,x__autocorrelation__lag_2048,x__autocorrelation__lag_256,x__autocorrelation__lag_4096,x__autocorrelation__lag_512,x__autocorrelation__lag_8192
A,-0.21203805498373599,-0.25748736686143037,-0.2005721054656906,-0.20266574276253704,-0.2624730917306457,-0.19929669042983125,-0.27436191898005224,-0.20258228562802966
