id,x__autocorrelation__lag_1024,x__autocorrelation__lag_128,x__autocorrelation__lag_16384,x__autocorrelation__lag_2048,x__autocorrelation__lag_256,x__autocorrelation__lag_4096,x__autocorrelation__lag_512,x__autocorrelation__lag_8192
A,0.0027446619729888933,-0.2126091283066111,-0.10037782977520192,-0.06825319401187672,-0.1733344930072548,-0.07721740292754446,-0.2012475856170699,-0.07082537898540234
