id,x__autocorrelation__lag_1024,x__autocorrelation__lag_128,x__autocorrelation__lag_16384,x__autocorrelation__lag_2048,x__autocorrelation__lag_256,x__autocorrelation__lag_4096,x__autocorrelation__lag_512,x__autocorrelation__lag_8192
A,-0.22949326112226487,-0.04978662055451623,-0.2260773868613701,-0.24261405931974142,-0.2961035097084524,-0.23347634033542883,-0.3235281554333153,-0.24618069839096254
