id,x__autocorrelation__lag_1024,x__autocorrelation__lag_128,x__autocorrelation__lag_16384,x__autocorrelation__lag_2048,x__autocorrelation__lag_256,x__autocorrelation__lag_4096,x__autocorrelation__lag_512,x__autocorrelation__lag_8192
A,-0.15622057251788904,-0.2651152276397388,-0.14965744334789854,-0.15565736527985247,-0.20149660189211854,-0.15236304050542396,-0.20640817468313327,-0.15725458587686597
