id,x__autocorrelation__lag_1024,x__autocorrelation__lag_128,x__autocorrelation__lag_16384,x__autocorrelation__lag_2048,x__autocorrelation__lag_256,x__autocorrelation__lag_4096,x__autocorrelation__lag_512,x__autocorrelation__lag_8192
A,-0.1050039955191968,-0.2615151771480086,-0.12484372380480854,-0.11358121999628325,-0.19304098460266847,-0.1310809974650779,-0.22587416882472672,-0.12327689506313416
