id,x__autocorrelation__lag_1024,x__autocorrelation__lag_128,x__autocorrelation__lag_16384,x__autocorrelation__lag_2048,x__autocorrelation__lag_256,x__autocorrelation__lag_4096,x__autocorrelation__lag_512,x__autocorrelation__lag_8192
A,-0.23758977592243805,-0.07688626393951865,-0.226293183846776,-0.22834154946280852,-0.2984526195356842,-0.22330818658477444,-0.3214368189677401,-0.22823392446205637
