id,x__autocorrelation__lag_1024,x__autocorrelation__lag_128,x__autocorrelation__lag_16384,x__autocorrelation__lag_2048,x__autocorrelation__lag_256,x__autocorrelation__lag_4096,x__autocorrelation__lag_512,x__autocorrelation__lag_8192
A,-0.3503538951150922,-0.36260794134684216,-0.39452663250128156,-0.40075869082464466,-0.3781967514022266,-0.38436840079598195,-0.44573246324797794,-0.3935856484394265
