id,x__autocorrelation__lag_1024,x__autocorrelation__lag_128,x__autocorrelation__lag_16384,x__autocorrelation__lag_2048,x__autocorrelation__lag_256,x__autocorrelation__lag_4096,x__autocorrelation__lag_512,x__autocorrelation__lag_8192
A,-0.17996648799291906,-0.22500945889324792,-0.17514362699310312,-0.1803412966451466,-0.21754681532273623,-0.17785393737281385,-0.21983811981507775,-0.1824934404207068
