id,x__autocorrelation__lag_1024,x__autocorrelation__lag_128,x__autocorrelation__lag_16384,x__autocorrelation__lag_2048,x__autocorrelation__lag_256,x__autocorrelation__lag_4096,x__autocorrelation__lag_512,x__autocorrelation__lag_8192
A,0.5502475001799847,-0.670107377031893,0.5367036797012302,0.5387358967545544,0.5618871516977528,0.5382137803445942,0.5569211612996334,0.5402549542892449
