id,x__autocorrelation__lag_1024,x__autocorrelation__lag_128,x__autocorrelation__lag_16384,x__autocorrelation__lag_2048,x__autocorrelation__lag_256,x__autocorrelation__lag_4096,x__autocorrelation__lag_512,x__autocorrelation__lag_8192
A,0.5467813275047135,-0.723529121843183,0.5419091236972988,0.5435305000576262,0.565991855796584,0.5434674644463924,0.5687540818447183,0.5441464955592971
