id,x__autocorrelation__lag_1024,x__autocorrelation__lag_128,x__autocorrelation__lag_16384,x__autocorrelation__lag_2048,x__autocorrelation__lag_256,x__autocorrelation__lag_4096,x__autocorrelation__lag_512,x__autocorrelation__lag_8192
A,-0.13040021409683158,-0.2797037852963503,-0.14862637080801436,-0.15832361228179317,-0.1698459308006559,-0.15548938066651505,-0.2591124641251984,-0.14934156240221733
