id,x__autocorrelation__lag_1024,x__autocorrelation__lag_128,x__autocorrelation__lag_16384,x__autocorrelation__lag_2048,x__autocorrelation__lag_256,x__autocorrelation__lag_4096,x__autocorrelation__lag_512,x__autocorrelation__lag_8192
A,-0.14704774344235888,-0.28391649715437534,-0.1344276661071315,-0.14185826248225666,-0.18666697419099232,-0.13777152876688434,-0.1852135964388328,-0.14306116799791257
