id,x__autocorrelation__lag_1024,x__autocorrelation__lag_128,x__autocorrelation__lag_16384,x__autocorrelation__lag_2048,x__autocorrelation__lag_256,x__autocorrelation__lag_4096,x__autocorrelation__lag_512,x__autocorrelation__lag_8192
A,-0.135939535693671,-0.2567626258660388,-0.13076158572012284,-0.13500877066595482,-0.18112256683152517,-0.13253369749186716,-0.19145702469243403,-0.13665276289331907
