id,x__autocorrelation__lag_1024,x__autocorrelation__lag_128,x__autocorrelation__lag_16384,x__autocorrelation__lag_2048,x__autocorrelation__lag_256,x__autocorrelation__lag_4096,x__autocorrelation__lag_512,x__autocorrelation__lag_8192
A,-0.25103936432314017,-0.2310403664428923,-0.25131189306170304,-0.25289898687358386,-0.2909314058075251,-0.2507484758556158,-0.3119632022558349,-0.25402844814698167
