id,x__autocorrelation__lag_1024,x__autocorrelation__lag_128,x__autocorrelation__lag_16384,x__autocorrelation__lag_2048,x__autocorrelation__lag_256,x__autocorrelation__lag_4096,x__autocorrelation__lag_512,x__autocorrelation__lag_8192
A,-0.13131850108703513,-0.0481211662245702,-0.20254389496694447,-0.2350675736133097,-0.265407832370951,-0.21957855171943105,-0.3335149503313344,-0.24162400501937945
