id,x__autocorrelation__lag_1024,x__autocorrelation__lag_128,x__autocorrelation__lag_16384,x__autocorrelation__lag_2048,x__autocorrelation__lag_256,x__autocorrelation__lag_4096,x__autocorrelation__lag_512,x__autocorrelation__lag_8192
A,-0.21863761451932479,-0.12064382044839629,-0.21620185761574862,-0.21683131725527235,-0.2768576250556077,-0.2131642977126367,-0.3062442564163396,-0.21698663976006985
