id,x__autocorrelation__lag_1024,x__autocorrelation__lag_128,x__autocorrelation__lag_16384,x__autocorrelation__lag_2048,x__autocorrelation__lag_256,x__autocorrelation__lag_4096,x__autocorrelation__lag_512,x__autocorrelation__lag_8192
A,-0.11702051552164779,-0.295833696355209,-0.11786945761272684,-0.123428105987753,-0.16789891750955957,-0.11939832498619553,-0.19973251642627154,-0.12521229259430156
