id,x__autocorrelation__lag_1024,x__autocorrelation__lag_128,x__autocorrelation__lag_16384,x__autocorrelation__lag_2048,x__autocorrelation__lag_256,x__autocorrelation__lag_4096,x__autocorrelation__lag_512,x__autocorrelation__lag_8192
A,0.577608472724022,-0.6757944285964683,0.56597212535284,0.5668163128497242,0.5838719576359281,0.5664944707287707,0.5759808564162483,0.5670840968467603
