id,x__autocorrelation__lag_1024,x__autocorrelation__lag_128,x__autocorrelation__lag_16384,x__autocorrelation__lag_2048,x__autocorrelation__lag_256,x__autocorrelation__lag_4096,x__autocorrelation__lag_512,x__autocorrelation__lag_8192
A,0.5516921607626619,-0.7133273552515984,0.5466638546799171,0.5526466679747577,0.5630050195342475,0.5514344899706063,0.5684370087648248,0.554426626889529
