id,x__autocorrelation__lag_1024,x__autocorrelation__lag_128,x__autocorrelation__lag_16384,x__autocorrelation__lag_2048,x__autocorrelation__lag_256,x__autocorrelation__lag_4096,x__autocorrelation__lag_512,x__autocorrelation__lag_8192
A,-0.17774622225128373,-0.1991144352725403,-0.1778983957788812,-0.1792057835669811,-0.24003079507766392,-0.17606502146320396,-0.2729706794448053,-0.18003540849553304
