id,x__autocorrelation__lag_1024,x__autocorrelation__lag_128,x__autocorrelation__lag_16384,x__autocorrelation__lag_2048,x__autocorrelation__lag_256,x__autocorrelation__lag_4096,x__autocorrelation__lag_512,x__autocorrelation__lag_8192
A,-0.15213032372515536,-0.33106751226185543,-0.14666437707683416,-0.14814379719182236,-0.19187015526993048,-0.14573436095919898,-0.20676958916904534,-0.14731154004539926
