id,x__autocorrelation__lag_1024,x__autocorrelation__lag_128,x__autocorrelation__lag_16384,x__autocorrelation__lag_2048,x__autocorrelation__lag_256,x__autocorrelation__lag_4096,x__autocorrelation__lag_512,x__autocorrelation__lag_8192
A,-0.19457487931269993,-0.23367289039382227,-0.18520404342652874,-0.18668126293817106,-0.25010026600664836,-0.18401616497529283,-0.2749663246713874,-0.18828238055070898
