id,x__autocorrelation__lag_1024,x__autocorrelation__lag_128,x__autocorrelation__lag_16384,x__autocorrelation__lag_2048,x__autocorrelation__lag_256,x__autocorrelation__lag_4096,x__autocorrelation__lag_512,x__autocorrelation__lag_8192
A,-0.3414427726416284,-0.29088309056095235,-0.38279061773670864,-0.3842926812956245,-0.34698113136651326,-0.3746394904281646,-0.4445500049850756,-0.37749580327753135
