id,x__autocorrelation__lag_1024,x__autocorrelation__lag_128,x__autocorrelation__lag_16384,x__autocorrelation__lag_2048,x__autocorrelation__lag_256,x__autocorrelation__lag_4096,x__autocorrelation__lag_512,x__autocorrelation__lag_8192
A,-0.11976015939786475,-0.26884278618488144,-0.12624564761857612,-0.12876516011048128,-0.18460286833173967,-0.125413807857838,-0.22425320507063873,-0.13040923730222595
