id,x__autocorrelation__lag_1024,x__autocorrelation__lag_128,x__autocorrelation__lag_16384,x__autocorrelation__lag_2048,x__autocorrelation__lag_256,x__autocorrelation__lag_4096,x__autocorrelation__lag_512,x__autocorrelation__lag_8192
A,-0.1044643928720184,-0.21369571678981747,-0.11675985736532757,-0.12154684689354987,-0.1768713077918869,-0.11737851042121927,-0.22277005397380387,-0.1233618714136908
