id,x__autocorrelation__lag_1024,x__autocorrelation__lag_128,x__autocorrelation__lag_16384,x__autocorrelation__lag_2048,x__autocorrelation__lag_256,x__autocorrelation__lag_4096,x__autocorrelation__lag_512,x__autocorrelation__lag_8192
A,0.5585091587827263,-0.732990972638682,0.5547173057759437,0.5559237865787509,0.5764048588557422,0.5565066062895992,0.580086876672119,0.5572996434729766
