id,x__autocorrelation__lag_1024,x__autocorrelation__lag_128,x__autocorrelation__lag_16384,x__autocorrelation__lag_2048,x__autocorrelation__lag_256,x__autocorrelation__lag_4096,x__autocorrelation__lag_512,x__autocorrelation__lag_8192
A,-0.21115435956194706,-0.22392379462086257,-0.20390450146890915,-0.20514723483348438,-0.275224004701212,-0.20138254563179858,-0.2901480685239888,-0.20376890768358305
