id,x__autocorrelation__lag_1024,x__autocorrelation__lag_128,x__autocorrelation__lag_16384,x__autocorrelation__lag_2048,x__autocorrelation__lag_256,x__autocorrelation__lag_4096,x__autocorrelation__lag_512,x__autocorrelation__lag_8192
A,-0.1733891751835161,-0.24400524018282357,-0.16714217672614914,-0.17032748525438896,-0.22755978909217883,-0.166195031138483,-0.2485118733339386,-0.1700303382627768
