id,x__autocorrelation__lag_1024,x__autocorrelation__lag_128,x__autocorrelation__lag_16384,x__autocorrelation__lag_2048,x__autocorrelation__lag_256,x__autocorrelation__lag_4096,x__autocorrelation__lag_512,x__autocorrelation__lag_8192
A,0.5377902076970454,-0.6605260730313044,0.5263727107888281,0.5272232860493622,0.5471075454412743,0.5267759994628222,0.5434947112158759,0.528218813620428
