id,x__autocorrelation__lag_1024,x__autocorrelation__lag_128,x__autocorrelation__lag_16384,x__autocorrelation__lag_2048,x__autocorrelation__lag_256,x__autocorrelation__lag_4096,x__autocorrelation__lag_512,x__autocorrelation__lag_8192
A,0.5546047472862349,-0.6860634822363008,0.5376214441957121,0.5410420013451918,0.5673599296081253,0.540014550771397,0.5642063256411003,0.5422732145383593
