id,x__autocorrelation__lag_1024,x__autocorrelation__lag_128,x__autocorrelation__lag_16384,x__autocorrelation__lag_2048,x__autocorrelation__lag_256,x__autocorrelation__lag_4096,x__autocorrelation__lag_512,x__autocorrelation__lag_8192
A,-0.1754246006109802,-0.18620886870645922,-0.17753191753626169,-0.18037430138997795,-0.24525835893572315,-0.17637505649421786,-0.27712595361318254,-0.18095960101223021
