id,x__autocorrelation__lag_1024,x__autocorrelation__lag_128,x__autocorrelation__lag_16384,x__autocorrelation__lag_2048,x__autocorrelation__lag_256,x__autocorrelation__lag_4096,x__autocorrelation__lag_512,x__autocorrelation__lag_8192
A,-0.205435122239954,-0.25650888646969905,-0.20515456274506624,-0.21001460721589407,-0.2481962309111873,-0.2071247241686937,-0.2616995991851688,-0.21152366026374417
