id,x__autocorrelation__lag_1024,x__autocorrelation__lag_128,x__autocorrelation__lag_16384,x__autocorrelation__lag_2048,x__autocorrelation__lag_256,x__autocorrelation__lag_4096,x__autocorrelation__lag_512,x__autocorrelation__lag_8192
A,0.5574374145483013,-0.6774001891384376,0.545350464070434,0.5482403388429548,0.5688313552116939,0.5469057084330496,0.5657097061414555,0.5495958792692668
