id,x__autocorrelation__lag_1024,x__autocorrelation__lag_128,x__autocorrelation__lag_16384,x__autocorrelation__lag_2048,x__autocorrelation__lag_256,x__autocorrelation__lag_4096,x__autocorrelation__lag_512,x__autocorrelation__lag_8192
A,-0.17883651680260618,-0.20663264341906568,-0.1754647733353782,-0.17889443211397338,-0.23873850919321463,-0.17468931805809595,-0.27269239028628606,-0.18052671040690416
