id,x__autocorrelation__lag_1024,x__autocorrelation__lag_128,x__autocorrelation__lag_16384,x__autocorrelation__lag_2048,x__autocorrelation__lag_256,x__autocorrelation__lag_4096,x__autocorrelation__lag_512,x__autocorrelation__lag_8192
A,-0.14107740562693905,-0.28761494022524686,-0.13320848908640961,-0.14210281240680112,-0.18420145086980905,-0.13776653991292248,-0.1979986733409214,-0.14494242148355502
