id,x__autocorrelation__lag_1024,x__autocorrelation__lag_128,x__autocorrelation__lag_16384,x__autocorrelation__lag_2048,x__autocorrelation__lag_256,x__autocorrelation__lag_4096,x__autocorrelation__lag_512,x__autocorrelation__lag_8192
A,0.5435618564909449,-0.6776273602152252,0.5308676803979783,0.5307377884213238,0.5577070955528505,0.5305824252452936,0.5535980964916917,0.5312714360484498
