id,x__autocorrelation__lag_1024,x__autocorrelation__lag_128,x__autocorrelation__lag_16384,x__autocorrelation__lag_2048,x__autocorrelation__lag_256,x__autocorrelation__lag_4096,x__autocorrelation__lag_512,x__autocorrelation__lag_8192
A,-0.12388042064989542,-0.26033570698428354,-0.09943527158880802,-0.10546850882319661,-0.1560371373488478,-0.10143926904661801,-0.15081429144236774,-0.10742270317921228
