id,x__autocorrelation__lag_1024,x__autocorrelation__lag_128,x__autocorrelation__lag_16384,x__autocorrelation__lag_2048,x__autocorrelation__lag_256,x__autocorrelation__lag_4096,x__autocorrelation__lag_512,x__autocorrelation__lag_8192
A,-0.2117579367268595,-0.012926346529490736,-0.21275351902225223,-0.21781692252101537,-0.28699339520233474,-0.2121138123192647,-0.32401190794180523,-0.22044470811626626
