id,x__autocorrelation__lag_1024,x__autocorrelation__lag_128,x__autocorrelation__lag_16384,x__autocorrelation__lag_2048,x__autocorrelation__lag_256,x__autocorrelation__lag_4096,x__autocorrelation__lag_512,x__autocorrelation__lag_8192
A,-0.09479956291248724,-0.30102617464491066,-0.09826324896953524,-0.10160380565723866,-0.1477010113278722,-0.0984025700975153,-0.17623754425838464,-0.10323891734421319
