id,x__autocorrelation__lag_1024,x__autocorrelation__lag_128,x__autocorrelation__lag_16384,x__autocorrelation__lag_2048,x__autocorrelation__lag_256,x__autocorrelation__lag_4096,x__autocorrelation__lag_512,x__autocorrelation__lag_8192
A,-0.07556306837572847,-0.25156134858043616,-0.1134130977396675,-0.09057061090307825,-0.19265667665025943,-0.10360900265486857,-0.1938752292493056,-0.1138668251757803
