id,x__autocorrelation__lag_1024,x__autocorrelation__lag_128,x__autocorrelation__lag_16384,x__autocorrelation__lag_2048,x__autocorrelation__lag_256,x__autocorrelation__lag_4096,x__autocorrelation__lag_512,x__autocorrelation__lag_8192
A,0.45671009508074717,-0.6771338280738759,0.45531275908819263,0.4567497440471091,0.47007016693390963,0.4567650638552787,0.47243423070259705,0.45676301401013064
