id,x__autocorrelation__lag_1024,x__autocorrelation__lag_128,x__autocorrelation__lag_16384,x__autocorrelation__lag_2048,x__autocorrelation__lag_256,x__autocorrelation__lag_4096,x__autocorrelation__lag_512,x__autocorrelation__lag_8192
A,-0.12327985513835661,-0.3049023981758612,-0.12250949260797046,-0.13076655018669836,-0.17564397821928607,-0.12574989146745677,-0.20383084276588423,-0.1325037224553593
