id,x__autocorrelation__lag_1024,x__autocorrelation__lag_128,x__autocorrelation__lag_16384,x__autocorrelation__lag_2048,x__autocorrelation__lag_256,x__autocorrelation__lag_4096,x__autocorrelation__lag_512,x__autocorrelation__lag_8192
A,-0.17848056895088554,-0.27775323751061926,-0.1734580090000587,-0.17585321912474625,-0.22650088286974704,-0.1724033842171099,-0.24833397920548658,-0.17561065137302168
