id,x__autocorrelation__lag_1024,x__autocorrelation__lag_128,x__autocorrelation__lag_16384,x__autocorrelation__lag_2048,x__autocorrelation__lag_256,x__autocorrelation__lag_4096,x__autocorrelation__lag_512,x__autocorrelation__lag_8192
A,-0.17909115719965402,-0.07374800045457602,-0.2264964858658076,-0.24392478897085443,-0.19520857693859678,-0.2357970358232792,-0.3707670925560369,-0.2464478752294536
