id,x__autocorrelation__lag_1024,x__autocorrelation__lag_128,x__autocorrelation__lag_16384,x__autocorrelation__lag_2048,x__autocorrelation__lag_256,x__autocorrelation__lag_4096,x__autocorrelation__lag_512,x__autocorrelation__lag_8192
A,-0.1365481689545497,-0.29862935258649353,-0.13184022184612554,-0.15130230574056447,-0.186441846579576,-0.14109584900911118,-0.24061012890443695,-0.1370628774013719
