id,x__autocorrelation__lag_1024,x__autocorrelation__lag_128,x__autocorrelation__lag_16384,x__autocorrelation__lag_2048,x__autocorrelation__lag_256,x__autocorrelation__lag_4096,x__autocorrelation__lag_512,x__autocorrelation__lag_8192
A,0.5872287471945271,-0.7186990582194835,0.57340914846119,0.5779831813474897,0.5982612891787862,0.5773339529293425,0.5974571360229229,0.5785661719372202
