id,x__autocorrelation__lag_1024,x__autocorrelation__lag_128,x__autocorrelation__lag_16384,x__autocorrelation__lag_2048,x__autocorrelation__lag_256,x__autocorrelation__lag_4096,x__autocorrelation__lag_512,x__autocorrelation__lag_8192
A,-0.05144822651513866,-0.06047430665603446,-0.15853693514455935,-0.2089472421915365,-0.23032772810985833,-0.20393817281195478,-0.3571999837171417,-0.2267785734824264
