id,x__autocorrelation__lag_1024,x__autocorrelation__lag_128,x__autocorrelation__lag_16384,x__autocorrelation__lag_2048,x__autocorrelation__lag_256,x__autocorrelation__lag_4096,x__autocorrelation__lag_512,x__autocorrelation__lag_8192
A,0.6105200793812406,-0.7372878117135778,0.5975844133471392,0.6003421943787155,0.6263349786705514,0.5998459339986141,0.6241264407133241,0.6010311121873222
