id,x__autocorrelation__lag_1024,x__autocorrelation__lag_128,x__autocorrelation__lag_16384,x__autocorrelation__lag_2048,x__autocorrelation__lag_256,x__autocorrelation__lag_4096,x__autocorrelation__lag_512,x__autocorrelation__lag_8192
A,0.5680531676563323,-0.6695452351231612,0.5546709726967756,0.5558201537851108,0.573812949397397,0.5554590372984173,0.5658811991267056,0.556450979264456
