id,x__autocorrelation__lag_1024,x__autocorrelation__lag_128,x__autocorrelation__lag_16384,x__autocorrelation__lag_2048,x__autocorrelation__lag_256,x__autocorrelation__lag_4096,x__autocorrelation__lag_512,x__autocorrelation__lag_8192
A,-0.09884440693665054,-0.31363635686309516,-0.09886213326936319,-0.10744370621995614,-0.14895154687820317,-0.10235506430854896,-0.17158427302242332,-0.10973797310765274
