id,x__autocorrelation__lag_1024,x__autocorrelation__lag_128,x__autocorrelation__lag_16384,x__autocorrelation__lag_2048,x__autocorrelation__lag_256,x__autocorrelation__lag_4096,x__autocorrelation__lag_512,x__autocorrelation__lag_8192
A,0.3017276551761546,-0.5742322103974732,0.3078458350246523,0.3109080335361923,0.31012469300792084,0.31347369429068783,0.31857068549938733,0.31236155123964715
