id,x__autocorrelation__lag_1024,x__autocorrelation__lag_128,x__autocorrelation__lag_16384,x__autocorrelation__lag_2048,x__autocorrelation__lag_256,x__autocorrelation__lag_4096,x__autocorrelation__lag_512,x__autocorrelation__lag_8192
A,-0.1651559431567725,-0.24558262737269768,-0.16213466592787107,-0.1628859024106166,-0.22058031621478136,-0.1592347753828169,-0.24948035947434036,-0.16251150591871713
