id,x__autocorrelation__lag_1024,x__autocorrelation__lag_128,x__autocorrelation__lag_16384,x__autocorrelation__lag_2048,x__autocorrelation__lag_256,x__autocorrelation__lag_4096,x__autocorrelation__lag_512,x__autocorrelation__lag_8192
A,-0.37447254189435025,-0.3774589435399213,-0.40761193326011574,-0.41394878307492994,-0.40050224921509986,-0.39984968611366634,-0.44557708836404775,-0.4052349325103651
