id,x__autocorrelation__lag_1024,x__autocorrelation__lag_128,x__autocorrelation__lag_16384,x__autocorrelation__lag_2048,x__autocorrelation__lag_256,x__autocorrelation__lag_4096,x__autocorrelation__lag_512,x__autocorrelation__lag_8192
A,-0.12364276829701215,-0.2810601006695835,-0.12966038690589451,-0.13269082434797272,-0.18558541170639567,-0.12870121590264924,-0.2223698517528905,-0.13377486267910355
