id,x__autocorrelation__lag_1024,x__autocorrelation__lag_128,x__autocorrelation__lag_16384,x__autocorrelation__lag_2048,x__autocorrelation__lag_256,x__autocorrelation__lag_4096,x__autocorrelation__lag_512,x__autocorrelation__lag_8192
A,-0.11419077581196184,-0.3091619930400362,-0.11432188345851957,-0.11743635073739407,-0.17284016529041413,-0.11446467241954003,-0.20146177428907683,-0.11910393933952057
