id,x__autocorrelation__lag_1024,x__autocorrelation__lag_128,x__autocorrelation__lag_16384,x__autocorrelation__lag_2048,x__autocorrelation__lag_256,x__autocorrelation__lag_4096,x__autocorrelation__lag_512,x__autocorrelation__lag_8192
A,-0.15988829802776452,-0.22526502899471285,-0.15472406571513678,-0.15480526340011458,-0.21576523439373382,-0.15300178735343153,-0.24421089868051177,-0.15593038309812535
