id,x__autocorrelation__lag_1024,x__autocorrelation__lag_128,x__autocorrelation__lag_16384,x__autocorrelation__lag_2048,x__autocorrelation__lag_256,x__autocorrelation__lag_4096,x__autocorrelation__lag_512,x__autocorrelation__lag_8192
A,-0.1863685706159636,-0.2824733325177365,-0.18515027613605956,-0.18698236144362435,-0.23530564779515886,-0.18437591869096862,-0.2554550965410266,-0.18687827740179203
