id,x__autocorrelation__lag_1024,x__autocorrelation__lag_128,x__autocorrelation__lag_16384,x__autocorrelation__lag_2048,x__autocorrelation__lag_256,x__autocorrelation__lag_4096,x__autocorrelation__lag_512,x__autocorrelation__lag_8192
A,-0.3496392241149636,-0.3384013756268878,-0.3881744535324308,-0.3918937194731008,-0.3741420541121148,-0.3809979262362148,-0.45589154326284737,-0.38822585504761037
