id,x__autocorrelation__lag_1024,x__autocorrelation__lag_128,x__autocorrelation__lag_16384,x__autocorrelation__lag_2048,x__autocorrelation__lag_256,x__autocorrelation__lag_4096,x__autocorrelation__lag_512,x__autocorrelation__lag_8192
A,-0.10536276546197373,-0.2631610327093831,-0.11224926349965168,-0.15458240147707386,-0.16408569098763354,-0.13068523926977957,-0.20004382549769573,-0.12042081240464392
