id,x__autocorrelation__lag_1024,x__autocorrelation__lag_128,x__autocorrelation__lag_16384,x__autocorrelation__lag_2048,x__autocorrelation__lag_256,x__autocorrelation__lag_4096,x__autocorrelation__lag_512,x__autocorrelation__lag_8192
A,-0.15777827609514522,-0.1993787609739924,-0.15750153799599062,-0.15905021808072667,-0.22094379622412086,-0.155582901946593,-0.25696174177860787,-0.16094301655498944
