id,x__autocorrelation__lag_1024,x__autocorrelation__lag_128,x__autocorrelation__lag_16384,x__autocorrelation__lag_2048,x__autocorrelation__lag_256,x__autocorrelation__lag_4096,x__autocorrelation__lag_512,x__autocorrelation__lag_8192
A,-0.23928028340245622,-0.2300510561302899,-0.2326639596445709,-0.23974602292687267,-0.27509379696345115,-0.23600392339873502,-0.2841308039213425,-0.2416075514772161
