id,x__autocorrelation__lag_1024,x__autocorrelation__lag_128,x__autocorrelation__lag_16384,x__autocorrelation__lag_2048,x__autocorrelation__lag_256,x__autocorrelation__lag_4096,x__autocorrelation__lag_512,x__autocorrelation__lag_8192
A,-0.22191714578068697,-0.17652494135754151,-0.2174896740821935,-0.21751373724546993,-0.2813211001931867,-0.2132851019632822,-0.3021319786865987,-0.2166976683017374
