id,x__autocorrelation__lag_1024,x__autocorrelation__lag_128,x__autocorrelation__lag_16384,x__autocorrelation__lag_2048,x__autocorrelation__lag_256,x__autocorrelation__lag_4096,x__autocorrelation__lag_512,x__autocorrelation__lag_8192
A,-0.22161449997780905,-0.0717518978729578,-0.21693894446437115,-0.23304804158519032,-0.2914913150728571,-0.22382358304783131,-0.3224297213581561,-0.23715272574566187
