id,x__autocorrelation__lag_1024,x__autocorrelation__lag_128,x__autocorrelation__lag_16384,x__autocorrelation__lag_2048,x__autocorrelation__lag_256,x__autocorrelation__lag_4096,x__autocorrelation__lag_512,x__autocorrelation__lag_8192
A,-0.13516642351230135,-0.27552841724447164,-0.11883974720688058,-0.12758794235360535,-0.16802388775870167,-0.123043399308357,-0.1638465167556119,-0.12978827582525046
