id,x__autocorrelation__lag_1024,x__autocorrelation__lag_128,x__autocorrelation__lag_16384,x__autocorrelation__lag_2048,x__autocorrelation__lag_256,x__autocorrelation__lag_4096,x__autocorrelation__lag_512,x__autocorrelation__lag_8192
A,-0.1738476164103665,-0.30400900766062167,-0.17210845200173586,-0.17196108376306804,-0.21967819801761643,-0.1691870892414084,-0.24024034206994613,-0.17128597278037838
