id,x__autocorrelation__lag_1024,x__autocorrelation__lag_128,x__autocorrelation__lag_16384,x__autocorrelation__lag_2048,x__autocorrelation__lag_256,x__autocorrelation__lag_4096,x__autocorrelation__lag_512,x__autocorrelation__lag_8192
A,0.38515774154375865,-0.6112507000331726,0.38230185879454726,0.3821429627365484,0.3959880966171165,0.3842394720878535,0.4001109850522781,0.38322976329487835
