id,x__autocorrelation__lag_1024,x__autocorrelation__lag_128,x__autocorrelation__lag_16384,x__autocorrelation__lag_2048,x__autocorrelation__lag_256,x__autocorrelation__lag_4096,x__autocorrelation__lag_512,x__autocorrelation__lag_8192
A,-0.40921979136180997,-0.3917572840463193,-0.41978126069296945,-0.425329430680007,-0.42258934080979677,-0.4142436992891915,-0.44291163422573754,-0.41738167810405963
