id,x__autocorrelation__lag_1024,x__autocorrelation__lag_128,x__autocorrelation__lag_16384,x__autocorrelation__lag_2048,x__autocorrelation__lag_256,x__autocorrelation__lag_4096,x__autocorrelation__lag_512,x__autocorrelation__lag_8192
A,-0.16341321781366908,-0.2295855528250541,-0.1556440628144482,-0.16241507191706167,-0.19912042928653173,-0.15872575043834267,-0.20071505984713314,-0.16496084940059075
