id,x__autocorrelation__lag_1024,x__autocorrelation__lag_128,x__autocorrelation__lag_16384,x__autocorrelation__lag_2048,x__autocorrelation__lag_256,x__autocorrelation__lag_4096,x__autocorrelation__lag_512,x__autocorrelation__lag_8192
A,0.5764065594615226,-0.6805600789707815,0.5633073035614659,0.5661770895248841,0.5852620428753272,0.565007946894588,0.5766262782359278,0.5673402002467371
