id,x__autocorrelation__lag_1024,x__autocorrelation__lag_128,x__autocorrelation__lag_16384,x__autocorrelation__lag_2048,x__autocorrelation__lag_256,x__autocorrelation__lag_4096,x__autocorrelation__lag_512,x__autocorrelation__lag_8192
A,0.5477688823073961,-0.6676238472443536,0.5335960615762236,0.5355820844488384,0.5597055208920226,0.5347897897813332,0.5538354554049087,0.5363829368629716
