id,x__autocorrelation__lag_1024,x__autocorrelation__lag_128,x__autocorrelation__lag_16384,x__autocorrelation__lag_2048,x__autocorrelation__lag_256,x__autocorrelation__lag_4096,x__autocorrelation__lag_512,x__autocorrelation__lag_8192
A,0.600568839137987,-0.7406628652927872,0.5898953488691472,0.5928033150942523,0.6146878612994249,0.5924187590109387,0.6143653976555438,0.5938229456842777
