id,x__autocorrelation__lag_1024,x__autocorrelation__lag_128,x__autocorrelation__lag_16384,x__autocorrelation__lag_2048,x__autocorrelation__lag_256,x__autocorrelation__lag_4096,x__autocorrelation__lag_512,x__autocorrelation__lag_8192
A,0.5669116494345652,-0.6940675172026339,0.5455717360610086,0.5526311160539948,0.5783352644669307,0.5503433004827221,0.577312713148139,0.5540148980782411
