id,x__autocorrelation__lag_1024,x__autocorrelation__lag_128,x__autocorrelation__lag_16384,x__autocorrelation__lag_2048,x__autocorrelation__lag_256,x__autocorrelation__lag_4096,x__autocorrelation__lag_512,x__autocorrelation__lag_8192
A,0.5624703692165496,-0.6747503405868817,0.5507713255011288,0.5534785884900462,0.5737249722422919,0.5525506452139222,0.5660186514467271,0.5538558457357823
