id,x__autocorrelation__lag_1024,x__autocorrelation__lag_128,x__autocorrelation__lag_16384,x__autocorrelation__lag_2048,x__autocorrelation__lag_256,x__autocorrelation__lag_4096,x__autocorrelation__lag_512,x__autocorrelation__lag_8192
A,-0.1859995620310661,-0.18180833352141,-0.18603034965741705,-0.18927460051431944,-0.2526805880113485,-0.18524626657357943,-0.28658016735275094,-0.19031666364302643
