id,x__autocorrelation__lag_1024,x__autocorrelation__lag_128,x__autocorrelation__lag_16384,x__autocorrelation__lag_2048,x__autocorrelation__lag_256,x__autocorrelation__lag_4096,x__autocorrelation__lag_512,x__autocorrelation__lag_8192
A,-0.24961342925877475,-0.36410253679814325,-0.2543287546956587,-0.25758769737895254,-0.26455432740574203,-0.2541115243719144,-0.2931882857762642,-0.2457651620568349
