id,x__autocorrelation__lag_1024,x__autocorrelation__lag_128,x__autocorrelation__lag_16384,x__autocorrelation__lag_2048,x__autocorrelation__lag_256,x__autocorrelation__lag_4096,x__autocorrelation__lag_512,x__autocorrelation__lag_8192
A,0.5807431399842916,-0.7292465288078207,0.5700601558276449,0.5768139969882694,0.5990380425622118,0.5753568544290585,0.597596714995915,0.5785710727792808
