id,x__autocorrelation__lag_1024,x__autocorrelation__lag_128,x__autocorrelation__lag_16384,x__autocorrelation__lag_2048,x__autocorrelation__lag_256,x__autocorrelation__lag_4096,x__autocorrelation__lag_512,x__autocorrelation__lag_8192
A,-0.26227410288942743,-0.37290987653779273,-0.26233127151360974,-0.27082335807619873,-0.27571480068288295,-0.2646129517055047,-0.30940848311860675,-0.26266461676279956
