id,x__autocorrelation__lag_1024,x__autocorrelation__lag_128,x__autocorrelation__lag_16384,x__autocorrelation__lag_2048,x__autocorrelation__lag_256,x__autocorrelation__lag_4096,x__autocorrelation__lag_512,x__autocorrelation__lag_8192
A,-0.21740584310205735,-0.07542887446732711,-0.2099003239378018,-0.21134364789846802,-0.28565104742382263,-0.20583884521669765,-0.3170843952939853,-0.21179368708625324
