id,x__autocorrelation__lag_1024,x__autocorrelation__lag_128,x__autocorrelation__lag_16384,x__autocorrelation__lag_2048,x__autocorrelation__lag_256,x__autocorrelation__lag_4096,x__autocorrelation__lag_512,x__autocorrelation__lag_8192
A,0.5534100405087303,-0.6750201934265747,0.5411884105538469,0.5448638525585355,0.5616784296531594,0.5432195724718262,0.5592888255364858,0.5464494027124365
