id,x__autocorrelation__lag_1024,x__autocorrelation__lag_128,x__autocorrelation__lag_16384,x__autocorrelation__lag_2048,x__autocorrelation__lag_256,x__autocorrelation__lag_4096,x__autocorrelation__lag_512,x__autocorrelation__lag_8192
A,-0.15121384815061137,-0.2408297102048607,-0.1435766798667318,-0.14440194258965977,-0.2128844066346069,-0.14036562110037767,-0.2411643286584876,-0.14399950682368448
