id,x__autocorrelation__lag_1024,x__autocorrelation__lag_128,x__autocorrelation__lag_16384,x__autocorrelation__lag_2048,x__autocorrelation__lag_256,x__autocorrelation__lag_4096,x__autocorrelation__lag_512,x__autocorrelation__lag_8192
A,-0.19800635658891635,-0.23338350433368818,-0.1972869975092999,-0.19613949176359452,-0.2533009742237882,-0.19405945706933295,-0.2727621329776215,-0.19520296861374362
