id,x__autocorrelation__lag_1024,x__autocorrelation__lag_128,x__autocorrelation__lag_16384,x__autocorrelation__lag_2048,x__autocorrelation__lag_256,x__autocorrelation__lag_4096,x__autocorrelation__lag_512,x__autocorrelation__lag_8192
A,0.5555538357608814,-0.6611457930042643,0.5452332400921315,0.5460297719872074,0.5641687764294218,0.5452606905505163,0.5556410815155078,0.5469862901868863
