id,x__autocorrelation__lag_1024,x__autocorrelation__lag_128,x__autocorrelation__lag_16384,x__autocorrelation__lag_2048,x__autocorrelation__lag_256,x__autocorrelation__lag_4096,x__autocorrelation__lag_512,x__autocorrelation__lag_8192
A,-0.10348693957447927,-0.2979377844623784,-0.10864832939816751,-0.11446524472551821,-0.1579287392172288,-0.11077599470461821,-0.18921366290227842,-0.1159682060606802
