id,x__autocorrelation__lag_1024,x__autocorrelation__lag_128,x__autocorrelation__lag_16384,x__autocorrelation__lag_2048,x__autocorrelation__lag_256,x__autocorrelation__lag_4096,x__autocorrelation__lag_512,x__autocorrelation__lag_8192
A,-0.15217981489093724,-0.29331654001321483,-0.09923487446621959,-0.13259660182335473,-0.21166134433289652,-0.10250564218280572,-0.2740463980971258,-0.10399897104481685
