id,x__autocorrelation__lag_1024,x__autocorrelation__lag_128,x__autocorrelation__lag_16384,x__autocorrelation__lag_2048,x__autocorrelation__lag_256,x__autocorrelation__lag_4096,x__autocorrelation__lag_512,x__autocorrelation__lag_8192
A,-0.16833794443835612,-0.236667827431247,-0.16668533286538928,-0.17500525136428072,-0.20620689046647223,-0.17081303979614376,-0.22103117098370956,-0.17735607721332644
