id,x__autocorrelation__lag_1024,x__autocorrelation__lag_128,x__autocorrelation__lag_16384,x__autocorrelation__lag_2048,x__autocorrelation__lag_256,x__autocorrelation__lag_4096,x__autocorrelation__lag_512,x__autocorrelation__lag_8192
A,-0.11901851920218667,-0.224956605662469,-0.10864549857418777,-0.11431210343612476,-0.1556292927772916,-0.11074250190192683,-0.16419253494626374,-0.11574258349793712
