id,x__autocorrelation__lag_1024,x__autocorrelation__lag_128,x__autocorrelation__lag_16384,x__autocorrelation__lag_2048,x__autocorrelation__lag_256,x__autocorrelation__lag_4096,x__autocorrelation__lag_512,x__autocorrelation__lag_8192
A,0.1898759994871711,-0.5507511098904918,0.1974985136597003,0.19619331973539458,0.18460907235536797,0.20069786970411319,0.18538042484226286,0.1982768005246991
