id,x__autocorrelation__lag_1024,x__autocorrelation__lag_128,x__autocorrelation__lag_16384,x__autocorrelation__lag_2048,x__autocorrelation__lag_256,x__autocorrelation__lag_4096,x__autocorrelation__lag_512,x__autocorrelation__lag_8192
A,-0.11740723502236583,-0.2761037090924606,-0.12979297487351457,-0.13335936351994115,-0.18422023334212512,-0.1294501003877904,-0.22336931278930888,-0.13489984008785602
