id,x__autocorrelation__lag_1024,x__autocorrelation__lag_128,x__autocorrelation__lag_16384,x__autocorrelation__lag_2048,x__autocorrelation__lag_256,x__autocorrelation__lag_4096,x__autocorrelation__lag_512,x__autocorrelation__lag_8192
A,-0.11816066831043444,-0.32054602978657315,-0.11810338617642681,-0.12134252001884815,-0.16826754719398854,-0.11793635790949246,-0.19104442059494803,-0.12169293745130642
