id,x__autocorrelation__lag_1024,x__autocorrelation__lag_128,x__autocorrelation__lag_16384,x__autocorrelation__lag_2048,x__autocorrelation__lag_256,x__autocorrelation__lag_4096,x__autocorrelation__lag_512,x__autocorrelation__lag_8192
A,-0.18566121579058217,-0.21171993614423296,-0.18009209498651912,-0.18267303826662926,-0.2435585331203245,-0.17855196005903695,-0.27356266470074353,-0.18378352664698866
