id,x__autocorrelation__lag_1024,x__autocorrelation__lag_128,x__autocorrelation__lag_16384,x__autocorrelation__lag_2048,x__autocorrelation__lag_256,x__autocorrelation__lag_4096,x__autocorrelation__lag_512,x__autocorrelation__lag_8192
A,-0.21047483230422417,-0.12045728972307262,-0.20939703900252898,-0.21145755053799553,-0.2742566023839128,-0.20681121961195062,-0.30765355044736653,-0.21187592180629145
