id,x__autocorrelation__lag_1024,x__autocorrelation__lag_128,x__autocorrelation__lag_16384,x__autocorrelation__lag_2048,x__autocorrelation__lag_256,x__autocorrelation__lag_4096,x__autocorrelation__lag_512,x__autocorrelation__lag_8192
A,0.5636431452520875,-0.6703537034782266,0.5517069636785509,0.5532053068688457,0.5731712948877827,0.5526341910442546,0.5663770356986979,0.5540262660291564
