id,x__autocorrelation__lag_1024,x__autocorrelation__lag_128,x__autocorrelation__lag_16384,x__autocorrelation__lag_2048,x__autocorrelation__lag_256,x__autocorrelation__lag_4096,x__autocorrelation__lag_512,x__autocorrelation__lag_8192
A,0.0008132841692523252,-0.21049093657520176,-0.09701672829790962,-0.06232679343573655,-0.16993734867495094,-0.07334335275122895,-0.20280740026497185,-0.07183348889667737
