id,x__autocorrelation__lag_1024,x__autocorrelation__lag_128,x__autocorrelation__lag_16384,x__autocorrelation__lag_2048,x__autocorrelation__lag_256,x__autocorrelation__lag_4096,x__autocorrelation__lag_512,x__autocorrelation__lag_8192
A,0.5635967114087553,-0.6952502269426682,0.5467904094293603,0.5522157498591506,0.577530409599454,0.550581346843747,0.5779209897500525,0.5539292623783664
