id,x__autocorrelation__lag_1024,x__autocorrelation__lag_128,x__autocorrelation__lag_16384,x__autocorrelation__lag_2048,x__autocorrelation__lag_256,x__autocorrelation__lag_4096,x__autocorrelation__lag_512,x__autocorrelation__lag_8192
A,-0.0961167633539159,-0.2973643073559497,-0.10328023890401145,-0.11168441473107082,-0.15121402066640416,-0.10711491186353103,-0.18348141313749988,-0.11425953540070892
