id,x__autocorrelation__lag_1024,x__autocorrelation__lag_128,x__autocorrelation__lag_16384,x__autocorrelation__lag_2048,x__autocorrelation__lag_256,x__autocorrelation__lag_4096,x__autocorrelation__lag_512,x__autocorrelation__lag_8192
A,-0.07275577223772485,-0.3113934639805708,-0.07536083203570361,-0.08047139239178364,-0.12583767084868996,-0.07700477076827987,-0.15394646253791852,-0.08252737293077762
