id,x__autocorrelation__lag_1024,x__autocorrelation__lag_128,x__autocorrelation__lag_16384,x__autocorrelation__lag_2048,x__autocorrelation__lag_256,x__autocorrelation__lag_4096,x__autocorrelation__lag_512,x__autocorrelation__lag_8192
A,-0.21330439224542364,-0.09398277512128331,-0.20423463510246298,-0.20538522102602635,-0.27656391335835057,-0.20027292129451257,-0.30802648994723686,-0.20549993603381603
