id,x__autocorrelation__lag_1024,x__autocorrelation__lag_128,x__autocorrelation__lag_16384,x__autocorrelation__lag_2048,x__autocorrelation__lag_256,x__autocorrelation__lag_4096,x__autocorrelation__lag_512,x__autocorrelation__lag_8192
A,0.5646304914952552,-0.7148664059855967,0.5516601033763607,0.555620837089122,0.5800095209592802,0.5541455521857636,0.5791640103759023,0.5565126344483626
