id,x__autocorrelation__lag_1024,x__autocorrelation__lag_128,x__autocorrelation__lag_16384,x__autocorrelation__lag_2048,x__autocorrelation__lag_256,x__autocorrelation__lag_4096,x__autocorrelation__lag_512,x__autocorrelation__lag_8192
A,-0.1520464800034779,-0.3170895015889971,-0.1511903010800213,-0.1541234408114046,-0.20228951714986004,-0.15054793255153753,-0.22213980791176127,-0.1547228806976558
