id,x__autocorrelation__lag_1024,x__autocorrelation__lag_128,x__autocorrelation__lag_16384,x__autocorrelation__lag_2048,x__autocorrelation__lag_256,x__autocorrelation__lag_4096,x__autocorrelation__lag_512,x__autocorrelation__lag_8192
A,-0.23029982842753735,-0.16833945431746172,-0.21932002274141638,-0.22072668604610982,-0.28307873594051436,-0.21644155986015684,-0.31084279700414563,-0.22074563768469452
