id,x__autocorrelation__lag_1024,x__autocorrelation__lag_128,x__autocorrelation__lag_16384,x__autocorrelation__lag_2048,x__autocorrelation__lag_256,x__autocorrelation__lag_4096,x__autocorrelation__lag_512,x__autocorrelation__lag_8192
A,-0.09450728482930544,-0.2655356934743483,-0.1335498368403976,-0.13859546901689068,-0.15285390870913362,-0.1396861413558431,-0.24543570832020492,-0.12666760431790844
