id,x__autocorrelation__lag_1024,x__autocorrelation__lag_128,x__autocorrelation__lag_16384,x__autocorrelation__lag_2048,x__autocorrelation__lag_256,x__autocorrelation__lag_4096,x__autocorrelation__lag_512,x__autocorrelation__lag_8192
A,0.5598101629568152,-0.6812968960345199,0.5412712146200438,0.5462487509412178,0.5706368836783524,0.5447338377523933,0.5667997045195603,0.5481271160644247
