id,x__autocorrelation__lag_1024,x__autocorrelation__lag_128,x__autocorrelation__lag_16384,x__autocorrelation__lag_2048,x__autocorrelation__lag_256,x__autocorrelation__lag_4096,x__autocorrelation__lag_512,x__autocorrelation__lag_8192
A,0.5707831345874066,-0.6771432652027563,0.5598081232411083,0.5617717560479704,0.5810051136569117,0.5607551235730165,0.5730551141453751,0.5622860405372051
