id,x__autocorrelation__lag_1024,x__autocorrelation__lag_128,x__autocorrelation__lag_16384,x__autocorrelation__lag_2048,x__autocorrelation__lag_256,x__autocorrelation__lag_4096,x__autocorrelation__lag_512,x__autocorrelation__lag_8192
A,-0.09962419349636947,-0.31667510975912155,-0.10090728629265028,-0.10927349263126201,-0.14973239692818935,-0.10486265390861292,-0.17824743313306163,-0.11208459017287659
