id,x__autocorrelation__lag_1024,x__autocorrelation__lag_128,x__autocorrelation__lag_16384,x__autocorrelation__lag_2048,x__autocorrelation__lag_256,x__autocorrelation__lag_4096,x__autocorrelation__lag_512,x__autocorrelation__lag_8192
A,-0.1977068950789347,-0.13453222266246373,-0.19661191589789104,-0.19904368924209487,-0.26273987766096824,-0.19498671964919795,-0.2984196630216316,-0.19971613942096933
