id,x__autocorrelation__lag_1024,x__autocorrelation__lag_128,x__autocorrelation__lag_16384,x__autocorrelation__lag_2048,x__autocorrelation__lag_256,x__autocorrelation__lag_4096,x__autocorrelation__lag_512,x__autocorrelation__lag_8192
A,-0.1879159473592721,-0.20773017806009195,-0.17917207068784247,-0.1826296593487287,-0.24067790439100692,-0.1776246439956306,-0.27126398580583705,-0.18321346449447615
