id,x__autocorrelation__lag_1024,x__autocorrelation__lag_128,x__autocorrelation__lag_16384,x__autocorrelation__lag_2048,x__autocorrelation__lag_256,x__autocorrelation__lag_4096,x__autocorrelation__lag_512,x__autocorrelation__lag_8192
A,-0.12322780309004619,-0.22970671589514685,-0.1381575839482363,-0.1409953320651363,-0.1602444089812818,-0.13851221063498664,-0.23894062190599494,-0.12966084811356066
