id,x__autocorrelation__lag_1024,x__autocorrelation__lag_128,x__autocorrelation__lag_16384,x__autocorrelation__lag_2048,x__autocorrelation__lag_256,x__autocorrelation__lag_4096,x__autocorrelation__lag_512,x__autocorrelation__lag_8192
A,-0.20442871770211626,-0.2583579381104801,-0.1902613712336536,-0.19382524164042594,-0.25058989783413227,-0.1899976813121639,-0.26590253793282576,-0.19377412592652507
