id,x__autocorrelation__lag_1024,x__autocorrelation__lag_128,x__autocorrelation__lag_16384,x__autocorrelation__lag_2048,x__autocorrelation__lag_256,x__autocorrelation__lag_4096,x__autocorrelation__lag_512,x__autocorrelation__lag_8192
A,-0.1146112043584806,-0.24571278017268663,-0.10551632805579156,-0.11216467490027447,-0.15183972933868425,-0.10806720102699399,-0.1579672589938732,-0.11432633864142601
