id,x__autocorrelation__lag_1024,x__autocorrelation__lag_128,x__autocorrelation__lag_16384,x__autocorrelation__lag_2048,x__autocorrelation__lag_256,x__autocorrelation__lag_4096,x__autocorrelation__lag_512,x__autocorrelation__lag_8192
A,-0.17260429960143864,-0.1893143212339134,-0.17506471494322387,-0.17834191382665743,-0.24238983947320397,-0.17466117812459891,-0.2809496131303951,-0.17938836357851853
