id,x__autocorrelation__lag_1024,x__autocorrelation__lag_128,x__autocorrelation__lag_16384,x__autocorrelation__lag_2048,x__autocorrelation__lag_256,x__autocorrelation__lag_4096,x__autocorrelation__lag_512,x__autocorrelation__lag_8192
A,-0.17512584749219748,-0.2206975756889979,-0.1775496448349779,-0.1784123139261096,-0.2366481002681715,-0.17561956247837826,-0.2637227499020567,-0.1782534279481759
