id,x__autocorrelation__lag_1024,x__autocorrelation__lag_128,x__autocorrelation__lag_16384,x__autocorrelation__lag_2048,x__autocorrelation__lag_256,x__autocorrelation__lag_4096,x__autocorrelation__lag_512,x__autocorrelation__lag_8192
A,-0.13127501986167628,-0.24984694980120317,-0.13939070271273185,-0.14219882838085357,-0.1930025927459327,-0.13842310825288368,-0.23098992470051335,-0.14353384117487644
