id,x__autocorrelation__lag_1024,x__autocorrelation__lag_128,x__autocorrelation__lag_16384,x__autocorrelation__lag_2048,x__autocorrelation__lag_256,x__autocorrelation__lag_4096,x__autocorrelation__lag_512,x__autocorrelation__lag_8192
A,-0.11888202112603323,-0.25684592572766046,-0.09960719873697023,-0.10729915847325486,-0.15280523612251573,-0.10288812328851964,-0.1488873905226044,-0.11007839119821682
