id,x__autocorrelation__lag_1024,x__autocorrelation__lag_128,x__autocorrelation__lag_16384,x__autocorrelation__lag_2048,x__autocorrelation__lag_256,x__autocorrelation__lag_4096,x__autocorrelation__lag_512,x__autocorrelation__lag_8192
A,0.5531577113898036,-0.6716568819656724,0.5393131976595663,0.5437673231393239,0.56176455508439,0.5422836031101989,0.5575102624728735,0.5451761188556957
