id,x__autocorrelation__lag_1024,x__autocorrelation__lag_128,x__autocorrelation__lag_16384,x__autocorrelation__lag_2048,x__autocorrelation__lag_256,x__autocorrelation__lag_4096,x__autocorrelation__lag_512,x__autocorrelation__lag_8192
A,-0.09869540600721081,-0.27264301406137736,-0.12151578829422956,-0.14021314612517832,-0.1598932060750046,-0.12476879893885334,-0.23308750858918198,-0.12801245188384136
