id,x__autocorrelation__lag_1024,x__autocorrelation__lag_128,x__autocorrelation__lag_16384,x__autocorrelation__lag_2048,x__autocorrelation__lag_256,x__autocorrelation__lag_4096,x__autocorrelation__lag_512,x__autocorrelation__lag_8192
A,-0.22666448584352536,-0.04496609275233494,-0.22900208591788246,-0.24889112530394097,-0.30126962396925083,-0.23824246148217823,-0.33198268764588595,-0.25231235527909573
