id,x__autocorrelation__lag_1024,x__autocorrelation__lag_128,x__autocorrelation__lag_16384,x__autocorrelation__lag_2048,x__autocorrelation__lag_256,x__autocorrelation__lag_4096,x__autocorrelation__lag_512,x__autocorrelation__lag_8192
A,-0.11223404473265361,-0.2914541680466481,-0.13434484520077805,-0.13788118163402496,-0.1665767689973216,-0.13332534687383218,-0.22931784513932615,-0.13520821101255334
