id,x__autocorrelation__lag_1024,x__autocorrelation__lag_128,x__autocorrelation__lag_16384,x__autocorrelation__lag_2048,x__autocorrelation__lag_256,x__autocorrelation__lag_4096,x__autocorrelation__lag_512,x__autocorrelation__lag_8192
A,-0.212310152643949,-0.03337366870251614,-0.21738113100143958,-0.22485304882685214,-0.2815454550701391,-0.21692980055933547,-0.31750706996705996,-0.22620096640922716
