id,x__autocorrelation__lag_1024,x__autocorrelation__lag_128,x__autocorrelation__lag_16384,x__autocorrelation__lag_2048,x__autocorrelation__lag_256,x__autocorrelation__lag_4096,x__autocorrelation__lag_512,x__autocorrelation__lag_8192
A,-0.18750002680711636,-0.1809476117946599,-0.1828532546225575,-0.18421579103876404,-0.24902176886875033,-0.1809588340918242,-0.2783576604888454,-0.18465679229199342
