id,x__autocorrelation__lag_1024,x__autocorrelation__lag_128,x__autocorrelation__lag_16384,x__autocorrelation__lag_2048,x__autocorrelation__lag_256,x__autocorrelation__lag_4096,x__autocorrelation__lag_512,x__autocorrelation__lag_8192
A,-0.17033966698681025,-0.29123897583343866,-0.17083895600455992,-0.17381955191415396,-0.22172213862485823,-0.1702185401271815,-0.24335061947812212,-0.1732297670230608
