id,x__autocorrelation__lag_1024,x__autocorrelation__lag_128,x__autocorrelation__lag_16384,x__autocorrelation__lag_2048,x__autocorrelation__lag_256,x__autocorrelation__lag_4096,x__autocorrelation__lag_512,x__autocorrelation__lag_8192
A,-0.13091253468076108,-0.2999179173050438,-0.12777107666748377,-0.1336561928936759,-0.18227930098349898,-0.12951939752059863,-0.205742357431443,-0.1353498430195826
