id,x__autocorrelation__lag_1024,x__autocorrelation__lag_128,x__autocorrelation__lag_16384,x__autocorrelation__lag_2048,x__autocorrelation__lag_256,x__autocorrelation__lag_4096,x__autocorrelation__lag_512,x__autocorrelation__lag_8192
A,0.5491930556606657,-0.6694135171333094,0.5349376101467651,0.5377174822290113,0.5603419161836141,0.5371109427032391,0.5561748037480416,0.5392135325367725
