id,x__autocorrelation__lag_1024,x__autocorrelation__lag_128,x__autocorrelation__lag_16384,x__autocorrelation__lag_2048,x__autocorrelation__lag_256,x__autocorrelation__lag_4096,x__autocorrelation__lag_512,x__autocorrelation__lag_8192
A,-0.15229596187048394,-0.2531972471164686,-0.14798668491412378,-0.14846978897533117,-0.20778057989889673,-0.1458161144368473,-0.22915604815032567,-0.14805125402510627
