id,x__autocorrelation__lag_1024,x__autocorrelation__lag_128,x__autocorrelation__lag_16384,x__autocorrelation__lag_2048,x__autocorrelation__lag_256,x__autocorrelation__lag_4096,x__autocorrelation__lag_512,x__autocorrelation__lag_8192
A,-0.04303458559269782,-0.057784406177039435,-0.15079351227268076,-0.20583669183238198,-0.2291126882110718,-0.196940313957328,-0.3429672739449992,-0.22813206012560344
