id,x__autocorrelation__lag_1024,x__autocorrelation__lag_128,x__autocorrelation__lag_16384,x__autocorrelation__lag_2048,x__autocorrelation__lag_256,x__autocorrelation__lag_4096,x__autocorrelation__lag_512,x__autocorrelation__lag_8192
A,-0.4120133670414821,-0.3951589389110571,-0.42666989705541786,-0.43302867375638543,-0.42630466131691813,-0.4214350843532508,-0.4535659258338503,-0.42704026966499364
