id,x__autocorrelation__lag_1024,x__autocorrelation__lag_128,x__autocorrelation__lag_16384,x__autocorrelation__lag_2048,x__autocorrelation__lag_256,x__autocorrelation__lag_4096,x__autocorrelation__lag_512,x__autocorrelation__lag_8192
A,-0.08752712539927157,-0.028286363324108173,-0.18957947752346377,-0.22528204899287316,-0.24395890518057944,-0.20520363072233314,-0.29886013718321436,-0.22178696770238812
