id,x__autocorrelation__lag_1024,x__autocorrelation__lag_128,x__autocorrelation__lag_16384,x__autocorrelation__lag_2048,x__autocorrelation__lag_256,x__autocorrelation__lag_4096,x__autocorrelation__lag_512,x__autocorrelation__lag_8192
A,-0.18217549630659619,-0.1268883355447665,-0.1821020234328044,-0.18156502772947714,-0.25429782916095894,-0.17778665834062432,-0.291888148336476,-0.1820071681405583
