id,x__autocorrelation__lag_1024,x__autocorrelation__lag_128,x__autocorrelation__lag_16384,x__autocorrelation__lag_2048,x__autocorrelation__lag_256,x__autocorrelation__lag_4096,x__autocorrelation__lag_512,x__autocorrelation__lag_8192
A,-0.1713938917405196,-0.23456388790892668,-0.16490745663365095,-0.16742500937586136,-0.22755600131194864,-0.16369538463997946,-0.2541520623736829,-0.1680556237303069
