id,x__autocorrelation__lag_1024,x__autocorrelation__lag_128,x__autocorrelation__lag_16384,x__autocorrelation__lag_2048,x__autocorrelation__lag_256,x__autocorrelation__lag_4096,x__autocorrelation__lag_512,x__autocorrelation__lag_8192
A,0.5586101116852259,-0.6760128642123951,0.545253532461652,0.5481833041858826,0.5670467870803012,0.5472953273068972,0.5635992127539976,0.5495964742575272
