id,x__autocorrelation__lag_1024,x__autocorrelation__lag_128,x__autocorrelation__lag_16384,x__autocorrelation__lag_2048,x__autocorrelation__lag_256,x__autocorrelation__lag_4096,x__autocorrelation__lag_512,x__autocorrelation__lag_8192
A,-0.13373411627985587,-0.24243635415864623,-0.15274094292210294,-0.15653636711032015,-0.2004335657220194,-0.15295779424156,-0.2527454426277142,-0.15925210314283655
