id,x__autocorrelation__lag_1024,x__autocorrelation__lag_128,x__autocorrelation__lag_16384,x__autocorrelation__lag_2048,x__autocorrelation__lag_256,x__autocorrelation__lag_4096,x__autocorrelation__lag_512,x__autocorrelation__lag_8192
A,-0.18600786422956556,-0.26055873197209584,-0.18633848347507484,-0.18786461832019127,-0.23903075535469467,-0.18464494658458513,-0.26946520581570416,-0.1882569568455578
