id,x__autocorrelation__lag_1024,x__autocorrelation__lag_128,x__autocorrelation__lag_16384,x__autocorrelation__lag_2048,x__autocorrelation__lag_256,x__autocorrelation__lag_4096,x__autocorrelation__lag_512,x__autocorrelation__lag_8192
A,-0.2154414636235476,-0.13688076083468564,-0.20525732245614042,-0.2073106205172417,-0.26619696495829515,-0.20370069552756712,-0.29415228050007614,-0.2085187321407795
