id,x__autocorrelation__lag_1024,x__autocorrelation__lag_128,x__autocorrelation__lag_16384,x__autocorrelation__lag_2048,x__autocorrelation__lag_256,x__autocorrelation__lag_4096,x__autocorrelation__lag_512,x__autocorrelation__lag_8192
A,-0.16315562805706313,-0.19792440755310747,-0.16083740937573932,-0.16240896928985174,-0.22501088653786183,-0.15950522905393374,-0.25645092175451684,-0.16416042683024096
