id,x__autocorrelation__lag_1024,x__autocorrelation__lag_128,x__autocorrelation__lag_16384,x__autocorrelation__lag_2048,x__autocorrelation__lag_256,x__autocorrelation__lag_4096,x__autocorrelation__lag_512,x__autocorrelation__lag_8192
A,-0.16098802147858662,-0.3314128748690184,-0.15688770975148478,-0.15637126307154492,-0.20009289744140737,-0.15473058833753006,-0.21246691661318645,-0.15569653449327236
