id,x__autocorrelation__lag_1024,x__autocorrelation__lag_128,x__autocorrelation__lag_16384,x__autocorrelation__lag_2048,x__autocorrelation__lag_256,x__autocorrelation__lag_4096,x__autocorrelation__lag_512,x__autocorrelation__lag_8192
A,-0.19311982565144595,-0.37150836833155054,-0.19276634341378632,-0.19459895758638954,-0.20940747415825298,-0.19462361836179354,-0.23407006124539806,-0.19193691561777165
