id,x__autocorrelation__lag_1024,x__autocorrelation__lag_128,x__autocorrelation__lag_16384,x__autocorrelation__lag_2048,x__autocorrelation__lag_256,x__autocorrelation__lag_4096,x__autocorrelation__lag_512,x__autocorrelation__lag_8192
A,-0.12992193723411316,-0.2778749641456519,-0.1229586450266485,-0.1295048336334444,-0.17620293549265612,-0.12596491351278963,-0.18295563262078135,-0.13091760069186575
