id,x__autocorrelation__lag_1024,x__autocorrelation__lag_128,x__autocorrelation__lag_16384,x__autocorrelation__lag_2048,x__autocorrelation__lag_256,x__autocorrelation__lag_4096,x__autocorrelation__lag_512,x__autocorrelation__lag_8192
A,-0.3483154523453926,-0.3038741922042667,-0.3869576094738576,-0.3859518005327928,-0.3644463315810971,-0.38021975800803554,-0.4538584634455044,-0.38350262152345493
