id,x__autocorrelation__lag_1024,x__autocorrelation__lag_128,x__autocorrelation__lag_16384,x__autocorrelation__lag_2048,x__autocorrelation__lag_256,x__autocorrelation__lag_4096,x__autocorrelation__lag_512,x__autocorrelation__lag_8192
A,-0.16828872976468248,-0.2667349539476292,-0.16551909928705016,-0.16941615563049434,-0.21792435512616695,-0.16583581793689797,-0.24882979877455688,-0.1709666878959259
