id,x__autocorrelation__lag_1024,x__autocorrelation__lag_128,x__autocorrelation__lag_16384,x__autocorrelation__lag_2048,x__autocorrelation__lag_256,x__autocorrelation__lag_4096,x__autocorrelation__lag_512,x__autocorrelation__lag_8192
A,-0.09695953836659177,-0.28913366544766805,-0.14954597409656667,-0.1563293014958748,-0.16181574470210536,-0.1539693386881329,-0.27455212913322774,-0.14284739165980814
