id,x__autocorrelation__lag_1024,x__autocorrelation__lag_128,x__autocorrelation__lag_16384,x__autocorrelation__lag_2048,x__autocorrelation__lag_256,x__autocorrelation__lag_4096,x__autocorrelation__lag_512,x__autocorrelation__lag_8192
A,-0.1770097947715757,-0.08380723997310341,-0.24143671412648715,-0.2645462340654051,-0.21954868261483268,-0.2556164490698683,-0.3973960270066275,-0.264916649370521
