id,x__autocorrelation__lag_1024,x__autocorrelation__lag_128,x__autocorrelation__lag_16384,x__autocorrelation__lag_2048,x__autocorrelation__lag_256,x__autocorrelation__lag_4096,x__autocorrelation__lag_512,x__autocorrelation__lag_8192
A,-0.19266984373324347,-0.34254902583705266,-0.1873398991916444,-0.19087844852413047,-0.21130253533747384,-0.1873910871747886,-0.23650304439297964,-0.18759052409829116
