id,x__autocorrelation__lag_1024,x__autocorrelation__lag_128,x__autocorrelation__lag_16384,x__autocorrelation__lag_2048,x__autocorrelation__lag_256,x__autocorrelation__lag_4096,x__autocorrelation__lag_512,x__autocorrelation__lag_8192
A,-0.22629915522051686,-0.04605979586645874,-0.2252937537954009,-0.24278132502600866,-0.2980419274444605,-0.23315444059190188,-0.329065243635712,-0.24664957742451038
