id,x__autocorrelation__lag_1024,x__autocorrelation__lag_128,x__autocorrelation__lag_16384,x__autocorrelation__lag_2048,x__autocorrelation__lag_256,x__autocorrelation__lag_4096,x__autocorrelation__lag_512,x__autocorrelation__lag_8192
A,-0.16296247083203985,-0.26895184860271526,-0.16191228927642917,-0.1629670044607835,-0.2133132401115623,-0.16064169140177526,-0.24119525579502532,-0.16334214685293655
