id,x__autocorrelation__lag_1024,x__autocorrelation__lag_128,x__autocorrelation__lag_16384,x__autocorrelation__lag_2048,x__autocorrelation__lag_256,x__autocorrelation__lag_4096,x__autocorrelation__lag_512,x__autocorrelation__lag_8192
A,-0.1823137742692695,-0.20696802901249467,-0.17630035464545496,-0.17769498260495875,-0.23898153442687486,-0.1745654068425465,-0.2684383696513364,-0.17853834638283783
