id,x__autocorrelation__lag_1024,x__autocorrelation__lag_128,x__autocorrelation__lag_16384,x__autocorrelation__lag_2048,x__autocorrelation__lag_256,x__autocorrelation__lag_4096,x__autocorrelation__lag_512,x__autocorrelation__lag_8192
A,-0.13342509986698187,-0.21458503363681103,-0.12662682956481489,-0.1317385605576228,-0.16913925103442493,-0.12873970249867772,-0.17670673186384853,-0.13383666949993417
