id,x__autocorrelation__lag_1024,x__autocorrelation__lag_128,x__autocorrelation__lag_16384,x__autocorrelation__lag_2048,x__autocorrelation__lag_256,x__autocorrelation__lag_4096,x__autocorrelation__lag_512,x__autocorrelation__lag_8192
A,-0.11708892614404641,-0.26742579448164044,-0.12696009964340302,-0.1311951523260145,-0.1796749352843838,-0.1279861564923006,-0.21157963071193203,-0.13229733600480045
