id,x__autocorrelation__lag_1024,x__autocorrelation__lag_128,x__autocorrelation__lag_16384,x__autocorrelation__lag_2048,x__autocorrelation__lag_256,x__autocorrelation__lag_4096,x__autocorrelation__lag_512,x__autocorrelation__lag_8192
A,-0.1914943465101669,-0.23186150318033957,-0.18244331990994894,-0.18592061476579913,-0.2426565070700388,-0.18249151620884133,-0.2669416123373021,-0.18656638867697733
