id,x__autocorrelation__lag_1024,x__autocorrelation__lag_128,x__autocorrelation__lag_16384,x__autocorrelation__lag_2048,x__autocorrelation__lag_256,x__autocorrelation__lag_4096,x__autocorrelation__lag_512,x__autocorrelation__lag_8192
A,-0.16153613304344694,-0.2207796661993106,-0.16015214531225835,-0.16235523396258006,-0.2182100352698366,-0.15935393779241558,-0.24900525963055103,-0.16340380851261807
