id,x__autocorrelation__lag_1024,x__autocorrelation__lag_128,x__autocorrelation__lag_16384,x__autocorrelation__lag_2048,x__autocorrelation__lag_256,x__autocorrelation__lag_4096,x__autocorrelation__lag_512,x__autocorrelation__lag_8192
A,-0.24604241334276583,-0.06658326183622246,-0.23581004818556223,-0.25064674014987154,-0.308182573216934,-0.24232171817913273,-0.3308803643975834,-0.2541462809138839
