id,x__autocorrelation__lag_1024,x__autocorrelation__lag_128,x__autocorrelation__lag_16384,x__autocorrelation__lag_2048,x__autocorrelation__lag_256,x__autocorrelation__lag_4096,x__autocorrelation__lag_512,x__autocorrelation__lag_8192
A,-0.11573287397124944,-0.27341148980925645,-0.13983622781168203,-0.146018394125585,-0.16849962943485908,-0.14975925936674694,-0.24258400600219301,-0.14465861410540024
