id,x__autocorrelation__lag_1024,x__autocorrelation__lag_128,x__autocorrelation__lag_16384,x__autocorrelation__lag_2048,x__autocorrelation__lag_256,x__autocorrelation__lag_4096,x__autocorrelation__lag_512,x__autocorrelation__lag_8192
A,-0.20606283561327363,-0.055154715234500905,-0.20567593732491035,-0.21168836582642417,-0.2727173847358109,-0.2055814051085528,-0.30434908390559634,-0.21383894972374898
