id,x__autocorrelation__lag_1024,x__autocorrelation__lag_128,x__autocorrelation__lag_16384,x__autocorrelation__lag_2048,x__autocorrelation__lag_256,x__autocorrelation__lag_4096,x__autocorrelation__lag_512,x__autocorrelation__lag_8192
A,-0.16695843511833972,-0.19631011699690404,-0.16804400486218632,-0.17214424882087992,-0.23237386742344768,-0.1677452634172078,-0.2689292923153513,-0.17301884033874113
