id,x__autocorrelation__lag_1024,x__autocorrelation__lag_128,x__autocorrelation__lag_16384,x__autocorrelation__lag_2048,x__autocorrelation__lag_256,x__autocorrelation__lag_4096,x__autocorrelation__lag_512,x__autocorrelation__lag_8192
A,-0.21274217181742663,-0.007182662269351007,-0.21431901746882703,-0.21809511382133331,-0.2877888464665856,-0.21201716470108692,-0.32203093541730404,-0.2203938119494489
