id,x__autocorrelation__lag_1024,x__autocorrelation__lag_128,x__autocorrelation__lag_16384,x__autocorrelation__lag_2048,x__autocorrelation__lag_256,x__autocorrelation__lag_4096,x__autocorrelation__lag_512,x__autocorrelation__lag_8192
A,-0.21095563321682487,-0.09688440842424548,-0.20973041889209326,-0.2120500813869102,-0.2743206886700001,-0.20755751499421937,-0.3082837795762432,-0.2127178290804448
