id,x__autocorrelation__lag_1024,x__autocorrelation__lag_128,x__autocorrelation__lag_16384,x__autocorrelation__lag_2048,x__autocorrelation__lag_256,x__autocorrelation__lag_4096,x__autocorrelation__lag_512,x__autocorrelation__lag_8192
A,-0.2047736234542519,-0.18092931995206402,-0.19924415534500772,-0.20202880031421258,-0.2616452593202487,-0.19790451650543636,-0.2869588120041864,-0.2018357415458647
