id,x__autocorrelation__lag_1024,x__autocorrelation__lag_128,x__autocorrelation__lag_16384,x__autocorrelation__lag_2048,x__autocorrelation__lag_256,x__autocorrelation__lag_4096,x__autocorrelation__lag_512,x__autocorrelation__lag_8192
A,0.54974253988118,-0.6708736042603604,0.5377857459467477,0.5413436216755191,0.5616345987030016,0.5400149713011584,0.5555653071398106,0.5424364127747567
