id,x__autocorrelation__lag_1024,x__autocorrelation__lag_128,x__autocorrelation__lag_16384,x__autocorrelation__lag_2048,x__autocorrelation__lag_256,x__autocorrelation__lag_4096,x__autocorrelation__lag_512,x__autocorrelation__lag_8192
A,0.5939974907620716,-0.7482384831559908,0.5818168848876951,0.5850606955291069,0.6140672364661162,0.5848761778531932,0.6135751760779092,0.5859807452267318
