id,x__autocorrelation__lag_1024,x__autocorrelation__lag_128,x__autocorrelation__lag_16384,x__autocorrelation__lag_2048,x__autocorrelation__lag_256,x__autocorrelation__lag_4096,x__autocorrelation__lag_512,x__autocorrelation__lag_8192
A,0.5728663503297571,-0.683068274392515,0.5610010062713983,0.5624053437177047,0.584470097380385,0.5618235277214075,0.5759115879540393,0.5631315423680732
