id,x__autocorrelation__lag_1024,x__autocorrelation__lag_128,x__autocorrelation__lag_16384,x__autocorrelation__lag_2048,x__autocorrelation__lag_256,x__autocorrelation__lag_4096,x__autocorrelation__lag_512,x__autocorrelation__lag_8192
A,0.0011466765924831941,-0.19012806946361557,-0.0904067871031315,-0.052234116089636747,-0.1801844141463229,-0.06126580053301205,-0.14974271857069177,-0.058535486108304516
