id,x__autocorrelation__lag_1024,x__autocorrelation__lag_128,x__autocorrelation__lag_16384,x__autocorrelation__lag_2048,x__autocorrelation__lag_256,x__autocorrelation__lag_4096,x__autocorrelation__lag_512,x__autocorrelation__lag_8192
A,-0.14077283085873635,-0.2686441164099663,-0.13530144991279003,-0.14237327295374158,-0.18261937042476295,-0.1383714129771011,-0.19085774047534806,-0.1447038991856962
