id,x__autocorrelation__lag_1024,x__autocorrelation__lag_128,x__autocorrelation__lag_16384,x__autocorrelation__lag_2048,x__autocorrelation__lag_256,x__autocorrelation__lag_4096,x__autocorrelation__lag_512,x__autocorrelation__lag_8192
A,-0.13384956937360473,-0.27714548334283984,-0.1411956574268309,-0.1452851712990836,-0.19177099701699116,-0.14153295683140868,-0.23086802345705865,-0.14697251076558296
