id,x__autocorrelation__lag_1024,x__autocorrelation__lag_128,x__autocorrelation__lag_16384,x__autocorrelation__lag_2048,x__autocorrelation__lag_256,x__autocorrelation__lag_4096,x__autocorrelation__lag_512,x__autocorrelation__lag_8192
A,-0.07792438713621032,-0.23816714995463145,-0.10445999170674783,-0.084160061700137,-0.1777025507624298,-0.0976425445696139,-0.1968582421412054,-0.10042449941592649
