id,x__autocorrelation__lag_1024,x__autocorrelation__lag_128,x__autocorrelation__lag_16384,x__autocorrelation__lag_2048,x__autocorrelation__lag_256,x__autocorrelation__lag_4096,x__autocorrelation__lag_512,x__autocorrelation__lag_8192
A,-0.1676671188747929,-0.2026544196824627,-0.17179589600915954,-0.1729427739468972,-0.23407184047858573,-0.1699712463491505,-0.2686276127482491,-0.173082307197902
