id,x__autocorrelation__lag_1024,x__autocorrelation__lag_128,x__autocorrelation__lag_16384,x__autocorrelation__lag_2048,x__autocorrelation__lag_256,x__autocorrelation__lag_4096,x__autocorrelation__lag_512,x__autocorrelation__lag_8192
A,-0.08673322493663481,-0.26871928077257645,-0.0982851922015832,-0.11965088350095275,-0.1467951052542601,-0.10244519079196604,-0.21393880657698694,-0.10810430005231178
