id,x__autocorrelation__lag_1024,x__autocorrelation__lag_128,x__autocorrelation__lag_16384,x__autocorrelation__lag_2048,x__autocorrelation__lag_256,x__autocorrelation__lag_4096,x__autocorrelation__lag_512,x__autocorrelation__lag_8192
A,-0.1604788121022617,-0.19344682003805508,-0.1624586344119084,-0.1656290920017507,-0.2248541691209086,-0.16149718064148694,-0.2581816983284345,-0.16612264851712388
