id,x__autocorrelation__lag_1024,x__autocorrelation__lag_128,x__autocorrelation__lag_16384,x__autocorrelation__lag_2048,x__autocorrelation__lag_256,x__autocorrelation__lag_4096,x__autocorrelation__lag_512,x__autocorrelation__lag_8192
A,-0.21948664191433442,-0.09575476106844856,-0.21637416908162946,-0.21912276655618979,-0.2783110282641846,-0.21430088437075054,-0.3118355205162061,-0.21982396509791655
