id,x__autocorrelation__lag_1024,x__autocorrelation__lag_128,x__autocorrelation__lag_16384,x__autocorrelation__lag_2048,x__autocorrelation__lag_256,x__autocorrelation__lag_4096,x__autocorrelation__lag_512,x__autocorrelation__lag_8192
A,-0.11303502472993013,-0.25201144010930443,-0.13129170015312325,-0.1347878374707017,-0.16199906326452315,-0.13278420371434535,-0.25335149794693873,-0.12537772989448207
