id,x__autocorrelation__lag_1024,x__autocorrelation__lag_128,x__autocorrelation__lag_16384,x__autocorrelation__lag_2048,x__autocorrelation__lag_256,x__autocorrelation__lag_4096,x__autocorrelation__lag_512,x__autocorrelation__lag_8192
A,-0.24783833689267132,-0.3756201058903183,-0.25117698511149156,-0.25575047480914714,-0.26188449367800637,-0.25036808012458306,-0.2880517473126032,-0.24808880333855038
