id,x__autocorrelation__lag_1024,x__autocorrelation__lag_128,x__autocorrelation__lag_16384,x__autocorrelation__lag_2048,x__autocorrelation__lag_256,x__autocorrelation__lag_4096,x__autocorrelation__lag_512,x__autocorrelation__lag_8192
A,-0.06664098578303626,-0.23957839245930854,-0.09033684952910712,-0.10814937686378523,-0.13999361058341173,-0.09713804969257511,-0.1958596162675165,-0.09496416012857277
