id,x__autocorrelation__lag_1024,x__autocorrelation__lag_128,x__autocorrelation__lag_16384,x__autocorrelation__lag_2048,x__autocorrelation__lag_256,x__autocorrelation__lag_4096,x__autocorrelation__lag_512,x__autocorrelation__lag_8192
A,0.3670954048090775,-0.6183787531260564,0.37114198891752703,0.37228866110606856,0.37711096327704374,0.37453665571437883,0.3835898015417392,0.3735672342350704
