id,x__autocorrelation__lag_1024,x__autocorrelation__lag_128,x__autocorrelation__lag_16384,x__autocorrelation__lag_2048,x__autocorrelation__lag_256,x__autocorrelation__lag_4096,x__autocorrelation__lag_512,x__autocorrelation__lag_8192
A,0.5702759054588725,-0.7133422064461018,0.557506393186294,0.559754025729026,0.58190557959098,0.5590873884584392,0.5809609818796302,0.560331419440972
