id,x__autocorrelation__lag_1024,x__autocorrelation__lag_128,x__autocorrelation__lag_16384,x__autocorrelation__lag_2048,x__autocorrelation__lag_256,x__autocorrelation__lag_4096,x__autocorrelation__lag_512,x__autocorrelation__lag_8192
A,0.1319383127194671,-0.567262856775755,0.14486892085138686,0.14117599031279832,0.1358897366746083,0.14540822805094997,0.1491367011988477,0.14337232789655074
