id,x__autocorrelation__lag_1024,x__autocorrelation__lag_128,x__autocorrelation__lag_16384,x__autocorrelation__lag_2048,x__autocorrelation__lag_256,x__autocorrelation__lag_4096,x__autocorrelation__lag_512,x__autocorrelation__lag_8192
A,0.5551411944424467,-0.6632687926464951,0.5406213129189441,0.543428814150301,0.5636422686437393,0.5419910450771755,0.5556835514134871,0.5446049274575723
