id,x__autocorrelation__lag_1024,x__autocorrelation__lag_128,x__autocorrelation__lag_16384,x__autocorrelation__lag_2048,x__autocorrelation__lag_256,x__autocorrelation__lag_4096,x__autocorrelation__lag_512,x__autocorrelation__lag_8192
A,-0.17439055137693293,-0.23335665984324103,-0.16780193939071425,-0.17077509248931352,-0.22874533227744756,-0.16664115313172795,-0.2543489236877487,-0.17190989195106834
