id,x__autocorrelation__lag_1024,x__autocorrelation__lag_128,x__autocorrelation__lag_16384,x__autocorrelation__lag_2048,x__autocorrelation__lag_256,x__autocorrelation__lag_4096,x__autocorrelation__lag_512,x__autocorrelation__lag_8192
A,-0.1055658596462952,-0.29893944389752325,-0.14225921626329735,-0.15086073035475914,-0.15871370183463915,-0.15075130443133825,-0.25689691725578273,-0.1448638186835562
