id,x__autocorrelation__lag_1024,x__autocorrelation__lag_128,x__autocorrelation__lag_16384,x__autocorrelation__lag_2048,x__autocorrelation__lag_256,x__autocorrelation__lag_4096,x__autocorrelation__lag_512,x__autocorrelation__lag_8192
A,0.5509312743787137,-0.7192654554518413,0.5429988449159966,0.5474959766297904,0.5620255279975647,0.5469836316516841,0.5660791824561142,0.5488449325774691
