id,x__autocorrelation__lag_1024,x__autocorrelation__lag_128,x__autocorrelation__lag_16384,x__autocorrelation__lag_2048,x__autocorrelation__lag_256,x__autocorrelation__lag_4096,x__autocorrelation__lag_512,x__autocorrelation__lag_8192
A,-0.07823915971680452,-0.039186958010361636,-0.17658378310308367,-0.23046455881283073,-0.2614829907985407,-0.2091268339631588,-0.3367857015621719,-0.23828709125424113
