id,x__autocorrelation__lag_1024,x__autocorrelation__lag_128,x__autocorrelation__lag_16384,x__autocorrelation__lag_2048,x__autocorrelation__lag_256,x__autocorrelation__lag_4096,x__autocorrelation__lag_512,x__autocorrelation__lag_8192
A,-0.17741492006526896,-0.04192156410267912,-0.2345391936317038,-0.2571686948323385,-0.3040708586483627,-0.25225154380065923,-0.33759166709434146,-0.2676676100151517
