id,x__autocorrelation__lag_1024,x__autocorrelation__lag_128,x__autocorrelation__lag_16384,x__autocorrelation__lag_2048,x__autocorrelation__lag_256,x__autocorrelation__lag_4096,x__autocorrelation__lag_512,x__autocorrelation__lag_8192
A,-0.22444107892948692,-0.37507318097278075,-0.23390929389509388,-0.23757839154787927,-0.24280740863537537,-0.23106882147698776,-0.2675841580679811,-0.22634807509447064
