id,x__autocorrelation__lag_1024,x__autocorrelation__lag_128,x__autocorrelation__lag_16384,x__autocorrelation__lag_2048,x__autocorrelation__lag_256,x__autocorrelation__lag_4096,x__autocorrelation__lag_512,x__autocorrelation__lag_8192
A,-0.17257393562019344,-0.2131651040248139,-0.16708059876648845,-0.16968839024395876,-0.2288618614098237,-0.16516292541636338,-0.25891440870140653,-0.17051610205937262
