id,x__autocorrelation__lag_1024,x__autocorrelation__lag_128,x__autocorrelation__lag_16384,x__autocorrelation__lag_2048,x__autocorrelation__lag_256,x__autocorrelation__lag_4096,x__autocorrelation__lag_512,x__autocorrelation__lag_8192
A,-0.13057121900350355,-0.2967043028619673,-0.12919466020445855,-0.13202181785274114,-0.175883506070277,-0.12941498980543795,-0.20281856985173433,-0.13290081902492326
