id,x__autocorrelation__lag_1024,x__autocorrelation__lag_128,x__autocorrelation__lag_16384,x__autocorrelation__lag_2048,x__autocorrelation__lag_256,x__autocorrelation__lag_4096,x__autocorrelation__lag_512,x__autocorrelation__lag_8192
A,-0.2178890337768219,-0.07410079165844051,-0.21636805323805727,-0.21735056531877534,-0.27989800552775446,-0.21217146004223947,-0.31347696658230567,-0.21771006027974724
