id,x__autocorrelation__lag_1024,x__autocorrelation__lag_128,x__autocorrelation__lag_16384,x__autocorrelation__lag_2048,x__autocorrelation__lag_256,x__autocorrelation__lag_4096,x__autocorrelation__lag_512,x__autocorrelation__lag_8192
A,-0.10607330740776023,-0.292828662029259,-0.11328144037792152,-0.11673387691165363,-0.1572583264087744,-0.1133718090907973,-0.19030558067233347,-0.1183214556929469
