id,x__autocorrelation__lag_1024,x__autocorrelation__lag_128,x__autocorrelation__lag_16384,x__autocorrelation__lag_2048,x__autocorrelation__lag_256,x__autocorrelation__lag_4096,x__autocorrelation__lag_512,x__autocorrelation__lag_8192
A,-0.38296701853322745,-0.3808823217576798,-0.41163530008020033,-0.4174823034047956,-0.4018373423901302,-0.4020941394069044,-0.4479072399556289,-0.4077623912240015
