id,x__autocorrelation__lag_1024,x__autocorrelation__lag_128,x__autocorrelation__lag_16384,x__autocorrelation__lag_2048,x__autocorrelation__lag_256,x__autocorrelation__lag_4096,x__autocorrelation__lag_512,x__autocorrelation__lag_8192
A,-0.09811168697812385,-0.2904655333110286,-0.11458425691465624,-0.12111813275008111,-0.16226434058340222,-0.11784859168824045,-0.1959036489671031,-0.12400384566234421
