id,x__autocorrelation__lag_1024,x__autocorrelation__lag_128,x__autocorrelation__lag_16384,x__autocorrelation__lag_2048,x__autocorrelation__lag_256,x__autocorrelation__lag_4096,x__autocorrelation__lag_512,x__autocorrelation__lag_8192
A,-0.30171647920416517,-0.3571416857055696,-0.2995926076330669,-0.32241975143347,-0.31791872229976004,-0.30302310080706363,-0.3523840006832799,-0.3074534710246018
