id,x__autocorrelation__lag_1024,x__autocorrelation__lag_128,x__autocorrelation__lag_16384,x__autocorrelation__lag_2048,x__autocorrelation__lag_256,x__autocorrelation__lag_4096,x__autocorrelation__lag_512,x__autocorrelation__lag_8192
A,0.008098386552549283,-0.1815460019399881,-0.08857310450789407,-0.05448730723949566,-0.1521134328622663,-0.06761277319423438,-0.16693257821234309,-0.05640785514247738
