id,x__autocorrelation__lag_1024,x__autocorrelation__lag_128,x__autocorrelation__lag_16384,x__autocorrelation__lag_2048,x__autocorrelation__lag_256,x__autocorrelation__lag_4096,x__autocorrelation__lag_512,x__autocorrelation__lag_8192
A,-0.22245172838727334,-0.042515998360124714,-0.22400622534882642,-0.23080352974446397,-0.28293086216522356,-0.22408854058049804,-0.3242522858486645,-0.23296223023315787
