id,x__autocorrelation__lag_1024,x__autocorrelation__lag_128,x__autocorrelation__lag_16384,x__autocorrelation__lag_2048,x__autocorrelation__lag_256,x__autocorrelation__lag_4096,x__autocorrelation__lag_512,x__autocorrelation__lag_8192
A,0.5620657997081145,-0.7046282746694877,0.549807189456726,0.5527808187889176,0.5778981243010719,0.5518284513610258,0.5790382337907088,0.554061774963252
