id,x__autocorrelation__lag_1024,x__autocorrelation__lag_128,x__autocorrelation__lag_16384,x__autocorrelation__lag_2048,x__autocorrelation__lag_256,x__autocorrelation__lag_4096,x__autocorrelation__lag_512,x__autocorrelation__lag_8192
A,-0.19619097541854988,-0.1355962203216382,-0.19788156519837147,-0.19883096021690227,-0.26151760950189795,-0.19442849313833208,-0.29582665688536747,-0.19960682277380917
