id,x__autocorrelation__lag_1024,x__autocorrelation__lag_128,x__autocorrelation__lag_16384,x__autocorrelation__lag_2048,x__autocorrelation__lag_256,x__autocorrelation__lag_4096,x__autocorrelation__lag_512,x__autocorrelation__lag_8192
A,-0.16446341559138344,-0.18800185606583056,-0.16263366116290587,-0.16288185508537456,-0.22215556788933102,-0.15952794342320464,-0.25817461637865863,-0.16314385034206402
