id,x__autocorrelation__lag_1024,x__autocorrelation__lag_128,x__autocorrelation__lag_16384,x__autocorrelation__lag_2048,x__autocorrelation__lag_256,x__autocorrelation__lag_4096,x__autocorrelation__lag_512,x__autocorrelation__lag_8192
A,-0.13381597292727895,-0.26118731413461954,-0.12948791785832123,-0.1357452234411439,-0.17344167237680605,-0.13270546639191494,-0.18525770770036046,-0.13805722876943272
