id,x__autocorrelation__lag_1024,x__autocorrelation__lag_128,x__autocorrelation__lag_16384,x__autocorrelation__lag_2048,x__autocorrelation__lag_256,x__autocorrelation__lag_4096,x__autocorrelation__lag_512,x__autocorrelation__lag_8192
A,-0.07398701876594409,-0.30304571475369785,-0.08076937190660662,-0.08685216236901627,-0.12676257270081062,-0.08332996638476382,-0.1594154183571033,-0.08887715575924451
