id,x__autocorrelation__lag_1024,x__autocorrelation__lag_128,x__autocorrelation__lag_16384,x__autocorrelation__lag_2048,x__autocorrelation__lag_256,x__autocorrelation__lag_4096,x__autocorrelation__lag_512,x__autocorrelation__lag_8192
A,-0.20624391785021312,-0.12712091499383993,-0.206185201289433,-0.20794312393794087,-0.26255281435315025,-0.2033550003968516,-0.2964445539178182,-0.2083734866457995
