id,x__autocorrelation__lag_1024,x__autocorrelation__lag_128,x__autocorrelation__lag_16384,x__autocorrelation__lag_2048,x__autocorrelation__lag_256,x__autocorrelation__lag_4096,x__autocorrelation__lag_512,x__autocorrelation__lag_8192
A,-0.25039670370542577,-0.3668264495743341,-0.2526094128289874,-0.2590241290353147,-0.26450839756152,-0.25168960748834984,-0.29243501007701567,-0.24629910650687867
