id,x__autocorrelation__lag_1024,x__autocorrelation__lag_128,x__autocorrelation__lag_16384,x__autocorrelation__lag_2048,x__autocorrelation__lag_256,x__autocorrelation__lag_4096,x__autocorrelation__lag_512,x__autocorrelation__lag_8192
A,-0.38809537831998364,-0.3935516295277736,-0.41325597706423384,-0.4208052894949955,-0.40725208718722206,-0.4044789201728907,-0.45092988463144174,-0.4124442479539986
