id,x__autocorrelation__lag_1024,x__autocorrelation__lag_128,x__autocorrelation__lag_16384,x__autocorrelation__lag_2048,x__autocorrelation__lag_256,x__autocorrelation__lag_4096,x__autocorrelation__lag_512,x__autocorrelation__lag_8192
A,-0.1643771208890917,-0.2577524230537878,-0.14594469692125053,-0.15293588989980308,-0.19242049511717912,-0.14868242406950627,-0.18889754017569751,-0.15526788369991024
