id,x__autocorrelation__lag_1024,x__autocorrelation__lag_128,x__autocorrelation__lag_16384,x__autocorrelation__lag_2048,x__autocorrelation__lag_256,x__autocorrelation__lag_4096,x__autocorrelation__lag_512,x__autocorrelation__lag_8192
A,-0.2326370259430883,-0.08289587235210533,-0.2725588971347725,-0.2812859649340677,-0.2554009675176448,-0.2824205223124062,-0.417554010684877,-0.27405319583033455
