id,x__autocorrelation__lag_1024,x__autocorrelation__lag_128,x__autocorrelation__lag_16384,x__autocorrelation__lag_2048,x__autocorrelation__lag_256,x__autocorrelation__lag_4096,x__autocorrelation__lag_512,x__autocorrelation__lag_8192
A,-0.20948398785751812,-0.3193719367120387,-0.20196984642526064,-0.24204307593220067,-0.23447099600737542,-0.21998802401105028,-0.27783387159514217,-0.21945640362541405
