id,x__autocorrelation__lag_1024,x__autocorrelation__lag_128,x__autocorrelation__lag_16384,x__autocorrelation__lag_2048,x__autocorrelation__lag_256,x__autocorrelation__lag_4096,x__autocorrelation__lag_512,x__autocorrelation__lag_8192
A,-0.1220333403636263,-0.2313027311770962,-0.1314314363194149,-0.13769557459975762,-0.16832976806651478,-0.1342395548927034,-0.2503460365739776,-0.1294471278843805
