id,x__autocorrelation__lag_1024,x__autocorrelation__lag_128,x__autocorrelation__lag_16384,x__autocorrelation__lag_2048,x__autocorrelation__lag_256,x__autocorrelation__lag_4096,x__autocorrelation__lag_512,x__autocorrelation__lag_8192
A,-0.10127691866932906,-0.008525707942629966,-0.20250269820660124,-0.25303236107002625,-0.25373432239881066,-0.23442953930233187,-0.34190028464463296,-0.26043705940329964
