id,x__autocorrelation__lag_1024,x__autocorrelation__lag_128,x__autocorrelation__lag_16384,x__autocorrelation__lag_2048,x__autocorrelation__lag_256,x__autocorrelation__lag_4096,x__autocorrelation__lag_512,x__autocorrelation__lag_8192
A,-0.1306713965035284,-0.2795614309059137,-0.10353344382718638,-0.11259165434269808,-0.15883239413995098,-0.10759623490243186,-0.1523317566766789,-0.11520139980766558
