id,x__autocorrelation__lag_1024,x__autocorrelation__lag_128,x__autocorrelation__lag_16384,x__autocorrelation__lag_2048,x__autocorrelation__lag_256,x__autocorrelation__lag_4096,x__autocorrelation__lag_512,x__autocorrelation__lag_8192
A,-0.12633095381915577,-0.3105592105842255,-0.12570118821884443,-0.12982696190276788,-0.17729433538587475,-0.1256828994520617,-0.20760955701427905,-0.13116229461428572
