id,x__autocorrelation__lag_1024,x__autocorrelation__lag_128,x__autocorrelation__lag_16384,x__autocorrelation__lag_2048,x__autocorrelation__lag_256,x__autocorrelation__lag_4096,x__autocorrelation__lag_512,x__autocorrelation__lag_8192
A,-0.06758116473071764,-0.13538476277115047,-0.14213253598109546,-0.1359811936425574,-0.21172651530672265,-0.13563163935396433,-0.25469578650282315,-0.13401528066391136
