id,x__autocorrelation__lag_1024,x__autocorrelation__lag_128,x__autocorrelation__lag_16384,x__autocorrelation__lag_2048,x__autocorrelation__lag_256,x__autocorrelation__lag_4096,x__autocorrelation__lag_512,x__autocorrelation__lag_8192
A,0.31774250325225156,-0.572480790266203,0.3170996625218124,0.3218822179723235,0.3070407104489977,0.32468658526770805,0.31145904214710024,0.32406440640577683
