id,x__autocorrelation__lag_1024,x__autocorrelation__lag_128,x__autocorrelation__lag_16384,x__autocorrelation__lag_2048,x__autocorrelation__lag_256,x__autocorrelation__lag_4096,x__autocorrelation__lag_512,x__autocorrelation__lag_8192
A,-0.11898122332702189,-0.28318093513642667,-0.11085900211939619,-0.12125185580757675,-0.15783120727984756,-0.11576547211425486,-0.1644187194930506,-0.12384646339636053
