id,x__autocorrelation__lag_1024,x__autocorrelation__lag_128,x__autocorrelation__lag_16384,x__autocorrelation__lag_2048,x__autocorrelation__lag_256,x__autocorrelation__lag_4096,x__autocorrelation__lag_512,x__autocorrelation__lag_8192
A,0.5514572312653829,-0.6781818669972309,0.5338195279180864,0.5365185992139658,0.566811218377474,0.5355771633144888,0.5613710822872476,0.5378025973555086
