id,x__autocorrelation__lag_1024,x__autocorrelation__lag_128,x__autocorrelation__lag_16384,x__autocorrelation__lag_2048,x__autocorrelation__lag_256,x__autocorrelation__lag_4096,x__autocorrelation__lag_512,x__autocorrelation__lag_8192
A,-0.026470975228170747,-0.06817113688765475,-0.12317595224877442,-0.18793226602016544,-0.20747302058430106,-0.16471690873074715,-0.3122324789652436,-0.19454830057784495
