id,x__autocorrelation__lag_1024,x__autocorrelation__lag_128,x__autocorrelation__lag_16384,x__autocorrelation__lag_2048,x__autocorrelation__lag_256,x__autocorrelation__lag_4096,x__autocorrelation__lag_512,x__autocorrelation__lag_8192
A,-0.1692526198440301,-0.25783012464741306,-0.16387474625959922,-0.16389441247899064,-0.2259962791506026,-0.16071325947200038,-0.25059192930019797,-0.16331477289601554
