id,x__autocorrelation__lag_1024,x__autocorrelation__lag_128,x__autocorrelation__lag_16384,x__autocorrelation__lag_2048,x__autocorrelation__lag_256,x__autocorrelation__lag_4096,x__autocorrelation__lag_512,x__autocorrelation__lag_8192
A,-0.14980513627399464,-0.26211019810907465,-0.14301301295581392,-0.14433759624647996,-0.20375591667187104,-0.1409955818514313,-0.22867008934892125,-0.145111770672882
