id,x__autocorrelation__lag_1024,x__autocorrelation__lag_128,x__autocorrelation__lag_16384,x__autocorrelation__lag_2048,x__autocorrelation__lag_256,x__autocorrelation__lag_4096,x__autocorrelation__lag_512,x__autocorrelation__lag_8192
A,-0.18586087865896164,-0.27740476858352475,-0.18293005101468712,-0.1844944787095082,-0.23630989975470537,-0.1816232473418334,-0.2560617593345516,-0.18425708321089504
