id,x__autocorrelation__lag_1024,x__autocorrelation__lag_128,x__autocorrelation__lag_16384,x__autocorrelation__lag_2048,x__autocorrelation__lag_256,x__autocorrelation__lag_4096,x__autocorrelation__lag_512,x__autocorrelation__lag_8192
A,-0.1711967231142575,-0.206849107659584,-0.16482087743820478,-0.16815629908320281,-0.23458031288032247,-0.16444776189722796,-0.26917612745338565,-0.16949154510253298
