id,x__autocorrelation__lag_1024,x__autocorrelation__lag_128,x__autocorrelation__lag_16384,x__autocorrelation__lag_2048,x__autocorrelation__lag_256,x__autocorrelation__lag_4096,x__autocorrelation__lag_512,x__autocorrelation__lag_8192
A,0.4216900689467797,-0.6453196600628684,0.41919658641815494,0.4205316292230999,0.4391419169586441,0.42154342958779,0.44320897322792685,0.4227409631747946
