id,x__autocorrelation__lag_1024,x__autocorrelation__lag_128,x__autocorrelation__lag_16384,x__autocorrelation__lag_2048,x__autocorrelation__lag_256,x__autocorrelation__lag_4096,x__autocorrelation__lag_512,x__autocorrelation__lag_8192
A,0.559948342069592,-0.6690053819203416,0.5485673951962193,0.5508662305592933,0.5710714051634771,0.5499161142402762,0.5624294076799422,0.5516501520843619
