id,x__autocorrelation__lag_1024,x__autocorrelation__lag_128,x__autocorrelation__lag_16384,x__autocorrelation__lag_2048,x__autocorrelation__lag_256,x__autocorrelation__lag_4096,x__autocorrelation__lag_512,x__autocorrelation__lag_8192
A,-0.14898051511428018,-0.3133098854763071,-0.1190600489584648,-0.14498683842524918,-0.2046556090070291,-0.11937091555328895,-0.28256444104177725,-0.12082569725849299
