id,x__autocorrelation__lag_1024,x__autocorrelation__lag_128,x__autocorrelation__lag_16384,x__autocorrelation__lag_2048,x__autocorrelation__lag_256,x__autocorrelation__lag_4096,x__autocorrelation__lag_512,x__autocorrelation__lag_8192
A,-0.17536395753617248,-0.20285413385850712,-0.16220714510767592,-0.16580249427781973,-0.23128433753952513,-0.16004517071044722,-0.26313692644421294,-0.166537662513209
