id,x__autocorrelation__lag_1024,x__autocorrelation__lag_128,x__autocorrelation__lag_16384,x__autocorrelation__lag_2048,x__autocorrelation__lag_256,x__autocorrelation__lag_4096,x__autocorrelation__lag_512,x__autocorrelation__lag_8192
A,0.28281168016029756,-0.5770990321216247,0.28333478126926387,0.2907804981281696,0.27117941670013485,0.29188868768553755,0.27621379689747183,0.29382622125341745
