id,x__autocorrelation__lag_1024,x__autocorrelation__lag_128,x__autocorrelation__lag_16384,x__autocorrelation__lag_2048,x__autocorrelation__lag_256,x__autocorrelation__lag_4096,x__autocorrelation__lag_512,x__autocorrelation__lag_8192
A,-0.21687087080070125,-0.04089295861300452,-0.2136716616447754,-0.22336752395646414,-0.27857839760902664,-0.21557081988007215,-0.3152031299040957,-0.22627782036956742
