id,x__autocorrelation__lag_1024,x__autocorrelation__lag_128,x__autocorrelation__lag_16384,x__autocorrelation__lag_2048,x__autocorrelation__lag_256,x__autocorrelation__lag_4096,x__autocorrelation__lag_512,x__autocorrelation__lag_8192
A,-0.23262520617122595,-0.2623990828918064,-0.22274799235978063,-0.22512395446347852,-0.27880051634366715,-0.2216091380263726,-0.2907500973440197,-0.22475797249948257
