id,x__autocorrelation__lag_1024,x__autocorrelation__lag_128,x__autocorrelation__lag_16384,x__autocorrelation__lag_2048,x__autocorrelation__lag_256,x__autocorrelation__lag_4096,x__autocorrelation__lag_512,x__autocorrelation__lag_8192
A,-0.21586819226956275,-0.1408986776309393,-0.20902831437497454,-0.21075745014340563,-0.2711955096940664,-0.20635189922897476,-0.2983298446294006,-0.21121104744647123
