id,x__autocorrelation__lag_1024,x__autocorrelation__lag_128,x__autocorrelation__lag_16384,x__autocorrelation__lag_2048,x__autocorrelation__lag_256,x__autocorrelation__lag_4096,x__autocorrelation__lag_512,x__autocorrelation__lag_8192
A,-0.16123079306969998,-0.30679182089519325,-0.13599271834200866,-0.16816574848400132,-0.2151475157200003,-0.14201520418490515,-0.2694536255347677,-0.14316566878525375
