id,x__autocorrelation__lag_1024,x__autocorrelation__lag_128,x__autocorrelation__lag_16384,x__autocorrelation__lag_2048,x__autocorrelation__lag_256,x__autocorrelation__lag_4096,x__autocorrelation__lag_512,x__autocorrelation__lag_8192
A,-0.14481930609469432,-0.23512773069806603,-0.1519655761064635,-0.15295043661398133,-0.20712478116481617,-0.15008341923071125,-0.24414441952826965,-0.15371350885892393
