id,x__autocorrelation__lag_1024,x__autocorrelation__lag_128,x__autocorrelation__lag_16384,x__autocorrelation__lag_2048,x__autocorrelation__lag_256,x__autocorrelation__lag_4096,x__autocorrelation__lag_512,x__autocorrelation__lag_8192
A,-0.16361879087758063,-0.20511132193868672,-0.16048264930474637,-0.16309274965959428,-0.22391566270114074,-0.1587271315753344,-0.2562417916280064,-0.16384201187655958
