id,x__autocorrelation__lag_1024,x__autocorrelation__lag_128,x__autocorrelation__lag_16384,x__autocorrelation__lag_2048,x__autocorrelation__lag_256,x__autocorrelation__lag_4096,x__autocorrelation__lag_512,x__autocorrelation__lag_8192
A,-0.1770099101321751,-0.317289750609916,-0.17161466715968257,-0.17205348005818716,-0.22080640168959131,-0.16989048703364015,-0.22891626378177005,-0.17130688714145806
