id,x__autocorrelation__lag_1024,x__autocorrelation__lag_128,x__autocorrelation__lag_16384,x__autocorrelation__lag_2048,x__autocorrelation__lag_256,x__autocorrelation__lag_4096,x__autocorrelation__lag_512,x__autocorrelation__lag_8192
A,-0.1695415330759318,-0.18759874735002957,-0.173544541494153,-0.1750745531567011,-0.23197847712259198,-0.17051039468606252,-0.2722325041959787,-0.17671669774319887
