id,x__autocorrelation__lag_1024,x__autocorrelation__lag_128,x__autocorrelation__lag_16384,x__autocorrelation__lag_2048,x__autocorrelation__lag_256,x__autocorrelation__lag_4096,x__autocorrelation__lag_512,x__autocorrelation__lag_8192
A,-0.10989317281017721,-0.3031224450378389,-0.14439887367041265,-0.15526873896559654,-0.1559747704625666,-0.1534139228942876,-0.26506437864515253,-0.1404586968347902
