id,x__autocorrelation__lag_1024,x__autocorrelation__lag_128,x__autocorrelation__lag_16384,x__autocorrelation__lag_2048,x__autocorrelation__lag_256,x__autocorrelation__lag_4096,x__autocorrelation__lag_512,x__autocorrelation__lag_8192
A,-0.21004442412223226,-0.37395969309095617,-0.20648523864564483,-0.20650211192830137,-0.21538779875373606,-0.209726966610515,-0.25670225794060375,-0.20424812603828724
