id,x__autocorrelation__lag_1024,x__autocorrelation__lag_128,x__autocorrelation__lag_16384,x__autocorrelation__lag_2048,x__autocorrelation__lag_256,x__autocorrelation__lag_4096,x__autocorrelation__lag_512,x__autocorrelation__lag_8192
A,-0.21601779714594005,-0.013519032337150069,-0.21929481793000352,-0.2282926026303813,-0.28006773623215314,-0.2213427813925312,-0.319522603564451,-0.2310517243911544
