id,x__autocorrelation__lag_1024,x__autocorrelation__lag_128,x__autocorrelation__lag_16384,x__autocorrelation__lag_2048,x__autocorrelation__lag_256,x__autocorrelation__lag_4096,x__autocorrelation__lag_512,x__autocorrelation__lag_8192
A,-0.19739619610007864,-0.11374824504004795,-0.19592138720769783,-0.19780950083249835,-0.25732016406194574,-0.19315761705435308,-0.2913882078635734,-0.19836409753040424
