id,x__autocorrelation__lag_1024,x__autocorrelation__lag_128,x__autocorrelation__lag_16384,x__autocorrelation__lag_2048,x__autocorrelation__lag_256,x__autocorrelation__lag_4096,x__autocorrelation__lag_512,x__autocorrelation__lag_8192
A,0.44482139785010694,-0.657606128898689,0.4440855289006471,0.4398929301574723,0.456810642044633,0.44396837961783786,0.4593082060903013,0.4410877762573471
