id,x__autocorrelation__lag_1024,x__autocorrelation__lag_128,x__autocorrelation__lag_16384,x__autocorrelation__lag_2048,x__autocorrelation__lag_256,x__autocorrelation__lag_4096,x__autocorrelation__lag_512,x__autocorrelation__lag_8192
A,0.09368054903472504,-0.5382516410583199,0.0996396682953021,0.09715895193175801,0.09745064454017324,0.1009400515717396,0.10431178213733672,0.09997965333004398
