id,x__autocorrelation__lag_1024,x__autocorrelation__lag_128,x__autocorrelation__lag_16384,x__autocorrelation__lag_2048,x__autocorrelation__lag_256,x__autocorrelation__lag_4096,x__autocorrelation__lag_512,x__autocorrelation__lag_8192
A,0.6021646028194295,-0.740489391491767,0.591456598397853,0.5948167911965507,0.6169945384937061,0.5945263927092855,0.6156377941652629,0.5958208903719588
