id,x__autocorrelation__lag_1024,x__autocorrelation__lag_128,x__autocorrelation__lag_16384,x__autocorrelation__lag_2048,x__autocorrelation__lag_256,x__autocorrelation__lag_4096,x__autocorrelation__lag_512,x__autocorrelation__lag_8192
A,0.3106900774955213,-0.5732135651125112,0.3148152961519732,0.3148825071901248,0.3160734652226974,0.3185777316231562,0.32143146303217135,0.31615091153753655
