id,x__autocorrelation__lag_1024,x__autocorrelation__lag_128,x__autocorrelation__lag_16384,x__autocorrelation__lag_2048,x__autocorrelation__lag_256,x__autocorrelation__lag_4096,x__autocorrelation__lag_512,x__autocorrelation__lag_8192
A,-0.14541886769799398,-0.2709873690885046,-0.15037684792410247,-0.15262248419319716,-0.20538033367533465,-0.14956069066328292,-0.23654480123526056,-0.15333443694123286
