id,x__autocorrelation__lag_1024,x__autocorrelation__lag_128,x__autocorrelation__lag_16384,x__autocorrelation__lag_2048,x__autocorrelation__lag_256,x__autocorrelation__lag_4096,x__autocorrelation__lag_512,x__autocorrelation__lag_8192
A,-0.09802254571195779,-0.3041111721538716,-0.14257176670050664,-0.15397305582934487,-0.1626456410202735,-0.1484442146993639,-0.270973619411863,-0.14094048681715432
