id,x__autocorrelation__lag_1024,x__autocorrelation__lag_128,x__autocorrelation__lag_16384,x__autocorrelation__lag_2048,x__autocorrelation__lag_256,x__autocorrelation__lag_4096,x__autocorrelation__lag_512,x__autocorrelation__lag_8192
A,-0.08932565472655472,-0.26999481773089634,-0.11090438736556331,-0.12575488464526532,-0.15191101594467185,-0.11574745821175322,-0.21451182936246388,-0.11559104696568574
