id,x__autocorrelation__lag_1024,x__autocorrelation__lag_128,x__autocorrelation__lag_16384,x__autocorrelation__lag_2048,x__autocorrelation__lag_256,x__autocorrelation__lag_4096,x__autocorrelation__lag_512,x__autocorrelation__lag_8192
A,-0.2132032668930872,-0.21938071402871753,-0.20855897823143907,-0.21629979477160857,-0.25024256060525163,-0.2127687505326986,-0.2608773154818534,-0.21869426553741517
