id,x__autocorrelation__lag_1024,x__autocorrelation__lag_128,x__autocorrelation__lag_16384,x__autocorrelation__lag_2048,x__autocorrelation__lag_256,x__autocorrelation__lag_4096,x__autocorrelation__lag_512,x__autocorrelation__lag_8192
A,-0.15876756141929546,-0.2774959422640415,-0.15937660465151707,-0.1592033821357617,-0.21713964625339222,-0.15688062175759804,-0.24426897881664403,-0.15887708295029218
