id,x__autocorrelation__lag_1024,x__autocorrelation__lag_128,x__autocorrelation__lag_16384,x__autocorrelation__lag_2048,x__autocorrelation__lag_256,x__autocorrelation__lag_4096,x__autocorrelation__lag_512,x__autocorrelation__lag_8192
A,0.31855222013620155,-0.5772541034408608,0.32371692344120684,0.3310739789327787,0.3220514870974105,0.3319894056532412,0.32721506457605665,0.33399525452816126
