id,x__autocorrelation__lag_1024,x__autocorrelation__lag_128,x__autocorrelation__lag_16384,x__autocorrelation__lag_2048,x__autocorrelation__lag_256,x__autocorrelation__lag_4096,x__autocorrelation__lag_512,x__autocorrelation__lag_8192
A,-0.09063586368818506,-0.27169352573373007,-0.10638889634240208,-0.11516595779363446,-0.15415809072402853,-0.10680145682841728,-0.2047115230156549,-0.10814974342228048
