id,x__autocorrelation__lag_1024,x__autocorrelation__lag_128,x__autocorrelation__lag_16384,x__autocorrelation__lag_2048,x__autocorrelation__lag_256,x__autocorrelation__lag_4096,x__autocorrelation__lag_512,x__autocorrelation__lag_8192
A,-0.040710610271104807,-0.1830217262537427,-0.11159124244314987,-0.09647466537249234,-0.1745013973434159,-0.10378373688608955,-0.22394521398944944,-0.09098305919064234
