id,x__autocorrelation__lag_1024,x__autocorrelation__lag_128,x__autocorrelation__lag_16384,x__autocorrelation__lag_2048,x__autocorrelation__lag_256,x__autocorrelation__lag_4096,x__autocorrelation__lag_512,x__autocorrelation__lag_8192
A,-0.20353487639954673,-0.05074167470855873,-0.2076767462297866,-0.20783253892327586,-0.28786916496889703,-0.20426486176015,-0.32500641305168715,-0.20837655507656186
