id,x__autocorrelation__lag_1024,x__autocorrelation__lag_128,x__autocorrelation__lag_16384,x__autocorrelation__lag_2048,x__autocorrelation__lag_256,x__autocorrelation__lag_4096,x__autocorrelation__lag_512,x__autocorrelation__lag_8192
A,-0.22034718105955628,-0.05092708134552882,-0.21520700641883825,-0.22959950286691586,-0.28387269955242306,-0.2205012199488791,-0.31312672432717154,-0.23214445890924784
