id,x__autocorrelation__lag_1024,x__autocorrelation__lag_128,x__autocorrelation__lag_16384,x__autocorrelation__lag_2048,x__autocorrelation__lag_256,x__autocorrelation__lag_4096,x__autocorrelation__lag_512,x__autocorrelation__lag_8192
A,-0.20092543430257487,-0.23291359951833593,-0.1890073684799586,-0.195465131676955,-0.23812652797971143,-0.1921412858246936,-0.24064225357004795,-0.19758053546925347
