id,x__autocorrelation__lag_1024,x__autocorrelation__lag_128,x__autocorrelation__lag_16384,x__autocorrelation__lag_2048,x__autocorrelation__lag_256,x__autocorrelation__lag_4096,x__autocorrelation__lag_512,x__autocorrelation__lag_8192
A,-0.19744569520878238,-0.20838272486985585,-0.18645043646829124,-0.18966849236493405,-0.2433613671811176,-0.18608752803985973,-0.26744843061452706,-0.19086515984196478
