id,x__autocorrelation__lag_1024,x__autocorrelation__lag_128,x__autocorrelation__lag_16384,x__autocorrelation__lag_2048,x__autocorrelation__lag_256,x__autocorrelation__lag_4096,x__autocorrelation__lag_512,x__autocorrelation__lag_8192
A,-0.1307498943052741,-0.2852714402867029,-0.13543608068236515,-0.13925607757174302,-0.18565577990572854,-0.135917785724024,-0.21946984622563118,-0.14103878269202624
