id,x__autocorrelation__lag_1024,x__autocorrelation__lag_128,x__autocorrelation__lag_16384,x__autocorrelation__lag_2048,x__autocorrelation__lag_256,x__autocorrelation__lag_4096,x__autocorrelation__lag_512,x__autocorrelation__lag_8192
A,0.10422580682936736,-0.5734167359940203,0.1189598102582998,0.11659257246126067,0.10650244959901621,0.12028624363463682,0.11181117752526705,0.11785129024272753
