id,x__autocorrelation__lag_1024,x__autocorrelation__lag_128,x__autocorrelation__lag_16384,x__autocorrelation__lag_2048,x__autocorrelation__lag_256,x__autocorrelation__lag_4096,x__autocorrelation__lag_512,x__autocorrelation__lag_8192
A,-0.09525544081980852,-0.2957521624941424,-0.10541175565304199,-0.11248801324516547,-0.15601530461595423,-0.10795297161943279,-0.18532431392077747,-0.11480110222684244
