id,x__autocorrelation__lag_1024,x__autocorrelation__lag_128,x__autocorrelation__lag_16384,x__autocorrelation__lag_2048,x__autocorrelation__lag_256,x__autocorrelation__lag_4096,x__autocorrelation__lag_512,x__autocorrelation__lag_8192
A,0.10789737832057371,-0.5595345754390147,0.114576534840432,0.11355370968950085,0.09958660336297714,0.11552446470557752,0.11236815689911346,0.1159323070405376
