id,x__autocorrelation__lag_1024,x__autocorrelation__lag_128,x__autocorrelation__lag_16384,x__autocorrelation__lag_2048,x__autocorrelation__lag_256,x__autocorrelation__lag_4096,x__autocorrelation__lag_512,x__autocorrelation__lag_8192
A,-0.18432342811728952,-0.35604237009945516,-0.18252427977862265,-0.192765154343804,-0.2048753528379131,-0.18562172045221093,-0.23265982223515022,-0.18886552686566885
