id,x__autocorrelation__lag_1024,x__autocorrelation__lag_128,x__autocorrelation__lag_16384,x__autocorrelation__lag_2048,x__autocorrelation__lag_256,x__autocorrelation__lag_4096,x__autocorrelation__lag_512,x__autocorrelation__lag_8192
A,-0.19764202000219702,-0.12660189137440142,-0.19382209450222374,-0.19587866579312047,-0.2585323875834004,-0.19151201826689687,-0.2930030339860339,-0.1969598701695592
