id,x__autocorrelation__lag_1024,x__autocorrelation__lag_128,x__autocorrelation__lag_16384,x__autocorrelation__lag_2048,x__autocorrelation__lag_256,x__autocorrelation__lag_4096,x__autocorrelation__lag_512,x__autocorrelation__lag_8192
A,0.5445958872435206,-0.6750311848508967,0.5340709677587532,0.5350691161513359,0.5547306771499965,0.5344343525335246,0.5506612478778978,0.536545790845678
