id,x__autocorrelation__lag_1024,x__autocorrelation__lag_128,x__autocorrelation__lag_16384,x__autocorrelation__lag_2048,x__autocorrelation__lag_256,x__autocorrelation__lag_4096,x__autocorrelation__lag_512,x__autocorrelation__lag_8192
A,0.5825617291990959,-0.7055543056125189,0.5674793693080907,0.5718123356923048,0.5927948275197003,0.5706299998878105,0.5921517700502943,0.573321543606129
