id,x__autocorrelation__lag_1024,x__autocorrelation__lag_128,x__autocorrelation__lag_16384,x__autocorrelation__lag_2048,x__autocorrelation__lag_256,x__autocorrelation__lag_4096,x__autocorrelation__lag_512,x__autocorrelation__lag_8192
A,0.5304077277015931,-0.7063533110020329,0.5219938918162226,0.5256505285317041,0.5554549553887422,0.5251280127940003,0.5549555013729012,0.5264414933044849
