id,x__autocorrelation__lag_1024,x__autocorrelation__lag_128,x__autocorrelation__lag_16384,x__autocorrelation__lag_2048,x__autocorrelation__lag_256,x__autocorrelation__lag_4096,x__autocorrelation__lag_512,x__autocorrelation__lag_8192
A,-0.16688291932772545,-0.3319905196061875,-0.16761904189052246,-0.1754521497059599,-0.19634521312537215,-0.1703833325340652,-0.22491812437546221,-0.1712791707545347
