id,x__autocorrelation__lag_1024,x__autocorrelation__lag_128,x__autocorrelation__lag_16384,x__autocorrelation__lag_2048,x__autocorrelation__lag_256,x__autocorrelation__lag_4096,x__autocorrelation__lag_512,x__autocorrelation__lag_8192
A,0.27002061426351404,-0.5683213603112433,0.2747898147840327,0.27563070923535227,0.28242352083609334,0.2780570917711073,0.28373005763043063,0.276339431124432
