id,x__autocorrelation__lag_1024,x__autocorrelation__lag_128,x__autocorrelation__lag_16384,x__autocorrelation__lag_2048,x__autocorrelation__lag_256,x__autocorrelation__lag_4096,x__autocorrelation__lag_512,x__autocorrelation__lag_8192
A,-0.12779023156389144,-0.26884975136694456,-0.13284250532322148,-0.1357003226438622,-0.18933482830059106,-0.13328203959701287,-0.22719693212395345,-0.13780641113542175
