id,x__autocorrelation__lag_1024,x__autocorrelation__lag_128,x__autocorrelation__lag_16384,x__autocorrelation__lag_2048,x__autocorrelation__lag_256,x__autocorrelation__lag_4096,x__autocorrelation__lag_512,x__autocorrelation__lag_8192
A,0.3445372755640615,-0.5933326367645235,0.3460930262630779,0.3454125770661399,0.3522677691284713,0.3484506106956306,0.3598252328023399,0.346652539974674
