id,x__autocorrelation__lag_1024,x__autocorrelation__lag_128,x__autocorrelation__lag_16384,x__autocorrelation__lag_2048,x__autocorrelation__lag_256,x__autocorrelation__lag_4096,x__autocorrelation__lag_512,x__autocorrelation__lag_8192
A,0.4230323935934238,-0.6527599529811294,0.4161316096504121,0.4162258402463015,0.43405233122958264,0.41799668630004216,0.44018526026938637,0.41704420845732876
