id,x__autocorrelation__lag_1024,x__autocorrelation__lag_128,x__autocorrelation__lag_16384,x__autocorrelation__lag_2048,x__autocorrelation__lag_256,x__autocorrelation__lag_4096,x__autocorrelation__lag_512,x__autocorrelation__lag_8192
A,-0.12582598815229667,-0.2551310156619269,-0.1201838893216931,-0.1268469933201603,-0.16763500833583686,-0.12323875186937656,-0.1744215460080794,-0.12867922627108624
