id,x__autocorrelation__lag_1024,x__autocorrelation__lag_128,x__autocorrelation__lag_16384,x__autocorrelation__lag_2048,x__autocorrelation__lag_256,x__autocorrelation__lag_4096,x__autocorrelation__lag_512,x__autocorrelation__lag_8192
A,0.3045241334826151,-0.5674358908981932,0.3068314954052859,0.3036578700882483,0.312574214604568,0.3086965708952759,0.31209408213832274,0.30498090400451205
