id,x__autocorrelation__lag_1024,x__autocorrelation__lag_128,x__autocorrelation__lag_16384,x__autocorrelation__lag_2048,x__autocorrelation__lag_256,x__autocorrelation__lag_4096,x__autocorrelation__lag_512,x__autocorrelation__lag_8192
A,-0.1259722486783162,-0.246922530700047,-0.1359413645932927,-0.14001422320109758,-0.16889142626314935,-0.1393354346793543,-0.25048836498693816,-0.13567910750000503
