id,x__autocorrelation__lag_1024,x__autocorrelation__lag_128,x__autocorrelation__lag_16384,x__autocorrelation__lag_2048,x__autocorrelation__lag_256,x__autocorrelation__lag_4096,x__autocorrelation__lag_512,x__autocorrelation__lag_8192
A,-0.05207472996763055,-0.04936143433284072,-0.16330175448743023,-0.22129683309573261,-0.24314411061632116,-0.20568765347339676,-0.33641458151387144,-0.23145918093028753
