id,x__autocorrelation__lag_1024,x__autocorrelation__lag_128,x__autocorrelation__lag_16384,x__autocorrelation__lag_2048,x__autocorrelation__lag_256,x__autocorrelation__lag_4096,x__autocorrelation__lag_512,x__autocorrelation__lag_8192
A,0.5598811907116118,-0.6711599913102066,0.5467969637145182,0.5495561332781274,0.5694582471681057,0.5486086828590986,0.5621449950163542,0.5504392645602606
