id,x__autocorrelation__lag_1024,x__autocorrelation__lag_128,x__autocorrelation__lag_16384,x__autocorrelation__lag_2048,x__autocorrelation__lag_256,x__autocorrelation__lag_4096,x__autocorrelation__lag_512,x__autocorrelation__lag_8192
A,-0.10669768692408091,-0.27394633727829304,-0.14013525619268924,-0.14028331270416217,-0.161945209475073,-0.14644022799555315,-0.2364708201636249,-0.13999163427694158
