id,x__autocorrelation__lag_1024,x__autocorrelation__lag_128,x__autocorrelation__lag_16384,x__autocorrelation__lag_2048,x__autocorrelation__lag_256,x__autocorrelation__lag_4096,x__autocorrelation__lag_512,x__autocorrelation__lag_8192
A,-0.11902253509907078,-0.22940882419985567,-0.11239188542241793,-0.1179163888360209,-0.15876123807762907,-0.11439312203149463,-0.17132300848362686,-0.12073628345644608
