id,x__autocorrelation__lag_1024,x__autocorrelation__lag_128,x__autocorrelation__lag_16384,x__autocorrelation__lag_2048,x__autocorrelation__lag_256,x__autocorrelation__lag_4096,x__autocorrelation__lag_512,x__autocorrelation__lag_8192
A,-0.1458368639737731,-0.27517097945902946,-0.14127139643876324,-0.1432689432050346,-0.20430776762131703,-0.13932931620767086,-0.2348573427337084,-0.14380100372001847
