id,x__autocorrelation__lag_1024,x__autocorrelation__lag_128,x__autocorrelation__lag_16384,x__autocorrelation__lag_2048,x__autocorrelation__lag_256,x__autocorrelation__lag_4096,x__autocorrelation__lag_512,x__autocorrelation__lag_8192
A,0.2950533001197854,-0.554240083674954,0.29670744226422563,0.3010079620524492,0.28476140012008694,0.3024375977800263,0.29553327471071544,0.303471207237676
