id,x__autocorrelation__lag_1024,x__autocorrelation__lag_128,x__autocorrelation__lag_16384,x__autocorrelation__lag_2048,x__autocorrelation__lag_256,x__autocorrelation__lag_4096,x__autocorrelation__lag_512,x__autocorrelation__lag_8192
A,-0.2175696362406683,-0.11754600193002154,-0.21267345009495084,-0.21428579592150823,-0.2766590140028534,-0.21001354616631965,-0.3049801598562876,-0.2149488944805337
