id,x__autocorrelation__lag_1024,x__autocorrelation__lag_128,x__autocorrelation__lag_16384,x__autocorrelation__lag_2048,x__autocorrelation__lag_256,x__autocorrelation__lag_4096,x__autocorrelation__lag_512,x__autocorrelation__lag_8192
A,0.5617085806428651,-0.6792938721158731,0.5450533506124503,0.5490478712747857,0.5740394634875953,0.5478682329673492,0.5694310627670738,0.5507925783845912
