id,x__autocorrelation__lag_1024,x__autocorrelation__lag_128,x__autocorrelation__lag_16384,x__autocorrelation__lag_2048,x__autocorrelation__lag_256,x__autocorrelation__lag_4096,x__autocorrelation__lag_512,x__autocorrelation__lag_8192
A,0.5658628835933555,-0.7336930399447243,0.5595375533818424,0.5626941550393499,0.576888738661868,0.5623039712635066,0.5822697236578973,0.5637130572242853
