id,x__autocorrelation__lag_1024,x__autocorrelation__lag_128,x__autocorrelation__lag_16384,x__autocorrelation__lag_2048,x__autocorrelation__lag_256,x__autocorrelation__lag_4096,x__autocorrelation__lag_512,x__autocorrelation__lag_8192
A,0.5865145241839312,-0.684105576843248,0.5757799713777301,0.5773961254130551,0.5952188646797506,0.5765235224037565,0.5879347996666923,0.5781985237164855
