id,x__autocorrelation__lag_1024,x__autocorrelation__lag_128,x__autocorrelation__lag_16384,x__autocorrelation__lag_2048,x__autocorrelation__lag_256,x__autocorrelation__lag_4096,x__autocorrelation__lag_512,x__autocorrelation__lag_8192
A,-0.020616846453252062,-0.2372802586790625,-0.1155526456690443,-0.06620176504505025,-0.19929388786929114,-0.08496093667828752,-0.1432076103463863,-0.07715701436000069
