id,x__autocorrelation__lag_1024,x__autocorrelation__lag_128,x__autocorrelation__lag_16384,x__autocorrelation__lag_2048,x__autocorrelation__lag_256,x__autocorrelation__lag_4096,x__autocorrelation__lag_512,x__autocorrelation__lag_8192
A,-0.22452026387025403,-0.02636268026201951,-0.22584959630350038,-0.24386111567654317,-0.2947839640119734,-0.23457902572747247,-0.32752561426426063,-0.2477047333290959
