id,x__autocorrelation__lag_1024,x__autocorrelation__lag_128,x__autocorrelation__lag_16384,x__autocorrelation__lag_2048,x__autocorrelation__lag_256,x__autocorrelation__lag_4096,x__autocorrelation__lag_512,x__autocorrelation__lag_8192
A,-0.101156753996482,-0.28903841169861494,-0.1378030717691268,-0.15606878192647908,-0.1564137808337,-0.15573614182543308,-0.272983258383895,-0.14588859811406293
