id,x__autocorrelation__lag_1024,x__autocorrelation__lag_128,x__autocorrelation__lag_16384,x__autocorrelation__lag_2048,x__autocorrelation__lag_256,x__autocorrelation__lag_4096,x__autocorrelation__lag_512,x__autocorrelation__lag_8192
A,-0.12618752986648082,-0.26077128541717637,-0.11998751470112456,-0.12787286273738718,-0.1663525992075154,-0.12338685875922643,-0.1726981833595204,-0.13000791567215456
