id,x__autocorrelation__lag_1024,x__autocorrelation__lag_128,x__autocorrelation__lag_16384,x__autocorrelation__lag_2048,x__autocorrelation__lag_256,x__autocorrelation__lag_4096,x__autocorrelation__lag_512,x__autocorrelation__lag_8192
A,-0.15653595395739398,-0.3045152527246252,-0.135685313720369,-0.16686453121125205,-0.20808734577110488,-0.1421794995488437,-0.273101466309986,-0.14310888983979475
