id,x__autocorrelation__lag_1024,x__autocorrelation__lag_128,x__autocorrelation__lag_16384,x__autocorrelation__lag_2048,x__autocorrelation__lag_256,x__autocorrelation__lag_4096,x__autocorrelation__lag_512,x__autocorrelation__lag_8192
A,-0.21434041633012293,-0.09866106365169755,-0.21446470739173107,-0.21458618198549226,-0.29619466901880065,-0.2100611115873952,-0.31939505347451763,-0.2145351776607782
