id,x__autocorrelation__lag_1024,x__autocorrelation__lag_128,x__autocorrelation__lag_16384,x__autocorrelation__lag_2048,x__autocorrelation__lag_256,x__autocorrelation__lag_4096,x__autocorrelation__lag_512,x__autocorrelation__lag_8192
A,-0.11626014130605086,-0.21714510605011997,-0.11131429876369524,-0.11577168145515225,-0.1555952828734119,-0.11276303176407708,-0.16660775966783725,-0.11764499716313143
