id,x__autocorrelation__lag_1024,x__autocorrelation__lag_128,x__autocorrelation__lag_16384,x__autocorrelation__lag_2048,x__autocorrelation__lag_256,x__autocorrelation__lag_4096,x__autocorrelation__lag_512,x__autocorrelation__lag_8192
A,-0.15954972084051822,-0.32442061176634396,-0.13414264352971686,-0.16819078565304463,-0.2118886420281968,-0.14362027654704412,-0.26987934961967713,-0.14451935320537926
