id,x__autocorrelation__lag_1024,x__autocorrelation__lag_128,x__autocorrelation__lag_16384,x__autocorrelation__lag_2048,x__autocorrelation__lag_256,x__autocorrelation__lag_4096,x__autocorrelation__lag_512,x__autocorrelation__lag_8192
A,0.37145013002409527,-0.6021789265597128,0.36575080717383973,0.3717395417890329,0.3696670292029452,0.3717475536854431,0.371225416597808,0.373843747197256
