id,x__autocorrelation__lag_1024,x__autocorrelation__lag_128,x__autocorrelation__lag_16384,x__autocorrelation__lag_2048,x__autocorrelation__lag_256,x__autocorrelation__lag_4096,x__autocorrelation__lag_512,x__autocorrelation__lag_8192
A,-0.060233318686072186,-0.05289492213472024,-0.1570636029023718,-0.18617571111378592,-0.24165487627990004,-0.18645301084488544,-0.30920384328284095,-0.21125706964546223
