id,x__autocorrelation__lag_1024,x__autocorrelation__lag_128,x__autocorrelation__lag_16384,x__autocorrelation__lag_2048,x__autocorrelation__lag_256,x__autocorrelation__lag_4096,x__autocorrelation__lag_512,x__autocorrelation__lag_8192
A,-0.22609196479205157,-0.029936094539349565,-0.2273813893861575,-0.22757787419930006,-0.295666289283441,-0.22172489745636415,-0.3259013982079089,-0.22841933390353325
