id,x__autocorrelation__lag_1024,x__autocorrelation__lag_128,x__autocorrelation__lag_16384,x__autocorrelation__lag_2048,x__autocorrelation__lag_256,x__autocorrelation__lag_4096,x__autocorrelation__lag_512,x__autocorrelation__lag_8192
A,-0.17909697680944994,-0.17554339999519697,-0.18223889110766053,-0.1841565987943182,-0.23407316149280308,-0.18012613119127915,-0.2727622778988529,-0.18518251857597637
