id,x__autocorrelation__lag_1024,x__autocorrelation__lag_128,x__autocorrelation__lag_16384,x__autocorrelation__lag_2048,x__autocorrelation__lag_256,x__autocorrelation__lag_4096,x__autocorrelation__lag_512,x__autocorrelation__lag_8192
A,-0.17426567495653775,-0.2434830957145309,-0.1722378993207727,-0.17382079270117126,-0.23234780312369094,-0.1703389972371993,-0.2597831453891682,-0.17470636428502354
