id,x__autocorrelation__lag_1024,x__autocorrelation__lag_128,x__autocorrelation__lag_16384,x__autocorrelation__lag_2048,x__autocorrelation__lag_256,x__autocorrelation__lag_4096,x__autocorrelation__lag_512,x__autocorrelation__lag_8192
A,-0.09127336260737659,-0.30459959285810745,-0.09705582144377228,-0.10241525267895663,-0.1472109710561896,-0.09840928243947229,-0.17982714268016067,-0.10364280728532098
