id,x__autocorrelation__lag_1024,x__autocorrelation__lag_128,x__autocorrelation__lag_16384,x__autocorrelation__lag_2048,x__autocorrelation__lag_256,x__autocorrelation__lag_4096,x__autocorrelation__lag_512,x__autocorrelation__lag_8192
A,-0.15630831978186785,-0.29690771891894147,-0.14773458901098713,-0.15621119279728524,-0.19614816971473506,-0.15159627434129855,-0.2057264134181408,-0.15852000872422267
