id,x__autocorrelation__lag_1024,x__autocorrelation__lag_128,x__autocorrelation__lag_16384,x__autocorrelation__lag_2048,x__autocorrelation__lag_256,x__autocorrelation__lag_4096,x__autocorrelation__lag_512,x__autocorrelation__lag_8192
A,-0.1275424367831286,-0.21961168145341461,-0.14099123551847692,-0.14581216469853686,-0.19645880650754846,-0.14119798550701618,-0.24237201396841232,-0.1484836102901837
