id,x__autocorrelation__lag_1024,x__autocorrelation__lag_128,x__autocorrelation__lag_16384,x__autocorrelation__lag_2048,x__autocorrelation__lag_256,x__autocorrelation__lag_4096,x__autocorrelation__lag_512,x__autocorrelation__lag_8192
A,0.299449223175229,-0.593096641308137,0.30128939742314487,0.3057185197935059,0.29362451513023374,0.3085593789125302,0.2988783812489868,0.30789859807517356
