id,x__autocorrelation__lag_1024,x__autocorrelation__lag_128,x__autocorrelation__lag_16384,x__autocorrelation__lag_2048,x__autocorrelation__lag_256,x__autocorrelation__lag_4096,x__autocorrelation__lag_512,x__autocorrelation__lag_8192
A,0.551267381732844,-0.6675967306081465,0.5394440022412236,0.5431294230103529,0.5620635671649361,0.5418499986220859,0.5556190136209701,0.5441824818529248
