id,x__autocorrelation__lag_1024,x__autocorrelation__lag_128,x__autocorrelation__lag_16384,x__autocorrelation__lag_2048,x__autocorrelation__lag_256,x__autocorrelation__lag_4096,x__autocorrelation__lag_512,x__autocorrelation__lag_8192
A,-0.1284320997421243,-0.3141731665196087,-0.12100287715574694,-0.130516926363575,-0.16795922663715473,-0.12537228031916992,-0.17988763890731946,-0.1324204172944308
