id,x__autocorrelation__lag_1024,x__autocorrelation__lag_128,x__autocorrelation__lag_16384,x__autocorrelation__lag_2048,x__autocorrelation__lag_256,x__autocorrelation__lag_4096,x__autocorrelation__lag_512,x__autocorrelation__lag_8192
A,-0.06983139943730639,-0.060490550672163,-0.1693133987674672,-0.2139643134769321,-0.25757539833573234,-0.20667879998351588,-0.34649382300053294,-0.23928098142682713
