id,x__autocorrelation__lag_1024,x__autocorrelation__lag_128,x__autocorrelation__lag_16384,x__autocorrelation__lag_2048,x__autocorrelation__lag_256,x__autocorrelation__lag_4096,x__autocorrelation__lag_512,x__autocorrelation__lag_8192
A,0.36574551068365446,-0.6203075143500952,0.36246759306613197,0.3593507389610203,0.37650718380936,0.36325725446291834,0.3809939849568738,0.36002771382902443
