id,x__autocorrelation__lag_1024,x__autocorrelation__lag_128,x__autocorrelation__lag_16384,x__autocorrelation__lag_2048,x__autocorrelation__lag_256,x__autocorrelation__lag_4096,x__autocorrelation__lag_512,x__autocorrelation__lag_8192
A,0.5486012132090353,-0.6706915361757345,0.5363240763083331,0.538928660795461,0.5622989602041227,0.5380999382919496,0.5583729185044695,0.5398353905763218
