id,x__autocorrelation__lag_1024,x__autocorrelation__lag_128,x__autocorrelation__lag_16384,x__autocorrelation__lag_2048,x__autocorrelation__lag_256,x__autocorrelation__lag_4096,x__autocorrelation__lag_512,x__autocorrelation__lag_8192
A,-0.19315911217024492,-0.06198613381916712,-0.20478226671282737,-0.22954327106234673,-0.2770258186916996,-0.2193814806952936,-0.31300729253631404,-0.23501513529673737
