id,x__autocorrelation__lag_1024,x__autocorrelation__lag_128,x__autocorrelation__lag_16384,x__autocorrelation__lag_2048,x__autocorrelation__lag_256,x__autocorrelation__lag_4096,x__autocorrelation__lag_512,x__autocorrelation__lag_8192
A,-0.04937521662059932,-0.24376814047300044,-0.10676247510711225,-0.08345513059059562,-0.17474681667534,-0.09554057050844776,-0.17774967987282966,-0.09747700302831173
