id,x__autocorrelation__lag_1024,x__autocorrelation__lag_128,x__autocorrelation__lag_16384,x__autocorrelation__lag_2048,x__autocorrelation__lag_256,x__autocorrelation__lag_4096,x__autocorrelation__lag_512,x__autocorrelation__lag_8192
A,-0.25020319099794364,-0.3802422285355116,-0.25680642747159177,-0.258204666292313,-0.26431408451847516,-0.2529491583276074,-0.2902596995039403,-0.2461053350833491
