id,x__autocorrelation__lag_1024,x__autocorrelation__lag_128,x__autocorrelation__lag_16384,x__autocorrelation__lag_2048,x__autocorrelation__lag_256,x__autocorrelation__lag_4096,x__autocorrelation__lag_512,x__autocorrelation__lag_8192
A,-0.2074071744796989,-0.09857210432857476,-0.20059840375260427,-0.20105118048058548,-0.27999346884425874,-0.19705783825254128,-0.304449031287545,-0.20139586770627416
