id,x__autocorrelation__lag_1024,x__autocorrelation__lag_128,x__autocorrelation__lag_16384,x__autocorrelation__lag_2048,x__autocorrelation__lag_256,x__autocorrelation__lag_4096,x__autocorrelation__lag_512,x__autocorrelation__lag_8192
A,-0.05418555213742263,-0.04496199590107438,-0.15971354210869396,-0.20016480526090236,-0.23440809427073514,-0.18997494370751297,-0.33267442374917333,-0.21628581442188646
