id,x__autocorrelation__lag_1024,x__autocorrelation__lag_128,x__autocorrelation__lag_16384,x__autocorrelation__lag_2048,x__autocorrelation__lag_256,x__autocorrelation__lag_4096,x__autocorrelation__lag_512,x__autocorrelation__lag_8192
A,-0.18997959042245952,-0.20480728884605384,-0.17665992424555102,-0.18001071994109402,-0.24425787009716834,-0.1755998427689417,-0.2701501919621826,-0.18067375085745327
