id,x__autocorrelation__lag_1024,x__autocorrelation__lag_128,x__autocorrelation__lag_16384,x__autocorrelation__lag_2048,x__autocorrelation__lag_256,x__autocorrelation__lag_4096,x__autocorrelation__lag_512,x__autocorrelation__lag_8192
A,0.08514357422127171,-0.5643470933704413,0.09423663893093556,0.09122893932807212,0.07658889773040518,0.09482003558862871,0.08896434629883081,0.09355542291128699
