id,x__autocorrelation__lag_1024,x__autocorrelation__lag_128,x__autocorrelation__lag_16384,x__autocorrelation__lag_2048,x__autocorrelation__lag_256,x__autocorrelation__lag_4096,x__autocorrelation__lag_512,x__autocorrelation__lag_8192
A,-0.1004609929806783,-0.28989052507379004,-0.11254332137504776,-0.12065570779535392,-0.16021756373287857,-0.1164492586802218,-0.1928959034565508,-0.12352610746600251
