id,x__autocorrelation__lag_1024,x__autocorrelation__lag_128,x__autocorrelation__lag_16384,x__autocorrelation__lag_2048,x__autocorrelation__lag_256,x__autocorrelation__lag_4096,x__autocorrelation__lag_512,x__autocorrelation__lag_8192
A,-0.18251251520810094,-0.2030510983748788,-0.17623888886731726,-0.17940423491165092,-0.23659028017791903,-0.17544701193358722,-0.268633817698419,-0.18025777582701105
