id,x__autocorrelation__lag_1024,x__autocorrelation__lag_128,x__autocorrelation__lag_16384,x__autocorrelation__lag_2048,x__autocorrelation__lag_256,x__autocorrelation__lag_4096,x__autocorrelation__lag_512,x__autocorrelation__lag_8192
A,-0.15872813897554647,-0.3220315582749518,-0.12108733222972208,-0.14932453054353512,-0.21775555573077018,-0.1318159621796587,-0.2845477782970577,-0.13533129278337894
