id,x__autocorrelation__lag_1024,x__autocorrelation__lag_128,x__autocorrelation__lag_16384,x__autocorrelation__lag_2048,x__autocorrelation__lag_256,x__autocorrelation__lag_4096,x__autocorrelation__lag_512,x__autocorrelation__lag_8192
A,-0.08543416991280518,-0.29033382048509915,-0.09969218627442321,-0.10720133432612132,-0.14845152245961524,-0.1030997484849735,-0.1831026037593568,-0.10999963044431757
