id,x__autocorrelation__lag_1024,x__autocorrelation__lag_128,x__autocorrelation__lag_16384,x__autocorrelation__lag_2048,x__autocorrelation__lag_256,x__autocorrelation__lag_4096,x__autocorrelation__lag_512,x__autocorrelation__lag_8192
A,-0.19819830983079767,-0.23211441360821974,-0.1878238105720419,-0.1897036510290106,-0.25847289377148436,-0.18659723745160078,-0.2705994864237345,-0.18891649708068295
