id,x__autocorrelation__lag_1024,x__autocorrelation__lag_128,x__autocorrelation__lag_16384,x__autocorrelation__lag_2048,x__autocorrelation__lag_256,x__autocorrelation__lag_4096,x__autocorrelation__lag_512,x__autocorrelation__lag_8192
A,-0.10727855131775127,-0.2950003256009956,-0.144882662825774,-0.15265595255528994,-0.16333464663575964,-0.15277539026976727,-0.26832254646348735,-0.14272264373966514
