id,x__autocorrelation__lag_1024,x__autocorrelation__lag_128,x__autocorrelation__lag_16384,x__autocorrelation__lag_2048,x__autocorrelation__lag_256,x__autocorrelation__lag_4096,x__autocorrelation__lag_512,x__autocorrelation__lag_8192
A,-0.20269832098107213,-0.11055597844599459,-0.20505336113673603,-0.2071367362675867,-0.26350381637082304,-0.20316659281326768,-0.29733074921987035,-0.20794367275209366
