id,x__autocorrelation__lag_1024,x__autocorrelation__lag_128,x__autocorrelation__lag_16384,x__autocorrelation__lag_2048,x__autocorrelation__lag_256,x__autocorrelation__lag_4096,x__autocorrelation__lag_512,x__autocorrelation__lag_8192
A,0.5680056674631231,-0.7406525579086871,0.5601287680498424,0.5618760974479795,0.5916663525746706,0.5612396478084295,0.5919192323717493,0.5628310788891568
