id,x__autocorrelation__lag_1024,x__autocorrelation__lag_128,x__autocorrelation__lag_16384,x__autocorrelation__lag_2048,x__autocorrelation__lag_256,x__autocorrelation__lag_4096,x__autocorrelation__lag_512,x__autocorrelation__lag_8192
A,0.5793884651748707,-0.6808276722366337,0.5680163164787234,0.568755377747467,0.589869396045023,0.5684703753977199,0.5818457040026225,0.5695735879502763
