id,x__autocorrelation__lag_1024,x__autocorrelation__lag_128,x__autocorrelation__lag_16384,x__autocorrelation__lag_2048,x__autocorrelation__lag_256,x__autocorrelation__lag_4096,x__autocorrelation__lag_512,x__autocorrelation__lag_8192
A,-0.12351806001668503,-0.2857293224074223,-0.13016393304390975,-0.135512289348197,-0.18447689475282944,-0.13061277134421354,-0.2262080044368876,-0.1374320587884148
