id,x__autocorrelation__lag_1024,x__autocorrelation__lag_128,x__autocorrelation__lag_16384,x__autocorrelation__lag_2048,x__autocorrelation__lag_256,x__autocorrelation__lag_4096,x__autocorrelation__lag_512,x__autocorrelation__lag_8192
A,-0.2073117550286649,-0.03579367154900396,-0.20971113989144238,-0.21191276961603173,-0.2880931257592991,-0.20643962358631882,-0.31882701898143545,-0.21052049190205263
