id,x__autocorrelation__lag_1024,x__autocorrelation__lag_128,x__autocorrelation__lag_16384,x__autocorrelation__lag_2048,x__autocorrelation__lag_256,x__autocorrelation__lag_4096,x__autocorrelation__lag_512,x__autocorrelation__lag_8192
A,0.0636518614185266,-0.547301151613422,0.07284323957251566,0.07264605644870374,0.05907563630699828,0.07450563120298873,0.07380848233123082,0.07564395351944124
