id,x__autocorrelation__lag_1024,x__autocorrelation__lag_128,x__autocorrelation__lag_16384,x__autocorrelation__lag_2048,x__autocorrelation__lag_256,x__autocorrelation__lag_4096,x__autocorrelation__lag_512,x__autocorrelation__lag_8192
A,0.5782686551152417,-0.6836707991220745,0.5655512188212029,0.5673965296505759,0.5863750558767357,0.5667254458223161,0.5797033705222312,0.5683800236449993
