id,x__autocorrelation__lag_1024,x__autocorrelation__lag_128,x__autocorrelation__lag_16384,x__autocorrelation__lag_2048,x__autocorrelation__lag_256,x__autocorrelation__lag_4096,x__autocorrelation__lag_512,x__autocorrelation__lag_8192
A,-0.2222652964267975,-0.05719380033876963,-0.2193909037161852,-0.23714462986610288,-0.2921319352394512,-0.22722360034106925,-0.32146124370724866,-0.24051372873331045
