id,x__autocorrelation__lag_1024,x__autocorrelation__lag_128,x__autocorrelation__lag_16384,x__autocorrelation__lag_2048,x__autocorrelation__lag_256,x__autocorrelation__lag_4096,x__autocorrelation__lag_512,x__autocorrelation__lag_8192
A,0.12240800641467887,-0.5663716288281287,0.14241901015588262,0.14018965593930538,0.12083353793173798,0.1437468690629169,0.13234816594668478,0.14116156069530983
