id,x__autocorrelation__lag_1024,x__autocorrelation__lag_128,x__autocorrelation__lag_16384,x__autocorrelation__lag_2048,x__autocorrelation__lag_256,x__autocorrelation__lag_4096,x__autocorrelation__lag_512,x__autocorrelation__lag_8192
A,0.5661147692314822,-0.6756984586846544,0.5559764304151287,0.5573084633309474,0.5773975829236789,0.5565560975115419,0.5701262636192576,0.5581832780166851
