id,x__autocorrelation__lag_1024,x__autocorrelation__lag_128,x__autocorrelation__lag_16384,x__autocorrelation__lag_2048,x__autocorrelation__lag_256,x__autocorrelation__lag_4096,x__autocorrelation__lag_512,x__autocorrelation__lag_8192
A,-0.21310628134929688,-0.06662606815391378,-0.21315977172646286,-0.21396174978397609,-0.27851685597135134,-0.20915159243530398,-0.3182217829733223,-0.21602450055234748
