id,x__autocorrelation__lag_1024,x__autocorrelation__lag_128,x__autocorrelation__lag_16384,x__autocorrelation__lag_2048,x__autocorrelation__lag_256,x__autocorrelation__lag_4096,x__autocorrelation__lag_512,x__autocorrelation__lag_8192
A,-0.14990398977436417,-0.3029800260210132,-0.12949265194491402,-0.15091623174063812,-0.20171468889312544,-0.13414714746234735,-0.27324163492059034,-0.13256110458893658
