id,x__autocorrelation__lag_1024,x__autocorrelation__lag_128,x__autocorrelation__lag_16384,x__autocorrelation__lag_2048,x__autocorrelation__lag_256,x__autocorrelation__lag_4096,x__autocorrelation__lag_512,x__autocorrelation__lag_8192
A,-0.13867634406991214,-0.3019241711193971,-0.12364009109647897,-0.13105416415305077,-0.17452861536624442,-0.12682084526896195,-0.1713108408645711,-0.13226538458526413
