id,x__autocorrelation__lag_1024,x__autocorrelation__lag_128,x__autocorrelation__lag_16384,x__autocorrelation__lag_2048,x__autocorrelation__lag_256,x__autocorrelation__lag_4096,x__autocorrelation__lag_512,x__autocorrelation__lag_8192
A,-0.02744767313932401,-0.18861084209087886,-0.10655679708153819,-0.05811937363945064,-0.19119061118253777,-0.07800722665993344,-0.1550407463049972,-0.0682154955863669
