id,x__autocorrelation__lag_1024,x__autocorrelation__lag_128,x__autocorrelation__lag_16384,x__autocorrelation__lag_2048,x__autocorrelation__lag_256,x__autocorrelation__lag_4096,x__autocorrelation__lag_512,x__autocorrelation__lag_8192
A,-0.1042019099868308,-0.2883699715087071,-0.1385144841323168,-0.14963263697486417,-0.14937748370725537,-0.14866055822679675,-0.2646115982585886,-0.13644461938554495
