id,x__autocorrelation__lag_1024,x__autocorrelation__lag_128,x__autocorrelation__lag_16384,x__autocorrelation__lag_2048,x__autocorrelation__lag_256,x__autocorrelation__lag_4096,x__autocorrelation__lag_512,x__autocorrelation__lag_8192
A,-0.17730657757783944,-0.1938953989369307,-0.17583789947068765,-0.1766735474421618,-0.2288533316655039,-0.17314875077901828,-0.259811052642511,-0.17650729207607216
