id,x__autocorrelation__lag_1024,x__autocorrelation__lag_128,x__autocorrelation__lag_16384,x__autocorrelation__lag_2048,x__autocorrelation__lag_256,x__autocorrelation__lag_4096,x__autocorrelation__lag_512,x__autocorrelation__lag_8192
A,-0.32258473193825116,-0.3389836056136657,-0.3255788578184408,-0.33774950347574095,-0.34874477919983965,-0.32440071103648654,-0.3666785718374761,-0.3256765992142561
