id,x__autocorrelation__lag_1024,x__autocorrelation__lag_128,x__autocorrelation__lag_16384,x__autocorrelation__lag_2048,x__autocorrelation__lag_256,x__autocorrelation__lag_4096,x__autocorrelation__lag_512,x__autocorrelation__lag_8192
A,-0.12974132639073932,-0.27489530572161286,-0.1381064995004122,-0.1417450688809514,-0.19178440141581637,-0.13900927599979931,-0.22441080925456663,-0.14361028254790434
