id,x__autocorrelation__lag_1024,x__autocorrelation__lag_128,x__autocorrelation__lag_16384,x__autocorrelation__lag_2048,x__autocorrelation__lag_256,x__autocorrelation__lag_4096,x__autocorrelation__lag_512,x__autocorrelation__lag_8192
A,-0.20017826166703986,-0.08837815461327683,-0.20641843769868923,-0.20749944401361903,-0.2643226301102888,-0.20314928781566674,-0.30357705492584264,-0.2085419586917362
