id,x__autocorrelation__lag_1024,x__autocorrelation__lag_128,x__autocorrelation__lag_16384,x__autocorrelation__lag_2048,x__autocorrelation__lag_256,x__autocorrelation__lag_4096,x__autocorrelation__lag_512,x__autocorrelation__lag_8192
A,-0.11997692184184022,-0.3078493058415018,-0.11693390746074943,-0.12190246012779876,-0.17044896364575954,-0.11809345321359568,-0.19606174357209805,-0.12346918897840808
