id,x__autocorrelation__lag_1024,x__autocorrelation__lag_128,x__autocorrelation__lag_16384,x__autocorrelation__lag_2048,x__autocorrelation__lag_256,x__autocorrelation__lag_4096,x__autocorrelation__lag_512,x__autocorrelation__lag_8192
A,-0.22748314607814088,-0.050346509898406194,-0.22986851595864424,-0.2295378920649616,-0.2952248210901465,-0.22530299352956015,-0.3220545905003955,-0.2286567310545401
