id,x__autocorrelation__lag_1024,x__autocorrelation__lag_128,x__autocorrelation__lag_16384,x__autocorrelation__lag_2048,x__autocorrelation__lag_256,x__autocorrelation__lag_4096,x__autocorrelation__lag_512,x__autocorrelation__lag_8192
A,-0.1460638921212668,-0.27059236183682234,-0.13706283696529645,-0.14177950811279305,-0.19062587471924347,-0.13898198150135493,-0.19400533520751986,-0.14340650067838984
