id,x__autocorrelation__lag_1024,x__autocorrelation__lag_128,x__autocorrelation__lag_16384,x__autocorrelation__lag_2048,x__autocorrelation__lag_256,x__autocorrelation__lag_4096,x__autocorrelation__lag_512,x__autocorrelation__lag_8192
A,-0.16004017912166504,-0.25902167201424087,-0.16261918197015798,-0.16447928345008922,-0.2179670058062297,-0.1615268570794734,-0.24880151000614364,-0.16497232123546096
