id,x__autocorrelation__lag_1024,x__autocorrelation__lag_128,x__autocorrelation__lag_16384,x__autocorrelation__lag_2048,x__autocorrelation__lag_256,x__autocorrelation__lag_4096,x__autocorrelation__lag_512,x__autocorrelation__lag_8192
A,0.5658916710879761,-0.6701630700533018,0.5552340948296478,0.556083803030332,0.575123925277723,0.5557970864896961,0.5680362572413522,0.55676127680318
