id,x__autocorrelation__lag_1024,x__autocorrelation__lag_128,x__autocorrelation__lag_16384,x__autocorrelation__lag_2048,x__autocorrelation__lag_256,x__autocorrelation__lag_4096,x__autocorrelation__lag_512,x__autocorrelation__lag_8192
A,-0.11553293448631433,-0.2719749700750146,-0.13293063633691132,-0.1354015053879037,-0.18466349610106114,-0.13233759874763318,-0.22843432451869206,-0.13683570534724077
