id,x__autocorrelation__lag_1024,x__autocorrelation__lag_128,x__autocorrelation__lag_16384,x__autocorrelation__lag_2048,x__autocorrelation__lag_256,x__autocorrelation__lag_4096,x__autocorrelation__lag_512,x__autocorrelation__lag_8192
A,0.5532098242207164,-0.6737456601298146,0.5393729686731793,0.5429673677350807,0.5656667816134354,0.5422075637423422,0.5601433848545738,0.5445734796896212
