id,x__autocorrelation__lag_1024,x__autocorrelation__lag_128,x__autocorrelation__lag_16384,x__autocorrelation__lag_2048,x__autocorrelation__lag_256,x__autocorrelation__lag_4096,x__autocorrelation__lag_512,x__autocorrelation__lag_8192
A,-0.11925814438186275,-0.26076275781389485,-0.13988413701358995,-0.14049278018077163,-0.16706726422985108,-0.14227396166721115,-0.24762830151017245,-0.1349664187753652
