id,x__autocorrelation__lag_1024,x__autocorrelation__lag_128,x__autocorrelation__lag_16384,x__autocorrelation__lag_2048,x__autocorrelation__lag_256,x__autocorrelation__lag_4096,x__autocorrelation__lag_512,x__autocorrelation__lag_8192
A,0.553339122667229,-0.6827247697656842,0.536677786147953,0.5402478192497356,0.5704547911565752,0.5389532867160308,0.5640002022742564,0.5417617321000532
