id,x__autocorrelation__lag_1024,x__autocorrelation__lag_128,x__autocorrelation__lag_16384,x__autocorrelation__lag_2048,x__autocorrelation__lag_256,x__autocorrelation__lag_4096,x__autocorrelation__lag_512,x__autocorrelation__lag_8192
A,-0.34769139750450595,-0.35385142347583026,-0.34733871409922984,-0.35737086473648905,-0.371908670883396,-0.34553427196273107,-0.3815413046450831,-0.3473319497805709
