id,x__autocorrelation__lag_1024,x__autocorrelation__lag_128,x__autocorrelation__lag_16384,x__autocorrelation__lag_2048,x__autocorrelation__lag_256,x__autocorrelation__lag_4096,x__autocorrelation__lag_512,x__autocorrelation__lag_8192
A,0.5623763037119337,-0.7320220983024278,0.5554408187730943,0.5587525143561237,0.5779178321379048,0.5587641457842054,0.58142449543332,0.5600093819643999
