id,x__autocorrelation__lag_1024,x__autocorrelation__lag_128,x__autocorrelation__lag_16384,x__autocorrelation__lag_2048,x__autocorrelation__lag_256,x__autocorrelation__lag_4096,x__autocorrelation__lag_512,x__autocorrelation__lag_8192
A,-0.06778815390867933,-0.25575850892225094,-0.08327009804255604,-0.1540018870692228,-0.1579620237830015,-0.06677094183186058,-0.24593343389673852,-0.06574340178276233
