id,x__autocorrelation__lag_1024,x__autocorrelation__lag_128,x__autocorrelation__lag_16384,x__autocorrelation__lag_2048,x__autocorrelation__lag_256,x__autocorrelation__lag_4096,x__autocorrelation__lag_512,x__autocorrelation__lag_8192
A,0.5485333746684891,-0.6727959405219527,0.5285702234452258,0.5316607557115922,0.5583889343209981,0.5303384062598714,0.5549895962852319,0.5327222419766852
