id,x__autocorrelation__lag_1024,x__autocorrelation__lag_128,x__autocorrelation__lag_16384,x__autocorrelation__lag_2048,x__autocorrelation__lag_256,x__autocorrelation__lag_4096,x__autocorrelation__lag_512,x__autocorrelation__lag_8192
A,-0.2296986462349939,-0.05255304951140662,-0.23061107029070532,-0.23150556218391366,-0.2929559567657622,-0.22673514344142826,-0.3238977363188396,-0.2327112248451529
