id,x__autocorrelation__lag_1024,x__autocorrelation__lag_128,x__autocorrelation__lag_16384,x__autocorrelation__lag_2048,x__autocorrelation__lag_256,x__autocorrelation__lag_4096,x__autocorrelation__lag_512,x__autocorrelation__lag_8192
A,-0.09899117697804863,-0.27933326665986474,-0.09782438077730844,-0.10745706181814453,-0.15150096436417376,-0.10281342216359622,-0.16808246897922252,-0.11028743884823612
