id,x__autocorrelation__lag_1024,x__autocorrelation__lag_128,x__autocorrelation__lag_16384,x__autocorrelation__lag_2048,x__autocorrelation__lag_256,x__autocorrelation__lag_4096,x__autocorrelation__lag_512,x__autocorrelation__lag_8192
A,-0.19971645338948288,-0.01889826055545706,-0.20680276560912358,-0.20831979677014542,-0.2815791070756645,-0.2032774774441109,-0.3248201376764457,-0.210991088802816
