id,x__autocorrelation__lag_1024,x__autocorrelation__lag_128,x__autocorrelation__lag_16384,x__autocorrelation__lag_2048,x__autocorrelation__lag_256,x__autocorrelation__lag_4096,x__autocorrelation__lag_512,x__autocorrelation__lag_8192
A,-0.06580184080717712,-0.030606712305360256,-0.16781632812426794,-0.2204972328791795,-0.24935983560099612,-0.2006004835844611,-0.33378511051194826,-0.23106436583935186
