id,x__autocorrelation__lag_1024,x__autocorrelation__lag_128,x__autocorrelation__lag_16384,x__autocorrelation__lag_2048,x__autocorrelation__lag_256,x__autocorrelation__lag_4096,x__autocorrelation__lag_512,x__autocorrelation__lag_8192
A,0.4669446562767807,-0.6629496909601724,0.4527566823309266,0.46159388547416147,0.47212329541750286,0.45978382802431844,0.47993190145007986,0.46429899989976836
