id,x__autocorrelation__lag_1024,x__autocorrelation__lag_128,x__autocorrelation__lag_16384,x__autocorrelation__lag_2048,x__autocorrelation__lag_256,x__autocorrelation__lag_4096,x__autocorrelation__lag_512,x__autocorrelation__lag_8192
A,-0.1342478388925472,-0.27718314314858356,-0.13501734033233515,-0.13814000664638754,-0.19141552609382445,-0.13460706034281172,-0.2225874337127611,-0.13890996186857812
