id,x__autocorrelation__lag_1024,x__autocorrelation__lag_128,x__autocorrelation__lag_16384,x__autocorrelation__lag_2048,x__autocorrelation__lag_256,x__autocorrelation__lag_4096,x__autocorrelation__lag_512,x__autocorrelation__lag_8192
A,0.5671201442110967,-0.666841264949683,0.5530562338229085,0.5554710403855203,0.5741696146131999,0.5549279968281537,0.564938646553923,0.5560329884458975
