id,x__autocorrelation__lag_1024,x__autocorrelation__lag_128,x__autocorrelation__lag_16384,x__autocorrelation__lag_2048,x__autocorrelation__lag_256,x__autocorrelation__lag_4096,x__autocorrelation__lag_512,x__autocorrelation__lag_8192
A,0.2226460024434517,-0.5122684067020482,0.23334763751076062,0.2353974344888209,0.21184148670062802,0.23814905243973897,0.21296129376961076,0.23694060468397468
