id,x__autocorrelation__lag_1024,x__autocorrelation__lag_128,x__autocorrelation__lag_16384,x__autocorrelation__lag_2048,x__autocorrelation__lag_256,x__autocorrelation__lag_4096,x__autocorrelation__lag_512,x__autocorrelation__lag_8192
A,0.5582858292042314,-0.6821768143283294,0.5394851614068702,0.544341676975658,0.5716046349067708,0.5428028692936722,0.5664345400416394,0.5458780970164699
