id,x__autocorrelation__lag_1024,x__autocorrelation__lag_128,x__autocorrelation__lag_16384,x__autocorrelation__lag_2048,x__autocorrelation__lag_256,x__autocorrelation__lag_4096,x__autocorrelation__lag_512,x__autocorrelation__lag_8192
A,0.5742352784555614,-0.6758706091596252,0.5617310655160285,0.563970426897754,0.5839024235647193,0.5633969561362394,0.5739623433472244,0.5647763369713332
