id,x__autocorrelation__lag_1024,x__autocorrelation__lag_128,x__autocorrelation__lag_16384,x__autocorrelation__lag_2048,x__autocorrelation__lag_256,x__autocorrelation__lag_4096,x__autocorrelation__lag_512,x__autocorrelation__lag_8192
A,0.5685827302425657,-0.6835703991317597,0.5501836729133402,0.5529151250657938,0.582931795627543,0.5518905912568485,0.576869426029278,0.5540994768102067
