id,x__autocorrelation__lag_1024,x__autocorrelation__lag_128,x__autocorrelation__lag_16384,x__autocorrelation__lag_2048,x__autocorrelation__lag_256,x__autocorrelation__lag_4096,x__autocorrelation__lag_512,x__autocorrelation__lag_8192
A,-0.1579820432775322,-0.2308576342213486,-0.16070645024536068,-0.15925464514691373,-0.22475621194841336,-0.15594918696702686,-0.26335354917123394,-0.15885932637450967
