id,x__autocorrelation__lag_1024,x__autocorrelation__lag_128,x__autocorrelation__lag_16384,x__autocorrelation__lag_2048,x__autocorrelation__lag_256,x__autocorrelation__lag_4096,x__autocorrelation__lag_512,x__autocorrelation__lag_8192
A,-0.1485665977294992,-0.2693950115050715,-0.14699387611115916,-0.14856045351901945,-0.19980464482408614,-0.14574770278285498,-0.2306722951888548,-0.14932547783495295
