id,x__autocorrelation__lag_1024,x__autocorrelation__lag_128,x__autocorrelation__lag_16384,x__autocorrelation__lag_2048,x__autocorrelation__lag_256,x__autocorrelation__lag_4096,x__autocorrelation__lag_512,x__autocorrelation__lag_8192
A,-0.1559772039237268,-0.2474962735571132,-0.14047730045245133,-0.14646000426833478,-0.18677846479898397,-0.14309432020891366,-0.18350466307473645,-0.14866989626518545
