id,x__autocorrelation__lag_1024,x__autocorrelation__lag_128,x__autocorrelation__lag_16384,x__autocorrelation__lag_2048,x__autocorrelation__lag_256,x__autocorrelation__lag_4096,x__autocorrelation__lag_512,x__autocorrelation__lag_8192
A,0.29428816300425803,-0.5767350301702633,0.29507331193272107,0.2976775963221509,0.28774261931304573,0.301185843155578,0.2931306362956603,0.3002659855556765
