id,x__autocorrelation__lag_1024,x__autocorrelation__lag_128,x__autocorrelation__lag_16384,x__autocorrelation__lag_2048,x__autocorrelation__lag_256,x__autocorrelation__lag_4096,x__autocorrelation__lag_512,x__autocorrelation__lag_8192
A,-0.17449705662561857,-0.267331804665731,-0.1715515786704188,-0.17252427553975633,-0.22598444803767614,-0.16893337581863227,-0.24971898355289263,-0.1716498994165296
