id,x__autocorrelation__lag_1024,x__autocorrelation__lag_128,x__autocorrelation__lag_16384,x__autocorrelation__lag_2048,x__autocorrelation__lag_256,x__autocorrelation__lag_4096,x__autocorrelation__lag_512,x__autocorrelation__lag_8192
A,0.5390779572473424,-0.6771706382844698,0.5282556739409222,0.5293377056568254,0.5530548854700525,0.5286547528399722,0.5510821833228744,0.5303571662946139
