id,x__autocorrelation__lag_1024,x__autocorrelation__lag_128,x__autocorrelation__lag_16384,x__autocorrelation__lag_2048,x__autocorrelation__lag_256,x__autocorrelation__lag_4096,x__autocorrelation__lag_512,x__autocorrelation__lag_8192
A,-0.21640967518123091,-0.025830170927139764,-0.21662416434764353,-0.22668020835985392,-0.28167018632426594,-0.21893063376131636,-0.3169698307379452,-0.22854477175794236
