id,x__autocorrelation__lag_1024,x__autocorrelation__lag_128,x__autocorrelation__lag_16384,x__autocorrelation__lag_2048,x__autocorrelation__lag_256,x__autocorrelation__lag_4096,x__autocorrelation__lag_512,x__autocorrelation__lag_8192
A,0.30407191921225263,-0.5603932952086417,0.3048517660638915,0.3144002945773185,0.28709841627286725,0.3154351516467414,0.2877239032021831,0.31767436616812983
