id,x__autocorrelation__lag_1024,x__autocorrelation__lag_128,x__autocorrelation__lag_16384,x__autocorrelation__lag_2048,x__autocorrelation__lag_256,x__autocorrelation__lag_4096,x__autocorrelation__lag_512,x__autocorrelation__lag_8192
A,0.5401808156670642,-0.6804538831016647,0.5284741416536113,0.5319855288009947,0.5535444005507746,0.5312133065241313,0.5509889763463286,0.5333851770927687
