id,x__autocorrelation__lag_1024,x__autocorrelation__lag_128,x__autocorrelation__lag_16384,x__autocorrelation__lag_2048,x__autocorrelation__lag_256,x__autocorrelation__lag_4096,x__autocorrelation__lag_512,x__autocorrelation__lag_8192
A,-0.20937114266264592,-0.22684148561014997,-0.19918618365583854,-0.2017520823015991,-0.26217716871160907,-0.19764744108242216,-0.29037348991457645,-0.20240285266662641
