id,x__autocorrelation__lag_1024,x__autocorrelation__lag_128,x__autocorrelation__lag_16384,x__autocorrelation__lag_2048,x__autocorrelation__lag_256,x__autocorrelation__lag_4096,x__autocorrelation__lag_512,x__autocorrelation__lag_8192
A,-0.10589827044896703,-0.2970537330888111,-0.14820316131275169,-0.15912320432244048,-0.1639667342691579,-0.15541701445963607,-0.27373572338736585,-0.1529763019868681
