id,x__autocorrelation__lag_1024,x__autocorrelation__lag_128,x__autocorrelation__lag_16384,x__autocorrelation__lag_2048,x__autocorrelation__lag_256,x__autocorrelation__lag_4096,x__autocorrelation__lag_512,x__autocorrelation__lag_8192
A,-0.13567496233493218,-0.3036491934668503,-0.13105110731856567,-0.13788718677709644,-0.18138516934068458,-0.1337239722994753,-0.20439942666768893,-0.13959545008624077
