id,x__autocorrelation__lag_1024,x__autocorrelation__lag_128,x__autocorrelation__lag_16384,x__autocorrelation__lag_2048,x__autocorrelation__lag_256,x__autocorrelation__lag_4096,x__autocorrelation__lag_512,x__autocorrelation__lag_8192
A,-0.10424222423130747,-0.2849662728588827,-0.11954634364499171,-0.12299271970475095,-0.17570464243379155,-0.11895452976095147,-0.2209839796516464,-0.12417289728502495
