id,x__autocorrelation__lag_1024,x__autocorrelation__lag_128,x__autocorrelation__lag_16384,x__autocorrelation__lag_2048,x__autocorrelation__lag_256,x__autocorrelation__lag_4096,x__autocorrelation__lag_512,x__autocorrelation__lag_8192
A,-0.027312238656029015,-0.23123229784191104,-0.11154969694776186,-0.06758226362980188,-0.1879176681616109,-0.09318028784175898,-0.14948015352610614,-0.08591862285169236
