id,x__autocorrelation__lag_1024,x__autocorrelation__lag_128,x__autocorrelation__lag_16384,x__autocorrelation__lag_2048,x__autocorrelation__lag_256,x__autocorrelation__lag_4096,x__autocorrelation__lag_512,x__autocorrelation__lag_8192
A,-0.1433165207101421,-0.2597511951149278,-0.13444125710299099,-0.14143363316844965,-0.18180464097834265,-0.1375002512592361,-0.1857654851450168,-0.1439062017504705
