id,x__autocorrelation__lag_1024,x__autocorrelation__lag_128,x__autocorrelation__lag_16384,x__autocorrelation__lag_2048,x__autocorrelation__lag_256,x__autocorrelation__lag_4096,x__autocorrelation__lag_512,x__autocorrelation__lag_8192
A,-0.13667052972039287,-0.27909875664439543,-0.1309522995615252,-0.13734033090738137,-0.1808056935924178,-0.1337225268847922,-0.1842440771462622,-0.13929681524299134
