id,x__autocorrelation__lag_1024,x__autocorrelation__lag_128,x__autocorrelation__lag_16384,x__autocorrelation__lag_2048,x__autocorrelation__lag_256,x__autocorrelation__lag_4096,x__autocorrelation__lag_512,x__autocorrelation__lag_8192
A,-0.21996430036722495,-0.055491509177581076,-0.21618607996965297,-0.23066694697197962,-0.28645680609887736,-0.2222026716146047,-0.31776179461163845,-0.23310273631594902
