id,x__autocorrelation__lag_1024,x__autocorrelation__lag_128,x__autocorrelation__lag_16384,x__autocorrelation__lag_2048,x__autocorrelation__lag_256,x__autocorrelation__lag_4096,x__autocorrelation__lag_512,x__autocorrelation__lag_8192
A,0.5694848808192389,-0.6770639854020624,0.5563065064199666,0.5598828648027734,0.5785990920145019,0.558876730769907,0.5729355775316582,0.561007531993516
