id,x__autocorrelation__lag_1024,x__autocorrelation__lag_128,x__autocorrelation__lag_16384,x__autocorrelation__lag_2048,x__autocorrelation__lag_256,x__autocorrelation__lag_4096,x__autocorrelation__lag_512,x__autocorrelation__lag_8192
A,-0.14583834785911515,-0.27158058965393983,-0.1490483061957801,-0.15085876340248738,-0.20229325611678972,-0.14751770577724824,-0.23710470830178987,-0.1518804150928233
