id,x__autocorrelation__lag_1024,x__autocorrelation__lag_128,x__autocorrelation__lag_16384,x__autocorrelation__lag_2048,x__autocorrelation__lag_256,x__autocorrelation__lag_4096,x__autocorrelation__lag_512,x__autocorrelation__lag_8192
A,0.07822612702714853,-0.5414700327004917,0.0816022854910734,0.07876671108337693,0.06752539318952673,0.08200293064771572,0.07837104674793145,0.08129862025440121
