id,x__autocorrelation__lag_1024,x__autocorrelation__lag_128,x__autocorrelation__lag_16384,x__autocorrelation__lag_2048,x__autocorrelation__lag_256,x__autocorrelation__lag_4096,x__autocorrelation__lag_512,x__autocorrelation__lag_8192
A,0.5329497526575322,-0.6586799439364857,0.5214983025529388,0.5232794738311207,0.5394578763602325,0.5223357287088918,0.538772845056302,0.5248542251538963
