id,x__autocorrelation__lag_1024,x__autocorrelation__lag_128,x__autocorrelation__lag_16384,x__autocorrelation__lag_2048,x__autocorrelation__lag_256,x__autocorrelation__lag_4096,x__autocorrelation__lag_512,x__autocorrelation__lag_8192
A,0.5712533502378545,-0.6879770173253209,0.5527558660436426,0.55872752701677,0.5810205290530503,0.5569757828741972,0.5772671627509818,0.5605610950841496
