id,x__autocorrelation__lag_1024,x__autocorrelation__lag_128,x__autocorrelation__lag_16384,x__autocorrelation__lag_2048,x__autocorrelation__lag_256,x__autocorrelation__lag_4096,x__autocorrelation__lag_512,x__autocorrelation__lag_8192
A,0.08769482636321047,-0.5643259829104934,0.10087384214239475,0.09780514943243354,0.08467448301728811,0.10062494278038182,0.0927865704684958,0.09961008707620546
