id,x__autocorrelation__lag_1024,x__autocorrelation__lag_128,x__autocorrelation__lag_16384,x__autocorrelation__lag_2048,x__autocorrelation__lag_256,x__autocorrelation__lag_4096,x__autocorrelation__lag_512,x__autocorrelation__lag_8192
A,0.12913193816701857,-0.5701259208832326,0.139958611800372,0.13782688251879482,0.12760995719335816,0.141678313778676,0.13670340414417723,0.13963702467041392
