id,x__autocorrelation__lag_1024,x__autocorrelation__lag_128,x__autocorrelation__lag_16384,x__autocorrelation__lag_2048,x__autocorrelation__lag_256,x__autocorrelation__lag_4096,x__autocorrelation__lag_512,x__autocorrelation__lag_8192
A,-0.1879664733200213,-0.1387885811854053,-0.1893171016540843,-0.19128541768427026,-0.24290330938594368,-0.18701180812908935,-0.2812847345817714,-0.1915174810042982
