id,x__autocorrelation__lag_1024,x__autocorrelation__lag_128,x__autocorrelation__lag_16384,x__autocorrelation__lag_2048,x__autocorrelation__lag_256,x__autocorrelation__lag_4096,x__autocorrelation__lag_512,x__autocorrelation__lag_8192
A,-0.3496456088932048,-0.36007022842475656,-0.3434918531664692,-0.3586300122284397,-0.37186716967411126,-0.34708968916307265,-0.38311830916454453,-0.3481568885151629
