id,x__autocorrelation__lag_1024,x__autocorrelation__lag_128,x__autocorrelation__lag_16384,x__autocorrelation__lag_2048,x__autocorrelation__lag_256,x__autocorrelation__lag_4096,x__autocorrelation__lag_512,x__autocorrelation__lag_8192
A,0.5435906897467988,-0.7215221975102944,0.5370118978414061,0.5396235195919638,0.5515883779823186,0.5397074047057167,0.5593695785961571,0.5410873115586993
