id,x__autocorrelation__lag_1024,x__autocorrelation__lag_128,x__autocorrelation__lag_16384,x__autocorrelation__lag_2048,x__autocorrelation__lag_256,x__autocorrelation__lag_4096,x__autocorrelation__lag_512,x__autocorrelation__lag_8192
A,-0.23107882314215913,-0.14031727691812354,-0.22513831165569234,-0.22595040322304852,-0.28975556462452245,-0.22166692446364752,-0.3099232001922833,-0.225531674647661
