id,x__autocorrelation__lag_1024,x__autocorrelation__lag_128,x__autocorrelation__lag_16384,x__autocorrelation__lag_2048,x__autocorrelation__lag_256,x__autocorrelation__lag_4096,x__autocorrelation__lag_512,x__autocorrelation__lag_8192
A,0.5193919441294078,-0.7028253005768413,0.5183025997440887,0.519784026924856,0.5340442049500869,0.5202519073775986,0.5402658804918841,0.5202644409525282
