id,x__autocorrelation__lag_1024,x__autocorrelation__lag_128,x__autocorrelation__lag_16384,x__autocorrelation__lag_2048,x__autocorrelation__lag_256,x__autocorrelation__lag_4096,x__autocorrelation__lag_512,x__autocorrelation__lag_8192
A,-0.20360778357666762,-0.054540631435109045,-0.22365450299602743,-0.2497243174343543,-0.29622126739863075,-0.23908569847372943,-0.33351795890912217,-0.2546269366166939
