id,x__autocorrelation__lag_1024,x__autocorrelation__lag_128,x__autocorrelation__lag_16384,x__autocorrelation__lag_2048,x__autocorrelation__lag_256,x__autocorrelation__lag_4096,x__autocorrelation__lag_512,x__autocorrelation__lag_8192
A,-0.1648260061863012,-0.26680907765171774,-0.16356896990375425,-0.16698174918389985,-0.2225492634571426,-0.1635221441628637,-0.24925924288653756,-0.16678686216607516
