id,x__autocorrelation__lag_1024,x__autocorrelation__lag_128,x__autocorrelation__lag_16384,x__autocorrelation__lag_2048,x__autocorrelation__lag_256,x__autocorrelation__lag_4096,x__autocorrelation__lag_512,x__autocorrelation__lag_8192
A,-0.21485652971950017,-0.04668854882512992,-0.21599799885195825,-0.2159819630558725,-0.2795192804420666,-0.2116701213124304,-0.3101872998006493,-0.2154887330658676
