id,x__autocorrelation__lag_1024,x__autocorrelation__lag_128,x__autocorrelation__lag_16384,x__autocorrelation__lag_2048,x__autocorrelation__lag_256,x__autocorrelation__lag_4096,x__autocorrelation__lag_512,x__autocorrelation__lag_8192
A,-0.23246792448407191,-0.05028094846335246,-0.22856450539866255,-0.23459919577223173,-0.295419230689706,-0.2283783820338289,-0.3214879976531486,-0.23616296080235732
