id,x__autocorrelation__lag_1024,x__autocorrelation__lag_128,x__autocorrelation__lag_16384,x__autocorrelation__lag_2048,x__autocorrelation__lag_256,x__autocorrelation__lag_4096,x__autocorrelation__lag_512,x__autocorrelation__lag_8192
A,0.5715126482428682,-0.6963653106337884,0.5579914072358326,0.5604091312314643,0.5861206392661403,0.5595247598875968,0.5835271129882686,0.5615779620086127
