id,x__autocorrelation__lag_1024,x__autocorrelation__lag_128,x__autocorrelation__lag_16384,x__autocorrelation__lag_2048,x__autocorrelation__lag_256,x__autocorrelation__lag_4096,x__autocorrelation__lag_512,x__autocorrelation__lag_8192
A,-0.11925604733796515,-0.2494712801797992,-0.14170339059215314,-0.1368180359112679,-0.17179196483697534,-0.1399006406001845,-0.2521445637583201,-0.13306209777182706
