id,x__autocorrelation__lag_1024,x__autocorrelation__lag_128,x__autocorrelation__lag_16384,x__autocorrelation__lag_2048,x__autocorrelation__lag_256,x__autocorrelation__lag_4096,x__autocorrelation__lag_512,x__autocorrelation__lag_8192
A,-0.12003710090832641,-0.264055260444777,-0.11434255980744872,-0.1200076228616291,-0.16182992542226002,-0.1163899684567727,-0.17237839994991877,-0.12192677109734221
