id,x__autocorrelation__lag_1024,x__autocorrelation__lag_128,x__autocorrelation__lag_16384,x__autocorrelation__lag_2048,x__autocorrelation__lag_256,x__autocorrelation__lag_4096,x__autocorrelation__lag_512,x__autocorrelation__lag_8192
A,-0.12301279091748163,-0.2422009032825627,-0.1269124827847042,-0.1317520771719268,-0.1925616211238514,-0.12763121434281957,-0.23229157218365032,-0.13340289846381964
