id,x__autocorrelation__lag_1024,x__autocorrelation__lag_128,x__autocorrelation__lag_16384,x__autocorrelation__lag_2048,x__autocorrelation__lag_256,x__autocorrelation__lag_4096,x__autocorrelation__lag_512,x__autocorrelation__lag_8192
A,-0.1386293835084878,-0.27085006058117916,-0.13961455676893522,-0.1437289770564913,-0.19812782109273844,-0.1400417188001539,-0.23161426067709479,-0.14456874422574392
