id,x__autocorrelation__lag_1024,x__autocorrelation__lag_128,x__autocorrelation__lag_16384,x__autocorrelation__lag_2048,x__autocorrelation__lag_256,x__autocorrelation__lag_4096,x__autocorrelation__lag_512,x__autocorrelation__lag_8192
A,-0.19279902768214782,-0.034763347247245696,-0.20706587814342914,-0.23602107065852979,-0.2850819107208799,-0.2231567069022874,-0.3305657744255621,-0.24297084740821753
