id,x__autocorrelation__lag_1024,x__autocorrelation__lag_128,x__autocorrelation__lag_16384,x__autocorrelation__lag_2048,x__autocorrelation__lag_256,x__autocorrelation__lag_4096,x__autocorrelation__lag_512,x__autocorrelation__lag_8192
A,0.5691391158998702,-0.6912069377152213,0.5517058674825387,0.5563591415360236,0.5795919845899705,0.5549933369498671,0.5756567482105966,0.5575743477869419
