id,x__autocorrelation__lag_1024,x__autocorrelation__lag_128,x__autocorrelation__lag_16384,x__autocorrelation__lag_2048,x__autocorrelation__lag_256,x__autocorrelation__lag_4096,x__autocorrelation__lag_512,x__autocorrelation__lag_8192
A,-0.13493973331710662,-0.2762564604943084,-0.1267628335274843,-0.13250618551940418,-0.18132508748586137,-0.129956628166933,-0.18705888147247857,-0.13398533914094218
