id,x__autocorrelation__lag_1024,x__autocorrelation__lag_128,x__autocorrelation__lag_16384,x__autocorrelation__lag_2048,x__autocorrelation__lag_256,x__autocorrelation__lag_4096,x__autocorrelation__lag_512,x__autocorrelation__lag_8192
A,-0.1359142350282227,-0.2469651870251225,-0.13700043231548406,-0.13955037541581483,-0.19562050917118928,-0.13578862566732128,-0.23047693878677503,-0.14076441036041257
