id,x__autocorrelation__lag_1024,x__autocorrelation__lag_128,x__autocorrelation__lag_16384,x__autocorrelation__lag_2048,x__autocorrelation__lag_256,x__autocorrelation__lag_4096,x__autocorrelation__lag_512,x__autocorrelation__lag_8192
A,-0.11407533296526144,-0.2913596828734389,-0.12290116391884062,-0.12630994688913,-0.1711549202466244,-0.12349489214476189,-0.1980441672338647,-0.12650476584243908
