id,x__autocorrelation__lag_1024,x__autocorrelation__lag_128,x__autocorrelation__lag_16384,x__autocorrelation__lag_2048,x__autocorrelation__lag_256,x__autocorrelation__lag_4096,x__autocorrelation__lag_512,x__autocorrelation__lag_8192
A,0.49037765775916303,-0.6791480663492164,0.4770402147953499,0.4873921629361568,0.4944757552261644,0.4848242007574509,0.5055234399253256,0.49043955952552376
