id,x__autocorrelation__lag_1024,x__autocorrelation__lag_128,x__autocorrelation__lag_16384,x__autocorrelation__lag_2048,x__autocorrelation__lag_256,x__autocorrelation__lag_4096,x__autocorrelation__lag_512,x__autocorrelation__lag_8192
A,-0.11596526677974368,-0.30523883173847505,-0.1175156428758958,-0.12049435035971554,-0.16867059619071856,-0.1177213845726277,-0.18959147925869232,-0.12069192766754729
