id,x__autocorrelation__lag_1024,x__autocorrelation__lag_128,x__autocorrelation__lag_16384,x__autocorrelation__lag_2048,x__autocorrelation__lag_256,x__autocorrelation__lag_4096,x__autocorrelation__lag_512,x__autocorrelation__lag_8192
A,-0.10662195009125972,-0.2991339355337886,-0.10844736575624622,-0.11489790820500288,-0.1569811090339455,-0.11081024739643333,-0.18458845143728092,-0.11641355203061463
