id,x__autocorrelation__lag_1024,x__autocorrelation__lag_128,x__autocorrelation__lag_16384,x__autocorrelation__lag_2048,x__autocorrelation__lag_256,x__autocorrelation__lag_4096,x__autocorrelation__lag_512,x__autocorrelation__lag_8192
A,-0.21488438564050583,-0.04262615061273219,-0.26630886324640246,-0.2831253921068919,-0.273383334425433,-0.2730908195293762,-0.4179687378058223,-0.286121662746247
