id,x__autocorrelation__lag_1024,x__autocorrelation__lag_128,x__autocorrelation__lag_16384,x__autocorrelation__lag_2048,x__autocorrelation__lag_256,x__autocorrelation__lag_4096,x__autocorrelation__lag_512,x__autocorrelation__lag_8192
A,-0.10088243841370692,-0.26184184658743687,-0.11981965431855607,-0.12510852961016145,-0.17103158478551383,-0.12100591005890407,-0.21983797471924849,-0.1266835694541268
