id,x__autocorrelation__lag_1024,x__autocorrelation__lag_128,x__autocorrelation__lag_16384,x__autocorrelation__lag_2048,x__autocorrelation__lag_256,x__autocorrelation__lag_4096,x__autocorrelation__lag_512,x__autocorrelation__lag_8192
A,-0.18519486183744585,-0.07062180967351345,-0.199844777944779,-0.22625812650614843,-0.2745876871793603,-0.21431721513218116,-0.31205466172342694,-0.23318554693058252
