id,x__autocorrelation__lag_1024,x__autocorrelation__lag_128,x__autocorrelation__lag_16384,x__autocorrelation__lag_2048,x__autocorrelation__lag_256,x__autocorrelation__lag_4096,x__autocorrelation__lag_512,x__autocorrelation__lag_8192
A,-0.12933915770445675,-0.2230684939549151,-0.13072086967960772,-0.13789534975389237,-0.16773010386340323,-0.13817485079548744,-0.24478428160368484,-0.12940593645575404
