id,x__autocorrelation__lag_1024,x__autocorrelation__lag_128,x__autocorrelation__lag_16384,x__autocorrelation__lag_2048,x__autocorrelation__lag_256,x__autocorrelation__lag_4096,x__autocorrelation__lag_512,x__autocorrelation__lag_8192
A,0.1463179993571008,-0.5764693683905551,0.1580579890306214,0.15744388566961875,0.13676400907632055,0.16016542672498663,0.1482441785104725,0.15914809806635585
