id,x__autocorrelation__lag_1024,x__autocorrelation__lag_128,x__autocorrelation__lag_16384,x__autocorrelation__lag_2048,x__autocorrelation__lag_256,x__autocorrelation__lag_4096,x__autocorrelation__lag_512,x__autocorrelation__lag_8192
A,-0.10240017749469048,-0.2925248816740538,-0.11773754089720741,-0.12505032267164384,-0.17029927252348603,-0.12384059157919936,-0.2140834982538506,-0.12140167105009768
