id,x__autocorrelation__lag_1024,x__autocorrelation__lag_128,x__autocorrelation__lag_16384,x__autocorrelation__lag_2048,x__autocorrelation__lag_256,x__autocorrelation__lag_4096,x__autocorrelation__lag_512,x__autocorrelation__lag_8192
A,-0.12511865225857927,-0.28152919029445367,-0.13389528838258133,-0.13612892487938644,-0.18882510133282693,-0.13331478194923757,-0.2223038619037348,-0.13686219556136497
