id,x__autocorrelation__lag_1024,x__autocorrelation__lag_128,x__autocorrelation__lag_16384,x__autocorrelation__lag_2048,x__autocorrelation__lag_256,x__autocorrelation__lag_4096,x__autocorrelation__lag_512,x__autocorrelation__lag_8192
A,-0.09391509966565288,-0.047025235962261075,-0.20411001604732362,-0.22906940064887282,-0.25177202691771194,-0.21239096643606806,-0.2950001180832952,-0.2293374738731475
