id,x__autocorrelation__lag_1024,x__autocorrelation__lag_128,x__autocorrelation__lag_16384,x__autocorrelation__lag_2048,x__autocorrelation__lag_256,x__autocorrelation__lag_4096,x__autocorrelation__lag_512,x__autocorrelation__lag_8192
A,-0.11050024870736824,-0.28699495906857947,-0.11460510139372602,-0.1197473201262475,-0.16756899961221877,-0.11547953097934935,-0.1992255431784139,-0.12094216948052969
