id,x__autocorrelation__lag_1024,x__autocorrelation__lag_128,x__autocorrelation__lag_16384,x__autocorrelation__lag_2048,x__autocorrelation__lag_256,x__autocorrelation__lag_4096,x__autocorrelation__lag_512,x__autocorrelation__lag_8192
A,-0.12969385123783095,-0.2797435948709521,-0.13270280269209986,-0.1356760194249496,-0.18950186883124068,-0.13255565103542552,-0.22339500903682832,-0.13622619432738756
