id,x__autocorrelation__lag_1024,x__autocorrelation__lag_128,x__autocorrelation__lag_16384,x__autocorrelation__lag_2048,x__autocorrelation__lag_256,x__autocorrelation__lag_4096,x__autocorrelation__lag_512,x__autocorrelation__lag_8192
A,0.5921090589117257,-0.7331129272429259,0.5785032069995127,0.584855651245627,0.6053388290065143,0.583343068102842,0.6033078188214696,0.5862620399100863
