id,x__autocorrelation__lag_1024,x__autocorrelation__lag_128,x__autocorrelation__lag_16384,x__autocorrelation__lag_2048,x__autocorrelation__lag_256,x__autocorrelation__lag_4096,x__autocorrelation__lag_512,x__autocorrelation__lag_8192
A,-0.2076333512037069,-0.2460105739282801,-0.19353926275091232,-0.1975685464302009,-0.2576546724760001,-0.19376531623303947,-0.2689775595298214,-0.19756148956883035
