id,x__autocorrelation__lag_1024,x__autocorrelation__lag_128,x__autocorrelation__lag_16384,x__autocorrelation__lag_2048,x__autocorrelation__lag_256,x__autocorrelation__lag_4096,x__autocorrelation__lag_512,x__autocorrelation__lag_8192
A,-0.11078323963793173,-0.2790915346889689,-0.08602521430673256,-0.127003560035216,-0.1659061676080626,-0.08629221738899238,-0.22798675461941972,-0.0851043135071268
