id,x__autocorrelation__lag_1024,x__autocorrelation__lag_128,x__autocorrelation__lag_16384,x__autocorrelation__lag_2048,x__autocorrelation__lag_256,x__autocorrelation__lag_4096,x__autocorrelation__lag_512,x__autocorrelation__lag_8192
A,-0.12840491933331574,-0.29360803913291816,-0.13332877905859417,-0.14007869488061866,-0.18282233551047572,-0.13641035439536253,-0.20760713989508886,-0.1423966348526921
