id,x__autocorrelation__lag_1024,x__autocorrelation__lag_128,x__autocorrelation__lag_16384,x__autocorrelation__lag_2048,x__autocorrelation__lag_256,x__autocorrelation__lag_4096,x__autocorrelation__lag_512,x__autocorrelation__lag_8192
A,-0.1401044289625835,-0.3173481953341351,-0.13806314723113636,-0.16909264122611928,-0.17454001658328733,-0.15738998679615987,-0.21136393368336212,-0.15311873185172997
