id,x__autocorrelation__lag_1024,x__autocorrelation__lag_128,x__autocorrelation__lag_16384,x__autocorrelation__lag_2048,x__autocorrelation__lag_256,x__autocorrelation__lag_4096,x__autocorrelation__lag_512,x__autocorrelation__lag_8192
A,-0.2064112541242252,-0.1373550061785811,-0.20202088973110982,-0.20405274941495916,-0.2663398892147031,-0.19966028552691836,-0.2973370284112552,-0.20444011028354142
