id,x__autocorrelation__lag_1024,x__autocorrelation__lag_128,x__autocorrelation__lag_16384,x__autocorrelation__lag_2048,x__autocorrelation__lag_256,x__autocorrelation__lag_4096,x__autocorrelation__lag_512,x__autocorrelation__lag_8192
A,0.5773592157133433,-0.7019786504293809,0.5607221354468963,0.5654740918661255,0.5871029525760579,0.5642633791615057,0.58481549342802,0.5667394430489108
