id,x__autocorrelation__lag_1024,x__autocorrelation__lag_128,x__autocorrelation__lag_16384,x__autocorrelation__lag_2048,x__autocorrelation__lag_256,x__autocorrelation__lag_4096,x__autocorrelation__lag_512,x__autocorrelation__lag_8192
A,-0.18566923206720595,-0.2021797347329988,-0.18495107772489683,-0.18764830528243162,-0.24865358365433446,-0.18415961782417967,-0.2789475922262674,-0.1888790952070302
