id,x__autocorrelation__lag_1024,x__autocorrelation__lag_128,x__autocorrelation__lag_16384,x__autocorrelation__lag_2048,x__autocorrelation__lag_256,x__autocorrelation__lag_4096,x__autocorrelation__lag_512,x__autocorrelation__lag_8192
A,-0.23025477925727225,-0.17394712081008967,-0.3154056622204124,-0.31689285824556146,-0.2603420418775463,-0.31504709780716744,-0.43919259482128403,-0.3124613849892231
