id,x__autocorrelation__lag_1024,x__autocorrelation__lag_128,x__autocorrelation__lag_16384,x__autocorrelation__lag_2048,x__autocorrelation__lag_256,x__autocorrelation__lag_4096,x__autocorrelation__lag_512,x__autocorrelation__lag_8192
A,-0.13829012746679165,-0.3205736497595034,-0.1439891938016657,-0.147822445531874,-0.19144003624292164,-0.1447929898812635,-0.2083071947590889,-0.14858255907394574
