id,x__autocorrelation__lag_1024,x__autocorrelation__lag_128,x__autocorrelation__lag_16384,x__autocorrelation__lag_2048,x__autocorrelation__lag_256,x__autocorrelation__lag_4096,x__autocorrelation__lag_512,x__autocorrelation__lag_8192
A,-0.12866404064175596,-0.3111924294138834,-0.13123218588476918,-0.13455940581804776,-0.18902157456873298,-0.13047244473548944,-0.2215950773092619,-0.1356820292480044
