id,x__autocorrelation__lag_1024,x__autocorrelation__lag_128,x__autocorrelation__lag_16384,x__autocorrelation__lag_2048,x__autocorrelation__lag_256,x__autocorrelation__lag_4096,x__autocorrelation__lag_512,x__autocorrelation__lag_8192
A,-0.22635198356675085,-0.15239331635977302,-0.22235604949675056,-0.22087938955471748,-0.28624533845118144,-0.2181463325681472,-0.3074736539206436,-0.2196080433706648
