id,x__autocorrelation__lag_1024,x__autocorrelation__lag_128,x__autocorrelation__lag_16384,x__autocorrelation__lag_2048,x__autocorrelation__lag_256,x__autocorrelation__lag_4096,x__autocorrelation__lag_512,x__autocorrelation__lag_8192
A,0.477306262555029,-0.691033232182931,0.48164785993897086,0.4802129688159805,0.49688117605155807,0.48157805466756276,0.5017542871092951,0.4798913852736038
