id,x__autocorrelation__lag_1024,x__autocorrelation__lag_128,x__autocorrelation__lag_16384,x__autocorrelation__lag_2048,x__autocorrelation__lag_256,x__autocorrelation__lag_4096,x__autocorrelation__lag_512,x__autocorrelation__lag_8192
A,0.5765800248495889,-0.6749974663335235,0.5626023334612432,0.564851140074025,0.5847145098863078,0.5643598182788292,0.576193002536798,0.5656345555681387
