id,x__autocorrelation__lag_1024,x__autocorrelation__lag_128,x__autocorrelation__lag_16384,x__autocorrelation__lag_2048,x__autocorrelation__lag_256,x__autocorrelation__lag_4096,x__autocorrelation__lag_512,x__autocorrelation__lag_8192
A,0.5595690076914055,-0.6676751764622525,0.5479208346945752,0.5496585002766353,0.5684369698941472,0.548825546905993,0.5611624336192593,0.5508819481436108
