id,x__autocorrelation__lag_1024,x__autocorrelation__lag_128,x__autocorrelation__lag_16384,x__autocorrelation__lag_2048,x__autocorrelation__lag_256,x__autocorrelation__lag_4096,x__autocorrelation__lag_512,x__autocorrelation__lag_8192
A,-0.1975813969825984,-0.08849745849709004,-0.19819325909001329,-0.19732615635778633,-0.26228857546059015,-0.19335603389756353,-0.29398048025684537,-0.19685455562751816
