id,x__autocorrelation__lag_1024,x__autocorrelation__lag_128,x__autocorrelation__lag_16384,x__autocorrelation__lag_2048,x__autocorrelation__lag_256,x__autocorrelation__lag_4096,x__autocorrelation__lag_512,x__autocorrelation__lag_8192
A,-0.09432147380041676,-0.29326586942856875,-0.13880984508410532,-0.14765503794037094,-0.1531363048370136,-0.14597926731033814,-0.26706385639865815,-0.13975540303236578
