id,x__autocorrelation__lag_1024,x__autocorrelation__lag_128,x__autocorrelation__lag_16384,x__autocorrelation__lag_2048,x__autocorrelation__lag_256,x__autocorrelation__lag_4096,x__autocorrelation__lag_512,x__autocorrelation__lag_8192
A,-0.2245260929909379,-0.0347178937792929,-0.22558748239837478,-0.23106882076114355,-0.29098222397481166,-0.22486191104234102,-0.3236295308002495,-0.23223350449331276
