id,x__autocorrelation__lag_1024,x__autocorrelation__lag_128,x__autocorrelation__lag_16384,x__autocorrelation__lag_2048,x__autocorrelation__lag_256,x__autocorrelation__lag_4096,x__autocorrelation__lag_512,x__autocorrelation__lag_8192
A,-0.19982479965824765,-0.22453797238955545,-0.19505235081204683,-0.19926774791731697,-0.23508533038134247,-0.1971684795130097,-0.24016393364314942,-0.20104619927508796
