id,x__autocorrelation__lag_1024,x__autocorrelation__lag_128,x__autocorrelation__lag_16384,x__autocorrelation__lag_2048,x__autocorrelation__lag_256,x__autocorrelation__lag_4096,x__autocorrelation__lag_512,x__autocorrelation__lag_8192
A,-0.15652198631379685,-0.21090563820063868,-0.15181210193163938,-0.157921270811102,-0.19461943357946176,-0.15485454857248884,-0.20260165647251827,-0.16046766894412615
