id,x__autocorrelation__lag_1024,x__autocorrelation__lag_128,x__autocorrelation__lag_16384,x__autocorrelation__lag_2048,x__autocorrelation__lag_256,x__autocorrelation__lag_4096,x__autocorrelation__lag_512,x__autocorrelation__lag_8192
A,-0.18772506123121377,-0.13356126524250975,-0.18881559870538686,-0.18983275364538924,-0.2516916068008408,-0.18630684052981955,-0.2841971226369371,-0.1900733521970934
