id,x__autocorrelation__lag_1024,x__autocorrelation__lag_128,x__autocorrelation__lag_16384,x__autocorrelation__lag_2048,x__autocorrelation__lag_256,x__autocorrelation__lag_4096,x__autocorrelation__lag_512,x__autocorrelation__lag_8192
A,-0.2109507900228542,-0.3432295815886025,-0.2234066817897492,-0.27999690303646724,-0.23046812471221112,-0.24069087869803016,-0.335350545450283,-0.2369633344999846
