id,x__autocorrelation__lag_1024,x__autocorrelation__lag_128,x__autocorrelation__lag_16384,x__autocorrelation__lag_2048,x__autocorrelation__lag_256,x__autocorrelation__lag_4096,x__autocorrelation__lag_512,x__autocorrelation__lag_8192
A,-0.05388201108998237,-0.042817325154908305,-0.15078045680316599,-0.1625776173147765,-0.21702390058264598,-0.1552018179346361,-0.2576950711945549,-0.15986136303444268
