id,x__autocorrelation__lag_1024,x__autocorrelation__lag_128,x__autocorrelation__lag_16384,x__autocorrelation__lag_2048,x__autocorrelation__lag_256,x__autocorrelation__lag_4096,x__autocorrelation__lag_512,x__autocorrelation__lag_8192
A,-0.19894881840949097,-0.14773690622579527,-0.19769384359742131,-0.198625321818677,-0.25743333995492984,-0.19450966726843694,-0.29006015632530474,-0.19953104610896633
