id,x__autocorrelation__lag_1024,x__autocorrelation__lag_128,x__autocorrelation__lag_16384,x__autocorrelation__lag_2048,x__autocorrelation__lag_256,x__autocorrelation__lag_4096,x__autocorrelation__lag_512,x__autocorrelation__lag_8192
A,-0.19013913882358707,-0.345545569502581,-0.18914111447114476,-0.2230923663309414,-0.2050277330559596,-0.2051983904314364,-0.2626854736831467,-0.198164629869991
