id,x__autocorrelation__lag_1024,x__autocorrelation__lag_128,x__autocorrelation__lag_16384,x__autocorrelation__lag_2048,x__autocorrelation__lag_256,x__autocorrelation__lag_4096,x__autocorrelation__lag_512,x__autocorrelation__lag_8192
A,-0.227951589171307,-0.04006233316762527,-0.21876954381626984,-0.2326093085036652,-0.2935144403637319,-0.22406032794279318,-0.32188141231378564,-0.23581160939482843
