id,x__autocorrelation__lag_1024,x__autocorrelation__lag_128,x__autocorrelation__lag_16384,x__autocorrelation__lag_2048,x__autocorrelation__lag_256,x__autocorrelation__lag_4096,x__autocorrelation__lag_512,x__autocorrelation__lag_8192
A,-0.16558001038670536,-0.31702074502614813,-0.16395203707676356,-0.1640771511846307,-0.21335398181351403,-0.1620163155588214,-0.22697961890984908,-0.16337647592659402
