id,x__autocorrelation__lag_1024,x__autocorrelation__lag_128,x__autocorrelation__lag_16384,x__autocorrelation__lag_2048,x__autocorrelation__lag_256,x__autocorrelation__lag_4096,x__autocorrelation__lag_512,x__autocorrelation__lag_8192
A,0.3266328941074369,-0.5693656239624212,0.3297129276215903,0.33237963893797584,0.3170611251480557,0.33545051454285396,0.31987413214254656,0.3330751707708333
