id,x__autocorrelation__lag_1024,x__autocorrelation__lag_128,x__autocorrelation__lag_16384,x__autocorrelation__lag_2048,x__autocorrelation__lag_256,x__autocorrelation__lag_4096,x__autocorrelation__lag_512,x__autocorrelation__lag_8192
A,-0.09208861826288738,-0.2964413132283651,-0.1447160026464544,-0.15746064013889718,-0.16115222065954582,-0.15030036265753427,-0.26919499237111516,-0.14556869621984395
