id,x__autocorrelation__lag_1024,x__autocorrelation__lag_128,x__autocorrelation__lag_16384,x__autocorrelation__lag_2048,x__autocorrelation__lag_256,x__autocorrelation__lag_4096,x__autocorrelation__lag_512,x__autocorrelation__lag_8192
A,-0.4122628716012935,-0.3828192724179736,-0.41919609569381444,-0.4261976969013277,-0.42338129502900157,-0.4134384789938765,-0.4442916805559416,-0.41728046638427047
