id,x__autocorrelation__lag_1024,x__autocorrelation__lag_128,x__autocorrelation__lag_16384,x__autocorrelation__lag_2048,x__autocorrelation__lag_256,x__autocorrelation__lag_4096,x__autocorrelation__lag_512,x__autocorrelation__lag_8192
A,-0.23656665623342196,-0.07222040996239315,-0.2628091506132998,-0.2738806747207364,-0.2498350516991189,-0.27082373359855855,-0.41784342652859846,-0.26984354971715896
