id,x__autocorrelation__lag_1024,x__autocorrelation__lag_128,x__autocorrelation__lag_16384,x__autocorrelation__lag_2048,x__autocorrelation__lag_256,x__autocorrelation__lag_4096,x__autocorrelation__lag_512,x__autocorrelation__lag_8192
A,0.5546020205174633,-0.6733565671714749,0.5385919564238989,0.5417458583917781,0.5692463691857881,0.5408504878897742,0.5635339366587702,0.5432117309651896
