id,x__autocorrelation__lag_1024,x__autocorrelation__lag_128,x__autocorrelation__lag_16384,x__autocorrelation__lag_2048,x__autocorrelation__lag_256,x__autocorrelation__lag_4096,x__autocorrelation__lag_512,x__autocorrelation__lag_8192
A,-0.13140364107747815,-0.28125461218542464,-0.12334006894427177,-0.12987466666477515,-0.1725078500539506,-0.12639524388081502,-0.18002348568517335,-0.13205702833138122
