id,x__autocorrelation__lag_1024,x__autocorrelation__lag_128,x__autocorrelation__lag_16384,x__autocorrelation__lag_2048,x__autocorrelation__lag_256,x__autocorrelation__lag_4096,x__autocorrelation__lag_512,x__autocorrelation__lag_8192
A,-0.15071230871602476,-0.24433154493679834,-0.1482004286091552,-0.15137793062718183,-0.2095532422825954,-0.14683732272833214,-0.23705151544683858,-0.15160435456402263
