id,x__autocorrelation__lag_1024,x__autocorrelation__lag_128,x__autocorrelation__lag_16384,x__autocorrelation__lag_2048,x__autocorrelation__lag_256,x__autocorrelation__lag_4096,x__autocorrelation__lag_512,x__autocorrelation__lag_8192
A,-0.2310252409587644,-0.04435268491057512,-0.2311632401462403,-0.23169609185230866,-0.2977945475537952,-0.2269096882994498,-0.3298617129516813,-0.2324838554438147
