id,x__autocorrelation__lag_1024,x__autocorrelation__lag_128,x__autocorrelation__lag_16384,x__autocorrelation__lag_2048,x__autocorrelation__lag_256,x__autocorrelation__lag_4096,x__autocorrelation__lag_512,x__autocorrelation__lag_8192
A,0.5370968698798394,-0.6551189794702903,0.5239297316985478,0.5262867548151301,0.5496640670329828,0.5252356453784035,0.5439327992939438,0.5276107668849542
