id,x__autocorrelation__lag_1024,x__autocorrelation__lag_128,x__autocorrelation__lag_16384,x__autocorrelation__lag_2048,x__autocorrelation__lag_256,x__autocorrelation__lag_4096,x__autocorrelation__lag_512,x__autocorrelation__lag_8192
A,-0.21475043069209515,-0.06098663658289008,-0.21653445372896146,-0.23844355570708908,-0.29373697593934606,-0.22770038559888078,-0.3262049952066402,-0.24341410068746683
