id,x__autocorrelation__lag_1024,x__autocorrelation__lag_128,x__autocorrelation__lag_16384,x__autocorrelation__lag_2048,x__autocorrelation__lag_256,x__autocorrelation__lag_4096,x__autocorrelation__lag_512,x__autocorrelation__lag_8192
A,0.5573145467098687,-0.7400587173062074,0.5527726984329538,0.5541160668149212,0.5855489368660305,0.5542533815720441,0.5858814852475004,0.5548859371660381
