id,x__autocorrelation__lag_1024,x__autocorrelation__lag_128,x__autocorrelation__lag_16384,x__autocorrelation__lag_2048,x__autocorrelation__lag_256,x__autocorrelation__lag_4096,x__autocorrelation__lag_512,x__autocorrelation__lag_8192
A,-0.09742016097060413,-0.27956204167884796,-0.1376503459549969,-0.15095310395140746,-0.15865826710767758,-0.14583792313912214,-0.27572129734236145,-0.14114155752362514
