id,x__autocorrelation__lag_1024,x__autocorrelation__lag_128,x__autocorrelation__lag_16384,x__autocorrelation__lag_2048,x__autocorrelation__lag_256,x__autocorrelation__lag_4096,x__autocorrelation__lag_512,x__autocorrelation__lag_8192
A,-0.21794112406867924,-0.2641023677864211,-0.20698106516233386,-0.20993982011549017,-0.2663096517952924,-0.20663441238085334,-0.2831761391474445,-0.21081247947043502
