id,x__autocorrelation__lag_1024,x__autocorrelation__lag_128,x__autocorrelation__lag_16384,x__autocorrelation__lag_2048,x__autocorrelation__lag_256,x__autocorrelation__lag_4096,x__autocorrelation__lag_512,x__autocorrelation__lag_8192
A,-0.15829936880407752,-0.2724656316825673,-0.1495029926100293,-0.15467598724656262,-0.19927373943995771,-0.15130454030577845,-0.20310363580637522,-0.15596963213337764
