id,x__autocorrelation__lag_1024,x__autocorrelation__lag_128,x__autocorrelation__lag_16384,x__autocorrelation__lag_2048,x__autocorrelation__lag_256,x__autocorrelation__lag_4096,x__autocorrelation__lag_512,x__autocorrelation__lag_8192
A,-0.09778153685157065,-0.2732351380069913,-0.11118202729383121,-0.1129384142561294,-0.169188203996435,-0.1098817812252015,-0.20889177436848091,-0.11372989376881261
