id,x__autocorrelation__lag_1024,x__autocorrelation__lag_128,x__autocorrelation__lag_16384,x__autocorrelation__lag_2048,x__autocorrelation__lag_256,x__autocorrelation__lag_4096,x__autocorrelation__lag_512,x__autocorrelation__lag_8192
A,-0.06280684872830061,-0.010621343139404623,-0.1581260515388197,-0.21210627147186678,-0.23078228606958112,-0.1992420059273309,-0.3015137662564803,-0.2228489424236111
