id,x__autocorrelation__lag_1024,x__autocorrelation__lag_128,x__autocorrelation__lag_16384,x__autocorrelation__lag_2048,x__autocorrelation__lag_256,x__autocorrelation__lag_4096,x__autocorrelation__lag_512,x__autocorrelation__lag_8192
A,-0.16745663390982518,-0.20518374842746026,-0.1645020651375791,-0.16545714750484433,-0.2270973258325589,-0.16263792584166142,-0.25734306843960775,-0.16664251519101916
