id,x__autocorrelation__lag_1024,x__autocorrelation__lag_128,x__autocorrelation__lag_16384,x__autocorrelation__lag_2048,x__autocorrelation__lag_256,x__autocorrelation__lag_4096,x__autocorrelation__lag_512,x__autocorrelation__lag_8192
A,-0.12640922844349786,-0.2926372743842627,-0.11924145964426741,-0.1279653208426387,-0.16660775425783453,-0.12322442277379912,-0.18316606398382698,-0.13010354388993306
