id,x__autocorrelation__lag_1024,x__autocorrelation__lag_128,x__autocorrelation__lag_16384,x__autocorrelation__lag_2048,x__autocorrelation__lag_256,x__autocorrelation__lag_4096,x__autocorrelation__lag_512,x__autocorrelation__lag_8192
A,-0.17115972299579757,-0.21469781195488902,-0.16730124092730744,-0.17100638264525223,-0.2240208303106217,-0.1667675180937106,-0.25250714036486593,-0.1713422820818553
