id,x__autocorrelation__lag_1024,x__autocorrelation__lag_128,x__autocorrelation__lag_16384,x__autocorrelation__lag_2048,x__autocorrelation__lag_256,x__autocorrelation__lag_4096,x__autocorrelation__lag_512,x__autocorrelation__lag_8192
A,-0.1641065164376322,-0.22537655085219416,-0.16616382807301117,-0.17366142245079982,-0.20472423437391754,-0.16942242684072384,-0.22480005259493352,-0.1761136855075746
