id,x__autocorrelation__lag_1024,x__autocorrelation__lag_128,x__autocorrelation__lag_16384,x__autocorrelation__lag_2048,x__autocorrelation__lag_256,x__autocorrelation__lag_4096,x__autocorrelation__lag_512,x__autocorrelation__lag_8192
A,-0.08890639116856315,-0.3075387827846345,-0.09443265909481291,-0.1033192378695083,-0.14467097060032968,-0.0984666286984506,-0.1687057255493679,-0.10535441864762117
