id,x__autocorrelation__lag_1024,x__autocorrelation__lag_128,x__autocorrelation__lag_16384,x__autocorrelation__lag_2048,x__autocorrelation__lag_256,x__autocorrelation__lag_4096,x__autocorrelation__lag_512,x__autocorrelation__lag_8192
A,-0.11311779914586524,-0.22698214967021482,-0.1336454226119199,-0.13682156262559478,-0.16451089914918005,-0.13384726955216755,-0.2398513896239736,-0.12409964935580309
