id,x__autocorrelation__lag_1024,x__autocorrelation__lag_128,x__autocorrelation__lag_16384,x__autocorrelation__lag_2048,x__autocorrelation__lag_256,x__autocorrelation__lag_4096,x__autocorrelation__lag_512,x__autocorrelation__lag_8192
A,-0.1174498606945353,-0.26363691774367115,-0.11349746791902701,-0.11850443151309129,-0.1652509368938242,-0.11547794577178445,-0.17968338239134127,-0.1203597245617356
