id,x__autocorrelation__lag_1024,x__autocorrelation__lag_128,x__autocorrelation__lag_16384,x__autocorrelation__lag_2048,x__autocorrelation__lag_256,x__autocorrelation__lag_4096,x__autocorrelation__lag_512,x__autocorrelation__lag_8192
A,-0.12375293303180923,-0.24197461210533946,-0.1087985604506764,-0.11416656056387223,-0.15802682847834038,-0.11072021742014491,-0.16119704620564523,-0.11615924352287138
