id,x__autocorrelation__lag_1024,x__autocorrelation__lag_128,x__autocorrelation__lag_16384,x__autocorrelation__lag_2048,x__autocorrelation__lag_256,x__autocorrelation__lag_4096,x__autocorrelation__lag_512,x__autocorrelation__lag_8192
A,-0.2169146254335461,-0.06486761765494765,-0.21690265104516393,-0.21797066141828633,-0.2799466998665599,-0.21274663450160364,-0.3107511752137717,-0.21783666550560904
