id,x__autocorrelation__lag_1024,x__autocorrelation__lag_128,x__autocorrelation__lag_16384,x__autocorrelation__lag_2048,x__autocorrelation__lag_256,x__autocorrelation__lag_4096,x__autocorrelation__lag_512,x__autocorrelation__lag_8192
A,-0.1756029248138717,-0.2601770035250607,-0.1705802754811395,-0.1730043503816508,-0.23236663203370508,-0.16944590505196452,-0.2593408296756113,-0.17370123248890393
