id,x__autocorrelation__lag_1024,x__autocorrelation__lag_128,x__autocorrelation__lag_16384,x__autocorrelation__lag_2048,x__autocorrelation__lag_256,x__autocorrelation__lag_4096,x__autocorrelation__lag_512,x__autocorrelation__lag_8192
A,-0.11527455880648607,-0.2974396601837415,-0.1183617224784308,-0.12170410280905274,-0.17174576782346568,-0.11780540158855353,-0.20185075218463897,-0.12297071162082436
