id,x__autocorrelation__lag_1024,x__autocorrelation__lag_128,x__autocorrelation__lag_16384,x__autocorrelation__lag_2048,x__autocorrelation__lag_256,x__autocorrelation__lag_4096,x__autocorrelation__lag_512,x__autocorrelation__lag_8192
A,-0.09480661076171042,-0.30972776021660703,-0.09907243710887123,-0.10737202391984305,-0.14575625895246985,-0.10265270866725204,-0.1762176629542346,-0.11015495030578158
