id,x__autocorrelation__lag_1024,x__autocorrelation__lag_128,x__autocorrelation__lag_16384,x__autocorrelation__lag_2048,x__autocorrelation__lag_256,x__autocorrelation__lag_4096,x__autocorrelation__lag_512,x__autocorrelation__lag_8192
A,-0.1492878448313239,-0.26681986371765354,-0.14617208400672915,-0.15017711006504797,-0.20237546860902145,-0.1464501689075855,-0.23290886224529614,-0.1514201858814867
