id,x__autocorrelation__lag_1024,x__autocorrelation__lag_128,x__autocorrelation__lag_16384,x__autocorrelation__lag_2048,x__autocorrelation__lag_256,x__autocorrelation__lag_4096,x__autocorrelation__lag_512,x__autocorrelation__lag_8192
A,-0.21210868225478047,-0.10468825704641468,-0.20688976746523785,-0.20686054369221904,-0.27806321659037997,-0.2033056586531396,-0.3118850548967751,-0.20732176718072004
