id,x__autocorrelation__lag_1024,x__autocorrelation__lag_128,x__autocorrelation__lag_16384,x__autocorrelation__lag_2048,x__autocorrelation__lag_256,x__autocorrelation__lag_4096,x__autocorrelation__lag_512,x__autocorrelation__lag_8192
A,-0.1496285375091593,-0.2796876030655778,-0.1482025405087175,-0.15141578859580107,-0.20172812641405088,-0.14702767940301179,-0.23673685753681656,-0.1521487790831654
