id,x__autocorrelation__lag_1024,x__autocorrelation__lag_128,x__autocorrelation__lag_16384,x__autocorrelation__lag_2048,x__autocorrelation__lag_256,x__autocorrelation__lag_4096,x__autocorrelation__lag_512,x__autocorrelation__lag_8192
A,-0.16678538771176044,-0.22097539629965968,-0.16873186076067387,-0.17055444229222605,-0.22946855509942177,-0.16646917518305265,-0.2694863063762341,-0.17154942928019248
