id,x__autocorrelation__lag_1024,x__autocorrelation__lag_128,x__autocorrelation__lag_16384,x__autocorrelation__lag_2048,x__autocorrelation__lag_256,x__autocorrelation__lag_4096,x__autocorrelation__lag_512,x__autocorrelation__lag_8192
A,-0.19131315938639284,-0.18003318690852574,-0.1869491980926282,-0.1907620447050731,-0.2490727483089824,-0.1860656351745067,-0.27779779512886327,-0.19075319849141975
