id,x__autocorrelation__lag_1024,x__autocorrelation__lag_128,x__autocorrelation__lag_16384,x__autocorrelation__lag_2048,x__autocorrelation__lag_256,x__autocorrelation__lag_4096,x__autocorrelation__lag_512,x__autocorrelation__lag_8192
A,-0.16866613181556106,-0.24661826893276814,-0.16535668436516948,-0.1683532965585085,-0.22470811247977443,-0.16438932290130165,-0.25370517817409194,-0.1692940541782064
