id,x__autocorrelation__lag_1024,x__autocorrelation__lag_128,x__autocorrelation__lag_16384,x__autocorrelation__lag_2048,x__autocorrelation__lag_256,x__autocorrelation__lag_4096,x__autocorrelation__lag_512,x__autocorrelation__lag_8192
A,0.5990356591029159,-0.7347659852785164,0.5890356072146744,0.5927835166306599,0.6141605219522408,0.5919565855979879,0.6144477894442305,0.5943286174122353
