id,x__autocorrelation__lag_1024,x__autocorrelation__lag_128,x__autocorrelation__lag_16384,x__autocorrelation__lag_2048,x__autocorrelation__lag_256,x__autocorrelation__lag_4096,x__autocorrelation__lag_512,x__autocorrelation__lag_8192
A,-0.10414443630741839,-0.32165698657033515,-0.10195735755435749,-0.10515467250110827,-0.15243996857842804,-0.10269772877338618,-0.177742639943819,-0.1070375832621695
