id,x__autocorrelation__lag_1024,x__autocorrelation__lag_128,x__autocorrelation__lag_16384,x__autocorrelation__lag_2048,x__autocorrelation__lag_256,x__autocorrelation__lag_4096,x__autocorrelation__lag_512,x__autocorrelation__lag_8192
A,0.27899145381823703,-0.5476949718128485,0.2791726343943637,0.2867529425170149,0.266434211845639,0.2870532718351307,0.2782427946732523,0.2891914105437778
