id,x__autocorrelation__lag_1024,x__autocorrelation__lag_128,x__autocorrelation__lag_16384,x__autocorrelation__lag_2048,x__autocorrelation__lag_256,x__autocorrelation__lag_4096,x__autocorrelation__lag_512,x__autocorrelation__lag_8192
A,-0.12689198989912714,-0.31875101078058105,-0.12509048972024484,-0.1316766762629222,-0.16926651052633393,-0.12799901390251883,-0.18496633204779145,-0.13279582803804438
