id,x__autocorrelation__lag_1024,x__autocorrelation__lag_128,x__autocorrelation__lag_16384,x__autocorrelation__lag_2048,x__autocorrelation__lag_256,x__autocorrelation__lag_4096,x__autocorrelation__lag_512,x__autocorrelation__lag_8192
A,0.5880864865365527,-0.7269240616843422,0.5714437104933486,0.5785118891986345,0.6039564319183527,0.5767279283569477,0.6018195038175103,0.5799778756881467
