id,x__autocorrelation__lag_1024,x__autocorrelation__lag_128,x__autocorrelation__lag_16384,x__autocorrelation__lag_2048,x__autocorrelation__lag_256,x__autocorrelation__lag_4096,x__autocorrelation__lag_512,x__autocorrelation__lag_8192
A,-0.3681594632357963,-0.34722647883790464,-0.3585227776683278,-0.37587770927250536,-0.38331618974010623,-0.36228786503393634,-0.40132519195923244,-0.3633260522026954
