id,x__autocorrelation__lag_1024,x__autocorrelation__lag_128,x__autocorrelation__lag_16384,x__autocorrelation__lag_2048,x__autocorrelation__lag_256,x__autocorrelation__lag_4096,x__autocorrelation__lag_512,x__autocorrelation__lag_8192
A,-0.11682672480042912,-0.2592457949827017,-0.09557227167874988,-0.10193211893123168,-0.1513170704808627,-0.09823515667832837,-0.1474647375663925,-0.10424616494041611
