id,x__autocorrelation__lag_1024,x__autocorrelation__lag_128,x__autocorrelation__lag_16384,x__autocorrelation__lag_2048,x__autocorrelation__lag_256,x__autocorrelation__lag_4096,x__autocorrelation__lag_512,x__autocorrelation__lag_8192
A,-0.2095821915625059,-0.13381120949869182,-0.20398963149725471,-0.20402567142335876,-0.27833481654358244,-0.19997894746069353,-0.3141211428487932,-0.20456469088362272
