id,x__autocorrelation__lag_1024,x__autocorrelation__lag_128,x__autocorrelation__lag_16384,x__autocorrelation__lag_2048,x__autocorrelation__lag_256,x__autocorrelation__lag_4096,x__autocorrelation__lag_512,x__autocorrelation__lag_8192
A,0.132451789558577,-0.5844456931418461,0.14364134351274407,0.13984378689937182,0.13029583466238495,0.14338624006982104,0.1406152015360426,0.14101535599812604
