id,x__autocorrelation__lag_1024,x__autocorrelation__lag_128,x__autocorrelation__lag_16384,x__autocorrelation__lag_2048,x__autocorrelation__lag_256,x__autocorrelation__lag_4096,x__autocorrelation__lag_512,x__autocorrelation__lag_8192
A,0.5846993614021557,-0.7102113428571838,0.5669985468600036,0.574539669066752,0.5957794774869851,0.5723980270037996,0.5931620397459979,0.5752673929263548
