id,x__autocorrelation__lag_1024,x__autocorrelation__lag_128,x__autocorrelation__lag_16384,x__autocorrelation__lag_2048,x__autocorrelation__lag_256,x__autocorrelation__lag_4096,x__autocorrelation__lag_512,x__autocorrelation__lag_8192
A,-0.22403044626240284,-0.05954775231897062,-0.22424596065539673,-0.24422008044343377,-0.2989736424249384,-0.23397907533612716,-0.33026027483730785,-0.24922796612157247
