id,x__autocorrelation__lag_1024,x__autocorrelation__lag_128,x__autocorrelation__lag_16384,x__autocorrelation__lag_2048,x__autocorrelation__lag_256,x__autocorrelation__lag_4096,x__autocorrelation__lag_512,x__autocorrelation__lag_8192
A,-0.1934757460231551,-0.3527809583326353,-0.1946168581978361,-0.19051718129480522,-0.20461818391628983,-0.19620327530229428,-0.24387937497511541,-0.19061408614625078
