id,x__autocorrelation__lag_1024,x__autocorrelation__lag_128,x__autocorrelation__lag_16384,x__autocorrelation__lag_2048,x__autocorrelation__lag_256,x__autocorrelation__lag_4096,x__autocorrelation__lag_512,x__autocorrelation__lag_8192
A,-0.10482670092712847,-0.27787999142837655,-0.14294113277985018,-0.14825830913011304,-0.15119567559516597,-0.14560426371897287,-0.2688489365529712,-0.13452341811413693
