id,x__autocorrelation__lag_1024,x__autocorrelation__lag_128,x__autocorrelation__lag_16384,x__autocorrelation__lag_2048,x__autocorrelation__lag_256,x__autocorrelation__lag_4096,x__autocorrelation__lag_512,x__autocorrelation__lag_8192
A,0.5401142742609345,-0.661514795775509,0.5313688342330202,0.5318079816613982,0.5461681723549623,0.5315551595103788,0.5441236842136766,0.5328605028099066
