id,x__autocorrelation__lag_1024,x__autocorrelation__lag_128,x__autocorrelation__lag_16384,x__autocorrelation__lag_2048,x__autocorrelation__lag_256,x__autocorrelation__lag_4096,x__autocorrelation__lag_512,x__autocorrelation__lag_8192
A,-0.13347220198607748,-0.27641715809725487,-0.11348075297537485,-0.13176019924442342,-0.20568594458321368,-0.10104177359403994,-0.2811786014949293,-0.09508335741082757
