id,x__autocorrelation__lag_1024,x__autocorrelation__lag_128,x__autocorrelation__lag_16384,x__autocorrelation__lag_2048,x__autocorrelation__lag_256,x__autocorrelation__lag_4096,x__autocorrelation__lag_512,x__autocorrelation__lag_8192
A,-0.11833108086702308,-0.23470441761589678,-0.10444218915361585,-0.10926677504356787,-0.1528935362436872,-0.10571538533701343,-0.16005968849562907,-0.11128182862866944
