id,x__autocorrelation__lag_1024,x__autocorrelation__lag_128,x__autocorrelation__lag_16384,x__autocorrelation__lag_2048,x__autocorrelation__lag_256,x__autocorrelation__lag_4096,x__autocorrelation__lag_512,x__autocorrelation__lag_8192
A,-0.1523535971681813,-0.25485457324569777,-0.15922899269833063,-0.16202916277522628,-0.21193121356496844,-0.1586944403972657,-0.24882307308257146,-0.1638161765495057
