id,x__autocorrelation__lag_1024,x__autocorrelation__lag_128,x__autocorrelation__lag_16384,x__autocorrelation__lag_2048,x__autocorrelation__lag_256,x__autocorrelation__lag_4096,x__autocorrelation__lag_512,x__autocorrelation__lag_8192
A,0.574665329708002,-0.6741153261079813,0.5634144042680416,0.565948562972568,0.5829781061549086,0.5652017223774245,0.5750155815107023,0.5664659678674996
