id,x__autocorrelation__lag_1024,x__autocorrelation__lag_128,x__autocorrelation__lag_16384,x__autocorrelation__lag_2048,x__autocorrelation__lag_256,x__autocorrelation__lag_4096,x__autocorrelation__lag_512,x__autocorrelation__lag_8192
A,-0.23326206023796353,-0.3518562484326684,-0.23945782142212654,-0.25448653135617205,-0.26130116820022947,-0.24610080841567172,-0.29839830801645983,-0.23770954985213072
