id,x__autocorrelation__lag_1024,x__autocorrelation__lag_128,x__autocorrelation__lag_16384,x__autocorrelation__lag_2048,x__autocorrelation__lag_256,x__autocorrelation__lag_4096,x__autocorrelation__lag_512,x__autocorrelation__lag_8192
A,-0.1280405951554508,-0.25287584186896167,-0.1250212310642955,-0.12993974759046278,-0.1766434618940005,-0.1264236036945555,-0.19000279591954497,-0.1319880118682792
