id,x__autocorrelation__lag_1024,x__autocorrelation__lag_128,x__autocorrelation__lag_16384,x__autocorrelation__lag_2048,x__autocorrelation__lag_256,x__autocorrelation__lag_4096,x__autocorrelation__lag_512,x__autocorrelation__lag_8192
A,-0.40634452553023853,-0.37809819482223406,-0.4124863146114443,-0.4178505065479448,-0.4230849765646672,-0.40968783213096727,-0.43295947497401727,-0.41216983956825537
