id,x__autocorrelation__lag_1024,x__autocorrelation__lag_128,x__autocorrelation__lag_16384,x__autocorrelation__lag_2048,x__autocorrelation__lag_256,x__autocorrelation__lag_4096,x__autocorrelation__lag_512,x__autocorrelation__lag_8192
A,-0.1858992674764299,-0.18263189073302644,-0.1863843640575027,-0.1881370143013667,-0.25197382400615076,-0.18535101880566238,-0.28125657478434557,-0.18898599122980875
