id,x__autocorrelation__lag_1024,x__autocorrelation__lag_128,x__autocorrelation__lag_16384,x__autocorrelation__lag_2048,x__autocorrelation__lag_256,x__autocorrelation__lag_4096,x__autocorrelation__lag_512,x__autocorrelation__lag_8192
A,0.5612599258363943,-0.6663430476375803,0.5490943277628496,0.5503483012228925,0.5660100425085025,0.5500476820041104,0.5593809499024397,0.5510544827881525
