id,x__autocorrelation__lag_1024,x__autocorrelation__lag_128,x__autocorrelation__lag_16384,x__autocorrelation__lag_2048,x__autocorrelation__lag_256,x__autocorrelation__lag_4096,x__autocorrelation__lag_512,x__autocorrelation__lag_8192
A,-0.16846334260349516,-0.29347162409904787,-0.16591625512276037,-0.1701717512984927,-0.2233974382277263,-0.16638941570814672,-0.2441252975432253,-0.17035804325076737
