id,x__autocorrelation__lag_1024,x__autocorrelation__lag_128,x__autocorrelation__lag_16384,x__autocorrelation__lag_2048,x__autocorrelation__lag_256,x__autocorrelation__lag_4096,x__autocorrelation__lag_512,x__autocorrelation__lag_8192
A,-0.19002103923321395,-0.051950516513082606,-0.19538906016689295,-0.19674022763570082,-0.26745188221589883,-0.19192986823891997,-0.3055104151251163,-0.19698136344562034
