id,x__autocorrelation__lag_1024,x__autocorrelation__lag_128,x__autocorrelation__lag_16384,x__autocorrelation__lag_2048,x__autocorrelation__lag_256,x__autocorrelation__lag_4096,x__autocorrelation__lag_512,x__autocorrelation__lag_8192
A,-0.20736991452989514,-0.24716969743986125,-0.20234047528845744,-0.20733096169670154,-0.24043875687286054,-0.20399204344522312,-0.2587565756611612,-0.20843933669169498
