id,x__autocorrelation__lag_1024,x__autocorrelation__lag_128,x__autocorrelation__lag_16384,x__autocorrelation__lag_2048,x__autocorrelation__lag_256,x__autocorrelation__lag_4096,x__autocorrelation__lag_512,x__autocorrelation__lag_8192
A,0.5427118609458356,-0.661245467774713,0.5288313110102613,0.5318680704075637,0.5554676056819209,0.5310723204362379,0.552110813616217,0.5333756875700219
