id,x__autocorrelation__lag_1024,x__autocorrelation__lag_128,x__autocorrelation__lag_16384,x__autocorrelation__lag_2048,x__autocorrelation__lag_256,x__autocorrelation__lag_4096,x__autocorrelation__lag_512,x__autocorrelation__lag_8192
A,-0.1277963924660249,-0.2676668240422705,-0.13473833247255979,-0.13923037384130782,-0.19060523722735992,-0.13545236114169826,-0.2277177549833966,-0.13996532435123396
