id,x__autocorrelation__lag_1024,x__autocorrelation__lag_128,x__autocorrelation__lag_16384,x__autocorrelation__lag_2048,x__autocorrelation__lag_256,x__autocorrelation__lag_4096,x__autocorrelation__lag_512,x__autocorrelation__lag_8192
A,-0.0952190436307694,-0.3184439867248411,-0.10065359467924102,-0.10261920425815499,-0.15328726077785523,-0.10007941711724488,-0.17384313969917742,-0.10265727452269806
