id,x__autocorrelation__lag_1024,x__autocorrelation__lag_128,x__autocorrelation__lag_16384,x__autocorrelation__lag_2048,x__autocorrelation__lag_256,x__autocorrelation__lag_4096,x__autocorrelation__lag_512,x__autocorrelation__lag_8192
A,-0.18451355665133656,-0.14196626837068857,-0.18762569412844532,-0.18999265014164896,-0.24059322258194105,-0.1857120158360175,-0.2790837998813654,-0.19117025905936866
