id,x__autocorrelation__lag_1024,x__autocorrelation__lag_128,x__autocorrelation__lag_16384,x__autocorrelation__lag_2048,x__autocorrelation__lag_256,x__autocorrelation__lag_4096,x__autocorrelation__lag_512,x__autocorrelation__lag_8192
A,0.5586137466345313,-0.671117642481427,0.5442235835144,0.5463792505956797,0.572056266662645,0.5456588201267547,0.5644909233800534,0.5475399555117977
