id,x__autocorrelation__lag_1024,x__autocorrelation__lag_128,x__autocorrelation__lag_16384,x__autocorrelation__lag_2048,x__autocorrelation__lag_256,x__autocorrelation__lag_4096,x__autocorrelation__lag_512,x__autocorrelation__lag_8192
A,0.5502151286128637,-0.6631153632582594,0.5372441420899581,0.540305672291264,0.5601849454438341,0.5391932975460706,0.5520463939262255,0.5408386457455536
