id,x__autocorrelation__lag_1024,x__autocorrelation__lag_128,x__autocorrelation__lag_16384,x__autocorrelation__lag_2048,x__autocorrelation__lag_256,x__autocorrelation__lag_4096,x__autocorrelation__lag_512,x__autocorrelation__lag_8192
A,-0.1542147804158548,-0.23392470767081566,-0.16185937534152586,-0.16513385755429605,-0.21669320888124616,-0.16089105779366658,-0.25666184003947917,-0.16611682587424362
