id,x__autocorrelation__lag_1024,x__autocorrelation__lag_128,x__autocorrelation__lag_16384,x__autocorrelation__lag_2048,x__autocorrelation__lag_256,x__autocorrelation__lag_4096,x__autocorrelation__lag_512,x__autocorrelation__lag_8192
A,-0.2140206086066419,-0.04987122933415092,-0.21351419240438227,-0.23373770706083002,-0.29135776851075856,-0.22402790795326646,-0.32328688855532134,-0.238894068797545
