id,x__autocorrelation__lag_1024,x__autocorrelation__lag_128,x__autocorrelation__lag_16384,x__autocorrelation__lag_2048,x__autocorrelation__lag_256,x__autocorrelation__lag_4096,x__autocorrelation__lag_512,x__autocorrelation__lag_8192
A,-0.16866859161821054,-0.24195974851643845,-0.17020597638691667,-0.17465977086793785,-0.22371404901319727,-0.17023660780012304,-0.25941947337014365,-0.1762461499915989
