id,x__autocorrelation__lag_1024,x__autocorrelation__lag_128,x__autocorrelation__lag_16384,x__autocorrelation__lag_2048,x__autocorrelation__lag_256,x__autocorrelation__lag_4096,x__autocorrelation__lag_512,x__autocorrelation__lag_8192
A,-0.1590503914615633,-0.17621311712893215,-0.1595436259553529,-0.16238010653215953,-0.2221922993376916,-0.1583463517824714,-0.2590862739458774,-0.1637713878889048
