id,x__autocorrelation__lag_1024,x__autocorrelation__lag_128,x__autocorrelation__lag_16384,x__autocorrelation__lag_2048,x__autocorrelation__lag_256,x__autocorrelation__lag_4096,x__autocorrelation__lag_512,x__autocorrelation__lag_8192
A,0.5581252710806462,-0.6806152776025233,0.5458161762106334,0.5492880162747453,0.5689329124546239,0.5480944642735908,0.5659864290697343,0.5504187869225172
