id,x__autocorrelation__lag_1024,x__autocorrelation__lag_128,x__autocorrelation__lag_16384,x__autocorrelation__lag_2048,x__autocorrelation__lag_256,x__autocorrelation__lag_4096,x__autocorrelation__lag_512,x__autocorrelation__lag_8192
A,0.2462055271403949,-0.5432334356509539,0.2542024923309755,0.2637929785762131,0.23885824160321634,0.2637089214309616,0.24964954285750077,0.2682053694850322
