id,x__autocorrelation__lag_1024,x__autocorrelation__lag_128,x__autocorrelation__lag_16384,x__autocorrelation__lag_2048,x__autocorrelation__lag_256,x__autocorrelation__lag_4096,x__autocorrelation__lag_512,x__autocorrelation__lag_8192
A,-0.2092413560727296,-0.04908500243738528,-0.21006597539485397,-0.21103074314346007,-0.28807856328078485,-0.2072112196390673,-0.3192384409005355,-0.21195267046699948
