id,x__autocorrelation__lag_1024,x__autocorrelation__lag_128,x__autocorrelation__lag_16384,x__autocorrelation__lag_2048,x__autocorrelation__lag_256,x__autocorrelation__lag_4096,x__autocorrelation__lag_512,x__autocorrelation__lag_8192
A,0.12226106344985102,-0.5468573357381598,0.1309829879982551,0.12907131825477833,0.1179360799227589,0.13214118820702886,0.12825418562103352,0.13169642264486875
