id,x__autocorrelation__lag_1024,x__autocorrelation__lag_128,x__autocorrelation__lag_16384,x__autocorrelation__lag_2048,x__autocorrelation__lag_256,x__autocorrelation__lag_4096,x__autocorrelation__lag_512,x__autocorrelation__lag_8192
A,0.5587389072696233,-0.6814292238181381,0.545534834782838,0.549419996789431,0.570387995018835,0.5476678320467584,0.5681455612152494,0.5509996405414218
