id,x__autocorrelation__lag_1024,x__autocorrelation__lag_128,x__autocorrelation__lag_16384,x__autocorrelation__lag_2048,x__autocorrelation__lag_256,x__autocorrelation__lag_4096,x__autocorrelation__lag_512,x__autocorrelation__lag_8192
A,-0.09820335626653262,-0.2850137331889768,-0.09772328996117863,-0.1083326727107052,-0.15256666968555105,-0.10258600828942047,-0.1773495412829913,-0.11154655513176046
