id,x__autocorrelation__lag_1024,x__autocorrelation__lag_128,x__autocorrelation__lag_16384,x__autocorrelation__lag_2048,x__autocorrelation__lag_256,x__autocorrelation__lag_4096,x__autocorrelation__lag_512,x__autocorrelation__lag_8192
A,-0.22172909494420176,-0.05314611968487514,-0.22594965960266436,-0.24910371017151023,-0.29935657610283256,-0.2387857403715484,-0.33336636283482163,-0.2551363865085584
