id,x__autocorrelation__lag_1024,x__autocorrelation__lag_128,x__autocorrelation__lag_16384,x__autocorrelation__lag_2048,x__autocorrelation__lag_256,x__autocorrelation__lag_4096,x__autocorrelation__lag_512,x__autocorrelation__lag_8192
A,-0.13741007865086455,-0.2957557570072056,-0.12412239988735085,-0.13026263247017617,-0.17722480507514732,-0.12675352374192925,-0.17657554116307125,-0.1315112349236541
