id,x__autocorrelation__lag_1024,x__autocorrelation__lag_128,x__autocorrelation__lag_16384,x__autocorrelation__lag_2048,x__autocorrelation__lag_256,x__autocorrelation__lag_4096,x__autocorrelation__lag_512,x__autocorrelation__lag_8192
A,0.075176050485891,-0.5507163209818948,0.08579474825230124,0.08500409377165316,0.0709858718767272,0.0866586752130657,0.0852066371591057,0.08675125961986306
