id,x__autocorrelation__lag_1024,x__autocorrelation__lag_128,x__autocorrelation__lag_16384,x__autocorrelation__lag_2048,x__autocorrelation__lag_256,x__autocorrelation__lag_4096,x__autocorrelation__lag_512,x__autocorrelation__lag_8192
A,-0.18595904468842753,-0.19410068737016922,-0.17713793174482614,-0.17913364455727868,-0.24114260741175386,-0.1753826113716279,-0.2725429119468303,-0.17969748630357654
