id,x__autocorrelation__lag_1024,x__autocorrelation__lag_128,x__autocorrelation__lag_16384,x__autocorrelation__lag_2048,x__autocorrelation__lag_256,x__autocorrelation__lag_4096,x__autocorrelation__lag_512,x__autocorrelation__lag_8192
A,-0.1274659403391894,-0.3058004708239998,-0.12587109895694676,-0.12982288590533153,-0.17620629865094775,-0.12558020608362785,-0.20169953697887522,-0.1305324380797096
