id,x__autocorrelation__lag_1024,x__autocorrelation__lag_128,x__autocorrelation__lag_16384,x__autocorrelation__lag_2048,x__autocorrelation__lag_256,x__autocorrelation__lag_4096,x__autocorrelation__lag_512,x__autocorrelation__lag_8192
A,-0.13957853955952648,-0.29061718088745947,-0.10574655174827631,-0.1332382967316806,-0.2110646981870913,-0.10325043339818922,-0.2827978011267847,-0.10091067005436566
