id,x__autocorrelation__lag_1024,x__autocorrelation__lag_128,x__autocorrelation__lag_16384,x__autocorrelation__lag_2048,x__autocorrelation__lag_256,x__autocorrelation__lag_4096,x__autocorrelation__lag_512,x__autocorrelation__lag_8192
A,0.12773802156790204,-0.5856448682507088,0.1412138140037783,0.13873092453414895,0.12350872615195166,0.14183063217914282,0.13841000109676843,0.14045069178894976
