id,x__autocorrelation__lag_1024,x__autocorrelation__lag_128,x__autocorrelation__lag_16384,x__autocorrelation__lag_2048,x__autocorrelation__lag_256,x__autocorrelation__lag_4096,x__autocorrelation__lag_512,x__autocorrelation__lag_8192
A,-0.18648570961642916,-0.21889223036196198,-0.18483422010992384,-0.1875069064060045,-0.24490802302259496,-0.18441171910581802,-0.27420278275215,-0.18902354563938925
