id,x__autocorrelation__lag_1024,x__autocorrelation__lag_128,x__autocorrelation__lag_16384,x__autocorrelation__lag_2048,x__autocorrelation__lag_256,x__autocorrelation__lag_4096,x__autocorrelation__lag_512,x__autocorrelation__lag_8192
A,-0.1521839795052882,-0.2265952975732432,-0.14367384030608243,-0.14903267219268682,-0.18631825300636576,-0.14573016601024966,-0.19010008493173775,-0.15128688018713546
