id,x__autocorrelation__lag_1024,x__autocorrelation__lag_128,x__autocorrelation__lag_16384,x__autocorrelation__lag_2048,x__autocorrelation__lag_256,x__autocorrelation__lag_4096,x__autocorrelation__lag_512,x__autocorrelation__lag_8192
A,-0.22650985110516444,-0.09901454130009486,-0.27626316915142557,-0.28486571377344244,-0.2457994189021018,-0.28643546137322395,-0.41590956951722646,-0.27702469693653503
