id,x__autocorrelation__lag_1024,x__autocorrelation__lag_128,x__autocorrelation__lag_16384,x__autocorrelation__lag_2048,x__autocorrelation__lag_256,x__autocorrelation__lag_4096,x__autocorrelation__lag_512,x__autocorrelation__lag_8192
A,-0.21071253504408313,-0.23332904994978537,-0.20091172852028233,-0.20695654872232283,-0.2456982129023693,-0.20361279411162492,-0.24796226414880673,-0.20897878256699756
