id,x__autocorrelation__lag_1024,x__autocorrelation__lag_128,x__autocorrelation__lag_16384,x__autocorrelation__lag_2048,x__autocorrelation__lag_256,x__autocorrelation__lag_4096,x__autocorrelation__lag_512,x__autocorrelation__lag_8192
A,-0.08379807186559562,-0.3169885793817116,-0.08361880355716719,-0.08772365395455248,-0.13435277772837365,-0.08486800799146606,-0.16663582043949865,-0.08944152223850471
