id,x__autocorrelation__lag_1024,x__autocorrelation__lag_128,x__autocorrelation__lag_16384,x__autocorrelation__lag_2048,x__autocorrelation__lag_256,x__autocorrelation__lag_4096,x__autocorrelation__lag_512,x__autocorrelation__lag_8192
A,-0.18328645494478027,-0.19579031861786955,-0.17944977589675698,-0.18395919955181875,-0.24227261768943964,-0.17945779262077427,-0.2716724322661696,-0.18437683831054388
