id,x__autocorrelation__lag_1024,x__autocorrelation__lag_128,x__autocorrelation__lag_16384,x__autocorrelation__lag_2048,x__autocorrelation__lag_256,x__autocorrelation__lag_4096,x__autocorrelation__lag_512,x__autocorrelation__lag_8192
A,0.2804972328629973,-0.5644651381963367,0.2841816089775847,0.2851444122658418,0.27273734378411923,0.2893062136850369,0.2754135514928645,0.2869536639661281
