id,x__autocorrelation__lag_1024,x__autocorrelation__lag_128,x__autocorrelation__lag_16384,x__autocorrelation__lag_2048,x__autocorrelation__lag_256,x__autocorrelation__lag_4096,x__autocorrelation__lag_512,x__autocorrelation__lag_8192
A,0.5709065725338064,-0.6924078542163599,0.5540177025274745,0.5584454509459261,0.5809984535900156,0.5569771307160528,0.5796336995822159,0.5595617259937212
