id,x__autocorrelation__lag_1024,x__autocorrelation__lag_128,x__autocorrelation__lag_16384,x__autocorrelation__lag_2048,x__autocorrelation__lag_256,x__autocorrelation__lag_4096,x__autocorrelation__lag_512,x__autocorrelation__lag_8192
A,-0.1883457360817653,-0.3431059325187308,-0.2016693311888243,-0.20155986267860415,-0.21120681655987733,-0.20105948849653055,-0.24705686046008812,-0.18825821055683267
