id,x__autocorrelation__lag_1024,x__autocorrelation__lag_128,x__autocorrelation__lag_16384,x__autocorrelation__lag_2048,x__autocorrelation__lag_256,x__autocorrelation__lag_4096,x__autocorrelation__lag_512,x__autocorrelation__lag_8192
A,0.5509554613266038,-0.6745414975070434,0.5409432111270377,0.5424161870758494,0.5585956911722982,0.5415574061107121,0.5577479880425711,0.5436089300033908
