id,x__autocorrelation__lag_1024,x__autocorrelation__lag_128,x__autocorrelation__lag_16384,x__autocorrelation__lag_2048,x__autocorrelation__lag_256,x__autocorrelation__lag_4096,x__autocorrelation__lag_512,x__autocorrelation__lag_8192
A,0.5552361639556016,-0.6648032000241433,0.5430897792837536,0.5456659255355251,0.5662249933445831,0.5446802753266278,0.5588950673158092,0.5464424764059389
