id,x__autocorrelation__lag_1024,x__autocorrelation__lag_128,x__autocorrelation__lag_16384,x__autocorrelation__lag_2048,x__autocorrelation__lag_256,x__autocorrelation__lag_4096,x__autocorrelation__lag_512,x__autocorrelation__lag_8192
A,-0.20245335826641206,-0.17277221659283096,-0.20575937749808376,-0.2085598552096366,-0.2709479111220131,-0.20441116268496723,-0.30462126871760337,-0.20882328647242612
