id,x__autocorrelation__lag_1024,x__autocorrelation__lag_128,x__autocorrelation__lag_16384,x__autocorrelation__lag_2048,x__autocorrelation__lag_256,x__autocorrelation__lag_4096,x__autocorrelation__lag_512,x__autocorrelation__lag_8192
A,-0.21043935282498186,-0.058867685591696514,-0.20581635276845134,-0.21502705180942835,-0.274757026272568,-0.20898635449723252,-0.30584209505614957,-0.21811782856126172
