id,x__autocorrelation__lag_1024,x__autocorrelation__lag_128,x__autocorrelation__lag_16384,x__autocorrelation__lag_2048,x__autocorrelation__lag_256,x__autocorrelation__lag_4096,x__autocorrelation__lag_512,x__autocorrelation__lag_8192
A,0.5229462709574776,-0.7003649931750182,0.5133925045709673,0.5186510967152094,0.5261580737691199,0.5187689513825333,0.5328985427821404,0.5207626823549079
