id,x__autocorrelation__lag_1024,x__autocorrelation__lag_128,x__autocorrelation__lag_16384,x__autocorrelation__lag_2048,x__autocorrelation__lag_256,x__autocorrelation__lag_4096,x__autocorrelation__lag_512,x__autocorrelation__lag_8192
A,-0.1797340836687235,-0.20458123110861265,-0.17481828486467998,-0.1780702445547947,-0.23121354400207625,-0.1741110482809719,-0.25965965226611615,-0.1789252701653282
