id,x__autocorrelation__lag_1024,x__autocorrelation__lag_128,x__autocorrelation__lag_16384,x__autocorrelation__lag_2048,x__autocorrelation__lag_256,x__autocorrelation__lag_4096,x__autocorrelation__lag_512,x__autocorrelation__lag_8192
A,-0.11641820462478061,-0.2689559976090987,-0.1288383292994639,-0.13278518513945392,-0.18221561642088432,-0.12957634419818886,-0.22193900864447927,-0.1348893985681433
