id,x__autocorrelation__lag_1024,x__autocorrelation__lag_128,x__autocorrelation__lag_16384,x__autocorrelation__lag_2048,x__autocorrelation__lag_256,x__autocorrelation__lag_4096,x__autocorrelation__lag_512,x__autocorrelation__lag_8192
A,-0.11267773465304436,-0.21829529681833962,-0.12252210176544477,-0.12833011541077383,-0.1859783505969658,-0.12349097001542583,-0.22747980522929365,-0.12986992090178412
