id,x__autocorrelation__lag_1024,x__autocorrelation__lag_128,x__autocorrelation__lag_16384,x__autocorrelation__lag_2048,x__autocorrelation__lag_256,x__autocorrelation__lag_4096,x__autocorrelation__lag_512,x__autocorrelation__lag_8192
A,-0.07441606789507788,-0.04994689162081604,-0.17548525594547673,-0.23221223275254152,-0.2547348045258347,-0.2120780272835732,-0.33986395263187985,-0.24110619609239425
