id,x__autocorrelation__lag_1024,x__autocorrelation__lag_128,x__autocorrelation__lag_16384,x__autocorrelation__lag_2048,x__autocorrelation__lag_256,x__autocorrelation__lag_4096,x__autocorrelation__lag_512,x__autocorrelation__lag_8192
A,-0.11449127059056285,-0.042237238590060615,-0.20653889958822247,-0.22251216134910592,-0.24748445780832085,-0.21623757334482313,-0.30013215178407837,-0.216082886126426
