id,x__autocorrelation__lag_1024,x__autocorrelation__lag_128,x__autocorrelation__lag_16384,x__autocorrelation__lag_2048,x__autocorrelation__lag_256,x__autocorrelation__lag_4096,x__autocorrelation__lag_512,x__autocorrelation__lag_8192
A,-0.12109715639438796,-0.23645703933597592,-0.12117745922820741,-0.12776283997712867,-0.16382205964041296,-0.12401606863369957,-0.17587891151378532,-0.13034112143925175
