id,x__autocorrelation__lag_1024,x__autocorrelation__lag_128,x__autocorrelation__lag_16384,x__autocorrelation__lag_2048,x__autocorrelation__lag_256,x__autocorrelation__lag_4096,x__autocorrelation__lag_512,x__autocorrelation__lag_8192
A,-0.16019795203984238,-0.17231137826838533,-0.16054299635148891,-0.162508728859137,-0.23648289271251882,-0.1584970940180282,-0.2723274800837967,-0.16262179836721358
