id,x__autocorrelation__lag_1024,x__autocorrelation__lag_128,x__autocorrelation__lag_16384,x__autocorrelation__lag_2048,x__autocorrelation__lag_256,x__autocorrelation__lag_4096,x__autocorrelation__lag_512,x__autocorrelation__lag_8192
A,-0.1157990004666144,-0.22375887491111796,-0.12455863600914792,-0.1379853372089758,-0.16667604570395364,-0.13104156940490738,-0.25707807475298544,-0.1269236971749152
