id,x__autocorrelation__lag_1024,x__autocorrelation__lag_128,x__autocorrelation__lag_16384,x__autocorrelation__lag_2048,x__autocorrelation__lag_256,x__autocorrelation__lag_4096,x__autocorrelation__lag_512,x__autocorrelation__lag_8192
A,0.5680104300524444,-0.6679101542687705,0.5541503134635779,0.5572798717207431,0.5756701976739602,0.5562614245308982,0.5669854876689978,0.5583110370382693
