id,x__autocorrelation__lag_1024,x__autocorrelation__lag_128,x__autocorrelation__lag_16384,x__autocorrelation__lag_2048,x__autocorrelation__lag_256,x__autocorrelation__lag_4096,x__autocorrelation__lag_512,x__autocorrelation__lag_8192
A,0.4699740602170144,-0.6791396526855447,0.46819677187474706,0.4664746089950402,0.48470796558971685,0.4676331142141645,0.4871804942633277,0.46597050508291693
