id,x__autocorrelation__lag_1024,x__autocorrelation__lag_128,x__autocorrelation__lag_16384,x__autocorrelation__lag_2048,x__autocorrelation__lag_256,x__autocorrelation__lag_4096,x__autocorrelation__lag_512,x__autocorrelation__lag_8192
A,-0.09727626297662725,-0.2961357019074979,-0.1439901974136223,-0.15896276871385287,-0.1636006289548679,-0.15458205107414869,-0.2735138633018654,-0.1505475992131874
