id,x__autocorrelation__lag_1024,x__autocorrelation__lag_128,x__autocorrelation__lag_16384,x__autocorrelation__lag_2048,x__autocorrelation__lag_256,x__autocorrelation__lag_4096,x__autocorrelation__lag_512,x__autocorrelation__lag_8192
A,0.5947349112870061,-0.7461748495614059,0.5828205784353546,0.5855751986093247,0.6115986460692945,0.5848106806959706,0.6093967401745395,0.5861714017447672
