id,x__autocorrelation__lag_1024,x__autocorrelation__lag_128,x__autocorrelation__lag_16384,x__autocorrelation__lag_2048,x__autocorrelation__lag_256,x__autocorrelation__lag_4096,x__autocorrelation__lag_512,x__autocorrelation__lag_8192
A,-0.24713109456611496,-0.3711458801379359,-0.24957971469096832,-0.25075252104518514,-0.2603423028613464,-0.24493914901868777,-0.2804038493781325,-0.24343717255702554
