id,x__autocorrelation__lag_1024,x__autocorrelation__lag_128,x__autocorrelation__lag_16384,x__autocorrelation__lag_2048,x__autocorrelation__lag_256,x__autocorrelation__lag_4096,x__autocorrelation__lag_512,x__autocorrelation__lag_8192
A,-0.09640691366665582,-0.2678861643641308,-0.10315060661390028,-0.1144847279634646,-0.13532726782358703,-0.11254841307751767,-0.15512143821835883,-0.10744182749645724
