id,x__autocorrelation__lag_1024,x__autocorrelation__lag_128,x__autocorrelation__lag_16384,x__autocorrelation__lag_2048,x__autocorrelation__lag_256,x__autocorrelation__lag_4096,x__autocorrelation__lag_512,x__autocorrelation__lag_8192
A,-0.105352327673183,-0.2814793541476166,-0.1193162618549259,-0.12355199314180756,-0.17316741145814182,-0.1197385609279359,-0.21196812164525153,-0.1249516060011528
