id,x__autocorrelation__lag_1024,x__autocorrelation__lag_128,x__autocorrelation__lag_16384,x__autocorrelation__lag_2048,x__autocorrelation__lag_256,x__autocorrelation__lag_4096,x__autocorrelation__lag_512,x__autocorrelation__lag_8192
A,0.3014235622233496,-0.5666130595607598,0.3018339559051127,0.30307745457899476,0.2925837228432378,0.30782809553864876,0.2937513826913937,0.30562771187892696
