id,x__autocorrelation__lag_1024,x__autocorrelation__lag_128,x__autocorrelation__lag_16384,x__autocorrelation__lag_2048,x__autocorrelation__lag_256,x__autocorrelation__lag_4096,x__autocorrelation__lag_512,x__autocorrelation__lag_8192
A,-0.1238638891353179,-0.2741201758275637,-0.12655119947837734,-0.13210083862987493,-0.1854494392077326,-0.12820348220366296,-0.22354814160913006,-0.13422567175617592
