id,x__autocorrelation__lag_1024,x__autocorrelation__lag_128,x__autocorrelation__lag_16384,x__autocorrelation__lag_2048,x__autocorrelation__lag_256,x__autocorrelation__lag_4096,x__autocorrelation__lag_512,x__autocorrelation__lag_8192
A,0.5501977982475508,-0.6799229909459369,0.5355099355443944,0.5381787694518803,0.5654060116051403,0.5371974078164615,0.5603383403391761,0.5398073973330103
