id,x__autocorrelation__lag_1024,x__autocorrelation__lag_128,x__autocorrelation__lag_16384,x__autocorrelation__lag_2048,x__autocorrelation__lag_256,x__autocorrelation__lag_4096,x__autocorrelation__lag_512,x__autocorrelation__lag_8192
A,-0.12240437601518525,-0.2511273008694065,-0.134179003727546,-0.13501423162506937,-0.16087146050667162,-0.1326958773902668,-0.24271278238049276,-0.12623805434790894
