id,x__autocorrelation__lag_1024,x__autocorrelation__lag_128,x__autocorrelation__lag_16384,x__autocorrelation__lag_2048,x__autocorrelation__lag_256,x__autocorrelation__lag_4096,x__autocorrelation__lag_512,x__autocorrelation__lag_8192
A,0.5608585494647295,-0.6758139061899296,0.5486979230014966,0.5511963451189802,0.571501966768496,0.5499441542753603,0.5658479721095628,0.5522342600825518
