id,x__autocorrelation__lag_1024,x__autocorrelation__lag_128,x__autocorrelation__lag_16384,x__autocorrelation__lag_2048,x__autocorrelation__lag_256,x__autocorrelation__lag_4096,x__autocorrelation__lag_512,x__autocorrelation__lag_8192
A,-0.12260738301937978,-0.2838328433241483,-0.13407133985979805,-0.13685531286462732,-0.1873898058862995,-0.1338885532401856,-0.2235920789035767,-0.13873417001242405
