id,x__autocorrelation__lag_1024,x__autocorrelation__lag_128,x__autocorrelation__lag_16384,x__autocorrelation__lag_2048,x__autocorrelation__lag_256,x__autocorrelation__lag_4096,x__autocorrelation__lag_512,x__autocorrelation__lag_8192
A,-0.1778967532284102,-0.2824042094612672,-0.17009865507563796,-0.17192810334076164,-0.2228569937343487,-0.16879433532511146,-0.24624800340941871,-0.17207595595034392
