id,x__autocorrelation__lag_1024,x__autocorrelation__lag_128,x__autocorrelation__lag_16384,x__autocorrelation__lag_2048,x__autocorrelation__lag_256,x__autocorrelation__lag_4096,x__autocorrelation__lag_512,x__autocorrelation__lag_8192
A,-0.14314576485794478,-0.25998424662920105,-0.13362807420503353,-0.13946801394477634,-0.18736768004181245,-0.13573803315432525,-0.19497297170779873,-0.14151977069815275
