id,x__autocorrelation__lag_1024,x__autocorrelation__lag_128,x__autocorrelation__lag_16384,x__autocorrelation__lag_2048,x__autocorrelation__lag_256,x__autocorrelation__lag_4096,x__autocorrelation__lag_512,x__autocorrelation__lag_8192
A,-0.0906482359706886,-0.2879118789142111,-0.12164116105779747,-0.12439915155009484,-0.1488922075999569,-0.12107240136422587,-0.22187115544295627,-0.12500074582853155
