id,x__autocorrelation__lag_1024,x__autocorrelation__lag_128,x__autocorrelation__lag_16384,x__autocorrelation__lag_2048,x__autocorrelation__lag_256,x__autocorrelation__lag_4096,x__autocorrelation__lag_512,x__autocorrelation__lag_8192
A,-0.08862585240571356,-0.25649578830484476,-0.1076978773187121,-0.11552502660943303,-0.13937089788264714,-0.10828572471645097,-0.16393570624317882,-0.10590530791220515
