id,x__autocorrelation__lag_1024,x__autocorrelation__lag_128,x__autocorrelation__lag_16384,x__autocorrelation__lag_2048,x__autocorrelation__lag_256,x__autocorrelation__lag_4096,x__autocorrelation__lag_512,x__autocorrelation__lag_8192
A,-0.1494658974052892,-0.22490746312564608,-0.1471554145033584,-0.14890452113542954,-0.20749794673143968,-0.14552042888400438,-0.2356292721598693,-0.14971572620932966
