id,x__autocorrelation__lag_1024,x__autocorrelation__lag_128,x__autocorrelation__lag_16384,x__autocorrelation__lag_2048,x__autocorrelation__lag_256,x__autocorrelation__lag_4096,x__autocorrelation__lag_512,x__autocorrelation__lag_8192
A,-0.20362381524965875,-0.007380349622511309,-0.20563089231143533,-0.2087652140481894,-0.2854966711604576,-0.203717723209907,-0.3139545911703643,-0.2105844608193175
