id,x__autocorrelation__lag_1024,x__autocorrelation__lag_128,x__autocorrelation__lag_16384,x__autocorrelation__lag_2048,x__autocorrelation__lag_256,x__autocorrelation__lag_4096,x__autocorrelation__lag_512,x__autocorrelation__lag_8192
A,-0.20714524352759844,-0.18994693021065717,-0.20341709872364483,-0.20555592466219444,-0.265577254183709,-0.2016302916250736,-0.2917112970590997,-0.20602066248653828
