id,x__autocorrelation__lag_1024,x__autocorrelation__lag_128,x__autocorrelation__lag_16384,x__autocorrelation__lag_2048,x__autocorrelation__lag_256,x__autocorrelation__lag_4096,x__autocorrelation__lag_512,x__autocorrelation__lag_8192
A,-0.18599168784935266,-0.18593253443839858,-0.1817198375233795,-0.18346081740870163,-0.23524404921979603,-0.17973219375899308,-0.2664750491691061,-0.1840603759034497
