id,x__autocorrelation__lag_1024,x__autocorrelation__lag_128,x__autocorrelation__lag_16384,x__autocorrelation__lag_2048,x__autocorrelation__lag_256,x__autocorrelation__lag_4096,x__autocorrelation__lag_512,x__autocorrelation__lag_8192
A,-0.12821728202820368,-0.21966990717485677,-0.1234290030275371,-0.12955328884512263,-0.1625359330071297,-0.1257946100612011,-0.17344280333950668,-0.1315962396593337
