id,x__autocorrelation__lag_1024,x__autocorrelation__lag_128,x__autocorrelation__lag_16384,x__autocorrelation__lag_2048,x__autocorrelation__lag_256,x__autocorrelation__lag_4096,x__autocorrelation__lag_512,x__autocorrelation__lag_8192
A,0.5938544079561222,-0.7125553172124728,0.5776058916664564,0.5831000733599916,0.6048010412950432,0.5814030817024166,0.6023496383689736,0.5840304891976313
