id,x__autocorrelation__lag_1024,x__autocorrelation__lag_128,x__autocorrelation__lag_16384,x__autocorrelation__lag_2048,x__autocorrelation__lag_256,x__autocorrelation__lag_4096,x__autocorrelation__lag_512,x__autocorrelation__lag_8192
A,0.353792088407094,-0.5984233775570276,0.351827576759445,0.36216325458422227,0.3486467883321597,0.3613405749964654,0.35687598894212363,0.3657177684774887
