id,x__autocorrelation__lag_1024,x__autocorrelation__lag_128,x__autocorrelation__lag_16384,x__autocorrelation__lag_2048,x__autocorrelation__lag_256,x__autocorrelation__lag_4096,x__autocorrelation__lag_512,x__autocorrelation__lag_8192
A,-0.21457631419308903,-0.14962472851245381,-0.20304398772912752,-0.2044791904222585,-0.26472844234524023,-0.20003386903086887,-0.29613168352991576,-0.20457110396974287
