id,x__autocorrelation__lag_1024,x__autocorrelation__lag_128,x__autocorrelation__lag_16384,x__autocorrelation__lag_2048,x__autocorrelation__lag_256,x__autocorrelation__lag_4096,x__autocorrelation__lag_512,x__autocorrelation__lag_8192
A,-0.13154960909228422,-0.2588327751315203,-0.13126536445995632,-0.1341745883774726,-0.20005411909048446,-0.1301260945503821,-0.23407154787076498,-0.1351482007922598
