id,x__autocorrelation__lag_1024,x__autocorrelation__lag_128,x__autocorrelation__lag_16384,x__autocorrelation__lag_2048,x__autocorrelation__lag_256,x__autocorrelation__lag_4096,x__autocorrelation__lag_512,x__autocorrelation__lag_8192
A,-0.15310753325059664,-0.3002599380774799,-0.15187577796415308,-0.1562987758516129,-0.20193950325368157,-0.15249979571003702,-0.22597156312151712,-0.1579876329969045
