id,x__autocorrelation__lag_1024,x__autocorrelation__lag_128,x__autocorrelation__lag_16384,x__autocorrelation__lag_2048,x__autocorrelation__lag_256,x__autocorrelation__lag_4096,x__autocorrelation__lag_512,x__autocorrelation__lag_8192
A,-0.08478937669650902,-0.27060859844454105,-0.10482847543446325,-0.10689541812259963,-0.14933408205384138,-0.10429134925200313,-0.19654245403277423,-0.1094579672183072
