id,x__autocorrelation__lag_1024,x__autocorrelation__lag_128,x__autocorrelation__lag_16384,x__autocorrelation__lag_2048,x__autocorrelation__lag_256,x__autocorrelation__lag_4096,x__autocorrelation__lag_512,x__autocorrelation__lag_8192
A,-0.12923073416938982,-0.23739538398121668,-0.1352352726148448,-0.13705164651669044,-0.19344556532006116,-0.13433027009873127,-0.22937365161263096,-0.13814071317046478
