id,x__autocorrelation__lag_1024,x__autocorrelation__lag_128,x__autocorrelation__lag_16384,x__autocorrelation__lag_2048,x__autocorrelation__lag_256,x__autocorrelation__lag_4096,x__autocorrelation__lag_512,x__autocorrelation__lag_8192
A,-0.20764215631957017,-0.2161268726859443,-0.19942305177996197,-0.20164388535670924,-0.2688295841481868,-0.19761593380122017,-0.2939191789680535,-0.20173190013504036
