id,x__autocorrelation__lag_1024,x__autocorrelation__lag_128,x__autocorrelation__lag_16384,x__autocorrelation__lag_2048,x__autocorrelation__lag_256,x__autocorrelation__lag_4096,x__autocorrelation__lag_512,x__autocorrelation__lag_8192
A,0.5754868869346395,-0.6761911753610864,0.5636251501458631,0.5645416407308157,0.5831972092604344,0.5640314742915267,0.5743855368149576,0.5646201264117661
