id,x__autocorrelation__lag_1024,x__autocorrelation__lag_128,x__autocorrelation__lag_16384,x__autocorrelation__lag_2048,x__autocorrelation__lag_256,x__autocorrelation__lag_4096,x__autocorrelation__lag_512,x__autocorrelation__lag_8192
A,-0.08367970579786557,-0.2684588761465979,-0.10760030387405038,-0.10010045131714311,-0.13252803878085284,-0.10080886681913087,-0.15517205141110635,-0.09987810191645023
