id,x__autocorrelation__lag_1024,x__autocorrelation__lag_128,x__autocorrelation__lag_16384,x__autocorrelation__lag_2048,x__autocorrelation__lag_256,x__autocorrelation__lag_4096,x__autocorrelation__lag_512,x__autocorrelation__lag_8192
A,0.5683139548958638,-0.6943760309455193,0.5538744137214605,0.5569507256866673,0.5813085862029709,0.5556555962120342,0.5800218117492472,0.5582579245405307
