id,x__autocorrelation__lag_1024,x__autocorrelation__lag_128,x__autocorrelation__lag_16384,x__autocorrelation__lag_2048,x__autocorrelation__lag_256,x__autocorrelation__lag_4096,x__autocorrelation__lag_512,x__autocorrelation__lag_8192
A,-0.1696805243807964,-0.16862568987138693,-0.17581373556219976,-0.17644263802847857,-0.23584478462516897,-0.17272578267518407,-0.2729379932259752,-0.17662326443874324
