id,x__autocorrelation__lag_1024,x__autocorrelation__lag_128,x__autocorrelation__lag_16384,x__autocorrelation__lag_2048,x__autocorrelation__lag_256,x__autocorrelation__lag_4096,x__autocorrelation__lag_512,x__autocorrelation__lag_8192
A,-0.18518105191282133,-0.17122105528046,-0.1880945656407092,-0.19149640484485403,-0.2509700191279566,-0.18666333587658482,-0.2885163126114986,-0.1923789059852931
