id,x__autocorrelation__lag_1024,x__autocorrelation__lag_128,x__autocorrelation__lag_16384,x__autocorrelation__lag_2048,x__autocorrelation__lag_256,x__autocorrelation__lag_4096,x__autocorrelation__lag_512,x__autocorrelation__lag_8192
A,-0.21298378521163217,-0.01581820187472163,-0.21286756248868674,-0.22400938784739147,-0.2800829703321218,-0.21714885339527162,-0.31581000005472976,-0.22753758376706307
