id,x__autocorrelation__lag_1024,x__autocorrelation__lag_128,x__autocorrelation__lag_16384,x__autocorrelation__lag_2048,x__autocorrelation__lag_256,x__autocorrelation__lag_4096,x__autocorrelation__lag_512,x__autocorrelation__lag_8192
A,-0.16912694402450248,-0.2098581816638063,-0.16644349814542753,-0.17002528100058617,-0.23025804397222502,-0.16545146939526773,-0.2600808746700705,-0.170135450458794
