id,x__autocorrelation__lag_1024,x__autocorrelation__lag_128,x__autocorrelation__lag_16384,x__autocorrelation__lag_2048,x__autocorrelation__lag_256,x__autocorrelation__lag_4096,x__autocorrelation__lag_512,x__autocorrelation__lag_8192
A,-0.051949969175528514,-0.06434265110059681,-0.15059460234768915,-0.179876860994381,-0.24359973017724904,-0.1879504545498797,-0.29929874980171406,-0.20802848513075461
