id,x__autocorrelation__lag_1024,x__autocorrelation__lag_128,x__autocorrelation__lag_16384,x__autocorrelation__lag_2048,x__autocorrelation__lag_256,x__autocorrelation__lag_4096,x__autocorrelation__lag_512,x__autocorrelation__lag_8192
A,-0.20064940480036442,-0.09918532332842271,-0.20225105265168175,-0.20330358846719773,-0.2636160220988536,-0.19864702614879734,-0.29865930471604313,-0.20400483194854174
