id,x__autocorrelation__lag_1024,x__autocorrelation__lag_128,x__autocorrelation__lag_16384,x__autocorrelation__lag_2048,x__autocorrelation__lag_256,x__autocorrelation__lag_4096,x__autocorrelation__lag_512,x__autocorrelation__lag_8192
A,0.5704785657705563,-0.7068906702344537,0.5570017656760372,0.5602750351596792,0.585884236161278,0.559434240342212,0.5835249070424572,0.5615202960359003
