id,x__autocorrelation__lag_1024,x__autocorrelation__lag_128,x__autocorrelation__lag_16384,x__autocorrelation__lag_2048,x__autocorrelation__lag_256,x__autocorrelation__lag_4096,x__autocorrelation__lag_512,x__autocorrelation__lag_8192
A,-0.12016269941818025,-0.2631724514003697,-0.13551039812845336,-0.14427538554417157,-0.15879917236984997,-0.1418450851940071,-0.25767883166348754,-0.14059994769573905
