id,x__autocorrelation__lag_1024,x__autocorrelation__lag_128,x__autocorrelation__lag_16384,x__autocorrelation__lag_2048,x__autocorrelation__lag_256,x__autocorrelation__lag_4096,x__autocorrelation__lag_512,x__autocorrelation__lag_8192
A,-0.2404312548164812,-0.04831013324690528,-0.23972182374746276,-0.2399136577174958,-0.3052316111808908,-0.235006619097307,-0.33450366556905226,-0.2397883612108217
