id,x__autocorrelation__lag_1024,x__autocorrelation__lag_128,x__autocorrelation__lag_16384,x__autocorrelation__lag_2048,x__autocorrelation__lag_256,x__autocorrelation__lag_4096,x__autocorrelation__lag_512,x__autocorrelation__lag_8192
A,-0.17556257143087575,-0.22334615635231647,-0.165328065346389,-0.16803407727152672,-0.23372339966000105,-0.16364022553140026,-0.26349389434191534,-0.16941689558538567
