id,x__autocorrelation__lag_1024,x__autocorrelation__lag_128,x__autocorrelation__lag_16384,x__autocorrelation__lag_2048,x__autocorrelation__lag_256,x__autocorrelation__lag_4096,x__autocorrelation__lag_512,x__autocorrelation__lag_8192
A,0.563501126189803,-0.6969347500349049,0.5489949474526467,0.5534054001920278,0.5746310121844912,0.5525882911141116,0.5737161015400903,0.5553816614868641
