id,x__autocorrelation__lag_1024,x__autocorrelation__lag_128,x__autocorrelation__lag_16384,x__autocorrelation__lag_2048,x__autocorrelation__lag_256,x__autocorrelation__lag_4096,x__autocorrelation__lag_512,x__autocorrelation__lag_8192
A,-0.16929980130655276,-0.2091244509783977,-0.1741904669295506,-0.17707202346398615,-0.23600444412098223,-0.17361742141314204,-0.2702765538638791,-0.1784346611748371
