id,x__autocorrelation__lag_1024,x__autocorrelation__lag_128,x__autocorrelation__lag_16384,x__autocorrelation__lag_2048,x__autocorrelation__lag_256,x__autocorrelation__lag_4096,x__autocorrelation__lag_512,x__autocorrelation__lag_8192
A,-0.17002566579196876,-0.16530231593747738,-0.17439521355909018,-0.17440088952283767,-0.2335824923906571,-0.17085378164462378,-0.2716435238324625,-0.1752810729937864
