id,x__autocorrelation__lag_1024,x__autocorrelation__lag_128,x__autocorrelation__lag_16384,x__autocorrelation__lag_2048,x__autocorrelation__lag_256,x__autocorrelation__lag_4096,x__autocorrelation__lag_512,x__autocorrelation__lag_8192
A,-0.07536806925039022,-0.02279379096566108,-0.19676112457230838,-0.22818359989296033,-0.2444681829406652,-0.21862631292065365,-0.3017413297139013,-0.23540167888378266
