id,x__autocorrelation__lag_1024,x__autocorrelation__lag_128,x__autocorrelation__lag_16384,x__autocorrelation__lag_2048,x__autocorrelation__lag_256,x__autocorrelation__lag_4096,x__autocorrelation__lag_512,x__autocorrelation__lag_8192
A,0.2668106791691365,-0.5597661763109553,0.2698168060247587,0.27188905424313864,0.2771891805564604,0.2751907233659647,0.28307017416113744,0.2739633779429179
