id,x__autocorrelation__lag_1024,x__autocorrelation__lag_128,x__autocorrelation__lag_16384,x__autocorrelation__lag_2048,x__autocorrelation__lag_256,x__autocorrelation__lag_4096,x__autocorrelation__lag_512,x__autocorrelation__lag_8192
A,0.5867746267607428,-0.6852093317647642,0.5761268344391183,0.5768546939839528,0.5949918208871847,0.5763502774454211,0.5860091645483999,0.577552081544694
