id,x__autocorrelation__lag_1024,x__autocorrelation__lag_128,x__autocorrelation__lag_16384,x__autocorrelation__lag_2048,x__autocorrelation__lag_256,x__autocorrelation__lag_4096,x__autocorrelation__lag_512,x__autocorrelation__lag_8192
A,-0.27298504458790596,-0.3867342756920259,-0.2730464571034792,-0.2714722138414211,-0.28469022275396905,-0.27246336678076855,-0.30679694534001006,-0.2678467655195004
