id,x__autocorrelation__lag_1024,x__autocorrelation__lag_128,x__autocorrelation__lag_16384,x__autocorrelation__lag_2048,x__autocorrelation__lag_256,x__autocorrelation__lag_4096,x__autocorrelation__lag_512,x__autocorrelation__lag_8192
A,-0.12865991790060144,-0.25479950765437487,-0.125862142786644,-0.13079577974486958,-0.17523458162883968,-0.1274726524862091,-0.19169538845201683,-0.13279018332901632
