id,x__autocorrelation__lag_1024,x__autocorrelation__lag_128,x__autocorrelation__lag_16384,x__autocorrelation__lag_2048,x__autocorrelation__lag_256,x__autocorrelation__lag_4096,x__autocorrelation__lag_512,x__autocorrelation__lag_8192
A,-0.1913297888639865,-0.3580847169373274,-0.1874787959623024,-0.20197537071991314,-0.2086719366829401,-0.19401637713209557,-0.24090797092489544,-0.19580656713946484
