id,x__autocorrelation__lag_1024,x__autocorrelation__lag_128,x__autocorrelation__lag_16384,x__autocorrelation__lag_2048,x__autocorrelation__lag_256,x__autocorrelation__lag_4096,x__autocorrelation__lag_512,x__autocorrelation__lag_8192
A,-0.23595625457022681,-0.03463406114230362,-0.23489264630647747,-0.2362008354350522,-0.29986977396889747,-0.23145617206585492,-0.3309115434923001,-0.23680322186306035
