id,x__autocorrelation__lag_1024,x__autocorrelation__lag_128,x__autocorrelation__lag_16384,x__autocorrelation__lag_2048,x__autocorrelation__lag_256,x__autocorrelation__lag_4096,x__autocorrelation__lag_512,x__autocorrelation__lag_8192
A,-0.1204715823172913,-0.31072034701142043,-0.12087258234719422,-0.12986091230006128,-0.1714639184333832,-0.12503546355120448,-0.19610926018634942,-0.13240979427601285
