id,x__autocorrelation__lag_1024,x__autocorrelation__lag_128,x__autocorrelation__lag_16384,x__autocorrelation__lag_2048,x__autocorrelation__lag_256,x__autocorrelation__lag_4096,x__autocorrelation__lag_512,x__autocorrelation__lag_8192
A,-0.12398540826285251,-0.2602277166652074,-0.14234374151091939,-0.15087173221724656,-0.16532609364176298,-0.15130429315000407,-0.24976067744013394,-0.14555287829430252
