id,x__autocorrelation__lag_1024,x__autocorrelation__lag_128,x__autocorrelation__lag_16384,x__autocorrelation__lag_2048,x__autocorrelation__lag_256,x__autocorrelation__lag_4096,x__autocorrelation__lag_512,x__autocorrelation__lag_8192
A,-0.19243855541985416,-0.13354368918838017,-0.1910471563052236,-0.19299563038079137,-0.2507581960140476,-0.1882807462988355,-0.2864359211129901,-0.1935281556866151
