id,x__autocorrelation__lag_1024,x__autocorrelation__lag_128,x__autocorrelation__lag_16384,x__autocorrelation__lag_2048,x__autocorrelation__lag_256,x__autocorrelation__lag_4096,x__autocorrelation__lag_512,x__autocorrelation__lag_8192
A,-0.18831196882600065,-0.30052355850379553,-0.1800638950509174,-0.1809363011931935,-0.23147505392759282,-0.17769756344822268,-0.2484229575662071,-0.17957003536300353
