id,x__autocorrelation__lag_1024,x__autocorrelation__lag_128,x__autocorrelation__lag_16384,x__autocorrelation__lag_2048,x__autocorrelation__lag_256,x__autocorrelation__lag_4096,x__autocorrelation__lag_512,x__autocorrelation__lag_8192
A,0.5525289376466878,-0.6880330779032399,0.5372800847581938,0.5392182704251938,0.5673973939015631,0.5386360269474748,0.5660020575520833,0.540102252525039
