id,x__autocorrelation__lag_1024,x__autocorrelation__lag_128,x__autocorrelation__lag_16384,x__autocorrelation__lag_2048,x__autocorrelation__lag_256,x__autocorrelation__lag_4096,x__autocorrelation__lag_512,x__autocorrelation__lag_8192
A,0.5458654212433015,-0.6701469315991248,0.5321628305760572,0.5354086115504278,0.5590222759953708,0.5341453227346976,0.5542170492269554,0.5363231663474558
