id,x__autocorrelation__lag_1024,x__autocorrelation__lag_128,x__autocorrelation__lag_16384,x__autocorrelation__lag_2048,x__autocorrelation__lag_256,x__autocorrelation__lag_4096,x__autocorrelation__lag_512,x__autocorrelation__lag_8192
A,0.584392083691182,-0.7161183033035597,0.5687733981278906,0.5719664525496733,0.598002218608112,0.5708204011911175,0.5966328346067916,0.5725268138187212
