id,x__autocorrelation__lag_1024,x__autocorrelation__lag_128,x__autocorrelation__lag_16384,x__autocorrelation__lag_2048,x__autocorrelation__lag_256,x__autocorrelation__lag_4096,x__autocorrelation__lag_512,x__autocorrelation__lag_8192
A,-0.13379767562831535,-0.30222754089133946,-0.13880336324005457,-0.142949629942423,-0.19106678764906734,-0.1395193180377494,-0.22256819464252375,-0.144539867271805
