id,x__autocorrelation__lag_1024,x__autocorrelation__lag_128,x__autocorrelation__lag_16384,x__autocorrelation__lag_2048,x__autocorrelation__lag_256,x__autocorrelation__lag_4096,x__autocorrelation__lag_512,x__autocorrelation__lag_8192
A,-0.19963994764892773,-0.16076182419619658,-0.1916250754897731,-0.1947916973410982,-0.253801493484402,-0.19016915119591504,-0.2856048025367042,-0.1954891426683233
