id,x__autocorrelation__lag_1024,x__autocorrelation__lag_128,x__autocorrelation__lag_16384,x__autocorrelation__lag_2048,x__autocorrelation__lag_256,x__autocorrelation__lag_4096,x__autocorrelation__lag_512,x__autocorrelation__lag_8192
A,0.5474999585317506,-0.6723295978436317,0.5274092609553502,0.5307456919141256,0.5612806016858539,0.5295263798793737,0.5547336581394422,0.532050886089783
