id,x__autocorrelation__lag_1024,x__autocorrelation__lag_128,x__autocorrelation__lag_16384,x__autocorrelation__lag_2048,x__autocorrelation__lag_256,x__autocorrelation__lag_4096,x__autocorrelation__lag_512,x__autocorrelation__lag_8192
A,-0.20481222988317616,0.014384831156817735,-0.21129101377110918,-0.2207618075787103,-0.2841089737192467,-0.21464914918436565,-0.32223834042102995,-0.22389544736235154
