id,x__autocorrelation__lag_1024,x__autocorrelation__lag_128,x__autocorrelation__lag_16384,x__autocorrelation__lag_2048,x__autocorrelation__lag_256,x__autocorrelation__lag_4096,x__autocorrelation__lag_512,x__autocorrelation__lag_8192
A,-0.1865295551574072,-0.12059115660576264,-0.19076447335963054,-0.1906235257871533,-0.2572822173477338,-0.18608731145056323,-0.2971377899668354,-0.19070241056935883
