id,x__autocorrelation__lag_1024,x__autocorrelation__lag_128,x__autocorrelation__lag_16384,x__autocorrelation__lag_2048,x__autocorrelation__lag_256,x__autocorrelation__lag_4096,x__autocorrelation__lag_512,x__autocorrelation__lag_8192
A,-0.14241566460870478,-0.23504139268692611,-0.14786724094847506,-0.15053593189511177,-0.2030551703852167,-0.14637389397619305,-0.2408683753655751,-0.15164977703054003
