id,x__autocorrelation__lag_1024,x__autocorrelation__lag_128,x__autocorrelation__lag_16384,x__autocorrelation__lag_2048,x__autocorrelation__lag_256,x__autocorrelation__lag_4096,x__autocorrelation__lag_512,x__autocorrelation__lag_8192
A,-0.18956221951666036,-0.18551770886887692,-0.1883929201010951,-0.19144447148959032,-0.258710862515651,-0.18706061540223914,-0.2914519067462847,-0.19166047287235666
