id,x__autocorrelation__lag_1024,x__autocorrelation__lag_128,x__autocorrelation__lag_16384,x__autocorrelation__lag_2048,x__autocorrelation__lag_256,x__autocorrelation__lag_4096,x__autocorrelation__lag_512,x__autocorrelation__lag_8192
A,-0.11616298352999536,-0.23861573933258742,-0.1291049271627546,-0.1332074112470025,-0.1695689822278489,-0.12919237661594246,-0.2579936152638192,-0.12563052719486412
