id,x__autocorrelation__lag_1024,x__autocorrelation__lag_128,x__autocorrelation__lag_16384,x__autocorrelation__lag_2048,x__autocorrelation__lag_256,x__autocorrelation__lag_4096,x__autocorrelation__lag_512,x__autocorrelation__lag_8192
A,-0.14125737194836618,-0.28182924933007114,-0.12917182934335447,-0.13354466399529122,-0.18199626812980577,-0.13031661921241966,-0.18144040151474342,-0.13460233671048727
