id,x__autocorrelation__lag_1024,x__autocorrelation__lag_128,x__autocorrelation__lag_16384,x__autocorrelation__lag_2048,x__autocorrelation__lag_256,x__autocorrelation__lag_4096,x__autocorrelation__lag_512,x__autocorrelation__lag_8192
A,-0.2085863986626065,-0.07406255360766593,-0.2079835564786306,-0.20786987694585077,-0.27920250673327524,-0.20363709882581532,-0.3134933001831493,-0.2088921103907468
