id,x__autocorrelation__lag_1024,x__autocorrelation__lag_128,x__autocorrelation__lag_16384,x__autocorrelation__lag_2048,x__autocorrelation__lag_256,x__autocorrelation__lag_4096,x__autocorrelation__lag_512,x__autocorrelation__lag_8192
A,-0.1672001981398286,-0.25806258938239346,-0.16203871539255585,-0.1632679796306569,-0.21986709111625902,-0.16006241796025328,-0.24990915365334382,-0.16440813368586815
