id,x__autocorrelation__lag_1024,x__autocorrelation__lag_128,x__autocorrelation__lag_16384,x__autocorrelation__lag_2048,x__autocorrelation__lag_256,x__autocorrelation__lag_4096,x__autocorrelation__lag_512,x__autocorrelation__lag_8192
A,0.5849724287315516,-0.7222184998467616,0.570786972021485,0.5752535282741797,0.6016800615085569,0.5744973672845717,0.6007151988990646,0.576825077587202
