id,x__autocorrelation__lag_1024,x__autocorrelation__lag_128,x__autocorrelation__lag_16384,x__autocorrelation__lag_2048,x__autocorrelation__lag_256,x__autocorrelation__lag_4096,x__autocorrelation__lag_512,x__autocorrelation__lag_8192
A,-0.13561625014125508,-0.26850493114798274,-0.12811128514309128,-0.13564796008572333,-0.1728766886810451,-0.1311164706373627,-0.1740173101027022,-0.13766983044805853
