id,x__autocorrelation__lag_1024,x__autocorrelation__lag_128,x__autocorrelation__lag_16384,x__autocorrelation__lag_2048,x__autocorrelation__lag_256,x__autocorrelation__lag_4096,x__autocorrelation__lag_512,x__autocorrelation__lag_8192
A,-0.17475785863401375,-0.220158076983233,-0.16854632704668684,-0.17114150832413708,-0.23060412507738487,-0.16650849060281867,-0.26456405662975846,-0.17089032989155542
