id,x__autocorrelation__lag_1024,x__autocorrelation__lag_128,x__autocorrelation__lag_16384,x__autocorrelation__lag_2048,x__autocorrelation__lag_256,x__autocorrelation__lag_4096,x__autocorrelation__lag_512,x__autocorrelation__lag_8192
A,-0.04674880157935167,-0.16082288032808942,-0.1261779433200294,-0.11039663141304971,-0.19021981348480302,-0.11830831825702426,-0.2324199625152857,-0.11671621168853735
