id,x__autocorrelation__lag_1024,x__autocorrelation__lag_128,x__autocorrelation__lag_16384,x__autocorrelation__lag_2048,x__autocorrelation__lag_256,x__autocorrelation__lag_4096,x__autocorrelation__lag_512,x__autocorrelation__lag_8192
A,0.5831691861869847,-0.6759955433177683,0.5690052776296757,0.5702853456656448,0.5904551614348348,0.5698443301775976,0.5798151799480878,0.5702240527100902
