id,x__autocorrelation__lag_1024,x__autocorrelation__lag_128,x__autocorrelation__lag_16384,x__autocorrelation__lag_2048,x__autocorrelation__lag_256,x__autocorrelation__lag_4096,x__autocorrelation__lag_512,x__autocorrelation__lag_8192
A,-0.06739370401112339,-0.02678830373295035,-0.17511667870532766,-0.22875244272844847,-0.2608678524686129,-0.21059919580656103,-0.3357899681715677,-0.23911594861966326
