id,x__autocorrelation__lag_1024,x__autocorrelation__lag_128,x__autocorrelation__lag_16384,x__autocorrelation__lag_2048,x__autocorrelation__lag_256,x__autocorrelation__lag_4096,x__autocorrelation__lag_512,x__autocorrelation__lag_8192
A,-0.20309767297698655,-0.16932054532965304,-0.19963928875180711,-0.2015841066545183,-0.26248928414012446,-0.19707383957718216,-0.2928763369721338,-0.20148366459287662
