id,x__autocorrelation__lag_1024,x__autocorrelation__lag_128,x__autocorrelation__lag_16384,x__autocorrelation__lag_2048,x__autocorrelation__lag_256,x__autocorrelation__lag_4096,x__autocorrelation__lag_512,x__autocorrelation__lag_8192
A,-0.1406467973050395,-0.327806137181082,-0.1368167198788645,-0.1436918097153051,-0.18588087158735744,-0.13972413738492825,-0.20550525730513722,-0.1456832855179242
