id,x__autocorrelation__lag_1024,x__autocorrelation__lag_128,x__autocorrelation__lag_16384,x__autocorrelation__lag_2048,x__autocorrelation__lag_256,x__autocorrelation__lag_4096,x__autocorrelation__lag_512,x__autocorrelation__lag_8192
A,-0.20721642247404215,-0.03179212400754377,-0.20781089847333237,-0.2114119460019237,-0.2863550167060476,-0.20545050810641305,-0.32071065377030783,-0.2125590240593089
