id,x__autocorrelation__lag_1024,x__autocorrelation__lag_128,x__autocorrelation__lag_16384,x__autocorrelation__lag_2048,x__autocorrelation__lag_256,x__autocorrelation__lag_4096,x__autocorrelation__lag_512,x__autocorrelation__lag_8192
A,-0.10097392325280155,-0.2678440152162165,-0.13211298954364883,-0.1367365834145008,-0.15802183053450666,-0.13997409052659077,-0.24847315326025182,-0.13481434624448774
