id,x__autocorrelation__lag_1024,x__autocorrelation__lag_128,x__autocorrelation__lag_16384,x__autocorrelation__lag_2048,x__autocorrelation__lag_256,x__autocorrelation__lag_4096,x__autocorrelation__lag_512,x__autocorrelation__lag_8192
A,-0.20108176565369287,-0.14193179352798452,-0.20136390273465635,-0.20251822052028506,-0.26449205024881306,-0.19797766878729478,-0.3017822296789531,-0.20357975711583906
