id,x__autocorrelation__lag_1024,x__autocorrelation__lag_128,x__autocorrelation__lag_16384,x__autocorrelation__lag_2048,x__autocorrelation__lag_256,x__autocorrelation__lag_4096,x__autocorrelation__lag_512,x__autocorrelation__lag_8192
A,-0.1714843450468041,-0.20068712444163436,-0.16278643284181982,-0.1648453355612501,-0.23175324882263718,-0.16032056266258668,-0.26089476857034993,-0.16482355208426702
