id,x__autocorrelation__lag_1024,x__autocorrelation__lag_128,x__autocorrelation__lag_16384,x__autocorrelation__lag_2048,x__autocorrelation__lag_256,x__autocorrelation__lag_4096,x__autocorrelation__lag_512,x__autocorrelation__lag_8192
A,-0.11512290884631005,-0.26306550946509133,-0.1290624328412808,-0.13347251590081735,-0.1794750127162594,-0.13000688943125524,-0.22191315507676296,-0.13560800249411548
