id,x__autocorrelation__lag_1024,x__autocorrelation__lag_128,x__autocorrelation__lag_16384,x__autocorrelation__lag_2048,x__autocorrelation__lag_256,x__autocorrelation__lag_4096,x__autocorrelation__lag_512,x__autocorrelation__lag_8192
A,-0.19290534081359906,-0.14690609727004156,-0.19329570818642428,-0.19515454932597293,-0.24703061714178207,-0.19122829278962855,-0.2831354303264542,-0.19655000880899356
