id,x__autocorrelation__lag_1024,x__autocorrelation__lag_128,x__autocorrelation__lag_16384,x__autocorrelation__lag_2048,x__autocorrelation__lag_256,x__autocorrelation__lag_4096,x__autocorrelation__lag_512,x__autocorrelation__lag_8192
A,-0.14774041478432692,-0.31550847884903405,-0.09886111422043051,-0.12258387651490993,-0.2074098759704624,-0.10408519515457548,-0.265170066918555,-0.10765720777630743
