id,x__autocorrelation__lag_1024,x__autocorrelation__lag_128,x__autocorrelation__lag_16384,x__autocorrelation__lag_2048,x__autocorrelation__lag_256,x__autocorrelation__lag_4096,x__autocorrelation__lag_512,x__autocorrelation__lag_8192
A,-0.08331421377912203,-0.0987555857474282,-0.1630134193816767,-0.16010605868402783,-0.2110632655699348,-0.15999936645461615,-0.2690944424015696,-0.15440648588666483
