id,x__autocorrelation__lag_1024,x__autocorrelation__lag_128,x__autocorrelation__lag_16384,x__autocorrelation__lag_2048,x__autocorrelation__lag_256,x__autocorrelation__lag_4096,x__autocorrelation__lag_512,x__autocorrelation__lag_8192
A,0.5992158457462959,-0.7332690326660539,0.585422474395644,0.5907506738268156,0.6139997582002101,0.5894072084829197,0.612335415943278,0.5919048879277717
