id,x__autocorrelation__lag_1024,x__autocorrelation__lag_128,x__autocorrelation__lag_16384,x__autocorrelation__lag_2048,x__autocorrelation__lag_256,x__autocorrelation__lag_4096,x__autocorrelation__lag_512,x__autocorrelation__lag_8192
A,-0.14196307092017155,-0.2965890748356134,-0.13084297006272066,-0.14075997261178186,-0.18066482736459852,-0.13556080204910198,-0.18771173287733084,-0.14306148794563775
