id,x__autocorrelation__lag_1024,x__autocorrelation__lag_128,x__autocorrelation__lag_16384,x__autocorrelation__lag_2048,x__autocorrelation__lag_256,x__autocorrelation__lag_4096,x__autocorrelation__lag_512,x__autocorrelation__lag_8192
A,0.5790350710564998,-0.677467566889461,0.5658739768486861,0.5666774314304035,0.5867122376683593,0.5662556688270745,0.5769703164877495,0.5674608545485229
