id,x__autocorrelation__lag_1024,x__autocorrelation__lag_128,x__autocorrelation__lag_16384,x__autocorrelation__lag_2048,x__autocorrelation__lag_256,x__autocorrelation__lag_4096,x__autocorrelation__lag_512,x__autocorrelation__lag_8192
A,-0.24305349271113896,-0.04171060956901743,-0.23883715325624114,-0.2406106389270737,-0.3040738142297708,-0.23542184130282956,-0.33024363407715723,-0.24070722695806265
