id,x__autocorrelation__lag_1024,x__autocorrelation__lag_128,x__autocorrelation__lag_16384,x__autocorrelation__lag_2048,x__autocorrelation__lag_256,x__autocorrelation__lag_4096,x__autocorrelation__lag_512,x__autocorrelation__lag_8192
A,-0.08611164765954511,-0.31009411628028594,-0.08947064158989225,-0.09752002650236467,-0.13854955728835328,-0.0932527004171952,-0.16460946955186265,-0.09997214361999554
