id,x__autocorrelation__lag_1024,x__autocorrelation__lag_128,x__autocorrelation__lag_16384,x__autocorrelation__lag_2048,x__autocorrelation__lag_256,x__autocorrelation__lag_4096,x__autocorrelation__lag_512,x__autocorrelation__lag_8192
A,-0.154660623585405,-0.021044410046334786,-0.22421139929841993,-0.26019469338943724,-0.2933056486660943,-0.24826781721501717,-0.34513186230564685,-0.27042457772824535
