id,x__autocorrelation__lag_1024,x__autocorrelation__lag_128,x__autocorrelation__lag_16384,x__autocorrelation__lag_2048,x__autocorrelation__lag_256,x__autocorrelation__lag_4096,x__autocorrelation__lag_512,x__autocorrelation__lag_8192
A,0.5387281430507062,-0.6645793918155792,0.5211789853598665,0.5255147719666325,0.551565456172945,0.5240658637241193,0.5463451404420694,0.5274716411264554
