id,x__autocorrelation__lag_1024,x__autocorrelation__lag_128,x__autocorrelation__lag_16384,x__autocorrelation__lag_2048,x__autocorrelation__lag_256,x__autocorrelation__lag_4096,x__autocorrelation__lag_512,x__autocorrelation__lag_8192
A,0.30442236384570176,-0.5815126372795502,0.31207559954092806,0.3125201619172259,0.3204504252146872,0.3153712969064907,0.32835574971506454,0.3150538993371345
