id,x__autocorrelation__lag_1024,x__autocorrelation__lag_128,x__autocorrelation__lag_16384,x__autocorrelation__lag_2048,x__autocorrelation__lag_256,x__autocorrelation__lag_4096,x__autocorrelation__lag_512,x__autocorrelation__lag_8192
A,-0.20545178243961057,-0.08508618043372768,-0.20352890879828897,-0.20347979415310938,-0.2853557426755587,-0.1994331957199363,-0.31746538713621525,-0.2036121926207158
