id,x__autocorrelation__lag_1024,x__autocorrelation__lag_128,x__autocorrelation__lag_16384,x__autocorrelation__lag_2048,x__autocorrelation__lag_256,x__autocorrelation__lag_4096,x__autocorrelation__lag_512,x__autocorrelation__lag_8192
A,0.5666711198905767,-0.6904799445401748,0.5515755141011914,0.5548607741970228,0.5823504693427527,0.5536103219787885,0.5766503053397635,0.5555837468992628
