id,x__autocorrelation__lag_1024,x__autocorrelation__lag_128,x__autocorrelation__lag_16384,x__autocorrelation__lag_2048,x__autocorrelation__lag_256,x__autocorrelation__lag_4096,x__autocorrelation__lag_512,x__autocorrelation__lag_8192
A,-0.1072258982223945,-0.2854802312272857,-0.13135302531354218,-0.1442229641412703,-0.1576586376351675,-0.1405656161971282,-0.25235467703771614,-0.12896369838054225
