id,x__autocorrelation__lag_1024,x__autocorrelation__lag_128,x__autocorrelation__lag_16384,x__autocorrelation__lag_2048,x__autocorrelation__lag_256,x__autocorrelation__lag_4096,x__autocorrelation__lag_512,x__autocorrelation__lag_8192
A,-0.20380061811031808,-0.2406847675435188,-0.19412748629051688,-0.19820397363448708,-0.2629980883157747,-0.19367300597573262,-0.27847622037847825,-0.1983891474204387
