id,x__autocorrelation__lag_1024,x__autocorrelation__lag_128,x__autocorrelation__lag_16384,x__autocorrelation__lag_2048,x__autocorrelation__lag_256,x__autocorrelation__lag_4096,x__autocorrelation__lag_512,x__autocorrelation__lag_8192
A,-0.138168532654604,-0.31344907648910597,-0.11248281916729569,-0.14585783883418504,-0.20601198152164507,-0.11871766319420023,-0.2654101793753023,-0.11866142255622844
