id,x__autocorrelation__lag_1024,x__autocorrelation__lag_128,x__autocorrelation__lag_16384,x__autocorrelation__lag_2048,x__autocorrelation__lag_256,x__autocorrelation__lag_4096,x__autocorrelation__lag_512,x__autocorrelation__lag_8192
A,-0.22384022412367646,-0.028310831791729704,-0.22673174664452458,-0.22600357846155086,-0.29254156089262157,-0.2223250579090088,-0.325475146508346,-0.22619806463614164
