id,x__autocorrelation__lag_1024,x__autocorrelation__lag_128,x__autocorrelation__lag_16384,x__autocorrelation__lag_2048,x__autocorrelation__lag_256,x__autocorrelation__lag_4096,x__autocorrelation__lag_512,x__autocorrelation__lag_8192
A,-0.12103166734512294,-0.3188422409793407,-0.1192217618720231,-0.12668939401594148,-0.17158573213738026,-0.12263760299436746,-0.19467900698379148,-0.12858377269729465
