id,x__autocorrelation__lag_1024,x__autocorrelation__lag_128,x__autocorrelation__lag_16384,x__autocorrelation__lag_2048,x__autocorrelation__lag_256,x__autocorrelation__lag_4096,x__autocorrelation__lag_512,x__autocorrelation__lag_8192
A,-0.23917663439494274,-0.09806479994399481,-0.22994188839820315,-0.23122150674529274,-0.294808965066478,-0.2269143811097582,-0.3214396806247768,-0.231620424603499
