id,x__autocorrelation__lag_1024,x__autocorrelation__lag_128,x__autocorrelation__lag_16384,x__autocorrelation__lag_2048,x__autocorrelation__lag_256,x__autocorrelation__lag_4096,x__autocorrelation__lag_512,x__autocorrelation__lag_8192
A,-0.1060995556943568,-0.027821749632911726,-0.19794402398323313,-0.22126268876778857,-0.25327159977038566,-0.21313672552500423,-0.2925587485998586,-0.2190236292083171
