id,x__autocorrelation__lag_1024,x__autocorrelation__lag_128,x__autocorrelation__lag_16384,x__autocorrelation__lag_2048,x__autocorrelation__lag_256,x__autocorrelation__lag_4096,x__autocorrelation__lag_512,x__autocorrelation__lag_8192
A,0.5715516679570393,-0.678548513574943,0.5577665219407536,0.5604148517191061,0.5819045028206586,0.5598253919195227,0.5750377017920296,0.5611198685997142
