id,x__autocorrelation__lag_1024,x__autocorrelation__lag_128,x__autocorrelation__lag_16384,x__autocorrelation__lag_2048,x__autocorrelation__lag_256,x__autocorrelation__lag_4096,x__autocorrelation__lag_512,x__autocorrelation__lag_8192
A,-0.3384177095569633,-0.34196599370980985,-0.3848858213133326,-0.38851418254863573,-0.36196624845083875,-0.37524948543533576,-0.44273945378452945,-0.38344814835582314
