id,x__autocorrelation__lag_1024,x__autocorrelation__lag_128,x__autocorrelation__lag_16384,x__autocorrelation__lag_2048,x__autocorrelation__lag_256,x__autocorrelation__lag_4096,x__autocorrelation__lag_512,x__autocorrelation__lag_8192
A,0.5664711051421953,-0.6706917004241503,0.5539021226391054,0.5555962852381411,0.5748970469160744,0.5547432225626251,0.5667572847534736,0.5563231408961612
