id,x__autocorrelation__lag_1024,x__autocorrelation__lag_128,x__autocorrelation__lag_16384,x__autocorrelation__lag_2048,x__autocorrelation__lag_256,x__autocorrelation__lag_4096,x__autocorrelation__lag_512,x__autocorrelation__lag_8192
A,-0.11137299976134492,-0.2877797002812628,-0.14329420730818726,-0.1507824882672648,-0.16033620534186246,-0.14702483240420794,-0.26347261898683816,-0.13707641602451132
