id,x__autocorrelation__lag_1024,x__autocorrelation__lag_128,x__autocorrelation__lag_16384,x__autocorrelation__lag_2048,x__autocorrelation__lag_256,x__autocorrelation__lag_4096,x__autocorrelation__lag_512,x__autocorrelation__lag_8192
A,-0.15167277816109592,-0.2537251160324195,-0.12997868086937267,-0.13690140427374134,-0.1804558363877443,-0.13255656139177868,-0.17746766284379178,-0.13897028295901115
