id,x__autocorrelation__lag_1024,x__autocorrelation__lag_128,x__autocorrelation__lag_16384,x__autocorrelation__lag_2048,x__autocorrelation__lag_256,x__autocorrelation__lag_4096,x__autocorrelation__lag_512,x__autocorrelation__lag_8192
A,-0.05413486605608893,-0.04841459089694189,-0.16316935711285682,-0.21876771634537656,-0.23691030366897953,-0.19932854128309566,-0.3558093514493874,-0.24629788279668002
