id,x__autocorrelation__lag_1024,x__autocorrelation__lag_128,x__autocorrelation__lag_16384,x__autocorrelation__lag_2048,x__autocorrelation__lag_256,x__autocorrelation__lag_4096,x__autocorrelation__lag_512,x__autocorrelation__lag_8192
A,0.4827682279359476,-0.6887360060174473,0.478407005667032,0.4785395255544108,0.501344026945299,0.4795684344517378,0.5022843004146476,0.47880603744670747
