id,x__autocorrelation__lag_1024,x__autocorrelation__lag_128,x__autocorrelation__lag_16384,x__autocorrelation__lag_2048,x__autocorrelation__lag_256,x__autocorrelation__lag_4096,x__autocorrelation__lag_512,x__autocorrelation__lag_8192
A,-0.20348121846404116,-0.12444996694711692,-0.20454390473586656,-0.2065549307132795,-0.2637093260081605,-0.202026600038816,-0.296958921326641,-0.20698693934401252
