id,x__autocorrelation__lag_1024,x__autocorrelation__lag_128,x__autocorrelation__lag_16384,x__autocorrelation__lag_2048,x__autocorrelation__lag_256,x__autocorrelation__lag_4096,x__autocorrelation__lag_512,x__autocorrelation__lag_8192
A,0.5580042091922673,-0.7126836867059978,0.5469962329889015,0.5487183266284654,0.5667445627847867,0.5486213390201002,0.568240753045188,0.5499784166362676
