id,x__autocorrelation__lag_1024,x__autocorrelation__lag_128,x__autocorrelation__lag_16384,x__autocorrelation__lag_2048,x__autocorrelation__lag_256,x__autocorrelation__lag_4096,x__autocorrelation__lag_512,x__autocorrelation__lag_8192
A,-0.12957472700055217,-0.2569275125270441,-0.12326969519104601,-0.12977979082216676,-0.16838056382005895,-0.1254174190493119,-0.17682821018373093,-0.1317441411095419
