id,x__autocorrelation__lag_1024,x__autocorrelation__lag_128,x__autocorrelation__lag_16384,x__autocorrelation__lag_2048,x__autocorrelation__lag_256,x__autocorrelation__lag_4096,x__autocorrelation__lag_512,x__autocorrelation__lag_8192
A,0.5551391334616567,-0.7064968637456426,0.5400129295685296,0.5445292614124542,0.573745538679261,0.5427003154279262,0.5725486754019357,0.5452973958542631
