id,x__autocorrelation__lag_1024,x__autocorrelation__lag_128,x__autocorrelation__lag_16384,x__autocorrelation__lag_2048,x__autocorrelation__lag_256,x__autocorrelation__lag_4096,x__autocorrelation__lag_512,x__autocorrelation__lag_8192
A,-0.22946532348441037,-0.04470030300476723,-0.2271170180416801,-0.22803067455207185,-0.2933552372149203,-0.22378544919263813,-0.3247738987835678,-0.22851523998865392
