id,x__autocorrelation__lag_1024,x__autocorrelation__lag_128,x__autocorrelation__lag_16384,x__autocorrelation__lag_2048,x__autocorrelation__lag_256,x__autocorrelation__lag_4096,x__autocorrelation__lag_512,x__autocorrelation__lag_8192
A,-0.13199784504029372,-0.26560313440726485,-0.1380461502913418,-0.14412281531675028,-0.19108323531271312,-0.13933655283516916,-0.22880702696083227,-0.14581150059401637
