id,x__autocorrelation__lag_1024,x__autocorrelation__lag_128,x__autocorrelation__lag_16384,x__autocorrelation__lag_2048,x__autocorrelation__lag_256,x__autocorrelation__lag_4096,x__autocorrelation__lag_512,x__autocorrelation__lag_8192
A,0.2854744333320026,-0.5712670903988553,0.2904651127651561,0.2947171071759287,0.2787504595106606,0.29699461760002355,0.28279628776012206,0.2966949592562688
