id,x__autocorrelation__lag_1024,x__autocorrelation__lag_128,x__autocorrelation__lag_16384,x__autocorrelation__lag_2048,x__autocorrelation__lag_256,x__autocorrelation__lag_4096,x__autocorrelation__lag_512,x__autocorrelation__lag_8192
A,-0.11510944240521645,-0.2991294333401569,-0.11709721202983064,-0.12462193112660573,-0.16769766847767667,-0.12075304487562435,-0.19681144336858533,-0.1276323035122778
