id,x__autocorrelation__lag_1024,x__autocorrelation__lag_128,x__autocorrelation__lag_16384,x__autocorrelation__lag_2048,x__autocorrelation__lag_256,x__autocorrelation__lag_4096,x__autocorrelation__lag_512,x__autocorrelation__lag_8192
A,0.11436682489017222,-0.5388734885258889,0.12306746325451265,0.12200188113938702,0.1113975665336217,0.12530497241167707,0.12095296476272924,0.12465793076422285
