id,x__autocorrelation__lag_1024,x__autocorrelation__lag_128,x__autocorrelation__lag_16384,x__autocorrelation__lag_2048,x__autocorrelation__lag_256,x__autocorrelation__lag_4096,x__autocorrelation__lag_512,x__autocorrelation__lag_8192
A,-0.018266559501205395,-0.213510503196376,-0.11510500925914774,-0.0696504390907154,-0.20812718719819479,-0.08720402255067572,-0.13382301715736047,-0.08538395947286584
