id,x__autocorrelation__lag_1024,x__autocorrelation__lag_128,x__autocorrelation__lag_16384,x__autocorrelation__lag_2048,x__autocorrelation__lag_256,x__autocorrelation__lag_4096,x__autocorrelation__lag_512,x__autocorrelation__lag_8192
A,-0.11788504445805521,-0.23152283708772387,-0.10278201893139977,-0.10810022819630169,-0.1513464209257086,-0.1039453945524007,-0.15772230728247366,-0.11017990046560963
