id,x__autocorrelation__lag_1024,x__autocorrelation__lag_128,x__autocorrelation__lag_16384,x__autocorrelation__lag_2048,x__autocorrelation__lag_256,x__autocorrelation__lag_4096,x__autocorrelation__lag_512,x__autocorrelation__lag_8192
A,-0.20604769547400842,-0.0704154644936606,-0.20316458188729342,-0.2028100914172823,-0.27764160942529936,-0.19922467210344794,-0.3085027403539349,-0.20367091550447855
