id,x__autocorrelation__lag_1024,x__autocorrelation__lag_128,x__autocorrelation__lag_16384,x__autocorrelation__lag_2048,x__autocorrelation__lag_256,x__autocorrelation__lag_4096,x__autocorrelation__lag_512,x__autocorrelation__lag_8192
A,-0.1757667839414317,-0.20763182588793488,-0.1792682403973211,-0.18110528156018593,-0.24750017016750972,-0.17760544457098112,-0.2732455922489097,-0.18122624537021367
