id,x__autocorrelation__lag_1024,x__autocorrelation__lag_128,x__autocorrelation__lag_16384,x__autocorrelation__lag_2048,x__autocorrelation__lag_256,x__autocorrelation__lag_4096,x__autocorrelation__lag_512,x__autocorrelation__lag_8192
A,-0.09750122999209301,-0.2847795202481055,-0.1275506787638523,-0.13555029896688023,-0.15795605266567425,-0.13086582524028229,-0.2285863683414274,-0.13242852232988306
