id,x__autocorrelation__lag_1024,x__autocorrelation__lag_128,x__autocorrelation__lag_16384,x__autocorrelation__lag_2048,x__autocorrelation__lag_256,x__autocorrelation__lag_4096,x__autocorrelation__lag_512,x__autocorrelation__lag_8192
A,-0.3659590046097023,-0.36296717018723046,-0.36157617346483995,-0.37230463041777884,-0.39372282443784085,-0.3628298636889024,-0.3961894948975619,-0.3625186423099654
