id,x__autocorrelation__lag_1024,x__autocorrelation__lag_128,x__autocorrelation__lag_16384,x__autocorrelation__lag_2048,x__autocorrelation__lag_256,x__autocorrelation__lag_4096,x__autocorrelation__lag_512,x__autocorrelation__lag_8192
A,-0.22534228564314443,-0.04607763636272542,-0.22785010659917637,-0.22751290392035575,-0.29035228614515646,-0.22407661594731956,-0.3209566302572471,-0.22825174396203918
