id,x__autocorrelation__lag_1024,x__autocorrelation__lag_128,x__autocorrelation__lag_16384,x__autocorrelation__lag_2048,x__autocorrelation__lag_256,x__autocorrelation__lag_4096,x__autocorrelation__lag_512,x__autocorrelation__lag_8192
A,-0.135200472305438,-0.2254308122966826,-0.12927905261686984,-0.1340602666453864,-0.17187596780810768,-0.13170783113371667,-0.17634509081008048,-0.13636623913155968
