id,x__autocorrelation__lag_1024,x__autocorrelation__lag_128,x__autocorrelation__lag_16384,x__autocorrelation__lag_2048,x__autocorrelation__lag_256,x__autocorrelation__lag_4096,x__autocorrelation__lag_512,x__autocorrelation__lag_8192
A,0.08783597169311991,-0.5692984437565499,0.09598330913444192,0.09383907504860006,0.07977957894743469,0.09607378483011643,0.09318053578829116,0.09582541064537213
