id,x__autocorrelation__lag_1024,x__autocorrelation__lag_128,x__autocorrelation__lag_16384,x__autocorrelation__lag_2048,x__autocorrelation__lag_256,x__autocorrelation__lag_4096,x__autocorrelation__lag_512,x__autocorrelation__lag_8192
A,-0.13270300280067363,-0.2914083927573212,-0.12426401211436071,-0.13235903514721042,-0.17440518219139808,-0.12873316819761538,-0.18312857390453063,-0.1355983989206919
