id,x__autocorrelation__lag_1024,x__autocorrelation__lag_128,x__autocorrelation__lag_16384,x__autocorrelation__lag_2048,x__autocorrelation__lag_256,x__autocorrelation__lag_4096,x__autocorrelation__lag_512,x__autocorrelation__lag_8192
A,-0.09793846139731462,-0.3304920238941813,-0.14203693573742476,-0.1626315336886199,-0.16564487121741006,-0.15602965190402818,-0.2938902982473775,-0.1529654176589594
