id,x__autocorrelation__lag_1024,x__autocorrelation__lag_128,x__autocorrelation__lag_16384,x__autocorrelation__lag_2048,x__autocorrelation__lag_256,x__autocorrelation__lag_4096,x__autocorrelation__lag_512,x__autocorrelation__lag_8192
A,-0.1724580286768448,-0.15304289913411642,-0.17321834446555992,-0.17380827444300534,-0.23232936214225844,-0.16987978902843545,-0.26936115613465017,-0.17459532736666475
