id,x__autocorrelation__lag_1024,x__autocorrelation__lag_128,x__autocorrelation__lag_16384,x__autocorrelation__lag_2048,x__autocorrelation__lag_256,x__autocorrelation__lag_4096,x__autocorrelation__lag_512,x__autocorrelation__lag_8192
A,-0.1496537616318077,-0.2745019796965043,-0.12280829202071403,-0.13086372074428806,-0.17637791797632152,-0.12581149014016088,-0.17094666189762128,-0.13276894846946896
