id,x__autocorrelation__lag_1024,x__autocorrelation__lag_128,x__autocorrelation__lag_16384,x__autocorrelation__lag_2048,x__autocorrelation__lag_256,x__autocorrelation__lag_4096,x__autocorrelation__lag_512,x__autocorrelation__lag_8192
A,-0.12018530075964746,-0.3074020949957528,-0.11733871084166209,-0.12106277228124582,-0.16908223580147935,-0.11777198890868618,-0.19318910626781682,-0.12205571625563964
