id,x__autocorrelation__lag_1024,x__autocorrelation__lag_128,x__autocorrelation__lag_16384,x__autocorrelation__lag_2048,x__autocorrelation__lag_256,x__autocorrelation__lag_4096,x__autocorrelation__lag_512,x__autocorrelation__lag_8192
A,-0.20256912999500645,-0.058219069201748054,-0.19908482603477806,-0.20058606349424596,-0.27811385265908517,-0.19572436921673048,-0.30599505160764684,-0.20082766314454184
