id,x__autocorrelation__lag_1024,x__autocorrelation__lag_128,x__autocorrelation__lag_16384,x__autocorrelation__lag_2048,x__autocorrelation__lag_256,x__autocorrelation__lag_4096,x__autocorrelation__lag_512,x__autocorrelation__lag_8192
A,-0.2106488801183525,-0.09779490691899184,-0.20633481096162792,-0.20635823105941092,-0.27345368706618833,-0.2028014920436688,-0.3019355449038605,-0.20703134568370504
