id,x__autocorrelation__lag_1024,x__autocorrelation__lag_128,x__autocorrelation__lag_16384,x__autocorrelation__lag_2048,x__autocorrelation__lag_256,x__autocorrelation__lag_4096,x__autocorrelation__lag_512,x__autocorrelation__lag_8192
A,-0.1455618927896094,-0.30381662173940827,-0.14261143048567732,-0.1466580971783862,-0.19868688812774676,-0.14306531738324912,-0.22159261090002397,-0.14790023188009627
