id,x__autocorrelation__lag_1024,x__autocorrelation__lag_128,x__autocorrelation__lag_16384,x__autocorrelation__lag_2048,x__autocorrelation__lag_256,x__autocorrelation__lag_4096,x__autocorrelation__lag_512,x__autocorrelation__lag_8192
A,-0.10367123337487541,-0.23011551764384086,-0.10797855068107189,-0.09612754871706533,-0.17677492676903148,-0.10839415638636798,-0.21944461692915743,-0.1165543826147896
