id,x__autocorrelation__lag_1024,x__autocorrelation__lag_128,x__autocorrelation__lag_16384,x__autocorrelation__lag_2048,x__autocorrelation__lag_256,x__autocorrelation__lag_4096,x__autocorrelation__lag_512,x__autocorrelation__lag_8192
A,-0.10054473692793808,-0.001749343230613938,-0.21011836618181556,-0.2459044421696893,-0.2555042077263778,-0.23372690193405374,-0.33527847178074277,-0.2466016318795854
