id,x__autocorrelation__lag_1024,x__autocorrelation__lag_128,x__autocorrelation__lag_16384,x__autocorrelation__lag_2048,x__autocorrelation__lag_256,x__autocorrelation__lag_4096,x__autocorrelation__lag_512,x__autocorrelation__lag_8192
A,0.5698815315564838,-0.6663658348879099,0.5583064457379913,0.5609815350400577,0.576221153924787,0.5601125936007646,0.5686217860190905,0.5615487073311504
