id,x__autocorrelation__lag_1024,x__autocorrelation__lag_128,x__autocorrelation__lag_16384,x__autocorrelation__lag_2048,x__autocorrelation__lag_256,x__autocorrelation__lag_4096,x__autocorrelation__lag_512,x__autocorrelation__lag_8192
A,-0.07394659217351084,-0.30599614755286764,-0.08686261355731116,-0.09179761562935654,-0.13665922936970112,-0.08768330945713522,-0.17772166765850891,-0.09373630689007088
