id,x__autocorrelation__lag_1024,x__autocorrelation__lag_128,x__autocorrelation__lag_16384,x__autocorrelation__lag_2048,x__autocorrelation__lag_256,x__autocorrelation__lag_4096,x__autocorrelation__lag_512,x__autocorrelation__lag_8192
A,-0.08972101801045752,-0.266281261024589,-0.10692677364038576,-0.11190194870795556,-0.13638173301530962,-0.10586898562160714,-0.16868966512967848,-0.10147334010321846
