id,x__autocorrelation__lag_1024,x__autocorrelation__lag_128,x__autocorrelation__lag_16384,x__autocorrelation__lag_2048,x__autocorrelation__lag_256,x__autocorrelation__lag_4096,x__autocorrelation__lag_512,x__autocorrelation__lag_8192
A,0.5745757925339929,-0.6769967032457478,0.5616767823060048,0.5626145838641087,0.5841781439688959,0.5622755396934415,0.5769477762489692,0.5630939242866194
