id,x__autocorrelation__lag_1024,x__autocorrelation__lag_128,x__autocorrelation__lag_16384,x__autocorrelation__lag_2048,x__autocorrelation__lag_256,x__autocorrelation__lag_4096,x__autocorrelation__lag_512,x__autocorrelation__lag_8192
A,-0.19899803888070766,-0.13072965846814724,-0.1963041822841731,-0.19731081757815483,-0.25887492754693137,-0.1935244976209926,-0.29282376657904685,-0.19776867581081578
