id,x__autocorrelation__lag_1024,x__autocorrelation__lag_128,x__autocorrelation__lag_16384,x__autocorrelation__lag_2048,x__autocorrelation__lag_256,x__autocorrelation__lag_4096,x__autocorrelation__lag_512,x__autocorrelation__lag_8192
A,0.2945900662474834,-0.5565528164268537,0.2999357920684061,0.30189949941855304,0.28782258927912535,0.3057961578275163,0.2958003923111208,0.3047352054562414
