id,x__autocorrelation__lag_1024,x__autocorrelation__lag_128,x__autocorrelation__lag_16384,x__autocorrelation__lag_2048,x__autocorrelation__lag_256,x__autocorrelation__lag_4096,x__autocorrelation__lag_512,x__autocorrelation__lag_8192
A,-0.0935451345323042,-0.2906825952492021,-0.10509765394757753,-0.10841848814639228,-0.15224249238444576,-0.10535489922019256,-0.19013033948567823,-0.1095202561105288
