id,x__autocorrelation__lag_1024,x__autocorrelation__lag_128,x__autocorrelation__lag_16384,x__autocorrelation__lag_2048,x__autocorrelation__lag_256,x__autocorrelation__lag_4096,x__autocorrelation__lag_512,x__autocorrelation__lag_8192
A,-0.20441482139762626,-0.14373892242816957,-0.19907488512136706,-0.20254160958041506,-0.26197987924761745,-0.19710156994497,-0.28913484017561913,-0.20305455668259617
