id,x__autocorrelation__lag_1024,x__autocorrelation__lag_128,x__autocorrelation__lag_16384,x__autocorrelation__lag_2048,x__autocorrelation__lag_256,x__autocorrelation__lag_4096,x__autocorrelation__lag_512,x__autocorrelation__lag_8192
A,-0.10852583528100941,-0.21506323405641795,-0.1041302379922179,-0.10998196867142265,-0.14677005636176282,-0.10593041928094972,-0.16207524550432104,-0.11240875306302953
