id,x__autocorrelation__lag_1024,x__autocorrelation__lag_128,x__autocorrelation__lag_16384,x__autocorrelation__lag_2048,x__autocorrelation__lag_256,x__autocorrelation__lag_4096,x__autocorrelation__lag_512,x__autocorrelation__lag_8192
A,-0.12134419194042247,-0.26445170917109334,-0.14256738633897867,-0.14228092747077242,-0.16920914730984965,-0.14389732663083787,-0.2543755480801898,-0.13939089451797143
