id,x__autocorrelation__lag_1024,x__autocorrelation__lag_128,x__autocorrelation__lag_16384,x__autocorrelation__lag_2048,x__autocorrelation__lag_256,x__autocorrelation__lag_4096,x__autocorrelation__lag_512,x__autocorrelation__lag_8192
A,-0.14816837669351576,-0.3141205452053756,-0.1222772546308558,-0.15503347456836586,-0.20316223891041102,-0.1394364522750156,-0.266349235758453,-0.13912239372568821
