id,x__autocorrelation__lag_1024,x__autocorrelation__lag_128,x__autocorrelation__lag_16384,x__autocorrelation__lag_2048,x__autocorrelation__lag_256,x__autocorrelation__lag_4096,x__autocorrelation__lag_512,x__autocorrelation__lag_8192
A,-0.20307730365623655,-0.06848339850449654,-0.1988135776619883,-0.19901873697414235,-0.26811538713992267,-0.1939856488377708,-0.3033241598642025,-0.19822419840705438
