id,x__autocorrelation__lag_1024,x__autocorrelation__lag_128,x__autocorrelation__lag_16384,x__autocorrelation__lag_2048,x__autocorrelation__lag_256,x__autocorrelation__lag_4096,x__autocorrelation__lag_512,x__autocorrelation__lag_8192
A,-0.21749755553159955,-0.055487287582297457,-0.2211237988580849,-0.24578077538335608,-0.2970889367460861,-0.23307615977289955,-0.3322543120367839,-0.2506412424795955
