id,x__autocorrelation__lag_1024,x__autocorrelation__lag_128,x__autocorrelation__lag_16384,x__autocorrelation__lag_2048,x__autocorrelation__lag_256,x__autocorrelation__lag_4096,x__autocorrelation__lag_512,x__autocorrelation__lag_8192
A,-0.07012116753848077,-0.06782299817441696,-0.15674282797247918,-0.18508937420869762,-0.2449897458824232,-0.18180196611072236,-0.30531674815302023,-0.2052170945153247
