id,x__autocorrelation__lag_1024,x__autocorrelation__lag_128,x__autocorrelation__lag_16384,x__autocorrelation__lag_2048,x__autocorrelation__lag_256,x__autocorrelation__lag_4096,x__autocorrelation__lag_512,x__autocorrelation__lag_8192
A,0.5641101766391201,-0.6685012308989192,0.5542469064518246,0.5548693701322845,0.572308910878565,0.5541658141685178,0.5642481930167619,0.5552333658606338
