id,x__autocorrelation__lag_1024,x__autocorrelation__lag_128,x__autocorrelation__lag_16384,x__autocorrelation__lag_2048,x__autocorrelation__lag_256,x__autocorrelation__lag_4096,x__autocorrelation__lag_512,x__autocorrelation__lag_8192
A,-0.2477292523041842,-0.3411729457543653,-0.26190603254454453,-0.29425342169539426,-0.27170516984623916,-0.26357957866841664,-0.3323558622967018,-0.2686714807461198
