id,x__autocorrelation__lag_1024,x__autocorrelation__lag_128,x__autocorrelation__lag_16384,x__autocorrelation__lag_2048,x__autocorrelation__lag_256,x__autocorrelation__lag_4096,x__autocorrelation__lag_512,x__autocorrelation__lag_8192
A,-0.1344731988520246,-0.2586721729678743,-0.13572359682641727,-0.13764442357991044,-0.18826784817789805,-0.1344008081001859,-0.22133780062393,-0.13828008424381905
