id,x__autocorrelation__lag_1024,x__autocorrelation__lag_128,x__autocorrelation__lag_16384,x__autocorrelation__lag_2048,x__autocorrelation__lag_256,x__autocorrelation__lag_4096,x__autocorrelation__lag_512,x__autocorrelation__lag_8192
A,-0.1865192103330041,-0.14425451823025356,-0.18550441947016183,-0.1882368719085954,-0.2504085510060366,-0.18403978937324308,-0.2815090556993127,-0.1892767662852084
