id,x__autocorrelation__lag_1024,x__autocorrelation__lag_128,x__autocorrelation__lag_16384,x__autocorrelation__lag_2048,x__autocorrelation__lag_256,x__autocorrelation__lag_4096,x__autocorrelation__lag_512,x__autocorrelation__lag_8192
A,-0.18805522073219322,-0.19513337670199662,-0.1845347056588324,-0.18631158184184962,-0.24345532745099543,-0.1824662031558466,-0.2743840896668715,-0.18710144228835188
