id,x__autocorrelation__lag_1024,x__autocorrelation__lag_128,x__autocorrelation__lag_16384,x__autocorrelation__lag_2048,x__autocorrelation__lag_256,x__autocorrelation__lag_4096,x__autocorrelation__lag_512,x__autocorrelation__lag_8192
A,-0.07592583539615565,-0.1451542266034643,-0.14957380434712708,-0.14444675620768477,-0.2109058730812458,-0.1428998587777315,-0.2586270367188935,-0.14221510037461418
