id,x__autocorrelation__lag_1024,x__autocorrelation__lag_128,x__autocorrelation__lag_16384,x__autocorrelation__lag_2048,x__autocorrelation__lag_256,x__autocorrelation__lag_4096,x__autocorrelation__lag_512,x__autocorrelation__lag_8192
A,-0.15503040971502308,-0.32370019408353606,-0.16088470389845766,-0.1674083556056253,-0.18752938310804634,-0.1646620360027408,-0.21824586072851923,-0.16547172585642625
