id,x__autocorrelation__lag_1024,x__autocorrelation__lag_128,x__autocorrelation__lag_16384,x__autocorrelation__lag_2048,x__autocorrelation__lag_256,x__autocorrelation__lag_4096,x__autocorrelation__lag_512,x__autocorrelation__lag_8192
A,-0.20768541677294705,-0.07329032057565288,-0.20336771428174188,-0.20598554457837673,-0.2733157729902897,-0.20112824808485544,-0.30257311890728994,-0.20812788074156272
