id,x__autocorrelation__lag_1024,x__autocorrelation__lag_128,x__autocorrelation__lag_16384,x__autocorrelation__lag_2048,x__autocorrelation__lag_256,x__autocorrelation__lag_4096,x__autocorrelation__lag_512,x__autocorrelation__lag_8192
A,-0.17261204638403888,-0.23190812351975415,-0.17023510564278094,-0.17065088261825545,-0.22767447656805193,-0.16663685500234685,-0.2606627765213668,-0.17089780173058122
