id,x__autocorrelation__lag_1024,x__autocorrelation__lag_128,x__autocorrelation__lag_16384,x__autocorrelation__lag_2048,x__autocorrelation__lag_256,x__autocorrelation__lag_4096,x__autocorrelation__lag_512,x__autocorrelation__lag_8192
A,-0.055665078821719866,-0.06208427056156546,-0.1599586700016772,-0.20806045127909584,-0.23783762430908215,-0.1966759891318489,-0.3310101354167499,-0.22555290666987937
