id,x__autocorrelation__lag_1024,x__autocorrelation__lag_128,x__autocorrelation__lag_16384,x__autocorrelation__lag_2048,x__autocorrelation__lag_256,x__autocorrelation__lag_4096,x__autocorrelation__lag_512,x__autocorrelation__lag_8192
A,-0.18555518725501177,-0.21026066483492542,-0.18138617065270518,-0.18473284422278374,-0.25500723818323007,-0.1807018871330828,-0.2881350585170633,-0.18700926919952188
