id,x__autocorrelation__lag_1024,x__autocorrelation__lag_128,x__autocorrelation__lag_16384,x__autocorrelation__lag_2048,x__autocorrelation__lag_256,x__autocorrelation__lag_4096,x__autocorrelation__lag_512,x__autocorrelation__lag_8192
A,-0.2459062587974721,-0.03591217863985397,-0.27449315411603653,-0.28487379964571674,-0.2652717205325861,-0.2801600615667983,-0.41903955158551076,-0.2828685493016747
