id,x__autocorrelation__lag_1024,x__autocorrelation__lag_128,x__autocorrelation__lag_16384,x__autocorrelation__lag_2048,x__autocorrelation__lag_256,x__autocorrelation__lag_4096,x__autocorrelation__lag_512,x__autocorrelation__lag_8192
A,-0.07665521297759695,-0.2553616238614487,-0.09471616738351549,-0.09695775796743274,-0.12446136278020427,-0.09205579335477898,-0.14030873030886346,-0.0898485496001262
