id,x__autocorrelation__lag_1024,x__autocorrelation__lag_128,x__autocorrelation__lag_16384,x__autocorrelation__lag_2048,x__autocorrelation__lag_256,x__autocorrelation__lag_4096,x__autocorrelation__lag_512,x__autocorrelation__lag_8192
A,-0.21655179486073442,-0.06833560120378544,-0.21065627676551404,-0.211614273606428,-0.2792756566509006,-0.2062302931464284,-0.3107947483318851,-0.21262540269955393
