id,x__autocorrelation__lag_1024,x__autocorrelation__lag_128,x__autocorrelation__lag_16384,x__autocorrelation__lag_2048,x__autocorrelation__lag_256,x__autocorrelation__lag_4096,x__autocorrelation__lag_512,x__autocorrelation__lag_8192
A,-0.14638543286704253,-0.22123750674844833,-0.15008368875339378,-0.15203890462470004,-0.20733104328130295,-0.14951862451229533,-0.24017067189055946,-0.153160180783626
