id,x__autocorrelation__lag_1024,x__autocorrelation__lag_128,x__autocorrelation__lag_16384,x__autocorrelation__lag_2048,x__autocorrelation__lag_256,x__autocorrelation__lag_4096,x__autocorrelation__lag_512,x__autocorrelation__lag_8192
A,-0.3991804871079782,-0.35329589938220557,-0.4041008431495134,-0.4080924062518393,-0.4130394671205122,-0.40280241883900314,-0.4242816301683845,-0.4036296669463582
