id,x__autocorrelation__lag_1024,x__autocorrelation__lag_128,x__autocorrelation__lag_16384,x__autocorrelation__lag_2048,x__autocorrelation__lag_256,x__autocorrelation__lag_4096,x__autocorrelation__lag_512,x__autocorrelation__lag_8192
A,-0.17176966693452764,-0.2890277243316654,-0.1676952533725077,-0.16741827781042187,-0.21883253073540598,-0.16419669049806784,-0.24042587773826524,-0.16684385538405727
