id,x__autocorrelation__lag_1024,x__autocorrelation__lag_128,x__autocorrelation__lag_16384,x__autocorrelation__lag_2048,x__autocorrelation__lag_256,x__autocorrelation__lag_4096,x__autocorrelation__lag_512,x__autocorrelation__lag_8192
A,-0.09556075989388488,-0.2677667893438789,-0.11456044223560351,-0.13250347243697394,-0.15425268722064941,-0.12313218387579011,-0.2252864924040481,-0.11929341874583592
