id,x__autocorrelation__lag_1024,x__autocorrelation__lag_128,x__autocorrelation__lag_16384,x__autocorrelation__lag_2048,x__autocorrelation__lag_256,x__autocorrelation__lag_4096,x__autocorrelation__lag_512,x__autocorrelation__lag_8192
A,0.5564348481831707,-0.7150837655775213,0.5459856043269441,0.5486711238626221,0.574475383241368,0.5480770990871473,0.5748071111176569,0.549506291983711
