id,x__autocorrelation__lag_1024,x__autocorrelation__lag_128,x__autocorrelation__lag_16384,x__autocorrelation__lag_2048,x__autocorrelation__lag_256,x__autocorrelation__lag_4096,x__autocorrelation__lag_512,x__autocorrelation__lag_8192
A,-0.15829979725148824,-0.044951563595323665,-0.21463657162918479,-0.24828079421608945,-0.2869658244071449,-0.23803837785175813,-0.33117004977674674,-0.25962251055684443
