id,x__autocorrelation__lag_1024,x__autocorrelation__lag_128,x__autocorrelation__lag_16384,x__autocorrelation__lag_2048,x__autocorrelation__lag_256,x__autocorrelation__lag_4096,x__autocorrelation__lag_512,x__autocorrelation__lag_8192
A,-0.11724681043249967,-0.2775291100008794,-0.12513265888879302,-0.1291882518348131,-0.1800854530482861,-0.12577205121720875,-0.2170832121361467,-0.13094905562841516
