id,x__autocorrelation__lag_1024,x__autocorrelation__lag_128,x__autocorrelation__lag_16384,x__autocorrelation__lag_2048,x__autocorrelation__lag_256,x__autocorrelation__lag_4096,x__autocorrelation__lag_512,x__autocorrelation__lag_8192
A,-0.12410972272128638,-0.2628283402935879,-0.12607249281050933,-0.1316557863543307,-0.18130031560068055,-0.12771912138036826,-0.21743798846946216,-0.133940269807335
