id,x__autocorrelation__lag_1024,x__autocorrelation__lag_128,x__autocorrelation__lag_16384,x__autocorrelation__lag_2048,x__autocorrelation__lag_256,x__autocorrelation__lag_4096,x__autocorrelation__lag_512,x__autocorrelation__lag_8192
A,-0.14780161973177824,-0.2230953128699062,-0.15276559734538175,-0.15421724368703327,-0.21536459924004978,-0.15061756656216463,-0.24593896753541128,-0.1536272687270031
