id,x__autocorrelation__lag_1024,x__autocorrelation__lag_128,x__autocorrelation__lag_16384,x__autocorrelation__lag_2048,x__autocorrelation__lag_256,x__autocorrelation__lag_4096,x__autocorrelation__lag_512,x__autocorrelation__lag_8192
A,-0.04126415418216268,-0.03606373064214958,-0.1537119914120002,-0.20237115195142819,-0.23265596132618913,-0.19014780140630125,-0.3526191970805711,-0.2149568186547312
