id,x__autocorrelation__lag_1024,x__autocorrelation__lag_128,x__autocorrelation__lag_16384,x__autocorrelation__lag_2048,x__autocorrelation__lag_256,x__autocorrelation__lag_4096,x__autocorrelation__lag_512,x__autocorrelation__lag_8192
A,-0.13863819147812884,-0.2838371084999879,-0.1380684179834159,-0.14513931272750497,-0.18891818727872287,-0.14104233626840437,-0.21021254079925392,-0.1468255461340335
