id,x__autocorrelation__lag_1024,x__autocorrelation__lag_128,x__autocorrelation__lag_16384,x__autocorrelation__lag_2048,x__autocorrelation__lag_256,x__autocorrelation__lag_4096,x__autocorrelation__lag_512,x__autocorrelation__lag_8192
A,-0.18136303947745414,-0.22401918182990666,-0.17008732147047553,-0.17351723331371813,-0.23026454940235802,-0.16960583629647152,-0.2560376896788338,-0.17427407100028988
