id,x__autocorrelation__lag_1024,x__autocorrelation__lag_128,x__autocorrelation__lag_16384,x__autocorrelation__lag_2048,x__autocorrelation__lag_256,x__autocorrelation__lag_4096,x__autocorrelation__lag_512,x__autocorrelation__lag_8192
A,0.5599146320055891,-0.6668595467039736,0.5475048874454276,0.5493646337754181,0.5684238153167992,0.5489836968844638,0.5605546853575313,0.5499515158447457
