id,x__autocorrelation__lag_1024,x__autocorrelation__lag_128,x__autocorrelation__lag_16384,x__autocorrelation__lag_2048,x__autocorrelation__lag_256,x__autocorrelation__lag_4096,x__autocorrelation__lag_512,x__autocorrelation__lag_8192
A,-0.08593132606325427,-0.24121301177821608,-0.10195044337631066,-0.15360754296376655,-0.16293938247163323,-0.08005855486754174,-0.2659645392866508,-0.06633642636024781
