id,x__autocorrelation__lag_1024,x__autocorrelation__lag_128,x__autocorrelation__lag_16384,x__autocorrelation__lag_2048,x__autocorrelation__lag_256,x__autocorrelation__lag_4096,x__autocorrelation__lag_512,x__autocorrelation__lag_8192
A,-0.18359003168056465,-0.2042486546825653,-0.1784245924737402,-0.1803193611540614,-0.24782892654837554,-0.17594811281958617,-0.28304867902736514,-0.18110086570747483
