id,x__autocorrelation__lag_1024,x__autocorrelation__lag_128,x__autocorrelation__lag_16384,x__autocorrelation__lag_2048,x__autocorrelation__lag_256,x__autocorrelation__lag_4096,x__autocorrelation__lag_512,x__autocorrelation__lag_8192
A,0.5645137246585246,-0.6727279885890096,0.5524244176426966,0.554795420838222,0.575386165442736,0.553645204541251,0.5682923602524385,0.5558066959201293
