id,x__autocorrelation__lag_1024,x__autocorrelation__lag_128,x__autocorrelation__lag_16384,x__autocorrelation__lag_2048,x__autocorrelation__lag_256,x__autocorrelation__lag_4096,x__autocorrelation__lag_512,x__autocorrelation__lag_8192
A,-0.09570367669972905,-0.24097430691316368,-0.11775581903483756,-0.12708660705037045,-0.14924160078736115,-0.12482603334067559,-0.2463214177681216,-0.11673535506001365
