id,x__autocorrelation__lag_1024,x__autocorrelation__lag_128,x__autocorrelation__lag_16384,x__autocorrelation__lag_2048,x__autocorrelation__lag_256,x__autocorrelation__lag_4096,x__autocorrelation__lag_512,x__autocorrelation__lag_8192
A,-0.3006412340799488,-0.20380356246551115,-0.3654900859582022,-0.35978813988136676,-0.3276337208423389,-0.3638077191810287,-0.45189006971038,-0.35957947974970667
