id,x__autocorrelation__lag_1024,x__autocorrelation__lag_128,x__autocorrelation__lag_16384,x__autocorrelation__lag_2048,x__autocorrelation__lag_256,x__autocorrelation__lag_4096,x__autocorrelation__lag_512,x__autocorrelation__lag_8192
A,0.5467375599932344,-0.7278900776168612,0.5398644418069908,0.5389835623585179,0.5743829332892015,0.5397334270258198,0.575667073250204,0.5390394023743664
