id,x__autocorrelation__lag_1024,x__autocorrelation__lag_128,x__autocorrelation__lag_16384,x__autocorrelation__lag_2048,x__autocorrelation__lag_256,x__autocorrelation__lag_4096,x__autocorrelation__lag_512,x__autocorrelation__lag_8192
A,0.572733328703964,-0.7272290254467694,0.5685081372240558,0.5715978093141864,0.5976689874971927,0.5715508372660955,0.5960063145342774,0.572662802987892
