id,x__autocorrelation__lag_1024,x__autocorrelation__lag_128,x__autocorrelation__lag_16384,x__autocorrelation__lag_2048,x__autocorrelation__lag_256,x__autocorrelation__lag_4096,x__autocorrelation__lag_512,x__autocorrelation__lag_8192
A,-0.22660631874809647,-0.07024166858325372,-0.2219110304390084,-0.22244703892618034,-0.2899215962920634,-0.2182874566383087,-0.3212893053946505,-0.2223835097976146
